# asd verts=5576 tris=4570
v -0.019759 0.019944 -0.021212
v -0.020377 0.035528 -0.015805
v -0.017420 0.035570 -0.017843
v -0.022117 0.019916 -0.018147
v -0.022694 0.006508 -0.024035
v -0.024161 0.006475 -0.020901
v -0.026624 0.019776 -0.017450
v -0.029303 0.006362 -0.019566
v -0.024346 0.035330 -0.014204
v -0.030105 0.019635 -0.012992
v -0.032461 0.006248 -0.015267
v -0.033253 0.006051 -0.011618
v -0.022906 0.045451 -0.011964
v -0.019199 0.045662 -0.014002
v -0.017706 0.057283 -0.011883
v -0.027438 0.035132 -0.010662
v -0.021107 0.057087 -0.009990
v -0.015573 0.072013 -0.009196
v -0.018520 0.071834 -0.007471
v -0.025841 0.045184 -0.009160
v -0.023820 0.056840 -0.007388
v -0.020928 0.071608 -0.005098
v -0.027544 0.044976 -0.007132
v -0.025401 0.056646 -0.005506
v -0.022369 0.071432 -0.003382
v -0.028913 0.034722 -0.008430
v -0.029992 0.044549 -0.003864
v -0.027674 0.056250 -0.002473
v -0.024441 0.071070 -0.000616
v -0.030586 0.019338 -0.009940
v -0.029003 0.055758 0.001452
v -0.025651 0.070622 0.002962
v -0.031839 0.034312 -0.004978
v -0.034526 0.019041 -0.006604
v -0.037437 0.005853 -0.007807
v -0.037826 0.005623 -0.003141
v -0.031422 0.044019 0.000365
v -0.033033 0.033527 -0.000836
v -0.035457 0.018539 -0.002019
v -0.037055 0.005507 -0.000069
v -0.029084 0.055371 0.004036
v -0.025725 0.070269 0.005318
v -0.033007 0.033134 0.002118
v -0.034598 0.018288 0.001066
v -0.038210 0.005392 0.005033
v -0.031509 0.043602 0.003148
v -0.028980 0.055200 0.008535
v -0.025631 0.070113 0.009420
v -0.036398 0.018037 0.005885
v -0.037049 0.005268 0.007770
v -0.033406 0.032742 0.006799
v -0.031398 0.043418 0.007995
v -0.027830 0.054819 0.011021
v -0.024582 0.069766 0.011687
v -0.032846 0.032248 0.008799
v -0.030158 0.043007 0.010674
v -0.034996 0.017726 0.008186
v -0.026083 0.054369 0.012971
v -0.022989 0.069356 0.013465
v -0.035042 0.017414 0.010569
v -0.036447 0.005143 0.010577
v -0.033679 0.004895 0.012253
v -0.031989 0.031754 0.010700
v -0.029556 0.030767 0.012480
v -0.028276 0.042522 0.012774
v -0.031330 0.016790 0.012479
v -0.031619 0.004792 0.014327
v -0.030302 0.016489 0.015042
v -0.029154 0.004689 0.015675
v -0.027199 0.042454 0.014339
v -0.027469 0.016187 0.016175
v -0.026671 0.004483 0.018548
v -0.028357 0.030271 0.014835
v -0.025083 0.054306 0.014423
v -0.022078 0.069298 0.014789
v -0.025986 0.029776 0.016210
v -0.025062 0.042075 0.016404
v -0.023100 0.053954 0.016339
v -0.020269 0.068977 0.016536
v -0.025837 0.015584 0.020422
v -0.022514 0.004405 0.019739
v -0.023866 0.028785 0.019859
v -0.022688 0.041559 0.019262
v -0.020919 0.053475 0.018992
v -0.018325 0.068540 0.018955
v -0.021566 0.015273 0.020427
v -0.021275 0.004326 0.021727
v -0.020587 0.028245 0.021160
v -0.019891 0.041326 0.021365
v -0.018355 0.053259 0.020944
v -0.016105 0.068344 0.020734
v -0.020496 0.014963 0.022564
v -0.017887 0.004247 0.023472
v -0.019426 0.027706 0.022492
v -0.018906 0.041094 0.022088
v -0.017457 0.053043 0.021615
v -0.015337 0.068147 0.021347
v -0.016242 0.014652 0.022515
v -0.013932 0.004168 0.026254
v -0.014581 0.027166 0.022310
v -0.013988 0.040910 0.022824
v -0.012919 0.052872 0.022298
v -0.011429 0.067991 0.021969
v -0.013164 0.014341 0.025808
v -0.008018 0.004168 0.024819
v -0.011952 0.026626 0.025410
v -0.011432 0.040529 0.025291
v -0.010547 0.052519 0.024957
v -0.009462 0.067669 0.024393
v -0.007253 0.014343 0.024643
v -0.004489 0.004168 0.027059
v -0.006456 0.026623 0.024569
v -0.003909 0.014344 0.026852
v -0.000000 0.004168 0.025656
v -0.000000 0.014347 0.025449
v -0.003312 0.026621 0.026132
v -0.000000 0.026619 0.025480
v -0.006239 0.040526 0.024802
v -0.005727 0.052516 0.024502
v -0.005206 0.067666 0.023979
v -0.003025 0.040522 0.025547
v -0.000000 0.040519 0.025721
v -0.002743 0.052512 0.025194
v -0.002501 0.067663 0.024610
v -0.000000 0.052510 0.025356
v -0.000000 0.067660 0.024757
v 0.019759 0.019944 -0.021212
v 0.017420 0.035570 -0.017843
v 0.020377 0.035528 -0.015805
v 0.022117 0.019916 -0.018147
v 0.022694 0.006508 -0.024035
v 0.024161 0.006475 -0.020901
v 0.026624 0.019776 -0.017450
v 0.029303 0.006362 -0.019566
v 0.024346 0.035330 -0.014204
v 0.030105 0.019635 -0.012992
v 0.032461 0.006248 -0.015267
v 0.033253 0.006051 -0.011618
v 0.022906 0.045451 -0.011964
v 0.019199 0.045662 -0.014002
v 0.017706 0.057283 -0.011883
v 0.027438 0.035132 -0.010662
v 0.021107 0.057087 -0.009990
v 0.015573 0.072013 -0.009196
v 0.018520 0.071834 -0.007471
v 0.025841 0.045184 -0.009160
v 0.023820 0.056840 -0.007388
v 0.020928 0.071608 -0.005098
v 0.027544 0.044976 -0.007132
v 0.025401 0.056646 -0.005506
v 0.022369 0.071432 -0.003382
v 0.028913 0.034722 -0.008430
v 0.027674 0.056250 -0.002473
v 0.024441 0.071070 -0.000616
v 0.029992 0.044549 -0.003864
v 0.030586 0.019338 -0.009940
v 0.029003 0.055758 0.001452
v 0.025651 0.070622 0.002962
v 0.031839 0.034312 -0.004978
v 0.034526 0.019041 -0.006604
v 0.037437 0.005853 -0.007807
v 0.037826 0.005623 -0.003141
v 0.031422 0.044019 0.000365
v 0.033033 0.033527 -0.000836
v 0.035457 0.018539 -0.002019
v 0.037055 0.005507 -0.000069
v 0.029084 0.055371 0.004036
v 0.025725 0.070269 0.005318
v 0.033007 0.033134 0.002118
v 0.034598 0.018288 0.001066
v 0.038210 0.005392 0.005033
v 0.031509 0.043602 0.003148
v 0.028980 0.055200 0.008535
v 0.025631 0.070113 0.009420
v 0.036398 0.018037 0.005885
v 0.037049 0.005268 0.007770
v 0.033406 0.032742 0.006799
v 0.031398 0.043418 0.007995
v 0.027830 0.054819 0.011021
v 0.024582 0.069766 0.011687
v 0.032846 0.032248 0.008799
v 0.030158 0.043007 0.010674
v 0.034996 0.017726 0.008186
v 0.026083 0.054369 0.012971
v 0.022989 0.069356 0.013465
v 0.035042 0.017414 0.010569
v 0.036447 0.005143 0.010577
v 0.033679 0.004895 0.012253
v 0.031989 0.031754 0.010700
v 0.029556 0.030767 0.012480
v 0.028276 0.042522 0.012774
v 0.031330 0.016790 0.012479
v 0.031619 0.004792 0.014327
v 0.030302 0.016489 0.015042
v 0.029154 0.004689 0.015675
v 0.027199 0.042454 0.014339
v 0.027469 0.016187 0.016175
v 0.026671 0.004483 0.018548
v 0.028357 0.030271 0.014835
v 0.025083 0.054306 0.014423
v 0.022078 0.069298 0.014789
v 0.025986 0.029776 0.016210
v 0.025062 0.042075 0.016404
v 0.023100 0.053954 0.016339
v 0.020269 0.068977 0.016536
v 0.025837 0.015584 0.020422
v 0.022514 0.004405 0.019739
v 0.023866 0.028785 0.019859
v 0.020919 0.053475 0.018992
v 0.018325 0.068540 0.018955
v 0.022688 0.041559 0.019262
v 0.021566 0.015273 0.020427
v 0.021275 0.004326 0.021727
v 0.018355 0.053259 0.020944
v 0.016105 0.068344 0.020734
v 0.019891 0.041326 0.021365
v 0.020587 0.028245 0.021160
v 0.020496 0.014963 0.022564
v 0.017887 0.004247 0.023472
v 0.017457 0.053043 0.021615
v 0.015337 0.068147 0.021347
v 0.018906 0.041094 0.022088
v 0.019426 0.027706 0.022492
v 0.016242 0.014652 0.022515
v 0.013932 0.004168 0.026254
v 0.012919 0.052872 0.022298
v 0.011429 0.067991 0.021969
v 0.013988 0.040910 0.022824
v 0.014581 0.027166 0.022310
v 0.013164 0.014341 0.025808
v 0.008018 0.004168 0.024819
v 0.010547 0.052519 0.024957
v 0.009462 0.067669 0.024393
v 0.011432 0.040529 0.025291
v 0.011952 0.026626 0.025410
v 0.007253 0.014343 0.024643
v 0.004489 0.004168 0.027059
v 0.005727 0.052516 0.024502
v 0.005206 0.067666 0.023979
v 0.006456 0.026623 0.024569
v 0.003909 0.014344 0.026852
v -0.000000 0.004168 0.025656
v -0.000000 0.014347 0.025449
v 0.006239 0.040526 0.024802
v 0.003312 0.026621 0.026132
v -0.000000 0.026619 0.025480
v 0.003025 0.040522 0.025547
v -0.000000 0.040519 0.025721
v 0.002743 0.052512 0.025194
v 0.002501 0.067663 0.024610
v -0.000000 0.052510 0.025356
v -0.000000 0.067660 0.024757
v -0.017452 0.014748 0.028627
v -0.016088 0.022438 0.027918
v -0.027684 0.016534 0.023559
v -0.025945 0.024561 0.023267
v -0.034635 0.017248 0.015890
v -0.018696 0.032395 0.025901
v -0.014624 0.031649 0.027398
v -0.013409 0.040332 0.027116
v -0.033142 0.024084 0.015064
v -0.040404 0.016898 0.006376
v -0.024531 0.033819 0.021293
v -0.018724 0.041592 0.023701
v -0.027084 0.042224 0.019142
v -0.039493 0.020685 0.006451
v -0.040881 0.017434 -0.002175
v -0.033313 0.028491 0.015003
v -0.015519 0.049060 0.024988
v -0.011987 0.048863 0.026885
v -0.011233 0.057167 0.026526
v -0.038431 0.024823 -0.001596
v -0.036799 0.018046 -0.012997
v -0.037651 0.029700 0.006544
v -0.035522 0.031462 0.005472
v -0.032570 0.035890 0.013663
v -0.036017 0.019891 -0.012453
v -0.029319 0.016870 -0.023073
v -0.028347 0.020028 -0.022243
v -0.036376 0.026818 -0.001234
v -0.034533 0.022083 -0.011676
v -0.033970 0.024748 -0.011688
v -0.027677 0.025040 -0.021866
v -0.035610 0.029614 -0.001044
v -0.033554 0.027635 -0.011297
v -0.026960 0.027255 -0.021063
v -0.031941 0.037030 0.012097
v -0.035485 0.032935 -0.001100
v -0.032561 0.030936 -0.011031
v -0.035197 0.035505 0.002969
v -0.033603 0.039959 0.008445
v -0.032600 0.035898 -0.010925
v -0.026870 0.031005 -0.020975
v -0.034188 0.036495 -0.000964
v -0.033340 0.042108 0.005896
v -0.026952 0.042937 0.017006
v -0.029755 0.039503 -0.009602
v -0.024280 0.036101 -0.018225
v -0.029063 0.047721 -0.008341
v -0.024014 0.041914 -0.017056
v -0.023723 0.049013 -0.016239
v -0.034421 0.041875 -0.000832
v -0.031732 0.046458 0.000464
v -0.027532 0.059029 -0.006114
v -0.020084 0.058372 -0.012633
v -0.034490 0.046179 0.003739
v -0.024930 0.066745 -0.004509
v -0.018826 0.066904 -0.010558
v -0.023648 0.074278 -0.002840
v -0.016955 0.074931 -0.009054
v -0.015955 0.081889 -0.007506
v -0.030833 0.054602 0.004045
v -0.029749 0.055026 0.008520
v -0.031026 0.053231 0.010625
v -0.029397 0.056552 0.002195
v -0.027009 0.063309 0.010792
v -0.028287 0.065103 0.003586
v -0.027661 0.065622 -0.000304
v -0.025489 0.073381 0.001761
v -0.026811 0.072805 0.005277
v -0.024211 0.080621 0.006177
v -0.025181 0.071925 0.010898
v -0.025618 0.061789 0.016512
v -0.021912 0.081429 -0.001487
v -0.020004 0.087848 -0.000244
v -0.015651 0.088158 -0.006547
v -0.023148 0.087204 0.006868
v -0.019462 0.095420 0.000946
v -0.014731 0.095596 -0.004898
v -0.023792 0.079511 0.012284
v -0.023421 0.070457 0.014519
v -0.017936 0.102042 0.002394
v -0.013865 0.102103 -0.003350
v -0.016717 0.109173 0.003831
v -0.021586 0.094885 0.007688
v -0.020109 0.101921 0.008658
v -0.018882 0.108965 0.009637
v -0.021827 0.086260 0.012561
v -0.020620 0.094104 0.013693
v -0.019436 0.101328 0.014328
v -0.017968 0.108787 0.014947
v -0.016433 0.100403 0.018687
v -0.014371 0.108378 0.018686
v -0.018701 0.093082 0.018884
v -0.013663 0.099896 0.020730
v -0.009966 0.108004 0.021884
v -0.021733 0.085324 0.015665
v -0.020823 0.078478 0.016469
v -0.018663 0.084576 0.018080
v -0.019458 0.077444 0.019953
v -0.015796 0.092383 0.020160
v -0.012580 0.099585 0.022393
v -0.006906 0.099126 0.024533
v -0.017298 0.083622 0.020933
v -0.014597 0.091460 0.022271
v -0.022404 0.068990 0.018765
v -0.011131 0.090760 0.024237
v -0.007915 0.090445 0.025600
v -0.017467 0.076279 0.022233
v -0.014888 0.082784 0.023058
v -0.014346 0.075216 0.023157
v -0.012538 0.091090 0.023276
v -0.010994 0.082060 0.025192
v -0.008673 0.081336 0.025977
v -0.012856 0.082448 0.023807
v -0.012413 0.074327 0.025195
v -0.009407 0.073504 0.026133
v -0.010227 0.065362 0.026194
v -0.019365 0.067558 0.020542
v -0.014210 0.067178 0.024693
v -0.022573 0.060254 0.017924
v -0.015610 0.067304 0.022765
v -0.026175 0.053366 0.015749
v -0.021455 0.059639 0.019986
v -0.013364 0.057488 0.025437
v -0.018254 0.058073 0.022121
v -0.017371 0.057339 0.024019
v -0.021478 0.051041 0.020603
v -0.020823 0.050304 0.022848
v -0.025721 0.052644 0.017227
v -0.030227 0.046188 0.013234
v -0.030244 0.047380 0.011550
v 0.017452 0.014748 0.028627
v 0.027684 0.016534 0.023559
v 0.016088 0.022438 0.027918
v 0.025945 0.024561 0.023267
v 0.034635 0.017248 0.015890
v 0.018696 0.032395 0.025901
v 0.014624 0.031649 0.027398
v 0.013409 0.040332 0.027116
v 0.033142 0.024084 0.015064
v 0.040404 0.016898 0.006376
v 0.024531 0.033819 0.021293
v 0.018724 0.041592 0.023701
v 0.027084 0.042224 0.019142
v 0.039493 0.020685 0.006451
v 0.040881 0.017434 -0.002175
v 0.033313 0.028491 0.015003
v 0.015519 0.049060 0.024988
v 0.011987 0.048863 0.026885
v 0.011233 0.057167 0.026526
v 0.038431 0.024823 -0.001596
v 0.036799 0.018046 -0.012997
v 0.037651 0.029700 0.006544
v 0.035522 0.031462 0.005472
v 0.032570 0.035890 0.013663
v 0.036254 0.019891 -0.012529
v 0.029319 0.016870 -0.023073
v 0.028825 0.020028 -0.022674
v 0.036376 0.026818 -0.001234
v 0.035155 0.022083 -0.012156
v 0.034883 0.024149 -0.012137
v 0.028248 0.022715 -0.022056
v 0.026747 0.026012 -0.020714
v 0.031941 0.037030 0.012097
v 0.035610 0.029614 -0.001044
v 0.033603 0.039959 0.008445
v 0.035197 0.035505 0.002969
v 0.035485 0.032935 -0.001100
v 0.033076 0.026964 -0.011259
v 0.032561 0.030936 -0.011031
v 0.034398 0.036495 -0.001067
v 0.032600 0.035898 -0.010925
v 0.026124 0.031005 -0.020089
v 0.033649 0.042108 0.005899
v 0.026952 0.042937 0.017006
v 0.030052 0.039503 -0.009815
v 0.024280 0.036101 -0.018225
v 0.034421 0.041875 -0.000832
v 0.028253 0.047721 -0.008167
v 0.023314 0.041914 -0.016679
v 0.023100 0.048989 -0.015859
v 0.031835 0.046458 0.000397
v 0.026774 0.059029 -0.005796
v 0.020481 0.058372 -0.012853
v 0.034490 0.046179 0.003739
v 0.029739 0.056552 0.002125
v 0.029749 0.055026 0.008520
v 0.030946 0.053231 0.010283
v 0.024274 0.066745 -0.003813
v 0.017961 0.066904 -0.010001
v 0.030244 0.047380 0.011550
v 0.030227 0.046188 0.013234
v 0.026175 0.053366 0.015749
v 0.026243 0.061789 0.015604
v 0.027334 0.063309 0.010799
v 0.027617 0.065103 0.003695
v 0.025721 0.052644 0.017227
v 0.021478 0.051041 0.020603
v 0.021455 0.059639 0.019986
v 0.022573 0.060254 0.017924
v 0.027661 0.065622 -0.000304
v 0.020823 0.050304 0.022848
v 0.017371 0.057339 0.024019
v 0.018254 0.058073 0.022121
v 0.013364 0.057488 0.025437
v 0.010227 0.065362 0.026194
v 0.014210 0.067178 0.024693
v 0.015610 0.067304 0.022765
v 0.014346 0.075216 0.023157
v 0.012413 0.074327 0.025195
v 0.009407 0.073504 0.026133
v 0.008673 0.081336 0.025977
v 0.019365 0.067558 0.020542
v 0.010994 0.082060 0.025192
v 0.007915 0.090445 0.025600
v 0.022316 0.068990 0.018811
v 0.011131 0.090760 0.024237
v 0.006906 0.099126 0.024533
v 0.017467 0.076279 0.022233
v 0.023563 0.070457 0.014543
v 0.012856 0.082448 0.023807
v 0.014888 0.082784 0.023058
v 0.012580 0.099585 0.022393
v 0.009966 0.108004 0.021884
v 0.019458 0.077444 0.019953
v 0.025181 0.071925 0.010898
v 0.017298 0.083622 0.020933
v 0.012538 0.091090 0.023276
v 0.014597 0.091460 0.022271
v 0.013663 0.099896 0.020730
v 0.014371 0.108378 0.018686
v 0.020823 0.078478 0.016469
v 0.026408 0.072805 0.005162
v 0.018663 0.084576 0.018080
v 0.015796 0.092383 0.020160
v 0.016433 0.100403 0.018687
v 0.017968 0.108787 0.014947
v 0.018701 0.093082 0.018884
v 0.023792 0.079511 0.012284
v 0.021733 0.085324 0.015665
v 0.025091 0.073381 0.001710
v 0.019436 0.101328 0.014328
v 0.018882 0.108965 0.009637
v 0.020620 0.094104 0.013693
v 0.021827 0.086260 0.012561
v 0.024211 0.080621 0.006177
v 0.022926 0.074278 -0.002617
v 0.016955 0.074931 -0.009054
v 0.015955 0.081889 -0.007506
v 0.023148 0.087204 0.006868
v 0.021912 0.081429 -0.001487
v 0.020004 0.087848 -0.000244
v 0.015651 0.088158 -0.006547
v 0.019462 0.095420 0.000946
v 0.014731 0.095596 -0.004898
v 0.013865 0.102103 -0.003350
v 0.021586 0.094885 0.007688
v 0.017936 0.102042 0.002394
v 0.016717 0.109173 0.003831
v 0.020109 0.101921 0.008658
v 0.022898 0.000063 -0.003910
v 0.020556 0.000064 -0.005854
v 0.020685 0.003417 -0.006011
v 0.023249 0.003370 -0.004063
v 0.024690 0.000064 -0.000070
v 0.023068 0.005834 -0.003726
v 0.020569 0.006140 -0.005544
v 0.024922 0.003315 -0.000252
v 0.025551 0.000064 0.003126
v 0.024940 0.005889 -0.000320
v 0.025851 0.003173 0.003152
v 0.026389 0.000058 0.005796
v 0.025706 0.006010 0.003098
v 0.026751 0.002893 0.005964
v 0.027458 0.000050 0.008115
v 0.026194 0.005416 0.006042
v 0.026805 0.004732 0.008778
v 0.027577 0.002524 0.008400
v 0.028271 0.000051 0.011202
v 0.028211 0.002191 0.011371
v 0.028647 0.000044 0.013862
v 0.024291 0.009056 0.006466
v 0.025235 0.009123 0.002883
v 0.024767 0.008663 -0.000333
v 0.022960 0.008451 -0.003468
v 0.020528 0.008738 -0.005134
v 0.017843 0.008713 -0.005569
v 0.017663 0.006099 -0.005972
v 0.015434 0.008813 -0.004189
v 0.015305 0.006023 -0.004461
v 0.013800 0.005884 -0.001274
v 0.013840 0.009022 -0.001055
v 0.015189 0.003397 -0.004643
v 0.013919 0.005864 0.001975
v 0.013990 0.008953 0.001801
v 0.014289 0.003393 0.002017
v 0.014045 0.003380 -0.001250
v 0.015268 0.000074 -0.004501
v 0.014439 0.000076 -0.001318
v 0.014710 0.000076 0.002008
v 0.022898 0.000063 -0.003910
v 0.014710 0.000076 0.002008
v 0.014439 0.000076 -0.001318
v 0.024690 0.000064 -0.000070
v 0.025551 0.000064 0.003126
v 0.015326 0.000076 0.005150
v 0.015701 0.000047 0.007604
v 0.026389 0.000058 0.005796
v 0.027458 0.000050 0.008115
v 0.015371 0.000043 0.010135
v 0.015465 0.000034 0.013571
v 0.028271 0.000051 0.011202
v 0.028647 0.000044 0.013862
v 0.015848 0.000039 0.016390
v 0.028736 0.000037 0.016464
v 0.016610 0.000046 0.019008
v 0.028552 0.000048 0.018538
v 0.017497 0.000049 0.020888
v 0.027953 0.000048 0.020437
v 0.018875 0.000057 0.022681
v 0.024189 0.000064 0.023968
v 0.021289 0.000063 0.023982
v 0.026652 0.000060 0.022611
v 0.015199 0.008987 0.005270
v 0.013990 0.008953 0.001801
v 0.013919 0.005864 0.001975
v 0.014717 0.005738 0.005096
v 0.014289 0.003393 0.002017
v 0.015544 0.005553 0.008051
v 0.017328 0.009271 0.008512
v 0.014998 0.003197 0.005084
v 0.014710 0.000076 0.002008
v 0.015326 0.000076 0.005150
v 0.015435 0.002834 0.007659
v 0.015701 0.000047 0.007604
v 0.018181 0.007605 0.010759
v 0.021321 0.009999 0.008378
v 0.015535 0.002519 0.010422
v 0.015371 0.000043 0.010135
v 0.016081 0.005162 0.010602
v 0.015619 0.002220 0.013677
v 0.015465 0.000034 0.013571
v 0.015897 0.002210 0.016328
v 0.015848 0.000039 0.016390
v 0.016613 0.002124 0.018695
v 0.016610 0.000046 0.019008
v 0.017713 0.002072 0.020645
v 0.017497 0.000049 0.020888
v 0.017562 0.004241 0.018216
v 0.016889 0.004525 0.016135
v 0.016569 0.004781 0.013727
v 0.018669 0.006462 0.013501
v 0.019065 0.006054 0.015653
v 0.019580 0.005365 0.017653
v 0.019187 0.002055 0.022441
v 0.018875 0.000057 0.022681
v 0.021289 0.000063 0.023982
v 0.018480 0.004121 0.020118
v 0.019842 0.003794 0.021979
v 0.021453 0.002174 0.023549
v 0.024189 0.000064 0.023968
v 0.020374 0.005301 0.019586
v 0.022601 0.005840 0.016920
v 0.021498 0.003667 0.022625
v 0.024141 0.002167 0.023635
v 0.026652 0.000060 0.022611
v 0.021272 0.004675 0.021400
v 0.023761 0.003577 0.022531
v 0.026165 0.002070 0.022256
v 0.027953 0.000048 0.020437
v 0.022923 0.005563 0.018897
v 0.023282 0.004794 0.020852
v 0.025637 0.003545 0.021547
v 0.027623 0.002007 0.020250
v 0.025125 0.004493 0.020122
v 0.025316 0.004810 0.018286
v 0.026699 0.003679 0.020027
v 0.028244 0.002062 0.018076
v 0.028552 0.000048 0.018538
v 0.027193 0.003692 0.017879
v 0.028481 0.002141 0.016034
v 0.028736 0.000037 0.016464
v 0.025295 0.004988 0.016251
v 0.028504 0.002165 0.013871
v 0.027349 0.003839 0.016006
v 0.027343 0.003889 0.014004
v 0.022335 0.006424 0.014851
v 0.027245 0.004007 0.011772
v 0.025181 0.005531 0.014257
v 0.021999 0.006858 0.012988
v 0.024961 0.006125 0.012412
v 0.021691 0.008035 0.010463
v 0.024519 0.007150 0.009500
v 0.000000 0.100757 0.025317
v 0.005157 0.106595 0.023748
v 0.000000 0.106594 0.024371
v 0.005115 0.100759 0.024506
v 0.005104 0.094923 0.025598
v 0.000000 0.094921 0.026234
v 0.008719 0.100794 0.023684
v 0.008569 0.106600 0.022471
v 0.005328 0.087516 0.026843
v 0.000000 0.087460 0.027554
v 0.008601 0.094949 0.024770
v 0.012302 0.100843 0.022760
v 0.011885 0.106606 0.020841
v 0.005776 0.079268 0.028267
v 0.000000 0.079227 0.029014
v 0.008987 0.087602 0.025917
v 0.012066 0.094986 0.023779
v 0.015877 0.100940 0.020383
v 0.015422 0.106663 0.018206
v 0.015616 0.100802 0.019744
v 0.015276 0.094964 0.021115
v 0.015507 0.095034 0.021775
v 0.015786 0.087732 0.022360
v 0.016031 0.087778 0.023016
v 0.017156 0.079395 0.023154
v 0.012607 0.087708 0.024811
v 0.017391 0.079476 0.023810
v 0.019254 0.070802 0.023686
v 0.009764 0.079343 0.027114
v 0.013693 0.079437 0.025697
v 0.019455 0.070873 0.024355
v 0.020091 0.062439 0.024349
v 0.010876 0.070773 0.027772
v 0.015676 0.070834 0.026040
v 0.020283 0.062507 0.025021
v 0.019733 0.057401 0.024825
v 0.006001 0.070726 0.029168
v 0.000000 0.070707 0.029884
v 0.016447 0.062606 0.026597
v 0.019936 0.057435 0.025496
v 0.018621 0.052874 0.025241
v 0.011203 0.062598 0.028398
v 0.005978 0.062549 0.029864
v 0.000000 0.062529 0.030558
v 0.016028 0.055941 0.027232
v 0.018834 0.052870 0.025910
v 0.017006 0.048803 0.025678
v 0.010744 0.055552 0.028972
v 0.005773 0.055374 0.030517
v 0.000000 0.055358 0.031209
v 0.010783 0.048594 0.029279
v 0.005433 0.048589 0.031242
v 0.000000 0.048585 0.031955
v 0.006236 0.041991 0.031624
v 0.000000 0.041441 0.032460
v 0.015453 0.048826 0.027653
v 0.017276 0.048961 0.026652
v 0.019281 0.043892 0.026712
v 0.019089 0.043791 0.026044
v 0.019489 0.039064 0.026397
v 0.006151 0.032990 0.032462
v 0.000000 0.032079 0.033074
v 0.013080 0.042079 0.029788
v 0.016644 0.043458 0.027925
v 0.016956 0.039318 0.028246
v 0.019685 0.039110 0.027068
v 0.012014 0.034896 0.030368
v 0.018752 0.033410 0.027490
v 0.018574 0.033403 0.026810
v 0.017579 0.029463 0.027088
v 0.016323 0.034479 0.028483
v 0.015068 0.029080 0.029106
v 0.017816 0.029547 0.027744
v 0.014765 0.028969 0.028481
v 0.010375 0.027572 0.030495
v 0.009869 0.029879 0.031345
v 0.010592 0.027688 0.031152
v 0.006790 0.025649 0.031679
v 0.005513 0.028099 0.032641
v 0.006914 0.025755 0.032356
v 0.003382 0.022624 0.032393
v 0.002424 0.025401 0.033091
v 0.000000 0.024390 0.033359
v 0.003422 0.022746 0.033080
v 0.000000 0.021689 0.032846
v 0.000000 0.021846 0.033511
v 0.000000 0.100757 0.025317
v 0.000000 0.106594 0.024371
v -0.005157 0.106595 0.023748
v -0.005115 0.100759 0.024506
v -0.005104 0.094923 0.025598
v 0.000000 0.094921 0.026234
v -0.008719 0.100794 0.023684
v -0.008569 0.106600 0.022471
v -0.005328 0.087516 0.026843
v 0.000000 0.087460 0.027554
v -0.008601 0.094949 0.024770
v -0.012302 0.100843 0.022760
v -0.011885 0.106606 0.020841
v -0.005776 0.079268 0.028267
v 0.000000 0.079227 0.029014
v -0.008987 0.087602 0.025917
v -0.012066 0.094986 0.023779
v -0.015877 0.100940 0.020383
v -0.015422 0.106663 0.018206
v -0.015616 0.100802 0.019744
v -0.015276 0.094964 0.021115
v -0.015507 0.095034 0.021775
v -0.015786 0.087732 0.022360
v -0.016031 0.087778 0.023016
v -0.017156 0.079395 0.023154
v -0.012607 0.087708 0.024811
v -0.017391 0.079476 0.023810
v -0.019254 0.070802 0.023686
v -0.013693 0.079437 0.025697
v -0.009764 0.079343 0.027114
v -0.019455 0.070873 0.024355
v -0.020091 0.062439 0.024349
v -0.015676 0.070834 0.026040
v -0.010876 0.070773 0.027772
v -0.020283 0.062507 0.025021
v -0.019733 0.057401 0.024825
v -0.006001 0.070726 0.029168
v 0.000000 0.070707 0.029884
v -0.016447 0.062606 0.026597
v -0.019936 0.057435 0.025496
v -0.018621 0.052874 0.025241
v -0.011203 0.062598 0.028398
v -0.005978 0.062549 0.029864
v 0.000000 0.062529 0.030558
v -0.016028 0.055941 0.027232
v -0.018834 0.052870 0.025910
v -0.017006 0.048803 0.025678
v -0.010744 0.055552 0.028972
v -0.005773 0.055374 0.030517
v 0.000000 0.055358 0.031209
v -0.010783 0.048594 0.029279
v -0.005433 0.048589 0.031242
v 0.000000 0.048585 0.031955
v -0.006236 0.041991 0.031624
v 0.000000 0.041441 0.032460
v -0.015453 0.048826 0.027653
v -0.017276 0.048961 0.026652
v -0.019281 0.043892 0.026712
v -0.019089 0.043791 0.026044
v -0.019489 0.039064 0.026397
v -0.006151 0.032990 0.032462
v 0.000000 0.032079 0.033074
v -0.013080 0.042079 0.029788
v -0.016644 0.043458 0.027925
v -0.016956 0.039318 0.028246
v -0.019685 0.039110 0.027068
v -0.012014 0.034896 0.030368
v -0.018752 0.033410 0.027490
v -0.018574 0.033403 0.026810
v -0.017579 0.029463 0.027088
v -0.016323 0.034479 0.028483
v -0.015068 0.029080 0.029106
v -0.017816 0.029547 0.027744
v -0.014765 0.028969 0.028481
v -0.010375 0.027572 0.030495
v -0.009869 0.029879 0.031345
v -0.010592 0.027688 0.031152
v -0.006790 0.025649 0.031679
v -0.005513 0.028099 0.032641
v -0.006914 0.025755 0.032356
v -0.003382 0.022624 0.032393
v -0.002424 0.025401 0.033091
v 0.000000 0.024390 0.033359
v -0.003422 0.022746 0.033080
v 0.000000 0.021689 0.032846
v 0.000000 0.021846 0.033511
v 0.000000 0.100755 0.025318
v 0.003980 0.106476 0.023614
v 0.000000 0.106485 0.023922
v 0.003980 0.100746 0.025054
v 0.003980 0.095017 0.026442
v 0.000000 0.095025 0.026650
v 0.007220 0.100744 0.024471
v 0.007205 0.106474 0.022906
v 0.004098 0.089186 0.027724
v 0.000000 0.089158 0.027993
v 0.007218 0.095014 0.025907
v 0.010305 0.100761 0.023598
v 0.010021 0.106490 0.022030
v 0.007449 0.089217 0.027143
v 0.010300 0.095031 0.025122
v 0.004079 0.084223 0.028690
v 0.000000 0.084229 0.028897
v 0.000000 0.078479 0.030372
v 0.011764 0.100847 0.022556
v 0.011537 0.106572 0.020833
v 0.012066 0.106648 0.021120
v 0.011820 0.095122 0.024048
v 0.012294 0.100909 0.022845
v 0.010279 0.089292 0.026241
v 0.007522 0.084210 0.028119
v 0.013233 0.100863 0.022515
v 0.013005 0.106609 0.020788
v 0.013165 0.106483 0.020152
v 0.013392 0.100748 0.021878
v 0.013289 0.095124 0.024008
v 0.013448 0.095014 0.023371
v 0.012350 0.095176 0.024338
v 0.013366 0.089468 0.025101
v 0.013525 0.089367 0.024461
v 0.011898 0.089451 0.025142
v 0.012427 0.089506 0.025432
v 0.013475 0.084188 0.026062
v 0.013635 0.084058 0.025426
v 0.012005 0.084265 0.026092
v 0.012534 0.084296 0.026385
v 0.013336 0.083073 0.026284
v 0.013470 0.082749 0.025686
v 0.010478 0.079934 0.027518
v 0.010119 0.084190 0.027100
v 0.011934 0.083693 0.026208
v 0.012448 0.083592 0.026527
v 0.010436 0.080347 0.028063
v 0.009290 0.081207 0.027845
v 0.009743 0.081050 0.028197
v 0.007097 0.078562 0.029056
v 0.007929 0.077324 0.029474
v 0.007903 0.076830 0.028972
v 0.004226 0.076758 0.029924
v 0.007453 0.078289 0.029470
v 0.004344 0.077246 0.030409
v 0.000000 0.076730 0.030466
v 0.000000 0.077218 0.030956
v 0.004304 0.078221 0.030303
v 0.000000 0.078193 0.030848
v 0.004178 0.078506 0.029832
v 0.000000 0.100755 0.025318
v 0.000000 0.106485 0.023922
v -0.003980 0.106476 0.023614
v -0.003980 0.100746 0.025054
v -0.003980 0.095017 0.026442
v 0.000000 0.095025 0.026650
v -0.007220 0.100744 0.024471
v -0.007205 0.106474 0.022906
v -0.004098 0.089186 0.027724
v 0.000000 0.089158 0.027993
v -0.007218 0.095014 0.025907
v -0.010305 0.100761 0.023598
v -0.010021 0.106490 0.022030
v -0.007449 0.089217 0.027143
v -0.010300 0.095031 0.025122
v -0.004079 0.084223 0.028690
v 0.000000 0.084229 0.028897
v 0.000000 0.078479 0.030372
v -0.011764 0.100847 0.022556
v -0.011537 0.106572 0.020833
v -0.012066 0.106648 0.021120
v -0.011820 0.095122 0.024048
v -0.012294 0.100909 0.022845
v -0.010279 0.089292 0.026241
v -0.007522 0.084210 0.028119
v -0.013233 0.100863 0.022515
v -0.013005 0.106609 0.020788
v -0.013165 0.106483 0.020152
v -0.013392 0.100748 0.021878
v -0.013289 0.095124 0.024008
v -0.013448 0.095014 0.023371
v -0.012350 0.095176 0.024338
v -0.013366 0.089468 0.025101
v -0.013525 0.089367 0.024461
v -0.011898 0.089451 0.025142
v -0.013475 0.084188 0.026062
v -0.013635 0.084058 0.025426
v -0.012427 0.089506 0.025432
v -0.012005 0.084265 0.026092
v -0.013336 0.083073 0.026284
v -0.013470 0.082749 0.025686
v -0.010478 0.079934 0.027518
v -0.012534 0.084296 0.026385
v -0.010119 0.084190 0.027100
v -0.011934 0.083693 0.026208
v -0.012448 0.083592 0.026527
v -0.010436 0.080347 0.028063
v -0.009290 0.081207 0.027845
v -0.009743 0.081050 0.028197
v -0.007097 0.078562 0.029056
v -0.007929 0.077324 0.029474
v -0.007903 0.076830 0.028972
v -0.004226 0.076758 0.029924
v -0.007453 0.078289 0.029470
v -0.004344 0.077246 0.030409
v 0.000000 0.076730 0.030466
v 0.000000 0.077218 0.030956
v -0.004304 0.078221 0.030303
v 0.000000 0.078193 0.030848
v -0.004178 0.078506 0.029832
v -0.021353 0.101113 -0.002418
v -0.017034 0.102569 -0.006969
v -0.017034 0.100588 -0.006969
v -0.021353 0.103093 -0.002418
v -0.024004 0.100934 0.004286
v -0.015949 0.103196 -0.005851
v -0.024192 0.102848 0.004410
v -0.023806 0.100363 0.010090
v -0.019827 0.103660 -0.001623
v -0.014905 0.106492 -0.004765
v -0.024019 0.102319 0.010320
v -0.021615 0.099530 0.015292
v -0.022534 0.103623 0.004653
v -0.021823 0.101418 0.015616
v -0.018852 0.098734 0.019280
v -0.022393 0.103203 0.010198
v -0.019131 0.100710 0.019564
v -0.015210 0.097940 0.022527
v -0.020317 0.102504 0.015156
v -0.015210 0.099797 0.023008
v -0.011682 0.097268 0.024544
v -0.017861 0.101691 0.018826
v -0.020950 0.106267 0.004906
v -0.021124 0.105798 0.010120
v -0.019484 0.105058 0.014835
v -0.017059 0.104318 0.018492
v -0.018573 0.106468 -0.000820
v -0.017393 0.109572 -0.000066
v -0.013940 0.109934 -0.003755
v -0.018309 0.110146 -0.000445
v -0.014719 0.110522 -0.004449
v -0.014652 0.111586 -0.004172
v -0.019506 0.109061 0.005169
v -0.019704 0.108524 0.010042
v -0.018352 0.107808 0.014595
v -0.016232 0.107043 0.018076
v -0.020451 0.109650 0.005158
v -0.018133 0.111216 -0.000286
v -0.020199 0.110722 0.005242
v -0.017687 0.111818 0.000037
v -0.014351 0.112174 -0.003672
v -0.019652 0.111327 0.005374
v -0.014069 0.114535 -0.003179
v -0.009557 0.114772 -0.005896
v -0.009145 0.120311 -0.005119
v -0.019179 0.108467 0.014993
v -0.020574 0.109160 0.010296
v -0.020308 0.110226 0.010337
v -0.016734 0.107678 0.018628
v -0.019739 0.110826 0.010309
v -0.018956 0.109525 0.015016
v -0.018452 0.110138 0.014863
v -0.019181 0.113411 0.010451
v -0.019143 0.113815 0.005580
v -0.018154 0.120203 0.006165
v -0.017268 0.114217 0.000365
v -0.013473 0.120284 -0.002248
v -0.016508 0.120225 0.001311
v -0.013672 0.122209 -0.002313
v -0.009204 0.122160 -0.005121
v -0.016679 0.122222 0.001469
v -0.014105 0.122799 -0.002601
v -0.009458 0.122777 -0.005457
v -0.009653 0.124084 -0.005565
v -0.017188 0.122800 0.001263
v -0.017591 0.124105 0.001182
v -0.014482 0.124102 -0.002713
v -0.013573 0.124733 -0.001781
v -0.009314 0.124718 -0.004499
v -0.009553 0.128783 -0.004749
v -0.018226 0.122234 0.006232
v -0.014253 0.128798 -0.002148
v -0.009846 0.131081 -0.005171
v -0.016464 0.124902 0.001754
v -0.014813 0.131160 -0.002613
v -0.009971 0.132134 -0.005361
v -0.017436 0.128801 0.001506
v -0.015053 0.132173 -0.002813
v -0.009954 0.133301 -0.004870
v -0.018752 0.122810 0.006163
v -0.017815 0.124895 0.006078
v -0.018161 0.131244 0.001125
v -0.014758 0.133340 -0.002346
v -0.009076 0.134015 -0.003351
v -0.013456 0.134051 -0.001049
v -0.018472 0.132292 0.000962
v -0.018079 0.133459 0.001295
v -0.016484 0.134159 0.002270
v -0.019007 0.128964 0.006096
v -0.019107 0.124095 0.006125
v -0.019712 0.131812 0.006037
v -0.020143 0.132730 0.005979
v -0.019575 0.133897 0.006044
v -0.017848 0.134559 0.006600
v -0.017747 0.124891 0.010246
v -0.018819 0.124089 0.010558
v -0.018643 0.129268 0.010246
v -0.019089 0.132685 0.010367
v -0.019637 0.133624 0.010269
v -0.019135 0.134792 0.010029
v -0.017447 0.135374 0.010234
v -0.016288 0.124895 0.014274
v -0.016722 0.129788 0.014414
v -0.017070 0.134027 0.014687
v -0.017638 0.134974 0.014553
v -0.017354 0.136141 0.014067
v -0.015823 0.136605 0.013916
v -0.015001 0.137823 0.017716
v -0.013677 0.138138 0.017242
v -0.015212 0.136656 0.018200
v -0.014852 0.135668 0.018208
v -0.013278 0.139544 0.019647
v -0.012107 0.139707 0.019003
v -0.013472 0.138376 0.020245
v -0.011166 0.141492 0.021462
v -0.010181 0.141484 0.020658
v -0.012587 0.137278 0.020475
v -0.011232 0.139975 0.022230
v -0.014576 0.131430 0.017970
v -0.007811 0.142360 0.023167
v -0.007122 0.142275 0.022212
v -0.011913 0.132498 0.021173
v -0.010602 0.138646 0.022203
v -0.007808 0.140842 0.023830
v -0.004583 0.142802 0.024035
v -0.004178 0.142678 0.023004
v -0.007645 0.139468 0.023629
v -0.004644 0.141458 0.024688
v -0.003572 0.143080 0.025144
v -0.002971 0.142975 0.023919
v -0.007898 0.133779 0.024033
v -0.004403 0.140151 0.024531
v -0.003793 0.141658 0.025686
v -0.002013 0.143352 0.026090
v -0.001753 0.143179 0.024658
v 0.000000 0.143298 0.025086
v 0.000000 0.143488 0.026582
v 0.000000 0.142081 0.027341
v -0.002158 0.141947 0.026797
v -0.001935 0.140700 0.026591
v 0.000000 0.140829 0.027090
v -0.003504 0.140403 0.025470
v -0.001601 0.139501 0.024995
v 0.000000 0.139479 0.025113
v 0.000000 0.134236 0.025682
v -0.003220 0.139622 0.024673
v -0.003436 0.134236 0.025380
v 0.000000 0.129007 0.025719
v -0.003467 0.129007 0.025504
v -0.003486 0.124917 0.025143
v 0.000000 0.124917 0.025276
v -0.007927 0.129007 0.024128
v -0.012100 0.128877 0.021083
v -0.003949 0.124114 0.026161
v 0.000000 0.124114 0.026508
v 0.000000 0.122827 0.026264
v -0.007927 0.124917 0.023880
v -0.014633 0.129062 0.017985
v -0.008603 0.124114 0.024911
v -0.011805 0.124910 0.020910
v -0.014332 0.124903 0.017858
v -0.017455 0.124092 0.014972
v -0.015340 0.124100 0.018716
v -0.012619 0.124108 0.021890
v -0.008547 0.122835 0.024686
v -0.017223 0.122825 0.014896
v -0.012499 0.122836 0.021697
v -0.003957 0.122828 0.025910
v -0.003896 0.122185 0.025526
v 0.000000 0.122171 0.025890
v -0.008373 0.122217 0.024296
v -0.003964 0.119753 0.025769
v 0.000000 0.119711 0.026174
v 0.000000 0.110105 0.026255
v -0.012232 0.122231 0.021329
v -0.008435 0.119873 0.024427
v -0.004100 0.110241 0.025831
v 0.000000 0.106804 0.026170
v -0.008796 0.110755 0.024436
v -0.004066 0.106991 0.025731
v -0.012285 0.119983 0.021403
v -0.004129 0.106343 0.026104
v 0.000000 0.106156 0.026557
v -0.004117 0.105310 0.026108
v 0.000000 0.105118 0.026568
v -0.003862 0.104574 0.025410
v 0.000000 0.104400 0.025868
v -0.009144 0.105967 0.024529
v -0.009106 0.107007 0.024569
v -0.008915 0.107651 0.024259
v -0.004118 0.101897 0.025371
v 0.000000 0.101712 0.025759
v 0.000000 0.099024 0.026255
v -0.012909 0.111507 0.021575
v -0.013161 0.108558 0.021429
v -0.013447 0.107913 0.021708
v -0.014881 0.120059 0.018323
v -0.013538 0.106862 0.021673
v -0.016578 0.108733 0.018655
v -0.015806 0.112182 0.018538
v -0.014809 0.122234 0.018270
v -0.015164 0.122831 0.018569
v -0.016792 0.122232 0.014705
v -0.016185 0.109367 0.018420
v -0.016862 0.120128 0.014774
v -0.017929 0.112829 0.014981
v -0.018072 0.120196 0.010512
v -0.018037 0.122241 0.010475
v -0.018530 0.122824 0.010543
v -0.013276 0.106241 0.021068
v -0.008774 0.105284 0.023768
v -0.013982 0.103456 0.021714
v -0.009249 0.102498 0.024108
v -0.014451 0.100672 0.022222
v -0.004373 0.099219 0.026022
v -0.004500 0.095745 0.027039
v 0.000000 0.095711 0.027377
v 0.000000 0.093477 0.028808
v -0.011458 0.099044 0.025130
v -0.010538 0.099894 0.024392
v -0.009428 0.097422 0.026264
v -0.009991 0.096037 0.025668
v -0.007804 0.095551 0.027365
v -0.008395 0.093904 0.026399
v -0.006110 0.092629 0.027175
v -0.007969 0.098459 0.025444
v -0.005737 0.096595 0.026497
v -0.005751 0.094145 0.028066
v -0.004179 0.093679 0.028389
v -0.004102 0.091853 0.027630
v 0.000000 0.091686 0.028006
v 0.021353 0.101113 -0.002418
v 0.017034 0.100588 -0.006969
v 0.017034 0.102569 -0.006969
v 0.021353 0.103093 -0.002418
v 0.024004 0.100934 0.004286
v 0.015949 0.103196 -0.005851
v 0.024192 0.102848 0.004410
v 0.023806 0.100363 0.010090
v 0.019827 0.103660 -0.001623
v 0.014905 0.106492 -0.004765
v 0.024019 0.102319 0.010320
v 0.021615 0.099530 0.015292
v 0.022534 0.103623 0.004653
v 0.021823 0.101418 0.015616
v 0.018852 0.098734 0.019280
v 0.022393 0.103203 0.010198
v 0.019131 0.100710 0.019564
v 0.015210 0.097940 0.022527
v 0.020317 0.102504 0.015156
v 0.015210 0.099797 0.023008
v 0.011682 0.097268 0.024544
v 0.017861 0.101691 0.018826
v 0.020950 0.106267 0.004906
v 0.021124 0.105798 0.010120
v 0.019484 0.105058 0.014835
v 0.017059 0.104318 0.018492
v 0.018573 0.106468 -0.000820
v 0.017393 0.109572 -0.000066
v 0.013940 0.109934 -0.003755
v 0.018309 0.110146 -0.000445
v 0.014719 0.110522 -0.004449
v 0.014652 0.111586 -0.004172
v 0.019506 0.109061 0.005169
v 0.019704 0.108524 0.010042
v 0.018352 0.107808 0.014595
v 0.016232 0.107043 0.018076
v 0.020451 0.109650 0.005158
v 0.018133 0.111216 -0.000286
v 0.020199 0.110722 0.005242
v 0.017687 0.111818 0.000037
v 0.014351 0.112174 -0.003672
v 0.019652 0.111327 0.005374
v 0.014069 0.114535 -0.003179
v 0.009557 0.114772 -0.005896
v 0.009145 0.120311 -0.005119
v 0.019179 0.108467 0.014993
v 0.020574 0.109160 0.010296
v 0.020308 0.110226 0.010337
v 0.016734 0.107678 0.018628
v 0.019739 0.110826 0.010309
v 0.018956 0.109525 0.015016
v 0.018452 0.110138 0.014863
v 0.019181 0.113411 0.010451
v 0.019143 0.113815 0.005580
v 0.017268 0.114217 0.000365
v 0.013538 0.106862 0.021673
v 0.016578 0.108733 0.018655
v 0.016185 0.109367 0.018420
v 0.017929 0.112829 0.014981
v 0.018072 0.120196 0.010512
v 0.018154 0.120203 0.006165
v 0.016508 0.120225 0.001311
v 0.013473 0.120284 -0.002248
v 0.016679 0.122222 0.001469
v 0.013672 0.122209 -0.002313
v 0.009204 0.122160 -0.005121
v 0.014105 0.122799 -0.002601
v 0.009458 0.122777 -0.005457
v 0.009653 0.124084 -0.005565
v 0.017188 0.122800 0.001263
v 0.017591 0.124105 0.001182
v 0.018226 0.122234 0.006232
v 0.014482 0.124102 -0.002713
v 0.013573 0.124733 -0.001781
v 0.009314 0.124718 -0.004499
v 0.009553 0.128783 -0.004749
v 0.014253 0.128798 -0.002148
v 0.009846 0.131081 -0.005171
v 0.018037 0.122241 0.010475
v 0.018752 0.122810 0.006163
v 0.016464 0.124902 0.001754
v 0.014813 0.131160 -0.002613
v 0.009971 0.132134 -0.005361
v 0.017436 0.128801 0.001506
v 0.017815 0.124895 0.006078
v 0.015053 0.132173 -0.002813
v 0.009954 0.133301 -0.004870
v 0.018161 0.131244 0.001125
v 0.014758 0.133340 -0.002346
v 0.009076 0.134015 -0.003351
v 0.013456 0.134051 -0.001049
v 0.018472 0.132292 0.000962
v 0.018079 0.133459 0.001295
v 0.016484 0.134159 0.002270
v 0.019007 0.128964 0.006096
v 0.019107 0.124095 0.006125
v 0.019712 0.131812 0.006037
v 0.019575 0.133897 0.006044
v 0.017848 0.134559 0.006600
v 0.020143 0.132730 0.005979
v 0.017747 0.124891 0.010246
v 0.018819 0.124089 0.010558
v 0.019135 0.134792 0.010029
v 0.017447 0.135374 0.010234
v 0.018643 0.129268 0.010246
v 0.019089 0.132685 0.010367
v 0.019637 0.133624 0.010269
v 0.017354 0.136141 0.014067
v 0.015823 0.136605 0.013916
v 0.016288 0.124895 0.014274
v 0.016722 0.129788 0.014414
v 0.017070 0.134027 0.014687
v 0.017638 0.134974 0.014553
v 0.015001 0.137823 0.017716
v 0.013677 0.138138 0.017242
v 0.015212 0.136656 0.018200
v 0.014852 0.135668 0.018208
v 0.013278 0.139544 0.019647
v 0.012107 0.139707 0.019003
v 0.013472 0.138376 0.020245
v 0.011166 0.141492 0.021462
v 0.010181 0.141484 0.020658
v 0.012587 0.137278 0.020475
v 0.011232 0.139975 0.022230
v 0.014576 0.131430 0.017970
v 0.007811 0.142360 0.023167
v 0.007122 0.142275 0.022212
v 0.011913 0.132498 0.021173
v 0.010602 0.138646 0.022203
v 0.007808 0.140842 0.023830
v 0.004583 0.142802 0.024035
v 0.004178 0.142678 0.023004
v 0.007645 0.139468 0.023629
v 0.004644 0.141458 0.024688
v 0.003572 0.143080 0.025144
v 0.002971 0.142975 0.023919
v 0.007898 0.133779 0.024033
v 0.004403 0.140151 0.024531
v 0.003793 0.141658 0.025686
v 0.002013 0.143352 0.026090
v 0.001753 0.143179 0.024658
v 0.000000 0.143298 0.025086
v 0.000000 0.143488 0.026582
v 0.000000 0.142081 0.027341
v 0.002158 0.141947 0.026797
v 0.001935 0.140700 0.026591
v 0.000000 0.140829 0.027090
v 0.003504 0.140403 0.025470
v 0.001601 0.139501 0.024995
v 0.000000 0.139479 0.025113
v 0.000000 0.134236 0.025682
v 0.003220 0.139622 0.024673
v 0.003436 0.134236 0.025380
v 0.000000 0.129007 0.025719
v 0.003467 0.129007 0.025504
v 0.003486 0.124917 0.025143
v 0.000000 0.124917 0.025276
v 0.007927 0.129007 0.024128
v 0.012100 0.128877 0.021083
v 0.003949 0.124114 0.026161
v 0.000000 0.124114 0.026508
v 0.000000 0.122827 0.026264
v 0.007927 0.124917 0.023880
v 0.014633 0.129062 0.017985
v 0.008603 0.124114 0.024911
v 0.011805 0.124910 0.020910
v 0.014332 0.124903 0.017858
v 0.017455 0.124092 0.014972
v 0.015340 0.124100 0.018716
v 0.012619 0.124108 0.021890
v 0.008547 0.122835 0.024686
v 0.017223 0.122825 0.014896
v 0.012499 0.122836 0.021697
v 0.003957 0.122828 0.025910
v 0.003896 0.122185 0.025526
v 0.000000 0.122171 0.025890
v 0.008373 0.122217 0.024296
v 0.003964 0.119753 0.025769
v 0.000000 0.119711 0.026174
v 0.012232 0.122231 0.021329
v 0.008435 0.119873 0.024427
v 0.015164 0.122831 0.018569
v 0.004100 0.110241 0.025831
v 0.000000 0.110105 0.026255
v 0.000000 0.106804 0.026170
v 0.014809 0.122234 0.018270
v 0.008796 0.110755 0.024436
v 0.004066 0.106991 0.025731
v 0.016792 0.122232 0.014705
v 0.014881 0.120059 0.018323
v 0.012285 0.119983 0.021403
v 0.012909 0.111507 0.021575
v 0.015806 0.112182 0.018538
v 0.013161 0.108558 0.021429
v 0.004129 0.106343 0.026104
v 0.000000 0.106156 0.026557
v 0.008915 0.107651 0.024259
v 0.009106 0.107007 0.024569
v 0.004117 0.105310 0.026108
v 0.000000 0.105118 0.026568
v 0.009144 0.105967 0.024529
v 0.003862 0.104574 0.025410
v 0.000000 0.104400 0.025868
v 0.013447 0.107913 0.021708
v 0.016862 0.120128 0.014774
v 0.018530 0.122824 0.010543
v 0.004102 0.091853 0.027630
v 0.000000 0.093477 0.028808
v 0.000000 0.091686 0.028006
v 0.004179 0.093679 0.028389
v 0.004500 0.095745 0.027039
v 0.000000 0.095711 0.027377
v 0.006110 0.092629 0.027175
v 0.000000 0.099024 0.026255
v 0.005751 0.094145 0.028066
v 0.007804 0.095551 0.027365
v 0.008395 0.093904 0.026399
v 0.009991 0.096037 0.025668
v 0.009428 0.097422 0.026264
v 0.011458 0.099044 0.025130
v 0.014451 0.100672 0.022222
v 0.010538 0.099894 0.024392
v 0.007969 0.098459 0.025444
v 0.005737 0.096595 0.026497
v 0.004373 0.099219 0.026022
v 0.013982 0.103456 0.021714
v 0.009249 0.102498 0.024108
v 0.004118 0.101897 0.025371
v 0.000000 0.101712 0.025759
v 0.008774 0.105284 0.023768
v 0.013276 0.106241 0.021068
v -0.022898 0.000063 -0.003910
v -0.020685 0.003417 -0.006011
v -0.020556 0.000064 -0.005854
v -0.023249 0.003370 -0.004063
v -0.024690 0.000064 -0.000070
v -0.023068 0.005834 -0.003726
v -0.020569 0.006140 -0.005544
v -0.024922 0.003315 -0.000252
v -0.025551 0.000064 0.003126
v -0.024940 0.005889 -0.000320
v -0.025851 0.003173 0.003152
v -0.026389 0.000058 0.005796
v -0.025706 0.006010 0.003098
v -0.026751 0.002893 0.005964
v -0.027458 0.000050 0.008115
v -0.026194 0.005416 0.006042
v -0.026805 0.004732 0.008778
v -0.027577 0.002524 0.008400
v -0.028271 0.000051 0.011202
v -0.028211 0.002191 0.011371
v -0.028647 0.000044 0.013862
v -0.024291 0.009056 0.006466
v -0.025235 0.009123 0.002883
v -0.024767 0.008663 -0.000333
v -0.022960 0.008451 -0.003468
v -0.020528 0.008738 -0.005134
v -0.017843 0.008713 -0.005569
v -0.017663 0.006099 -0.005972
v -0.015434 0.008813 -0.004189
v -0.015305 0.006023 -0.004461
v -0.013800 0.005884 -0.001274
v -0.013840 0.009022 -0.001055
v -0.015189 0.003397 -0.004643
v -0.013919 0.005864 0.001975
v -0.013990 0.008953 0.001801
v -0.014289 0.003393 0.002017
v -0.014045 0.003380 -0.001250
v -0.015268 0.000074 -0.004501
v -0.014439 0.000076 -0.001318
v -0.014710 0.000076 0.002008
v -0.022898 0.000063 -0.003910
v -0.014439 0.000076 -0.001318
v -0.014710 0.000076 0.002008
v -0.024690 0.000064 -0.000070
v -0.025551 0.000064 0.003126
v -0.015326 0.000076 0.005150
v -0.015701 0.000047 0.007604
v -0.026389 0.000058 0.005796
v -0.027458 0.000050 0.008115
v -0.015371 0.000043 0.010135
v -0.015465 0.000034 0.013571
v -0.028271 0.000051 0.011202
v -0.028647 0.000044 0.013862
v -0.015848 0.000039 0.016390
v -0.028736 0.000037 0.016464
v -0.016610 0.000046 0.019008
v -0.028552 0.000048 0.018538
v -0.017497 0.000049 0.020888
v -0.027953 0.000048 0.020437
v -0.018875 0.000057 0.022681
v -0.024189 0.000064 0.023968
v -0.021289 0.000063 0.023982
v -0.026652 0.000060 0.022611
v -0.015199 0.008987 0.005270
v -0.013919 0.005864 0.001975
v -0.013990 0.008953 0.001801
v -0.014717 0.005738 0.005096
v -0.014289 0.003393 0.002017
v -0.015544 0.005553 0.008051
v -0.017328 0.009271 0.008512
v -0.014998 0.003197 0.005084
v -0.014710 0.000076 0.002008
v -0.015326 0.000076 0.005150
v -0.015435 0.002834 0.007659
v -0.015701 0.000047 0.007604
v -0.018181 0.007605 0.010759
v -0.021321 0.009999 0.008378
v -0.015535 0.002519 0.010422
v -0.015371 0.000043 0.010135
v -0.016081 0.005162 0.010602
v -0.015619 0.002220 0.013677
v -0.015465 0.000034 0.013571
v -0.015897 0.002210 0.016328
v -0.015848 0.000039 0.016390
v -0.016613 0.002124 0.018695
v -0.016610 0.000046 0.019008
v -0.017713 0.002072 0.020645
v -0.017497 0.000049 0.020888
v -0.017562 0.004241 0.018216
v -0.016889 0.004525 0.016135
v -0.016569 0.004781 0.013727
v -0.018669 0.006462 0.013501
v -0.019065 0.006054 0.015653
v -0.019580 0.005365 0.017653
v -0.019187 0.002055 0.022441
v -0.018875 0.000057 0.022681
v -0.021289 0.000063 0.023982
v -0.018480 0.004121 0.020118
v -0.019842 0.003794 0.021979
v -0.021453 0.002174 0.023549
v -0.024189 0.000064 0.023968
v -0.020374 0.005301 0.019586
v -0.022601 0.005840 0.016920
v -0.021498 0.003667 0.022625
v -0.024141 0.002167 0.023635
v -0.026652 0.000060 0.022611
v -0.021272 0.004675 0.021400
v -0.023761 0.003577 0.022531
v -0.026165 0.002070 0.022256
v -0.027953 0.000048 0.020437
v -0.022923 0.005563 0.018897
v -0.023282 0.004794 0.020852
v -0.025637 0.003545 0.021547
v -0.027623 0.002007 0.020250
v -0.025125 0.004493 0.020122
v -0.025316 0.004810 0.018286
v -0.026699 0.003679 0.020027
v -0.028244 0.002062 0.018076
v -0.028552 0.000048 0.018538
v -0.027193 0.003692 0.017879
v -0.028481 0.002141 0.016034
v -0.028736 0.000037 0.016464
v -0.025295 0.004988 0.016251
v -0.027349 0.003839 0.016006
v -0.028504 0.002165 0.013871
v -0.027343 0.003889 0.014004
v -0.022335 0.006424 0.014851
v -0.027245 0.004007 0.011772
v -0.025181 0.005531 0.014257
v -0.021999 0.006858 0.012988
v -0.024961 0.006125 0.012412
v -0.021691 0.008035 0.010463
v -0.024519 0.007150 0.009500
v 0.002707 0.141082 0.025682
v 0.004202 0.140727 0.024396
v 0.003431 0.141737 0.024347
v 0.002429 0.142518 0.024325
v 0.003316 0.140310 0.025730
v 0.003696 0.139410 0.025807
v 0.004683 0.139550 0.024485
v 0.004850 0.138294 0.024615
v 0.001916 0.141679 0.025655
v 0.000991 0.142051 0.025642
v 0.001257 0.143006 0.024318
v 0.000000 0.142181 0.025639
v 0.000000 0.143176 0.024319
v -0.000991 0.142051 0.025642
v -0.001257 0.143006 0.024318
v -0.002429 0.142518 0.024325
v 0.002275 0.140635 0.025145
v 0.001609 0.141143 0.025100
v 0.000833 0.141461 0.025073
v 0.000000 0.141570 0.025065
v -0.000833 0.141461 0.025073
v 0.002786 0.139976 0.025208
v -0.001916 0.141679 0.025655
v -0.001609 0.141143 0.025100
v -0.002707 0.141082 0.025682
v -0.003431 0.141737 0.024347
v -0.004202 0.140727 0.024396
v -0.002275 0.140635 0.025145
v -0.000442 0.140253 0.027096
v -0.000854 0.140083 0.027116
v 0.000000 0.140311 0.027089
v -0.001208 0.139814 0.027148
v -0.000000 0.138669 0.027747
v 0.000442 0.140253 0.027096
v -0.001480 0.139462 0.027191
v 0.000854 0.140083 0.027116
v -0.001650 0.139053 0.027239
v -0.002786 0.139976 0.025208
v 0.001208 0.139814 0.027148
v -0.003316 0.140310 0.025730
v -0.003107 0.139208 0.025289
v -0.003696 0.139410 0.025807
v -0.004683 0.139550 0.024485
v -0.004850 0.138294 0.024615
v 0.001480 0.139462 0.027191
v -0.001709 0.138614 0.027292
v -0.003217 0.138386 0.025383
v -0.003828 0.138449 0.025909
v 0.003107 0.139208 0.025289
v -0.001650 0.138175 0.027345
v -0.003696 0.137490 0.026036
v -0.004683 0.137042 0.024785
v -0.004202 0.135878 0.024976
v -0.003107 0.137564 0.025486
v 0.001650 0.139053 0.027239
v -0.001480 0.137766 0.027393
v 0.001709 0.138614 0.027292
v -0.001208 0.137415 0.027435
v -0.002786 0.136799 0.025588
v -0.003316 0.136598 0.026175
v 0.003217 0.138386 0.025383
v -0.002275 0.136143 0.025683
v -0.002707 0.135836 0.026310
v -0.003431 0.134885 0.025167
v -0.002429 0.134120 0.025330
v -0.000854 0.137145 0.027468
v -0.001609 0.135640 0.025759
v -0.001916 0.135250 0.026424
v 0.000000 0.136918 0.027495
v 0.000000 0.134758 0.026527
v -0.001257 0.133645 0.025438
v 0.000000 0.133479 0.025479
v 0.000000 0.135216 0.025825
v 0.001916 0.135250 0.026424
v 0.001257 0.133645 0.025438
v 0.002429 0.134120 0.025330
v 0.000854 0.137145 0.027468
v 0.001609 0.135640 0.025759
v 0.002707 0.135836 0.026310
v 0.003431 0.134885 0.025167
v 0.004202 0.135878 0.024976
v 0.001208 0.137415 0.027435
v 0.002275 0.136143 0.025683
v 0.001480 0.137766 0.027393
v 0.002786 0.136799 0.025588
v 0.001650 0.138175 0.027345
v 0.003107 0.137564 0.025486
v 0.003316 0.136598 0.026175
v 0.003696 0.137490 0.026036
v 0.004683 0.137042 0.024785
v 0.003828 0.138449 0.025909
v 0.002648 0.167645 0.017673
v 0.001125 0.165696 0.019572
v 0.001524 0.165650 0.019009
v 0.004435 0.183176 0.018217
v 0.003948 0.183213 0.018617
v 0.003312 0.183372 0.018962
v 0.002236 0.174947 0.018201
v 0.001676 0.175059 0.018827
v 0.001947 0.174957 0.018534
v 0.002236 0.174947 0.018201
v 0.002283 0.174886 0.018243
v 0.001676 0.175059 0.018827
v -0.000186 0.189216 0.018533
v -0.000322 0.189397 0.019161
v -0.000322 0.192087 0.018385
v -0.000186 0.191844 0.017776
v 0.000186 0.189216 0.018533
v -0.000322 0.200090 0.013532
v 0.000186 0.191844 0.017776
v 0.000322 0.189397 0.019161
v -0.000186 0.199670 0.013032
v 0.000322 0.192087 0.018385
v 0.000000 0.189463 0.019390
v -0.000186 0.202169 0.010670
v -0.000322 0.202625 0.011140
v -0.000322 0.204695 0.008505
v 0.000186 0.199670 0.013032
v 0.000000 0.192177 0.018608
v -0.000322 0.189397 0.019161
v -0.000322 0.192087 0.018385
v -0.000186 0.204062 0.008234
v -0.000322 0.204762 0.007677
v 0.000186 0.202169 0.010670
v 0.000322 0.200090 0.013532
v 0.000000 0.200243 0.013715
v -0.000322 0.200090 0.013532
v -0.000322 0.202625 0.011140
v -0.000186 0.204094 0.007842
v -0.000322 0.196068 -0.006036
v 0.000186 0.204062 0.008234
v 0.000000 0.202792 0.011311
v 0.000322 0.202625 0.011140
v 0.000000 0.204926 0.008604
v -0.000322 0.204695 0.008505
v 0.000322 0.204695 0.008505
v 0.000000 0.205007 0.007617
v -0.000322 0.204762 0.007677
v 0.000186 0.204094 0.007842
v 0.000322 0.204762 0.007677
v 0.000000 0.196209 -0.006260
v -0.000322 0.196068 -0.006036
v 0.000322 0.196068 -0.006036
v 0.000000 0.195383 -0.006357
v -0.000322 0.195453 -0.006108
v 0.000322 0.195453 -0.006108
v 0.000186 0.195665 -0.005426
v 0.000322 0.195786 -0.005588
v 0.000000 0.190632 -0.002753
v -0.000322 0.190748 -0.002540
v 0.000000 0.189050 -0.002126
v -0.000322 0.189107 -0.001893
v 0.000322 0.189107 -0.001893
v 0.000322 0.190748 -0.002540
v 0.000186 0.189261 -0.001256
v 0.000186 0.191065 -0.001958
v -0.000186 0.189261 -0.001256
v -0.000186 0.191065 -0.001958
v -0.000322 0.189107 -0.001893
v -0.000322 0.190748 -0.002540
v -0.000186 0.195665 -0.005426
v -0.000322 0.195453 -0.006108
v -0.000322 0.195786 -0.005588
v 0.002826 0.189145 0.017859
v 0.002692 0.189311 0.018492
v 0.002751 0.191982 0.017813
v 0.002884 0.191765 0.017194
v 0.003198 0.189132 0.017861
v 0.003303 0.199951 0.013289
v 0.003256 0.191752 0.017196
v 0.003336 0.189288 0.018495
v 0.003422 0.199517 0.012795
v 0.003395 0.191959 0.017816
v 0.003014 0.189358 0.018725
v 0.003701 0.202008 0.010463
v 0.003587 0.202483 0.010923
v 0.003994 0.204507 0.008298
v 0.003792 0.199465 0.012818
v 0.003074 0.192049 0.018041
v 0.002692 0.189311 0.018492
v 0.002751 0.191982 0.017813
v 0.004081 0.203856 0.008037
v 0.004050 0.204574 0.007470
v 0.004070 0.201950 0.010491
v 0.003943 0.199861 0.013331
v 0.003628 0.200058 0.013494
v 0.003303 0.199951 0.013289
v 0.003587 0.202483 0.010923
v 0.004107 0.203889 0.007638
v 0.004019 0.196316 -0.005976
v 0.004448 0.203794 0.008073
v 0.004225 0.202383 0.010973
v 0.003913 0.202599 0.011121
v 0.004631 0.204399 0.008359
v 0.004330 0.204683 0.008428
v 0.003994 0.204507 0.008298
v 0.004475 0.203827 0.007674
v 0.004080 0.195906 -0.005356
v 0.003965 0.196036 -0.005528
v 0.003945 0.195747 -0.006040
v 0.002689 0.189277 -0.001594
v 0.002840 0.189472 -0.000974
v 0.003211 0.189427 -0.000976
v 0.004446 0.195824 -0.005334
v 0.003331 0.189199 -0.001598
v 0.004396 0.204763 0.007445
v 0.004050 0.204574 0.007470
v 0.004577 0.195580 -0.006006
v 0.003005 0.189161 -0.001823
v 0.004687 0.204467 0.007533
v 0.004364 0.196398 -0.006179
v 0.004019 0.196316 -0.005976
v 0.004602 0.195920 -0.005486
v 0.004656 0.196200 -0.005934
v 0.004261 0.195594 -0.006272
v 0.003945 0.195747 -0.006040
v 0.002689 0.189277 -0.001594
v -0.004580 0.195581 -0.005998
v -0.003012 0.189160 -0.001823
v -0.003335 0.189201 -0.001590
v -0.004268 0.195592 -0.006271
v -0.004659 0.196195 -0.005926
v -0.003949 0.195744 -0.006049
v -0.002692 0.189274 -0.001601
v -0.004372 0.196397 -0.006178
v -0.004689 0.204458 0.007535
v -0.004074 0.195908 -0.005361
v -0.002833 0.189471 -0.000979
v -0.004440 0.195825 -0.005329
v -0.003205 0.189429 -0.000972
v -0.003335 0.189201 -0.001590
v -0.004580 0.195581 -0.005998
v -0.004023 0.196320 -0.005983
v -0.004403 0.204762 0.007446
v -0.004634 0.204391 0.008356
v -0.004054 0.204582 0.007468
v -0.004337 0.204682 0.008429
v -0.004229 0.202377 0.010967
v -0.004102 0.203895 0.007636
v -0.004598 0.195916 -0.005479
v -0.004659 0.196195 -0.005926
v -0.004469 0.203823 0.007674
v -0.004689 0.204458 0.007535
v -0.003998 0.204514 0.008301
v -0.003921 0.202598 0.011121
v -0.004442 0.203791 0.008070
v -0.004634 0.204391 0.008356
v -0.004075 0.203862 0.008039
v -0.004064 0.201948 0.010488
v -0.004229 0.202377 0.010967
v -0.003946 0.199855 0.013324
v -0.003590 0.202488 0.010930
v -0.003695 0.202012 0.010466
v -0.003636 0.200057 0.013495
v -0.003946 0.199855 0.013324
v -0.003398 0.191957 0.017808
v -0.003307 0.199955 0.013296
v -0.003081 0.192048 0.018041
v -0.003340 0.189286 0.018487
v -0.003022 0.189358 0.018725
v -0.002754 0.191985 0.017820
v -0.002695 0.189313 0.018499
v -0.003785 0.199463 0.012815
v -0.003416 0.199520 0.012798
v -0.002878 0.191767 0.017198
v -0.002820 0.189147 0.017864
v -0.003250 0.191750 0.017191
v -0.003398 0.191957 0.017808
v -0.003192 0.189131 0.017857
v -0.003340 0.189286 0.018487
v 0.000000 0.184288 -0.001708
v 0.001654 0.184270 -0.000932
v 0.000000 0.184214 -0.001178
v 0.001754 0.184348 -0.001446
v 0.001711 0.186870 -0.001752
v 0.000000 0.186810 -0.002013
v 0.003479 0.184448 -0.000857
v 0.003304 0.184366 -0.000372
v 0.001591 0.187089 -0.001200
v 0.000000 0.187033 -0.001443
v 0.003230 0.187183 -0.000644
v 0.003436 0.186970 -0.001162
v 0.004823 0.187315 0.000224
v 0.005114 0.187109 -0.000245
v 0.006165 0.187469 0.001314
v 0.005158 0.184587 0.000060
v 0.004908 0.184499 0.000502
v 0.006576 0.184751 0.001215
v 0.006262 0.184654 0.001600
v 0.006531 0.187273 0.000910
v 0.007175 0.187644 0.002691
v 0.007579 0.187459 0.002366
v 0.007772 0.187853 0.004482
v 0.007612 0.184938 0.002673
v 0.007263 0.184832 0.002990
v 0.008249 0.185158 0.004565
v 0.007876 0.185041 0.004798
v 0.008209 0.187680 0.004254
v 0.008059 0.188139 0.006959
v 0.008524 0.187981 0.006871
v 0.008039 0.188476 0.009929
v 0.008587 0.185438 0.007190
v 0.008194 0.185303 0.007302
v 0.008460 0.185716 0.010343
v 0.008071 0.185562 0.010303
v 0.008493 0.188331 0.010000
v 0.007545 0.188771 0.012491
v 0.007935 0.188645 0.012696
v 0.006757 0.189039 0.014309
v 0.007878 0.186043 0.013094
v 0.007509 0.185879 0.012917
v 0.007253 0.186293 0.015140
v 0.006902 0.186113 0.014859
v 0.007139 0.188937 0.014664
v 0.005881 0.189207 0.015752
v 0.006245 0.189112 0.016203
v 0.004694 0.189310 0.016937
v 0.006412 0.186489 0.016747
v 0.006099 0.186302 0.016389
v 0.005184 0.186673 0.018129
v 0.004931 0.186466 0.017714
v 0.004997 0.189225 0.017462
v 0.003357 0.189375 0.017884
v 0.003577 0.189298 0.018472
v 0.001784 0.189393 0.018585
v 0.003740 0.186807 0.019162
v 0.002035 0.186827 0.019824
v 0.003570 0.186604 0.018703
v 0.001931 0.186627 0.019336
v 0.000000 0.186602 0.019638
v 0.000000 0.186800 0.020140
v 0.000000 0.189302 0.019566
v 0.001919 0.189315 0.019204
v 0.000000 0.189382 0.018933
v 0.000000 0.184288 -0.001708
v 0.000000 0.184214 -0.001178
v -0.001654 0.184270 -0.000932
v -0.001754 0.184348 -0.001446
v -0.001711 0.186870 -0.001752
v 0.000000 0.186810 -0.002013
v -0.003479 0.184448 -0.000857
v -0.003304 0.184366 -0.000372
v -0.001591 0.187089 -0.001200
v 0.000000 0.187033 -0.001443
v -0.003230 0.187183 -0.000644
v -0.003436 0.186970 -0.001162
v -0.004823 0.187315 0.000224
v -0.005114 0.187109 -0.000245
v -0.006165 0.187469 0.001314
v -0.005158 0.184587 0.000060
v -0.004908 0.184499 0.000502
v -0.006576 0.184751 0.001215
v -0.006262 0.184654 0.001600
v -0.006531 0.187273 0.000910
v -0.007175 0.187644 0.002691
v -0.007579 0.187459 0.002366
v -0.007772 0.187853 0.004482
v -0.007612 0.184938 0.002673
v -0.007263 0.184832 0.002990
v -0.008249 0.185158 0.004565
v -0.007876 0.185041 0.004798
v -0.008209 0.187680 0.004254
v -0.008059 0.188139 0.006959
v -0.008524 0.187981 0.006871
v -0.008039 0.188476 0.009929
v -0.008587 0.185438 0.007190
v -0.008194 0.185303 0.007302
v -0.008460 0.185716 0.010343
v -0.008071 0.185562 0.010303
v -0.008493 0.188331 0.010000
v -0.007545 0.188771 0.012491
v -0.007935 0.188645 0.012696
v -0.006757 0.189039 0.014309
v -0.007878 0.186043 0.013094
v -0.007509 0.185879 0.012917
v -0.007253 0.186293 0.015140
v -0.006902 0.186113 0.014859
v -0.007139 0.188937 0.014664
v -0.005881 0.189207 0.015752
v -0.006245 0.189112 0.016203
v -0.004694 0.189310 0.016937
v -0.006412 0.186489 0.016747
v -0.006099 0.186302 0.016389
v -0.005184 0.186673 0.018129
v -0.004931 0.186466 0.017714
v -0.004997 0.189225 0.017462
v -0.003357 0.189375 0.017884
v -0.003577 0.189298 0.018472
v -0.001784 0.189393 0.018585
v -0.003740 0.186807 0.019162
v -0.002035 0.186827 0.019824
v -0.003570 0.186604 0.018703
v -0.001931 0.186627 0.019336
v 0.000000 0.186602 0.019638
v 0.000000 0.186800 0.020140
v 0.000000 0.189302 0.019566
v -0.001919 0.189315 0.019204
v 0.000000 0.189382 0.018933
v 0.062710 0.102090 0.018341
v 0.063650 0.101844 0.019126
v 0.063223 0.101663 0.019055
v 0.063412 0.102449 0.018222
v 0.063887 0.102964 0.018552
v 0.063943 0.102216 0.019204
v 0.062712 0.105519 0.017356
v 0.062233 0.104859 0.016869
v 0.061432 0.104307 0.017042
v 0.062118 0.106936 0.016667
v 0.061800 0.106519 0.016010
v 0.060753 0.105521 0.016105
v 0.062833 0.107531 0.016449
v 0.060981 0.106391 0.015258
v 0.059232 0.106649 0.015502
v 0.063056 0.106832 0.015503
v 0.064707 0.106312 0.017033
v 0.060254 0.107438 0.013442
v 0.064519 0.105891 0.016185
v 0.065405 0.105508 0.017377
v 0.058838 0.108411 0.012576
v 0.061634 0.108041 0.012397
v 0.058034 0.108516 0.014082
v 0.063144 0.106769 0.014339
v 0.065295 0.105234 0.016591
v 0.066680 0.103661 0.018115
v 0.057601 0.110022 0.012310
v 0.057423 0.109711 0.013564
v 0.056796 0.112431 0.012827
v 0.059914 0.108967 0.011367
v 0.058440 0.110349 0.010905
v 0.057048 0.112297 0.010269
v 0.060445 0.109319 0.010138
v 0.064828 0.105866 0.015266
v 0.066372 0.103573 0.017295
v 0.067854 0.101494 0.018462
v 0.065605 0.105260 0.015813
v 0.065661 0.106112 0.014534
v 0.063725 0.106789 0.013537
v 0.063796 0.107058 0.012540
v 0.066192 0.105604 0.015412
v 0.066709 0.103618 0.016443
v 0.067670 0.101197 0.017812
v 0.068830 0.099121 0.018070
v 0.069140 0.099134 0.018451
v 0.067947 0.101194 0.017074
v 0.069072 0.099023 0.017631
v 0.069562 0.098948 0.017988
v 0.067337 0.103855 0.016010
v 0.069313 0.099185 0.017235
v 0.069756 0.099242 0.017408
v 0.069109 0.101759 0.016781
v 0.068555 0.101340 0.016637
v 0.068005 0.104128 0.016210
v 0.066808 0.106094 0.015574
v 0.066632 0.106541 0.015165
v 0.067252 0.105937 0.015087
v 0.066777 0.105427 0.014475
v 0.068456 0.103341 0.014918
v 0.068962 0.103673 0.015483
v 0.070948 0.099699 0.015770
v 0.070579 0.099479 0.015334
v 0.071592 0.098682 0.015653
v 0.068531 0.103178 0.014118
v 0.066799 0.105197 0.013547
v 0.065671 0.105964 0.013202
v 0.071265 0.098581 0.015407
v 0.071448 0.098434 0.014937
v 0.071963 0.098491 0.015139
v 0.072102 0.098767 0.014548
v 0.070641 0.099349 0.014654
v 0.068988 0.103315 0.013497
v 0.071111 0.099512 0.014133
v 0.071666 0.098616 0.014461
v 0.071715 0.099815 0.014122
v 0.069691 0.103628 0.013454
v 0.067245 0.105489 0.012872
v 0.068018 0.105934 0.012872
v 0.066229 0.105989 0.012194
v 0.067564 0.106177 0.012569
v 0.067662 0.105629 0.012327
v 0.063832 0.107134 0.011317
v 0.066855 0.105315 0.011948
v 0.068544 0.103364 0.012333
v 0.061827 0.108361 0.010658
v 0.067816 0.103330 0.011986
v 0.069799 0.098822 0.011847
v 0.065645 0.105938 0.010821
v 0.063893 0.107156 0.010046
v 0.061940 0.108365 0.009258
v 0.060597 0.109244 0.008792
v 0.066473 0.105161 0.011095
v 0.066045 0.106036 0.009600
v 0.064191 0.107282 0.008848
v 0.062281 0.108535 0.008053
v 0.061054 0.109571 0.007626
v 0.059423 0.110432 0.008405
v 0.059978 0.110807 0.007277
v 0.059131 0.110432 0.009694
v 0.058160 0.111449 0.009335
v 0.058379 0.111804 0.008175
v 0.057294 0.113242 0.008197
v 0.058575 0.114153 0.006867
v 0.055569 0.114698 0.007939
v 0.059119 0.112292 0.007036
v 0.060108 0.112490 0.006496
v 0.060676 0.111377 0.006539
v 0.061702 0.110163 0.006807
v 0.061271 0.112156 0.006294
v 0.061747 0.113298 0.006467
v 0.062837 0.109010 0.007141
v 0.062429 0.110962 0.006392
v 0.064590 0.107603 0.007874
v 0.063552 0.109702 0.006659
v 0.060196 0.113653 0.006448
v 0.063182 0.111860 0.006595
v 0.065139 0.108105 0.007316
v 0.065751 0.106371 0.008380
v 0.064345 0.110521 0.006842
v 0.059514 0.115491 0.006728
v 0.060700 0.114547 0.006620
v 0.061318 0.115004 0.006998
v 0.062433 0.114041 0.007136
v 0.056733 0.115598 0.006496
v 0.060797 0.116066 0.007536
v 0.053922 0.117504 0.005491
v 0.052686 0.116805 0.007346
v 0.048872 0.119697 0.007111
v 0.058114 0.116677 0.006294
v 0.063858 0.112646 0.007294
v 0.062635 0.114731 0.008023
v 0.065037 0.111193 0.007570
v 0.049919 0.120027 0.004578
v 0.055570 0.118781 0.005196
v 0.059480 0.117720 0.007063
v 0.061181 0.116737 0.009036
v 0.045927 0.122425 0.003533
v 0.045743 0.122145 0.007010
v 0.042624 0.125077 0.003127
v 0.042886 0.124924 0.006919
v 0.040154 0.128040 0.006354
v 0.051699 0.121498 0.003354
v 0.057116 0.119997 0.006055
v 0.047446 0.124271 0.001374
v 0.060024 0.118313 0.008823
v 0.053696 0.123287 0.003636
v 0.043556 0.127417 0.000376
v 0.057964 0.120846 0.007890
v 0.049826 0.126469 0.001102
v 0.055024 0.124749 0.005483
v 0.059630 0.118156 0.010855
v 0.060966 0.116567 0.010921
v 0.057732 0.121043 0.010116
v 0.060454 0.115286 0.013300
v 0.058383 0.117477 0.012948
v 0.062477 0.114483 0.012135
v 0.062550 0.114988 0.010753
v 0.056420 0.120511 0.011949
v 0.055039 0.125375 0.008237
v 0.051780 0.128383 0.003004
v 0.062653 0.115073 0.009340
v 0.045959 0.129704 -0.000316
v 0.064177 0.113149 0.008364
v 0.065433 0.111596 0.008625
v 0.053955 0.125063 0.010686
v 0.052534 0.129345 0.006266
v 0.048648 0.131718 0.001202
v 0.043208 0.132362 -0.001585
v 0.054555 0.119405 0.012796
v 0.040812 0.130175 -0.000321
v 0.056595 0.116232 0.013500
v 0.039637 0.128124 0.003077
v 0.038228 0.130837 0.002489
v 0.038701 0.130970 0.005555
v 0.039582 0.132022 -0.000721
v 0.037290 0.132684 0.001905
v 0.037401 0.132841 0.005082
v 0.038752 0.133632 -0.000438
v 0.035640 0.134480 0.001686
v 0.035514 0.134382 0.004749
v 0.041929 0.134165 -0.001892
v 0.032859 0.136185 0.000937
v 0.032745 0.135989 0.004125
v 0.037260 0.135681 -0.000544
v 0.041029 0.135680 -0.001268
v 0.030268 0.138769 0.000678
v 0.029717 0.137977 0.003967
v 0.039567 0.137637 -0.000979
v 0.027061 0.141147 0.000592
v 0.026686 0.140730 0.004142
v 0.023311 0.144325 0.004641
v 0.044270 0.136426 0.000258
v 0.043147 0.137802 0.000324
v 0.041505 0.139413 0.000325
v 0.037646 0.140350 -0.001896
v 0.045944 0.134778 0.000227
v 0.050065 0.133006 0.004720
v 0.047527 0.136362 0.003680
v 0.045717 0.137757 0.003154
v 0.051729 0.128893 0.009511
v 0.049394 0.132600 0.008351
v 0.052075 0.123860 0.011878
v 0.050234 0.127545 0.011149
v 0.046899 0.136002 0.007186
v 0.044159 0.138771 0.003058
v 0.050173 0.122256 0.011540
v 0.047826 0.131147 0.010615
v 0.045145 0.137580 0.006632
v 0.052920 0.118004 0.011989
v 0.048389 0.125634 0.011244
v 0.045344 0.134570 0.009586
v 0.045982 0.129032 0.010945
v 0.048944 0.120642 0.009784
v 0.052241 0.116985 0.010002
v 0.046834 0.123638 0.009530
v 0.043590 0.132298 0.009888
v 0.043925 0.136503 0.008485
v 0.044256 0.126522 0.009224
v 0.054976 0.114275 0.010132
v 0.052686 0.116805 0.007346
v 0.048872 0.119697 0.007111
v 0.045743 0.122145 0.007010
v 0.042886 0.124924 0.006919
v 0.055569 0.114698 0.007939
v 0.041807 0.129789 0.008524
v 0.040154 0.128040 0.006354
v 0.038701 0.130970 0.005555
v 0.055309 0.114970 0.012395
v 0.057048 0.112297 0.010269
v 0.057294 0.113242 0.008197
v 0.056796 0.112431 0.012827
v 0.042226 0.134305 0.008858
v 0.040324 0.132329 0.008028
v 0.037401 0.132841 0.005082
v 0.057962 0.113806 0.014401
v 0.042337 0.137518 0.007500
v 0.038966 0.133990 0.008142
v 0.035514 0.134382 0.004749
v 0.040737 0.135744 0.008507
v 0.036960 0.135440 0.008108
v 0.032745 0.135989 0.004125
v 0.038711 0.137314 0.008938
v 0.033731 0.136932 0.007618
v 0.029717 0.137977 0.003967
v 0.043595 0.138598 0.005921
v 0.040280 0.138944 0.007728
v 0.035823 0.138868 0.009716
v 0.030569 0.139052 0.007575
v 0.041887 0.140121 0.005643
v 0.038293 0.141103 0.008458
v 0.042510 0.140389 0.002952
v 0.027092 0.141719 0.008194
v 0.026686 0.140730 0.004142
v 0.032872 0.141301 0.010473
v 0.040213 0.142552 0.005970
v 0.039683 0.142025 -0.000345
v 0.029326 0.144390 0.010912
v 0.035790 0.143820 0.009579
v 0.023732 0.144917 0.008610
v 0.023311 0.144325 0.004641
v 0.040582 0.142802 0.002744
v 0.038140 0.145589 0.006904
v 0.032303 0.146989 0.010242
v 0.025822 0.147554 0.010647
v 0.021937 0.147720 0.008638
v 0.021663 0.146765 0.006073
v 0.023099 0.149457 0.010270
v 0.028484 0.149701 0.009732
v 0.025649 0.151629 0.010918
v 0.034877 0.148676 0.007378
v 0.031592 0.151457 0.007455
v 0.029543 0.153878 0.007921
v 0.038370 0.145778 0.002799
v 0.032570 0.151762 0.003474
v 0.030385 0.154662 0.003521
v 0.029552 0.154748 -0.000621
v 0.035376 0.148580 0.003145
v 0.037379 0.145031 -0.000733
v 0.031661 0.151422 -0.000316
v 0.029095 0.150125 -0.003439
v 0.026312 0.152747 -0.002896
v 0.023239 0.149997 -0.002586
v 0.035055 0.148516 -0.001027
v 0.035189 0.143338 -0.002987
v 0.032546 0.146819 -0.003900
v 0.025203 0.146969 -0.002259
v 0.021183 0.148944 0.000152
v 0.021794 0.146790 0.000937
v 0.029016 0.143627 -0.002677
v 0.032173 0.140711 -0.002166
v 0.034746 0.137927 -0.001341
v 0.023765 0.144099 0.000887
v 0.021660 0.146425 0.003597
v 0.021663 0.146765 0.006073
v 0.002203 0.169131 -0.008457
v 0.000000 0.173714 -0.004592
v 0.000000 0.168951 -0.008261
v 0.002411 0.174035 -0.004201
v 0.004666 0.168694 -0.006301
v 0.000000 0.177446 -0.002908
v 0.004405 0.173741 -0.002348
v 0.006775 0.168811 -0.006956
v 0.002035 0.177596 -0.002055
v 0.000000 0.180769 -0.001862
v 0.006033 0.173906 -0.002573
v 0.009333 0.168804 -0.005740
v 0.002281 0.180748 -0.001677
v 0.000000 0.183903 -0.001382
v 0.003736 0.177518 -0.001031
v 0.002349 0.183892 -0.001371
v 0.000000 0.187113 -0.001180
v 0.002162 0.186122 -0.000942
v 0.003645 0.181063 -0.000878
v 0.003646 0.183980 -0.000783
v 0.003687 0.186915 -0.000399
v 0.004852 0.183916 -0.000120
v 0.004602 0.187174 0.000213
v 0.005304 0.177844 -0.001118
v 0.005164 0.181032 -0.000746
v 0.006021 0.183862 0.000582
v 0.005420 0.187238 0.001032
v 0.006440 0.180929 0.000091
v 0.006933 0.178077 -0.000343
v 0.007227 0.183978 0.002125
v 0.006599 0.187032 0.002976
v 0.007446 0.180824 0.001444
v 0.008415 0.177589 0.001243
v 0.009590 0.173187 0.000482
v 0.008002 0.173933 -0.001208
v 0.010710 0.168386 -0.004386
v 0.007790 0.183952 0.003458
v 0.006810 0.186750 0.003890
v 0.007702 0.186438 0.004855
v 0.008552 0.180494 0.003135
v 0.007761 0.183843 0.004599
v 0.007388 0.187008 0.005809
v 0.010097 0.177118 0.002590
v 0.008415 0.177589 0.001243
v 0.008070 0.180802 0.004303
v 0.008142 0.184235 0.005619
v 0.007850 0.186807 0.007803
v 0.007298 0.184186 0.006906
v 0.007428 0.180793 0.006545
v 0.008272 0.180801 0.005539
v 0.007545 0.177692 0.006970
v 0.008688 0.177603 0.006385
v 0.009707 0.175455 0.005135
v 0.008900 0.176379 0.005815
v 0.008703 0.177448 0.005406
v 0.011651 0.172459 0.003907
v 0.008908 0.174762 0.007102
v 0.009446 0.174472 0.006504
v 0.007973 0.174982 0.007448
v 0.009782 0.172208 0.007417
v 0.011778 0.173199 0.001297
v 0.013390 0.167875 -0.003441
v 0.009590 0.173187 0.000482
v 0.012719 0.168362 -0.004303
v 0.010673 0.168378 -0.004584
v 0.009260 0.172571 0.007843
v 0.008737 0.172780 0.008037
v 0.010640 0.170549 0.008406
v 0.010077 0.170736 0.008618
v 0.009683 0.170830 0.008529
v 0.011486 0.169004 0.009931
v 0.010706 0.168991 0.010323
v 0.011099 0.169005 0.010287
v -0.002203 0.169131 -0.008457
v 0.000000 0.168951 -0.008261
v 0.000000 0.173714 -0.004592
v -0.002411 0.174035 -0.004201
v -0.004666 0.168694 -0.006301
v 0.000000 0.177446 -0.002908
v -0.004405 0.173741 -0.002348
v -0.006775 0.168811 -0.006956
v -0.002035 0.177596 -0.002055
v 0.000000 0.180769 -0.001862
v -0.006033 0.173906 -0.002573
v -0.009333 0.168804 -0.005740
v -0.002281 0.180748 -0.001677
v 0.000000 0.183903 -0.001382
v -0.003736 0.177518 -0.001031
v -0.002349 0.183892 -0.001371
v 0.000000 0.187113 -0.001180
v -0.002162 0.186122 -0.000942
v -0.003645 0.181063 -0.000878
v -0.003646 0.183980 -0.000783
v -0.003687 0.186914 -0.000399
v -0.004852 0.183916 -0.000120
v -0.004602 0.187174 0.000213
v -0.005304 0.177844 -0.001118
v -0.005164 0.181032 -0.000746
v -0.006021 0.183862 0.000582
v -0.005420 0.187238 0.001032
v -0.006440 0.180929 0.000091
v -0.006933 0.178077 -0.000343
v -0.007227 0.183978 0.002125
v -0.006599 0.187032 0.002976
v -0.007446 0.180824 0.001444
v -0.008415 0.177589 0.001243
v -0.009590 0.173187 0.000482
v -0.008002 0.173933 -0.001208
v -0.010710 0.168386 -0.004386
v -0.007790 0.183952 0.003458
v -0.006810 0.186750 0.003890
v -0.007702 0.186438 0.004855
v -0.008552 0.180494 0.003135
v -0.007761 0.183843 0.004599
v -0.007388 0.187008 0.005809
v -0.010097 0.177118 0.002590
v -0.008415 0.177589 0.001243
v -0.008070 0.180802 0.004303
v -0.008142 0.184235 0.005619
v -0.007850 0.186807 0.007803
v -0.007298 0.184186 0.006906
v -0.007428 0.180793 0.006545
v -0.008272 0.180801 0.005539
v -0.007545 0.177692 0.006970
v -0.008688 0.177603 0.006385
v -0.009707 0.175455 0.005135
v -0.008900 0.176379 0.005815
v -0.008703 0.177448 0.005406
v -0.011651 0.172459 0.003907
v -0.008908 0.174762 0.007102
v -0.009446 0.174472 0.006504
v -0.007973 0.174982 0.007448
v -0.009782 0.172208 0.007417
v -0.011778 0.173199 0.001297
v -0.013390 0.167875 -0.003441
v -0.009590 0.173187 0.000482
v -0.012719 0.168362 -0.004303
v -0.010673 0.168378 -0.004584
v -0.009260 0.172571 0.007843
v -0.008737 0.172780 0.008037
v -0.010640 0.170549 0.008406
v -0.010077 0.170736 0.008618
v -0.009683 0.170830 0.008529
v -0.011486 0.169004 0.009931
v -0.010706 0.168991 0.010323
v -0.011099 0.169005 0.010287
v 0.000000 0.161718 -0.008112
v 0.000000 0.156913 -0.009288
v -0.006532 0.157472 -0.009161
v -0.005765 0.162150 -0.007824
v -0.012714 0.158399 -0.008453
v -0.005212 0.166987 -0.006373
v 0.000000 0.166650 -0.006768
v 0.000000 0.171374 -0.004563
v -0.004464 0.171418 -0.003956
v 0.000000 0.171616 -0.003892
v -0.004269 0.171513 -0.003391
v -0.008209 0.171604 -0.001503
v -0.007805 0.171443 -0.000951
v -0.010526 0.167928 -0.004483
v -0.010370 0.171051 0.002400
v -0.009664 0.170767 0.002659
v -0.011203 0.169265 0.006735
v -0.010621 0.169015 0.006667
v -0.012017 0.163381 -0.006838
v -0.014418 0.168844 0.000107
v -0.011230 0.166585 0.011743
v -0.010570 0.166194 0.011456
v -0.017692 0.166678 -0.002093
v -0.016170 0.168116 0.005299
v -0.010817 0.162689 0.016686
v -0.010253 0.162445 0.016371
v -0.010270 0.157572 0.019572
v -0.009240 0.157381 0.019230
v -0.016448 0.161597 0.014443
v -0.009487 0.152079 0.021830
v -0.008592 0.152112 0.021311
v -0.016591 0.165537 0.010109
v -0.015568 0.156546 0.018000
v -0.008662 0.146845 0.022744
v -0.007866 0.147227 0.022402
v -0.014655 0.151061 0.019736
v -0.007651 0.141543 0.022209
v -0.007026 0.142075 0.022120
v -0.006717 0.139028 0.022290
v -0.013752 0.145962 0.020029
v -0.021029 0.164115 0.008632
v -0.020319 0.160246 0.013272
v -0.019293 0.155514 0.016397
v -0.017967 0.150077 0.017255
v -0.016965 0.145238 0.017143
v -0.021488 0.149014 0.014937
v -0.022857 0.154216 0.014574
v -0.020447 0.166501 0.003383
v -0.024240 0.159052 0.011945
v -0.021489 0.162495 -0.004627
v -0.024984 0.162298 0.007086
v -0.019476 0.158989 -0.006861
v -0.018540 0.152943 -0.007765
v -0.013062 0.153308 -0.009023
v -0.024481 0.164103 0.001377
v -0.025307 0.157703 -0.005250
v -0.017200 0.147335 -0.006224
v -0.012482 0.147825 -0.008474
v -0.027562 0.161359 0.000256
v -0.027974 0.160365 0.006055
v -0.027373 0.157384 0.010627
v -0.022942 0.152060 -0.006296
v -0.016442 0.142025 -0.004639
v -0.011964 0.142946 -0.007027
v -0.025680 0.152702 0.012943
v -0.020964 0.146872 -0.005215
v -0.016014 0.139084 -0.002784
v -0.011634 0.139290 -0.006177
v -0.015520 0.135796 -0.001849
v -0.011164 0.136576 -0.004829
v -0.011185 0.134751 -0.004769
v -0.019707 0.139315 0.000603
v -0.014410 0.131832 -0.000856
v -0.010183 0.131021 -0.002860
v -0.018474 0.135775 0.001679
v -0.017511 0.132100 0.002378
v -0.019857 0.142637 -0.002282
v -0.021592 0.139492 0.000836
v -0.022437 0.142175 -0.002247
v -0.024150 0.145704 -0.004577
v -0.024910 0.139967 -0.002283
v -0.022669 0.137647 0.000223
v -0.026435 0.149962 -0.005827
v -0.027191 0.142752 -0.004634
v -0.024624 0.134262 -0.000778
v -0.023558 0.132728 0.001313
v -0.026851 0.130420 -0.001259
v -0.024906 0.128845 0.001707
v -0.026039 0.124822 0.002092
v -0.027873 0.136499 -0.002215
v -0.028629 0.154405 -0.004630
v -0.030091 0.146704 -0.005401
v -0.030593 0.139664 -0.003354
v -0.032538 0.150584 -0.003979
v -0.030635 0.156984 0.000225
v -0.033810 0.143167 -0.004642
v -0.033653 0.136300 -0.003100
v -0.030980 0.156229 0.005235
v -0.036065 0.146136 -0.002934
v -0.033822 0.152131 0.000576
v -0.029988 0.153736 0.008944
v -0.030824 0.133230 -0.002172
v -0.036776 0.139691 -0.003844
v -0.037006 0.147957 0.001051
v -0.033902 0.152119 0.005007
v -0.028272 0.149801 0.011140
v -0.036593 0.132679 -0.003068
v -0.038949 0.142585 -0.002112
v -0.037090 0.148146 0.005112
v -0.032862 0.150447 0.008905
v -0.040041 0.144137 0.001359
v -0.036017 0.146995 0.008712
v -0.040178 0.144442 0.005234
v -0.042467 0.138793 -0.001780
v -0.044105 0.140743 0.001528
v -0.040060 0.135814 -0.003259
v -0.043999 0.141116 0.005432
v -0.030909 0.147260 0.011185
v -0.034013 0.144470 0.010852
v -0.039498 0.143488 0.008775
v -0.042564 0.140024 0.008686
v -0.037379 0.141113 0.010769
v -0.026452 0.146123 0.012005
v -0.031576 0.141126 0.011521
v -0.024128 0.148018 0.013304
v -0.028869 0.143894 0.011781
v -0.026486 0.140425 0.011360
v -0.024417 0.142304 0.011469
v -0.022597 0.143714 0.012222
v -0.020152 0.144412 0.014384
v -0.034664 0.138102 0.010656
v -0.029063 0.138132 0.010361
v -0.024159 0.138011 0.008689
v -0.022648 0.139466 0.008419
v -0.020680 0.139838 0.009163
v -0.018957 0.139393 0.013284
v -0.040306 0.137721 0.010726
v -0.016121 0.139957 0.016861
v -0.044652 0.138163 0.009415
v -0.047372 0.138408 0.006104
v -0.012512 0.140666 0.019499
v -0.007260 0.138418 0.022429
v -0.012091 0.137515 0.019617
v -0.006954 0.135280 0.022743
v -0.006500 0.135960 0.022426
v -0.011732 0.134356 0.019828
v -0.015000 0.136801 0.015931
v -0.014306 0.133667 0.015548
v -0.017924 0.136375 0.012750
v -0.017365 0.133484 0.012431
v -0.018617 0.133083 0.009687
v -0.019364 0.136253 0.009247
v -0.018997 0.135657 0.005386
v -0.018585 0.132368 0.006094
v -0.017511 0.132100 0.002378
v -0.018474 0.135775 0.001679
v -0.020161 0.138278 0.004849
v -0.019707 0.139315 0.000603
v -0.021585 0.138786 0.004784
v -0.021592 0.139492 0.000836
v -0.022669 0.137647 0.000223
v -0.022172 0.136746 0.004873
v -0.023554 0.132495 0.003250
v -0.023558 0.132728 0.001313
v -0.024906 0.128845 0.001707
v -0.026339 0.135088 0.009101
v -0.024542 0.128779 0.003150
v -0.026039 0.124822 0.002092
v -0.024477 0.133050 0.005275
v -0.032029 0.134969 0.010513
v -0.025277 0.129441 0.004607
v -0.028853 0.132266 0.008335
v -0.031369 0.129076 0.007941
v -0.026666 0.130522 0.005852
v -0.037715 0.135131 0.011398
v -0.028562 0.127109 0.007013
v -0.026536 0.125473 0.005714
v -0.034840 0.132225 0.010399
v -0.025758 0.124816 0.003636
v -0.026520 0.120198 0.004172
v -0.026812 0.119716 0.001857
v -0.028212 0.121597 0.006045
v -0.027357 0.115123 0.004253
v -0.027687 0.114511 0.002342
v -0.030456 0.123425 0.007711
v -0.028002 0.108307 0.004962
v -0.027916 0.107914 0.002754
v -0.029640 0.117282 0.006916
v -0.028410 0.102013 0.005590
v -0.027747 0.101572 0.002794
v -0.029086 0.094248 0.003513
v -0.031188 0.104288 0.008766
v -0.030722 0.095112 0.007104
v -0.031300 0.111806 0.008265
v -0.033984 0.088496 0.008155
v -0.032243 0.086370 0.004487
v -0.039418 0.079811 0.009351
v -0.036380 0.078950 0.005062
v -0.040541 0.074444 0.005786
v -0.045462 0.076730 0.010868
v -0.046287 0.071957 0.007046
v -0.053541 0.075839 0.012929
v -0.053762 0.070308 0.009610
v -0.053750 0.071433 0.009556
v -0.053654 0.076637 0.012095
v -0.054230 0.085763 0.014238
v -0.054515 0.086215 0.013029
v -0.046977 0.087342 0.012716
v -0.055342 0.094144 0.014842
v -0.055674 0.094252 0.013710
v -0.041966 0.089804 0.012001
v -0.056277 0.100936 0.014889
v -0.056578 0.100900 0.013802
v -0.048493 0.096106 0.013811
v -0.057706 0.109136 0.016529
v -0.057869 0.109270 0.015389
v -0.038225 0.094415 0.011432
v -0.044602 0.097769 0.013932
v -0.050460 0.104379 0.014586
v -0.058857 0.115002 0.015843
v -0.058909 0.113912 0.015006
v -0.041248 0.099684 0.012290
v -0.034672 0.098959 0.010392
v -0.047557 0.105601 0.015049
v -0.052673 0.111853 0.015692
v -0.060044 0.117849 0.013931
v -0.059982 0.116757 0.013422
v -0.037794 0.103105 0.011090
v -0.034230 0.106782 0.010811
v -0.050433 0.113070 0.016025
v -0.054714 0.117363 0.014918
v -0.060821 0.119034 0.012118
v -0.060549 0.117911 0.011772
v -0.038524 0.111968 0.012678
v -0.056323 0.121548 0.013535
v -0.061368 0.119429 0.009591
v -0.061044 0.118357 0.009560
v -0.052204 0.118607 0.015194
v -0.057296 0.123431 0.011785
v -0.061483 0.119085 0.007613
v -0.061119 0.117833 0.007992
v -0.041601 0.108953 0.012953
v -0.054537 0.123080 0.013664
v -0.058076 0.123934 0.008873
v -0.061290 0.117645 0.005783
v -0.060834 0.116664 0.006277
v -0.044616 0.107069 0.014221
v -0.047930 0.114241 0.015274
v -0.045191 0.115590 0.014008
v -0.050383 0.120301 0.014456
v -0.042834 0.117306 0.014059
v -0.048268 0.121381 0.013810
v -0.052049 0.124531 0.013512
v -0.050194 0.125609 0.012846
v -0.035670 0.115638 0.010371
v -0.046415 0.122759 0.014151
v -0.032777 0.119668 0.008918
v -0.040391 0.119876 0.011831
v -0.037625 0.122789 0.010429
v -0.044280 0.124115 0.012630
v -0.048721 0.126931 0.013147
v -0.034294 0.126358 0.008625
v -0.037716 0.129269 0.010460
v -0.041577 0.126396 0.012055
v -0.047236 0.127927 0.012236
v -0.050862 0.130383 0.010937
v -0.040429 0.131764 0.011692
v -0.041745 0.130105 0.011688
v -0.045745 0.129594 0.012222
v -0.042831 0.135243 0.011653
v -0.044319 0.133311 0.011911
v -0.045951 0.136029 0.009233
v -0.045361 0.131050 0.011763
v -0.047813 0.134830 0.010064
v -0.049460 0.131581 0.010155
v -0.048548 0.133004 0.009784
v -0.050079 0.135369 0.006381
v -0.050722 0.134006 0.006677
v -0.052494 0.131723 0.007186
v -0.048429 0.136164 0.006165
v -0.050526 0.133370 0.002988
v -0.049788 0.134933 0.002515
v -0.048426 0.135707 0.002247
v -0.051850 0.128309 0.010599
v -0.053413 0.127085 0.011080
v -0.053005 0.129114 0.007319
v -0.052451 0.130891 0.003656
v -0.048903 0.131334 0.000257
v -0.055360 0.125232 0.011315
v -0.054404 0.128062 0.007794
v -0.056197 0.125736 0.008359
v -0.058213 0.123331 0.005990
v -0.056040 0.124965 0.005465
v -0.054537 0.127012 0.004810
v -0.058025 0.121452 0.004173
v -0.053178 0.128510 0.004371
v -0.052686 0.126387 0.002256
v -0.055738 0.122877 0.003353
v -0.060660 0.115239 0.004599
v -0.060484 0.114611 0.005392
v -0.057896 0.118761 0.002869
v -0.059893 0.112735 0.003862
v -0.059995 0.112376 0.004895
v -0.054205 0.125217 0.002441
v -0.051293 0.128980 0.000220
v -0.055284 0.119886 0.002208
v -0.057309 0.114692 0.002523
v -0.058925 0.109438 0.003723
v -0.059336 0.109336 0.004776
v -0.051382 0.122146 0.000876
v -0.058597 0.105981 0.003895
v -0.058674 0.105908 0.004963
v -0.056396 0.111257 0.002543
v -0.057671 0.100250 0.004718
v -0.057837 0.100279 0.005471
v -0.053348 0.120992 0.001078
v -0.054628 0.115661 0.001630
v -0.055574 0.106494 0.003131
v -0.056765 0.094563 0.004528
v -0.057018 0.094703 0.005446
v -0.052331 0.116750 0.000798
v -0.053788 0.111781 0.001781
v -0.049834 0.117918 0.000522
v -0.054793 0.100442 0.003860
v -0.055933 0.088967 0.004795
v -0.056266 0.089228 0.005586
v -0.053052 0.106908 0.002502
v -0.054124 0.094448 0.003513
v -0.055199 0.084280 0.005311
v -0.055603 0.084381 0.006211
v -0.052136 0.100950 0.002950
v -0.050438 0.107318 0.001593
v -0.051433 0.112277 0.001012
v -0.053078 0.089157 0.003895
v -0.054861 0.079334 0.005338
v -0.055112 0.079682 0.006293
v -0.051481 0.095036 0.002754
v -0.048466 0.113208 0.000671
v -0.052022 0.084127 0.004719
v -0.054144 0.074169 0.006040
v -0.054258 0.074926 0.006706
v -0.049256 0.101552 0.001788
v -0.046937 0.108022 0.001163
v -0.050284 0.089596 0.003315
v -0.051384 0.079123 0.004032
v -0.053762 0.070308 0.009610
v -0.053750 0.071433 0.009556
v -0.050829 0.074391 0.004692
v -0.046287 0.071957 0.007046
v -0.049231 0.084554 0.003939
v -0.048779 0.095590 0.002164
v -0.048243 0.079742 0.003261
v -0.047126 0.075308 0.003922
v -0.042391 0.077619 0.002718
v -0.040541 0.074444 0.005786
v -0.036380 0.078950 0.005062
v -0.047769 0.089906 0.002904
v -0.045448 0.095864 0.002169
v -0.044870 0.081438 0.002903
v -0.038668 0.081526 0.002485
v -0.046640 0.085258 0.003440
v -0.045436 0.089960 0.002899
v -0.042465 0.084285 0.002209
v -0.035542 0.087495 0.001788
v -0.032243 0.086370 0.004487
v -0.040994 0.089308 0.001510
v -0.033442 0.095053 0.000696
v -0.029086 0.094248 0.003513
v -0.040421 0.096241 0.000688
v -0.032331 0.102526 0.000358
v -0.027747 0.101572 0.002794
v -0.037961 0.102866 0.000423
v -0.041297 0.102676 0.000023
v -0.032051 0.108530 -0.000061
v -0.027916 0.107914 0.002754
v -0.027687 0.114511 0.002342
v -0.037219 0.109400 -0.000197
v -0.045917 0.102431 0.001593
v -0.043064 0.109108 -0.000478
v -0.031623 0.115221 -0.000055
v -0.030706 0.121197 -0.000372
v -0.026812 0.119716 0.001857
v -0.045778 0.114834 -0.000586
v -0.038638 0.113383 -0.000507
v -0.047657 0.119470 -0.000740
v -0.038434 0.119654 -0.001594
v -0.041384 0.117700 -0.001350
v -0.049664 0.124251 -0.000787
v -0.044674 0.122705 -0.001310
v -0.048059 0.125932 -0.001148
v -0.039962 0.123026 -0.002060
v -0.045920 0.128258 -0.000799
v -0.036031 0.124902 -0.002503
v -0.042752 0.125447 -0.001474
v -0.047033 0.133874 -0.000996
v -0.039941 0.128291 -0.001759
v -0.042566 0.133382 -0.003240
v -0.045995 0.135114 -0.001088
v -0.047328 0.137501 0.001826
v -0.034919 0.131308 -0.002346
v -0.033245 0.129936 -0.002140
v -0.030858 0.127678 -0.002122
v -0.029277 0.126172 -0.000923
v -0.061119 0.117833 0.007992
v -0.056900 0.122854 0.008701
v -0.061044 0.118357 0.009560
v -0.057070 0.122366 0.006575
v -0.060834 0.116664 0.006277
v -0.055031 0.124636 0.008257
v -0.057011 0.120795 0.005231
v -0.060484 0.114611 0.005392
v -0.054883 0.124048 0.006097
v -0.053324 0.126882 0.007651
v -0.057073 0.118463 0.004215
v -0.059995 0.112376 0.004895
v -0.053320 0.126126 0.005370
v -0.051645 0.127048 0.007139
v -0.054709 0.122312 0.004448
v -0.056714 0.114728 0.004014
v -0.059336 0.109336 0.004776
v -0.054596 0.119688 0.003645
v -0.055920 0.111445 0.004065
v -0.058674 0.105908 0.004963
v -0.051611 0.126790 0.004966
v -0.037530 0.118482 0.006122
v -0.053258 0.124614 0.003589
v -0.051532 0.124978 0.003588
v -0.050736 0.121368 0.002601
v -0.049399 0.117581 0.002303
v -0.048129 0.113215 0.002443
v -0.052778 0.120841 0.002572
v -0.051960 0.116787 0.002360
v -0.055217 0.106749 0.004676
v -0.057837 0.100279 0.005471
v -0.054114 0.115682 0.003151
v -0.053358 0.111996 0.003313
v -0.051135 0.112464 0.002579
v -0.054314 0.100543 0.005389
v -0.057018 0.094703 0.005446
v -0.046653 0.108302 0.002907
v -0.050117 0.107522 0.003153
v -0.052627 0.107154 0.004031
v -0.053626 0.094538 0.005036
v -0.056266 0.089228 0.005586
v -0.051602 0.101040 0.004461
v -0.045746 0.102913 0.003327
v -0.052712 0.089407 0.005439
v -0.055603 0.084381 0.006211
v -0.048963 0.101660 0.003363
v -0.051102 0.095164 0.004309
v -0.051639 0.084219 0.006276
v -0.055112 0.079682 0.006293
v -0.045231 0.096697 0.003868
v -0.048633 0.095753 0.003755
v -0.050015 0.089847 0.004878
v -0.050912 0.079203 0.005564
v -0.054258 0.074926 0.006706
v -0.047655 0.090125 0.004491
v -0.048889 0.084609 0.005507
v -0.050529 0.075149 0.006075
v -0.053750 0.071433 0.009556
v -0.047951 0.079793 0.004839
v -0.046704 0.073497 0.007226
v -0.053654 0.076637 0.012095
v -0.047076 0.076048 0.005346
v -0.042574 0.078181 0.004211
v -0.044642 0.081447 0.004492
v -0.046309 0.085327 0.005010
v -0.045993 0.077381 0.009539
v -0.054515 0.086215 0.013029
v -0.045177 0.090110 0.004477
v -0.042221 0.084444 0.003788
v -0.040353 0.097066 0.002443
v -0.039060 0.081962 0.003980
v -0.040756 0.089469 0.003090
v -0.041379 0.075784 0.006074
v -0.047301 0.087492 0.011150
v -0.055674 0.094252 0.013710
v -0.034334 0.096097 0.002384
v -0.036024 0.087875 0.003272
v -0.037614 0.079894 0.005468
v -0.040230 0.080410 0.008152
v -0.031106 0.095591 0.004090
v -0.032414 0.096223 0.006098
v -0.035587 0.099536 0.008744
v -0.033643 0.087057 0.004870
v -0.035031 0.088891 0.007045
v -0.038704 0.094518 0.009903
v -0.042390 0.089994 0.010464
v -0.038584 0.103467 0.009415
v -0.041855 0.099725 0.010803
v -0.045013 0.097915 0.012387
v -0.042294 0.109024 0.011223
v -0.045178 0.107088 0.012717
v -0.048616 0.096254 0.012216
v -0.056578 0.100900 0.013802
v -0.047725 0.105736 0.013458
v -0.050492 0.104580 0.012993
v -0.057869 0.109270 0.015389
v -0.045684 0.115159 0.012227
v -0.048401 0.114061 0.013750
v -0.052697 0.111863 0.014087
v -0.058909 0.113912 0.015006
v -0.050524 0.113024 0.014423
v -0.054538 0.117004 0.013362
v -0.059982 0.116757 0.013422
v -0.048354 0.120498 0.011998
v -0.050649 0.119911 0.012922
v -0.055753 0.120961 0.012153
v -0.060549 0.117911 0.011772
v -0.052174 0.118283 0.013621
v -0.049960 0.124181 0.011188
v -0.056356 0.122451 0.010929
v -0.061044 0.118357 0.009560
v -0.056900 0.122854 0.008701
v -0.051948 0.123819 0.012076
v -0.050917 0.126360 0.009518
v -0.051645 0.127048 0.007139
v -0.054069 0.122418 0.012278
v -0.054476 0.124176 0.010490
v -0.055031 0.124636 0.008257
v -0.053324 0.126882 0.007651
v -0.052713 0.125989 0.010138
v 0.000000 0.161718 -0.008112
v 0.006532 0.157472 -0.009161
v 0.000000 0.156913 -0.009288
v 0.005765 0.162150 -0.007824
v 0.012714 0.158399 -0.008453
v 0.005212 0.166987 -0.006373
v 0.000000 0.166650 -0.006768
v 0.000000 0.171374 -0.004563
v 0.004464 0.171418 -0.003956
v 0.000000 0.171616 -0.003892
v 0.004269 0.171513 -0.003391
v 0.008209 0.171604 -0.001503
v 0.007805 0.171443 -0.000951
v 0.010526 0.167928 -0.004483
v 0.010370 0.171051 0.002400
v 0.009664 0.170767 0.002659
v 0.011203 0.169265 0.006735
v 0.010621 0.169015 0.006667
v 0.012017 0.163381 -0.006838
v 0.014418 0.168844 0.000107
v 0.011230 0.166585 0.011743
v 0.010570 0.166194 0.011456
v 0.017692 0.166678 -0.002093
v 0.016170 0.168116 0.005299
v 0.010817 0.162689 0.016686
v 0.010253 0.162445 0.016371
v 0.010270 0.157572 0.019572
v 0.009240 0.157381 0.019230
v 0.016448 0.161597 0.014443
v 0.009487 0.152079 0.021830
v 0.008592 0.152112 0.021311
v 0.016591 0.165537 0.010109
v 0.015568 0.156546 0.018000
v 0.008662 0.146845 0.022744
v 0.007866 0.147227 0.022402
v 0.014655 0.151061 0.019736
v 0.007651 0.141543 0.022209
v 0.007026 0.142075 0.022120
v 0.006717 0.139028 0.022290
v 0.013752 0.145962 0.020029
v 0.007260 0.138418 0.022429
v 0.006641 0.137948 0.022338
v 0.006500 0.135960 0.022426
v 0.006954 0.135280 0.022743
v 0.012512 0.140666 0.019499
v 0.012091 0.137515 0.019617
v 0.011732 0.134356 0.019828
v 0.016121 0.139957 0.016861
v 0.015000 0.136801 0.015931
v 0.014306 0.133667 0.015548
v 0.016965 0.145238 0.017143
v 0.017924 0.136375 0.012750
v 0.017365 0.133484 0.012431
v 0.018617 0.133083 0.009687
v 0.018957 0.139393 0.013284
v 0.019364 0.136253 0.009247
v 0.017967 0.150077 0.017255
v 0.019293 0.155514 0.016397
v 0.021488 0.149014 0.014937
v 0.020152 0.144412 0.014384
v 0.020319 0.160246 0.013272
v 0.020680 0.139838 0.009163
v 0.018997 0.135657 0.005386
v 0.018585 0.132368 0.006094
v 0.017511 0.132100 0.002378
v 0.018474 0.135775 0.001679
v 0.020161 0.138278 0.004849
v 0.019707 0.139315 0.000603
v 0.022597 0.143714 0.012222
v 0.021585 0.138786 0.004784
v 0.021592 0.139492 0.000836
v 0.022669 0.137647 0.000223
v 0.022648 0.139466 0.008419
v 0.022172 0.136746 0.004873
v 0.023554 0.132495 0.003250
v 0.023558 0.132728 0.001313
v 0.024906 0.128845 0.001707
v 0.024542 0.128779 0.003150
v 0.026039 0.124822 0.002092
v 0.024128 0.148018 0.013304
v 0.024417 0.142304 0.011469
v 0.024159 0.138011 0.008689
v 0.022857 0.154216 0.014574
v 0.024477 0.133050 0.005275
v 0.025277 0.129441 0.004607
v 0.026339 0.135088 0.009101
v 0.025758 0.124816 0.003636
v 0.026536 0.125473 0.005714
v 0.026520 0.120198 0.004172
v 0.026812 0.119716 0.001857
v 0.027357 0.115123 0.004253
v 0.027687 0.114511 0.002342
v 0.028212 0.121597 0.006045
v 0.028562 0.127109 0.007013
v 0.026666 0.130522 0.005852
v 0.031369 0.129076 0.007941
v 0.028853 0.132266 0.008335
v 0.028002 0.108307 0.004962
v 0.027916 0.107914 0.002754
v 0.030456 0.123425 0.007711
v 0.029640 0.117282 0.006916
v 0.032029 0.134969 0.010513
v 0.028410 0.102013 0.005590
v 0.027747 0.101572 0.002794
v 0.029086 0.094248 0.003513
v 0.029063 0.138132 0.010361
v 0.026486 0.140425 0.011360
v 0.026452 0.146123 0.012005
v 0.025680 0.152702 0.012943
v 0.024240 0.159052 0.011945
v 0.021029 0.164115 0.008632
v 0.020447 0.166501 0.003383
v 0.024984 0.162298 0.007086
v 0.027373 0.157384 0.010627
v 0.021489 0.162495 -0.004627
v 0.024481 0.164103 0.001377
v 0.027974 0.160365 0.006055
v 0.028272 0.149801 0.011140
v 0.019476 0.158989 -0.006861
v 0.027562 0.161359 0.000256
v 0.029988 0.153736 0.008944
v 0.018540 0.152943 -0.007765
v 0.013062 0.153308 -0.009023
v 0.025307 0.157703 -0.005250
v 0.017200 0.147335 -0.006224
v 0.012482 0.147825 -0.008474
v 0.030980 0.156229 0.005235
v 0.022942 0.152060 -0.006296
v 0.016442 0.142025 -0.004639
v 0.011964 0.142946 -0.007027
v 0.020964 0.146872 -0.005215
v 0.016014 0.139084 -0.002784
v 0.011634 0.139290 -0.006177
v 0.015520 0.135796 -0.001849
v 0.011164 0.136576 -0.004829
v 0.011185 0.134751 -0.004769
v 0.019707 0.139315 0.000603
v 0.014410 0.131832 -0.000856
v 0.010183 0.131021 -0.002860
v 0.018474 0.135775 0.001679
v 0.017511 0.132100 0.002378
v 0.019857 0.142637 -0.002282
v 0.021592 0.139492 0.000836
v 0.022437 0.142175 -0.002247
v 0.024150 0.145704 -0.004577
v 0.024910 0.139967 -0.002283
v 0.022669 0.137647 0.000223
v 0.026435 0.149962 -0.005827
v 0.027191 0.142752 -0.004634
v 0.024624 0.134262 -0.000778
v 0.023558 0.132728 0.001313
v 0.026851 0.130420 -0.001259
v 0.024906 0.128845 0.001707
v 0.026039 0.124822 0.002092
v 0.027873 0.136499 -0.002215
v 0.028629 0.154405 -0.004630
v 0.030091 0.146704 -0.005401
v 0.030593 0.139664 -0.003354
v 0.030635 0.156984 0.000225
v 0.032538 0.150584 -0.003979
v 0.033810 0.143167 -0.004642
v 0.033653 0.136300 -0.003100
v 0.033822 0.152131 0.000576
v 0.036065 0.146136 -0.002934
v 0.030824 0.133230 -0.002172
v 0.036776 0.139691 -0.003844
v 0.037006 0.147957 0.001051
v 0.033902 0.152119 0.005007
v 0.036593 0.132679 -0.003068
v 0.038949 0.142585 -0.002112
v 0.037090 0.148146 0.005112
v 0.032862 0.150447 0.008905
v 0.040041 0.144137 0.001359
v 0.036017 0.146995 0.008712
v 0.030909 0.147260 0.011185
v 0.040178 0.144442 0.005234
v 0.034013 0.144470 0.010852
v 0.028869 0.143894 0.011781
v 0.031576 0.141126 0.011521
v 0.039498 0.143488 0.008775
v 0.034664 0.138102 0.010656
v 0.037379 0.141113 0.010769
v 0.042564 0.140024 0.008686
v 0.040306 0.137721 0.010726
v 0.037715 0.135131 0.011398
v 0.043999 0.141116 0.005432
v 0.034840 0.132225 0.010399
v 0.044652 0.138163 0.009415
v 0.044105 0.140743 0.001528
v 0.047372 0.138408 0.006104
v 0.045951 0.136029 0.009233
v 0.042831 0.135243 0.011653
v 0.040429 0.131764 0.011692
v 0.037716 0.129269 0.010460
v 0.042467 0.138793 -0.001780
v 0.047328 0.137501 0.001826
v 0.040060 0.135814 -0.003259
v 0.045995 0.135114 -0.001088
v 0.048426 0.135707 0.002247
v 0.042566 0.133382 -0.003240
v 0.034294 0.126358 0.008625
v 0.037625 0.122789 0.010429
v 0.048429 0.136164 0.006165
v 0.047033 0.133874 -0.000996
v 0.049788 0.134933 0.002515
v 0.050079 0.135369 0.006381
v 0.032777 0.119668 0.008918
v 0.047813 0.134830 0.010064
v 0.044319 0.133311 0.011911
v 0.041745 0.130105 0.011688
v 0.045361 0.131050 0.011763
v 0.041577 0.126396 0.012055
v 0.048548 0.133004 0.009784
v 0.045745 0.129594 0.012222
v 0.035670 0.115638 0.010371
v 0.040391 0.119876 0.011831
v 0.044280 0.124115 0.012630
v 0.047236 0.127927 0.012236
v 0.049460 0.131581 0.010155
v 0.050722 0.134006 0.006677
v 0.050526 0.133370 0.002988
v 0.052494 0.131723 0.007186
v 0.050862 0.130383 0.010937
v 0.048721 0.126931 0.013147
v 0.046415 0.122759 0.014151
v 0.048903 0.131334 0.000257
v 0.050194 0.125609 0.012846
v 0.042834 0.117306 0.014059
v 0.052451 0.130891 0.003656
v 0.051850 0.128309 0.010599
v 0.045920 0.128258 -0.000799
v 0.048268 0.121381 0.013810
v 0.053005 0.129114 0.007319
v 0.052049 0.124531 0.013512
v 0.050383 0.120301 0.014456
v 0.053413 0.127085 0.011080
v 0.051293 0.128980 0.000220
v 0.048059 0.125932 -0.001148
v 0.042752 0.125447 -0.001474
v 0.044674 0.122705 -0.001310
v 0.039941 0.128291 -0.001759
v 0.049664 0.124251 -0.000787
v 0.039962 0.123026 -0.002060
v 0.034919 0.131308 -0.002346
v 0.033245 0.129936 -0.002140
v 0.036031 0.124902 -0.002503
v 0.030858 0.127678 -0.002122
v 0.030706 0.121197 -0.000372
v 0.029277 0.126172 -0.000923
v 0.026812 0.119716 0.001857
v 0.027687 0.114511 0.002342
v 0.038434 0.119654 -0.001594
v 0.041384 0.117700 -0.001350
v 0.031623 0.115221 -0.000055
v 0.047657 0.119470 -0.000740
v 0.038638 0.113383 -0.000507
v 0.032051 0.108530 -0.000061
v 0.027916 0.107914 0.002754
v 0.027747 0.101572 0.002794
v 0.037219 0.109400 -0.000197
v 0.032331 0.102526 0.000358
v 0.029086 0.094248 0.003513
v 0.045778 0.114834 -0.000586
v 0.033442 0.095053 0.000696
v 0.032243 0.086370 0.004487
v 0.037961 0.102866 0.000423
v 0.043064 0.109108 -0.000478
v 0.041297 0.102676 0.000023
v 0.035542 0.087495 0.001788
v 0.036380 0.078950 0.005062
v 0.040421 0.096241 0.000688
v 0.040994 0.089308 0.001510
v 0.038668 0.081526 0.002485
v 0.042391 0.077619 0.002718
v 0.040541 0.074444 0.005786
v 0.046287 0.071957 0.007046
v 0.046937 0.108022 0.001163
v 0.045917 0.102431 0.001593
v 0.045448 0.095864 0.002169
v 0.045436 0.089960 0.002899
v 0.042465 0.084285 0.002209
v 0.044870 0.081438 0.002903
v 0.046640 0.085258 0.003440
v 0.047769 0.089906 0.002904
v 0.049231 0.084554 0.003939
v 0.048243 0.079742 0.003261
v 0.047126 0.075308 0.003922
v 0.050829 0.074391 0.004692
v 0.053762 0.070308 0.009610
v 0.051384 0.079123 0.004032
v 0.054144 0.074169 0.006040
v 0.054258 0.074926 0.006706
v 0.053750 0.071433 0.009556
v 0.055112 0.079682 0.006293
v 0.054861 0.079334 0.005338
v 0.055603 0.084381 0.006211
v 0.052022 0.084127 0.004719
v 0.055199 0.084280 0.005311
v 0.056266 0.089228 0.005586
v 0.050284 0.089596 0.003315
v 0.055933 0.088967 0.004795
v 0.057018 0.094703 0.005446
v 0.053078 0.089157 0.003895
v 0.048779 0.095590 0.002164
v 0.056765 0.094563 0.004528
v 0.057837 0.100279 0.005471
v 0.051481 0.095036 0.002754
v 0.049256 0.101552 0.001788
v 0.054124 0.094448 0.003513
v 0.057671 0.100250 0.004718
v 0.058674 0.105908 0.004963
v 0.050438 0.107318 0.001593
v 0.052136 0.100950 0.002950
v 0.054793 0.100442 0.003860
v 0.058597 0.105981 0.003895
v 0.059336 0.109336 0.004776
v 0.053052 0.106908 0.002502
v 0.055574 0.106494 0.003131
v 0.058925 0.109438 0.003723
v 0.059995 0.112376 0.004895
v 0.053788 0.111781 0.001781
v 0.056396 0.111257 0.002543
v 0.059893 0.112735 0.003862
v 0.060484 0.114611 0.005392
v 0.057309 0.114692 0.002523
v 0.060660 0.115239 0.004599
v 0.060834 0.116664 0.006277
v 0.051433 0.112277 0.001012
v 0.054628 0.115661 0.001630
v 0.057896 0.118761 0.002869
v 0.061290 0.117645 0.005783
v 0.061119 0.117833 0.007992
v 0.048466 0.113208 0.000671
v 0.052331 0.116750 0.000798
v 0.055284 0.119886 0.002208
v 0.049834 0.117918 0.000522
v 0.053348 0.120992 0.001078
v 0.051382 0.122146 0.000876
v 0.054205 0.125217 0.002441
v 0.052686 0.126387 0.002256
v 0.055738 0.122877 0.003353
v 0.053178 0.128510 0.004371
v 0.054537 0.127012 0.004810
v 0.058025 0.121452 0.004173
v 0.054404 0.128062 0.007794
v 0.056040 0.124965 0.005465
v 0.058213 0.123331 0.005990
v 0.056197 0.125736 0.008359
v 0.055360 0.125232 0.011315
v 0.061483 0.119085 0.007613
v 0.061044 0.118357 0.009560
v 0.058076 0.123934 0.008873
v 0.061368 0.119429 0.009591
v 0.060549 0.117911 0.011772
v 0.054537 0.123080 0.013664
v 0.057296 0.123431 0.011785
v 0.060821 0.119034 0.012118
v 0.059982 0.116757 0.013422
v 0.052204 0.118607 0.015194
v 0.056323 0.121548 0.013535
v 0.060044 0.117849 0.013931
v 0.058909 0.113912 0.015006
v 0.054714 0.117363 0.014918
v 0.058857 0.115002 0.015843
v 0.057869 0.109270 0.015389
v 0.050433 0.113070 0.016025
v 0.057706 0.109136 0.016529
v 0.056578 0.100900 0.013802
v 0.052673 0.111853 0.015692
v 0.056277 0.100936 0.014889
v 0.055674 0.094252 0.013710
v 0.050460 0.104379 0.014586
v 0.047930 0.114241 0.015274
v 0.055342 0.094144 0.014842
v 0.054515 0.086215 0.013029
v 0.047557 0.105601 0.015049
v 0.048493 0.096106 0.013811
v 0.045191 0.115590 0.014008
v 0.054230 0.085763 0.014238
v 0.053654 0.076637 0.012095
v 0.044616 0.107069 0.014221
v 0.044602 0.097769 0.013932
v 0.046977 0.087342 0.012716
v 0.041601 0.108953 0.012953
v 0.053541 0.075839 0.012929
v 0.053750 0.071433 0.009556
v 0.053762 0.070308 0.009610
v 0.046287 0.071957 0.007046
v 0.045462 0.076730 0.010868
v 0.040541 0.074444 0.005786
v 0.039418 0.079811 0.009351
v 0.036380 0.078950 0.005062
v 0.032243 0.086370 0.004487
v 0.041966 0.089804 0.012001
v 0.041248 0.099684 0.012290
v 0.033984 0.088496 0.008155
v 0.038225 0.094415 0.011432
v 0.030722 0.095112 0.007104
v 0.037794 0.103105 0.011090
v 0.031188 0.104288 0.008766
v 0.034672 0.098959 0.010392
v 0.038524 0.111968 0.012678
v 0.034230 0.106782 0.010811
v 0.031300 0.111806 0.008265
v 0.061119 0.117833 0.007992
v 0.061044 0.118357 0.009560
v 0.056900 0.122854 0.008701
v 0.057070 0.122366 0.006575
v 0.060834 0.116664 0.006277
v 0.055031 0.124636 0.008257
v 0.057011 0.120795 0.005231
v 0.060484 0.114611 0.005392
v 0.054883 0.124048 0.006097
v 0.053324 0.126882 0.007651
v 0.057073 0.118463 0.004215
v 0.059995 0.112376 0.004895
v 0.053320 0.126126 0.005370
v 0.051645 0.127048 0.007139
v 0.054709 0.122312 0.004448
v 0.056714 0.114728 0.004014
v 0.059336 0.109336 0.004776
v 0.054596 0.119688 0.003645
v 0.055920 0.111445 0.004065
v 0.058674 0.105908 0.004963
v 0.051611 0.126790 0.004966
v 0.037530 0.118482 0.006122
v 0.053258 0.124614 0.003589
v 0.051532 0.124978 0.003588
v 0.050736 0.121368 0.002601
v 0.049399 0.117581 0.002303
v 0.048129 0.113215 0.002443
v 0.052778 0.120841 0.002572
v 0.051960 0.116787 0.002360
v 0.055217 0.106749 0.004676
v 0.057837 0.100279 0.005471
v 0.054114 0.115682 0.003151
v 0.053358 0.111996 0.003313
v 0.051135 0.112464 0.002579
v 0.054314 0.100543 0.005389
v 0.057018 0.094703 0.005446
v 0.046653 0.108302 0.002907
v 0.050117 0.107522 0.003153
v 0.052627 0.107154 0.004031
v 0.053626 0.094538 0.005036
v 0.056266 0.089228 0.005586
v 0.051602 0.101040 0.004461
v 0.045746 0.102913 0.003327
v 0.052712 0.089407 0.005439
v 0.055603 0.084381 0.006211
v 0.048963 0.101660 0.003363
v 0.051102 0.095164 0.004309
v 0.051639 0.084219 0.006276
v 0.055112 0.079682 0.006293
v 0.045231 0.096697 0.003868
v 0.048633 0.095753 0.003755
v 0.050015 0.089847 0.004878
v 0.050912 0.079203 0.005564
v 0.054258 0.074926 0.006706
v 0.047655 0.090125 0.004491
v 0.048889 0.084609 0.005507
v 0.050529 0.075149 0.006075
v 0.053750 0.071433 0.009556
v 0.047951 0.079793 0.004839
v 0.046704 0.073497 0.007226
v 0.053654 0.076637 0.012095
v 0.047076 0.076048 0.005346
v 0.042574 0.078181 0.004211
v 0.044642 0.081447 0.004492
v 0.046309 0.085327 0.005010
v 0.045993 0.077381 0.009539
v 0.054515 0.086215 0.013029
v 0.045177 0.090110 0.004477
v 0.042221 0.084444 0.003788
v 0.040353 0.097066 0.002443
v 0.039060 0.081962 0.003980
v 0.040756 0.089469 0.003090
v 0.041379 0.075784 0.006074
v 0.047301 0.087492 0.011150
v 0.055674 0.094252 0.013710
v 0.034334 0.096097 0.002384
v 0.036024 0.087875 0.003272
v 0.037614 0.079894 0.005468
v 0.040230 0.080410 0.008152
v 0.031106 0.095591 0.004090
v 0.032414 0.096223 0.006098
v 0.035587 0.099536 0.008744
v 0.033643 0.087057 0.004870
v 0.035031 0.088891 0.007045
v 0.038704 0.094518 0.009903
v 0.042390 0.089994 0.010464
v 0.038584 0.103467 0.009415
v 0.041855 0.099725 0.010803
v 0.045013 0.097915 0.012387
v 0.042294 0.109024 0.011223
v 0.045178 0.107088 0.012717
v 0.048616 0.096254 0.012216
v 0.056578 0.100900 0.013802
v 0.047725 0.105736 0.013458
v 0.050492 0.104580 0.012993
v 0.057869 0.109270 0.015389
v 0.045684 0.115159 0.012227
v 0.048401 0.114061 0.013750
v 0.052697 0.111863 0.014087
v 0.058909 0.113912 0.015006
v 0.050524 0.113024 0.014423
v 0.054538 0.117004 0.013362
v 0.059982 0.116757 0.013422
v 0.048354 0.120498 0.011998
v 0.050649 0.119911 0.012922
v 0.055753 0.120961 0.012153
v 0.060549 0.117911 0.011772
v 0.052174 0.118283 0.013621
v 0.049960 0.124181 0.011188
v 0.056356 0.122451 0.010929
v 0.061044 0.118357 0.009560
v 0.056900 0.122854 0.008701
v 0.051948 0.123819 0.012076
v 0.050917 0.126360 0.009518
v 0.051645 0.127048 0.007139
v 0.054069 0.122418 0.012278
v 0.054476 0.124176 0.010490
v 0.055031 0.124636 0.008257
v 0.053324 0.126882 0.007651
v 0.052713 0.125989 0.010138
v 0.006500 0.135960 0.022426
v 0.006641 0.137948 0.022338
v 0.003630 0.135847 0.022723
v 0.004984 0.142075 0.023296
v 0.006717 0.139028 0.022290
v 0.005121 0.142075 0.022516
v 0.007026 0.142075 0.022120
v 0.007866 0.147227 0.022402
v 0.003088 0.147206 0.022765
v 0.004570 0.152550 0.021668
v 0.008592 0.152112 0.021311
v 0.004790 0.157664 0.019638
v 0.009240 0.157381 0.019230
v 0.003907 0.164321 0.015673
v 0.010253 0.162445 0.016371
v 0.007047 0.166913 0.012284
v 0.010570 0.166194 0.011456
v 0.008635 0.169642 0.006955
v 0.010621 0.169015 0.006667
v 0.009664 0.170767 0.002659
v 0.002764 0.147197 0.023437
v 0.000470 0.152744 0.021242
v 0.000826 0.157869 0.019627
v 0.001777 0.162485 0.017017
v 0.001640 0.162491 0.016784
v -0.002894 0.159442 0.018729
v -0.001951 0.157646 0.019667
v 0.000361 0.152772 0.022089
v 0.002189 0.142075 0.023603
v -0.000479 0.147227 0.023389
v -0.000688 0.142075 0.023543
v -0.000426 0.135709 0.022935
v -0.003570 0.135847 0.022763
v -0.002149 0.157969 0.020158
v -0.003797 0.142075 0.023172
v -0.004295 0.152567 0.021773
v -0.006717 0.139028 0.022290
v -0.006500 0.135960 0.022426
v -0.007026 0.142075 0.022120
v -0.004072 0.147227 0.023259
v -0.007866 0.147227 0.022402
v -0.008592 0.152112 0.021311
v -0.005985 0.157948 0.019898
v -0.009240 0.157381 0.019230
v -0.010253 0.162445 0.016371
v -0.003020 0.159676 0.019310
v -0.004173 0.161745 0.017879
v -0.003134 0.159140 0.018172
v -0.003981 0.161180 0.017305
v -0.005614 0.164118 0.015342
v -0.005280 0.163659 0.014915
v -0.007130 0.166678 0.011951
v -0.010570 0.166194 0.011456
v -0.001972 0.162710 0.016363
v -0.006815 0.166301 0.011530
v -0.008635 0.169642 0.006955
v -0.010621 0.169015 0.006667
v -0.009664 0.170767 0.002659
v -0.003690 0.164846 0.014102
v 0.000038 0.164239 0.015421
v 0.000832 0.163455 0.016227
v -0.008250 0.169432 0.006817
v -0.005807 0.167001 0.011225
v 0.003755 0.164154 0.015160
v 0.003092 0.165225 0.014365
v 0.006671 0.166611 0.011808
v 0.008250 0.169432 0.006817
v 0.005724 0.167601 0.011529
v -0.002177 0.166268 0.013570
v 0.002430 0.166297 0.013570
v 0.008130 0.171180 0.003297
v 0.007531 0.170250 0.007077
v 0.004700 0.168501 0.011141
v 0.008541 0.171469 0.003210
v 0.007062 0.172553 -0.000023
v 0.007805 0.171443 -0.000951
v 0.006736 0.172282 0.000323
v 0.007568 0.172051 0.003559
v 0.004156 0.173313 -0.002073
v 0.004269 0.171513 -0.003391
v 0.003959 0.173115 -0.001693
v 0.000000 0.173339 -0.002188
v 0.000000 0.173683 -0.002646
v 0.000000 0.171616 -0.003892
v -0.004269 0.171513 -0.003391
v -0.004156 0.173313 -0.002073
v -0.007805 0.171443 -0.000951
v 0.006563 0.173442 0.000435
v 0.006690 0.171004 0.007272
v -0.007062 0.172553 -0.000023
v -0.003959 0.173115 -0.001693
v -0.008541 0.171469 0.003210
v -0.006736 0.172282 0.000323
v -0.008130 0.171180 0.003297
v -0.007511 0.169974 0.006925
v -0.007568 0.172051 0.003559
v -0.006634 0.173380 0.000484
v -0.004588 0.168532 0.011141
v -0.006690 0.171004 0.007272
v -0.003808 0.174172 -0.001606
v -0.007007 0.172921 0.003820
v -0.006073 0.174244 0.000909
v -0.004366 0.168119 0.010845
v -0.006349 0.170383 0.007043
v -0.002059 0.165990 0.012956
v -0.006631 0.172497 0.003678
v -0.005747 0.173831 0.000974
v 0.000000 0.164298 0.014415
v 0.002310 0.166018 0.012956
v 0.004477 0.168088 0.010845
v 0.006350 0.170383 0.007043
v -0.003273 0.174604 -0.000827
v 0.006632 0.172497 0.003678
v -0.003458 0.175023 -0.001058
v 0.000000 0.174934 -0.001218
v 0.007007 0.172921 0.003820
v 0.005748 0.173831 0.000974
v 0.006073 0.174244 0.000909
v 0.003273 0.174604 -0.000827
v 0.000010 0.174408 -0.002168
v 0.000000 0.175322 -0.001612
v 0.003458 0.175023 -0.001058
v 0.003845 0.174190 -0.001631
v -0.000282 0.175275 0.019145
v 0.000000 0.175258 0.019184
v 0.000000 0.176167 0.019988
v -0.000357 0.176253 0.019995
v -0.000228 0.177438 0.019889
v 0.000000 0.177394 0.019865
v 0.000000 0.177928 0.021468
v -0.000808 0.176310 0.019905
v -0.000751 0.175275 0.019109
v -0.002486 0.176215 0.018983
v -0.001216 0.175220 0.018997
v -0.001676 0.175059 0.018827
v -0.003331 0.175350 0.018209
v -0.002283 0.174886 0.018243
v -0.001386 0.177617 0.019278
v -0.000538 0.177578 0.019797
v -0.002881 0.177253 0.018538
v -0.000419 0.177984 0.021371
v -0.000852 0.177943 0.020710
v -0.000589 0.180096 0.020686
v 0.000000 0.180154 0.020850
v -0.001054 0.179877 0.020176
v -0.000481 0.182409 0.019484
v 0.000000 0.182391 0.019644
v -0.001314 0.184023 0.019718
v 0.000000 0.183527 0.019696
v -0.000918 0.187624 0.019235
v 0.000000 0.187677 0.019288
v -0.002188 0.184476 0.019626
v -0.001835 0.187591 0.019022
v -0.001786 0.183627 0.019492
v -0.003194 0.184741 0.019369
v -0.002786 0.187600 0.018679
v -0.000838 0.182222 0.019070
v -0.002321 0.183153 0.018812
v -0.002439 0.183925 0.019490
v -0.004065 0.184990 0.018977
v -0.003486 0.187553 0.018369
v -0.004753 0.185282 0.018487
v -0.004235 0.187632 0.017826
v -0.005507 0.185403 0.017572
v -0.005063 0.187548 0.016992
v -0.005843 0.186058 0.016475
v -0.005796 0.187569 0.016130
v -0.006410 0.187562 0.014906
v -0.006456 0.185826 0.015398
v -0.007191 0.187431 0.013803
v -0.005857 0.184714 0.016967
v -0.006352 0.183266 0.014467
v -0.005075 0.183037 0.017217
v -0.004806 0.184744 0.018586
v -0.006763 0.185402 0.014379
v -0.004082 0.184457 0.019059
v -0.004435 0.183176 0.018217
v -0.003260 0.184188 0.019392
v -0.003948 0.183213 0.018617
v -0.002753 0.183280 0.018953
v -0.003338 0.182567 0.017791
v -0.004293 0.183039 0.018029
v -0.002764 0.183006 0.018576
v -0.002482 0.182915 0.018513
v -0.001966 0.182215 0.018093
v -0.001923 0.182019 0.018163
v -0.003077 0.182100 0.018438
v -0.001909 0.179627 0.019460
v -0.001479 0.179784 0.019753
v -0.002245 0.179188 0.019289
v -0.002964 0.181719 0.018422
v -0.001749 0.179163 0.019502
v -0.004513 0.181860 0.017606
v -0.004449 0.182243 0.017777
v -0.004680 0.182481 0.017357
v -0.004835 0.182704 0.016896
v -0.004879 0.182128 0.017125
v -0.005395 0.180248 0.017683
v -0.005103 0.182488 0.016592
v -0.006025 0.180817 0.016830
v -0.005218 0.182841 0.016394
v -0.006283 0.181639 0.015817
v -0.003300 0.177671 0.018674
v -0.005563 0.179329 0.017437
v -0.004171 0.176280 0.017348
v -0.006249 0.179923 0.016304
v -0.006568 0.180929 0.015107
v -0.001880 0.178730 0.019181
v -0.006825 0.182471 0.013406
v -0.005427 0.178534 0.017080
v -0.006589 0.179892 0.014567
v -0.006109 0.179067 0.015807
v -0.001910 0.178426 0.019801
v -0.001564 0.177913 0.019920
v -0.000981 0.178435 0.020030
v -0.005107 0.177841 0.016700
v -0.003882 0.175930 0.017681
v -0.003818 0.173175 0.015951
v -0.005377 0.177274 0.014960
v -0.005646 0.178175 0.015326
v -0.003582 0.173568 0.016831
v -0.006306 0.178782 0.013972
v -0.006093 0.177607 0.013470
v -0.002953 0.174130 0.017866
v -0.004813 0.173948 0.013888
v -0.007144 0.180332 0.011198
v -0.006964 0.178872 0.010791
v -0.006991 0.181478 0.012456
v -0.007175 0.182087 0.011769
v -0.007025 0.183213 0.012585
v -0.007237 0.184734 0.013220
v -0.007508 0.187182 0.012365
v -0.007632 0.183909 0.012068
v -0.007763 0.186704 0.011037
v -0.007939 0.186126 0.010045
v -0.008037 0.183036 0.011104
v -0.007502 0.181761 0.009843
v -0.007481 0.182656 0.009600
v -0.007283 0.182660 0.009110
v -0.007976 0.186037 0.008949
v -0.008057 0.185952 0.007777
v -0.006913 0.179184 0.009422
v -0.006999 0.180968 0.008923
v -0.006811 0.179439 0.008807
v -0.007336 0.183951 0.007851
v -0.007462 0.183942 0.006946
v -0.007914 0.186315 0.005258
v -0.007839 0.184005 0.007908
v -0.007590 0.182599 0.008644
v -0.006312 0.177777 0.008463
v -0.007021 0.177728 0.008681
v -0.007425 0.183154 0.006170
v -0.007486 0.184466 0.004222
v -0.006872 0.186649 0.002677
v -0.006338 0.184822 0.002103
v -0.004930 0.186988 0.000677
v -0.007165 0.182648 0.003805
v -0.004860 0.185160 0.000139
v -0.002444 0.187228 -0.000358
v -0.006258 0.182885 0.001837
v -0.002444 0.185399 -0.000739
v 0.000000 0.187187 -0.000321
v 0.000000 0.185358 -0.000702
v -0.004685 0.183223 0.000031
v -0.002444 0.183463 -0.000854
v 0.000000 0.183422 -0.000817
v -0.002266 0.181506 -0.000491
v 0.000000 0.181465 -0.000483
v -0.004487 0.181384 0.000267
v -0.002002 0.178269 -0.000011
v 0.000000 0.178318 -0.000012
v 0.000000 0.176694 0.000014
v -0.006156 0.181254 0.001863
v -0.004165 0.178213 0.000573
v -0.002025 0.176748 -0.000032
v -0.006816 0.181093 0.003587
v -0.005954 0.178060 0.002041
v -0.002031 0.175222 -0.000312
v 0.000000 0.175233 -0.000256
v -0.004255 0.176714 0.000570
v -0.007494 0.181988 0.005720
v -0.004194 0.175158 0.000339
v -0.001932 0.173665 -0.000831
v 0.000000 0.173573 -0.000707
v -0.008259 0.183347 0.006175
v -0.004372 0.173703 -0.000180
v -0.001957 0.171715 -0.001607
v 0.000000 0.171546 -0.001251
v 0.000000 0.169380 -0.001978
v -0.002038 0.169644 -0.002229
v -0.004589 0.170145 -0.001988
v -0.004552 0.171977 -0.000884
v -0.007045 0.170201 -0.000613
v -0.006480 0.171774 0.000732
v -0.009005 0.170159 0.001003
v -0.005878 0.173328 0.001453
v -0.006779 0.172671 0.003894
v -0.007778 0.171415 0.002508
v -0.010302 0.169696 0.002954
v -0.005713 0.174956 0.001849
v -0.008269 0.170102 0.004450
v -0.006359 0.174617 0.004048
v -0.005847 0.176616 0.002052
v -0.009064 0.169201 0.005793
v -0.011173 0.168990 0.004519
v -0.011835 0.168473 0.005572
v -0.006308 0.178001 0.003951
v -0.006849 0.170593 0.005505
v -0.009804 0.168053 0.006919
v -0.012583 0.167388 0.007077
v -0.006114 0.176465 0.004147
v -0.006572 0.178150 0.007175
v -0.007495 0.180865 0.005638
v -0.006273 0.176234 0.006054
v -0.006189 0.174683 0.006128
v -0.007387 0.168909 0.006914
v -0.010368 0.166822 0.008022
v -0.013446 0.166321 0.008285
v -0.006107 0.172849 0.006494
v -0.006033 0.171156 0.007273
v -0.007706 0.167542 0.007898
v -0.011106 0.165783 0.009571
v -0.014616 0.165506 0.009639
v -0.005944 0.169405 0.008286
v -0.007915 0.166290 0.008864
v -0.005896 0.167842 0.009265
v -0.005638 0.174857 0.007869
v -0.005338 0.173294 0.008334
v -0.004997 0.171811 0.008926
v -0.004740 0.169875 0.009675
v -0.006022 0.176325 0.007725
v -0.006310 0.177662 0.007914
v -0.005969 0.176388 0.008841
v -0.005160 0.174908 0.009171
v -0.004428 0.173711 0.009459
v -0.003896 0.172308 0.009874
v -0.004595 0.168356 0.010392
v -0.005969 0.166491 0.009950
v -0.008506 0.165211 0.010564
v -0.012078 0.164912 0.011367
v -0.012813 0.163465 0.012271
v -0.015731 0.164266 0.010700
v -0.009119 0.164388 0.012613
v -0.009197 0.163017 0.013753
v -0.006846 0.164431 0.013105
v -0.006926 0.163147 0.014340
v -0.006067 0.165091 0.011117
v -0.004668 0.164576 0.013355
v -0.004823 0.163264 0.014554
v -0.002921 0.162997 0.014463
v -0.004329 0.166977 0.011124
v -0.004202 0.165402 0.012186
v -0.002861 0.164468 0.013383
v -0.001234 0.162629 0.014037
v -0.002694 0.165558 0.012391
v -0.001300 0.164147 0.013113
v 0.000000 0.162412 0.013860
v 0.000000 0.164218 0.012985
v -0.000976 0.165764 0.012366
v 0.000000 0.165836 0.012405
v 0.000000 0.167844 0.012262
v -0.002933 0.167513 0.011477
v -0.001309 0.167782 0.012041
v -0.003058 0.168805 0.010960
v -0.001848 0.169091 0.011741
v -0.001035 0.169296 0.012250
v -0.001081 0.170512 0.012344
v 0.000000 0.170393 0.012739
v 0.000000 0.171139 0.013029
v -0.003387 0.170578 0.010427
v -0.002292 0.170596 0.011516
v -0.001111 0.171261 0.012708
v 0.000000 0.171421 0.013637
v -0.002460 0.171505 0.011715
v -0.003778 0.172741 0.010970
v -0.002699 0.171918 0.012366
v -0.001346 0.171446 0.013542
v -0.004421 0.173711 0.010337
v -0.000816 0.170931 0.015283
v 0.000000 0.171099 0.015037
v -0.000631 0.170567 0.017538
v 0.000000 0.170525 0.017514
v 0.000000 0.172466 0.019163
v -0.000595 0.172465 0.019060
v -0.001086 0.172247 0.018934
v -0.003049 0.171668 0.014711
v -0.003772 0.172494 0.012906
v -0.004186 0.173085 0.011619
v -0.005116 0.174112 0.010727
v -0.004859 0.173547 0.012124
v -0.006062 0.175208 0.010121
v -0.002021 0.171259 0.014644
v -0.004482 0.173122 0.013477
v -0.005292 0.174314 0.012557
v -0.007196 0.177344 0.007874
v -0.003614 0.172222 0.015390
v -0.002739 0.171217 0.015628
v -0.003107 0.171756 0.016213
v -0.001582 0.170824 0.015637
v -0.003301 0.172370 0.016607
v -0.002358 0.170856 0.016380
v -0.001365 0.170646 0.017414
v -0.002703 0.171339 0.017016
v -0.002800 0.171943 0.017369
v -0.001572 0.170976 0.018277
v -0.000868 0.170943 0.018392
v -0.001682 0.171590 0.018675
v -0.002800 0.171943 0.017369
v -0.003443 0.171790 0.016305
v -0.003200 0.172913 0.017182
v -0.002251 0.170706 0.017812
v -0.002714 0.173829 0.018026
v -0.002183 0.172278 0.018270
v -0.001670 0.170605 0.018518
v -0.001613 0.172188 0.018690
v -0.002150 0.174909 0.018423
v -0.002236 0.174947 0.018201
v -0.002059 0.174995 0.018347
v -0.001961 0.173443 0.018415
v -0.001524 0.173434 0.018682
v -0.000409 0.171629 0.019212
v -0.001444 0.175060 0.019111
v -0.001441 0.175178 0.018967
v -0.000637 0.173602 0.018952
v 0.000000 0.171608 0.019184
v 0.000000 0.173670 0.018973
v 0.000000 0.174568 0.019638
v -0.001513 0.174594 0.019138
v -0.000769 0.174516 0.019548
v -0.000768 0.175278 0.019184
v 0.000000 0.175259 0.019174
v 0.000000 0.168847 0.019301
v 0.000000 0.171608 0.019184
v -0.000409 0.171629 0.019212
v -0.000427 0.168865 0.019329
v 0.000000 0.165711 0.019855
v -0.001613 0.172188 0.018690
v -0.001798 0.168779 0.018587
v -0.001670 0.170605 0.018518
v -0.002251 0.170706 0.017812
v -0.000429 0.165728 0.019882
v 0.000000 0.163617 0.019517
v -0.000429 0.163871 0.019612
v -0.001690 0.166771 0.018943
v -0.000919 0.164681 0.019631
v -0.001524 0.165650 0.019009
v -0.002115 0.166672 0.018342
v -0.002496 0.168801 0.017907
v -0.003443 0.171790 0.016305
v -0.003260 0.170181 0.016476
v -0.002880 0.168770 0.017066
v -0.002648 0.167645 0.017673
v 0.000000 0.168847 0.019301
v 0.000595 0.172465 0.019060
v 0.000000 0.171608 0.019184
v 0.000427 0.168865 0.019329
v 0.000000 0.165711 0.019855
v 0.001613 0.172188 0.018690
v 0.001122 0.168836 0.019018
v 0.001670 0.170605 0.018518
v 0.002251 0.170706 0.017812
v 0.000429 0.165728 0.019882
v 0.000000 0.163617 0.019517
v 0.000429 0.163871 0.019612
v 0.001125 0.165696 0.019572
v 0.000919 0.164681 0.019631
v 0.001524 0.165650 0.019009
v 0.002648 0.167645 0.017673
v 0.002496 0.168801 0.017907
v 0.003443 0.171790 0.016305
v 0.002880 0.168770 0.017066
v 0.003260 0.170181 0.016476
v 0.000282 0.175275 0.019145
v 0.000000 0.176167 0.019988
v 0.000000 0.175258 0.019184
v 0.000357 0.176253 0.019995
v 0.000228 0.177438 0.019889
v 0.000000 0.177394 0.019865
v 0.000000 0.177928 0.021468
v 0.000808 0.176310 0.019905
v 0.000751 0.175275 0.019109
v 0.001138 0.176782 0.019698
v 0.001386 0.177617 0.019278
v 0.001216 0.175220 0.018997
v 0.001676 0.175059 0.018827
v 0.001960 0.176289 0.019381
v 0.002283 0.174886 0.018243
v 0.000703 0.177813 0.019668
v 0.000419 0.177984 0.021371
v 0.000886 0.178040 0.021015
v 0.000589 0.180096 0.020686
v 0.000000 0.180154 0.020850
v 0.001054 0.179877 0.020176
v 0.000481 0.182409 0.019484
v 0.000000 0.182391 0.019644
v 0.001314 0.184023 0.019718
v 0.000000 0.183527 0.019696
v 0.000918 0.187624 0.019235
v 0.000000 0.187677 0.019288
v 0.002188 0.184476 0.019626
v 0.001835 0.187591 0.019022
v 0.001278 0.183328 0.019271
v 0.003194 0.184741 0.019369
v 0.002786 0.187600 0.018679
v 0.000838 0.182222 0.019070
v 0.001971 0.182958 0.018671
v 0.002439 0.183925 0.019490
v 0.004065 0.184990 0.018977
v 0.003486 0.187553 0.018369
v 0.004753 0.185282 0.018487
v 0.004235 0.187632 0.017826
v 0.005507 0.185403 0.017572
v 0.005857 0.184714 0.016967
v 0.006456 0.185826 0.015398
v 0.005063 0.187548 0.016992
v 0.005796 0.187569 0.016130
v 0.006410 0.187562 0.014906
v 0.007191 0.187431 0.013803
v 0.004806 0.184744 0.018586
v 0.004082 0.184457 0.019059
v 0.003260 0.184188 0.019392
v 0.002753 0.183280 0.018953
v 0.003312 0.183372 0.018962
v 0.003948 0.183213 0.018617
v 0.004435 0.183176 0.018217
v 0.003338 0.182567 0.017791
v 0.005075 0.183037 0.017217
v 0.005232 0.182940 0.016766
v 0.002207 0.182705 0.018351
v 0.001966 0.182215 0.018093
v 0.001923 0.182019 0.018163
v 0.003077 0.182100 0.018438
v 0.001548 0.181267 0.018894
v 0.002245 0.179188 0.019289
v 0.002964 0.181719 0.018422
v 0.004513 0.181860 0.017606
v 0.004449 0.182243 0.017777
v 0.004680 0.182481 0.017357
v 0.004835 0.182704 0.016896
v 0.004879 0.182128 0.017125
v 0.005395 0.180248 0.017683
v 0.005103 0.182488 0.016592
v 0.006025 0.180817 0.016830
v 0.005563 0.179329 0.017437
v 0.003300 0.177671 0.018674
v 0.005218 0.182841 0.016394
v 0.006283 0.181639 0.015817
v 0.006352 0.183266 0.014467
v 0.006249 0.179923 0.016304
v 0.001880 0.178730 0.019181
v 0.006568 0.180929 0.015107
v 0.006763 0.185402 0.014379
v 0.006825 0.182471 0.013406
v 0.006589 0.179892 0.014567
v 0.007237 0.184734 0.013220
v 0.007508 0.187182 0.012365
v 0.007025 0.183213 0.012585
v 0.007632 0.183909 0.012068
v 0.007763 0.186704 0.011037
v 0.007939 0.186126 0.010045
v 0.007175 0.182087 0.011769
v 0.006109 0.179067 0.015807
v 0.008037 0.183036 0.011104
v 0.006991 0.181478 0.012456
v 0.007144 0.180332 0.011198
v 0.007502 0.181761 0.009843
v 0.007481 0.182656 0.009600
v 0.006913 0.179184 0.009422
v 0.006999 0.180968 0.008923
v 0.006964 0.178872 0.010791
v 0.006306 0.178782 0.013972
v 0.007295 0.183601 0.008570
v 0.007976 0.186037 0.008949
v 0.008057 0.185952 0.007777
v 0.007688 0.183521 0.008611
v 0.007809 0.183109 0.008313
v 0.007839 0.184005 0.007908
v 0.008550 0.183076 0.006485
v 0.007336 0.183951 0.007851
v 0.007462 0.183942 0.006946
v 0.007914 0.186315 0.005258
v 0.008008 0.184040 0.006956
v 0.008259 0.183347 0.006175
v 0.007425 0.183154 0.006170
v 0.007486 0.184466 0.004222
v 0.006872 0.186649 0.002677
v 0.006338 0.184822 0.002103
v 0.004930 0.186988 0.000677
v 0.007165 0.182648 0.003805
v 0.007494 0.181988 0.005720
v 0.004860 0.185160 0.000139
v 0.002444 0.187228 -0.000358
v 0.006258 0.182885 0.001837
v 0.002444 0.185399 -0.000739
v 0.000000 0.187187 -0.000321
v 0.000000 0.185358 -0.000702
v 0.004685 0.183223 0.000031
v 0.002444 0.183463 -0.000854
v 0.000000 0.183422 -0.000817
v 0.006816 0.181093 0.003587
v 0.008389 0.182144 0.005627
v 0.006156 0.181254 0.001863
v 0.002266 0.181506 -0.000491
v 0.000000 0.181465 -0.000483
v 0.004487 0.181384 0.000267
v 0.002002 0.178269 -0.000011
v 0.000000 0.178318 -0.000012
v 0.000000 0.176694 0.000014
v 0.004165 0.178213 0.000573
v 0.002025 0.176748 -0.000032
v 0.005954 0.178060 0.002041
v 0.002031 0.175222 -0.000312
v 0.000000 0.175233 -0.000256
v 0.004255 0.176714 0.000570
v 0.004194 0.175158 0.000339
v 0.001932 0.173665 -0.000831
v 0.000000 0.173573 -0.000707
v 0.004372 0.173703 -0.000180
v 0.001957 0.171715 -0.001607
v 0.000000 0.171546 -0.001251
v 0.000000 0.169380 -0.001978
v 0.002038 0.169644 -0.002229
v 0.004589 0.170145 -0.001988
v 0.004552 0.171977 -0.000884
v 0.007045 0.170201 -0.000613
v 0.006480 0.171774 0.000732
v 0.009005 0.170159 0.001003
v 0.005878 0.173328 0.001453
v 0.006779 0.172671 0.003894
v 0.007778 0.171415 0.002508
v 0.010302 0.169696 0.002954
v 0.005713 0.174956 0.001849
v 0.008269 0.170102 0.004450
v 0.006359 0.174617 0.004048
v 0.005847 0.176616 0.002052
v 0.009064 0.169201 0.005793
v 0.011173 0.168990 0.004519
v 0.011835 0.168473 0.005572
v 0.006308 0.178001 0.003951
v 0.006849 0.170593 0.005505
v 0.009804 0.168053 0.006919
v 0.012583 0.167388 0.007077
v 0.006114 0.176465 0.004147
v 0.006572 0.178150 0.007175
v 0.007495 0.180865 0.005638
v 0.006273 0.176234 0.006054
v 0.007240 0.179849 0.006049
v 0.008295 0.180821 0.005487
v 0.007972 0.179610 0.005943
v 0.008747 0.180813 0.005806
v 0.006189 0.174683 0.006128
v 0.008746 0.182083 0.006056
v 0.006107 0.172849 0.006494
v 0.006022 0.176325 0.007725
v 0.006310 0.177662 0.007914
v 0.005638 0.174857 0.007869
v 0.005969 0.176388 0.008841
v 0.008571 0.180851 0.006124
v 0.008387 0.181997 0.006382
v 0.007978 0.182863 0.006698
v 0.008530 0.181937 0.006857
v 0.008283 0.179640 0.006150
v 0.007346 0.182870 0.007838
v 0.006980 0.181671 0.007986
v 0.008197 0.179935 0.006450
v 0.007420 0.181304 0.008477
v 0.006777 0.179785 0.008171
v 0.007647 0.180469 0.007563
v 0.008222 0.180977 0.007139
v 0.007620 0.180894 0.007225
v 0.007505 0.179615 0.007662
v 0.007694 0.178747 0.007484
v 0.007899 0.178005 0.007232
v 0.007075 0.179017 0.008571
v 0.007392 0.177863 0.006938
v 0.007509 0.177487 0.008094
v 0.007196 0.177344 0.007874
v 0.007021 0.177728 0.008681
v 0.006312 0.177777 0.008463
v 0.006790 0.177587 0.010456
v 0.006093 0.177607 0.013470
v 0.005646 0.178175 0.015326
v 0.005107 0.177841 0.016700
v 0.005377 0.177274 0.014960
v 0.004171 0.176280 0.017348
v 0.003792 0.176955 0.018108
v 0.002881 0.177253 0.018538
v 0.003525 0.176672 0.018175
v 0.005878 0.176531 0.013086
v 0.005170 0.176183 0.014612
v 0.004311 0.175448 0.016476
v 0.003818 0.173175 0.015951
v 0.003882 0.175930 0.017681
v 0.004030 0.175120 0.017050
v 0.006062 0.175208 0.010121
v 0.004813 0.173948 0.013888
v 0.003331 0.175350 0.018209
v 0.005160 0.174908 0.009171
v 0.005292 0.174314 0.012557
v 0.004859 0.173547 0.012124
v 0.004186 0.173085 0.011619
v 0.005338 0.173294 0.008334
v 0.004428 0.173711 0.009459
v 0.006033 0.171156 0.007273
v 0.004997 0.171811 0.008926
v 0.007387 0.168909 0.006914
v 0.005944 0.169405 0.008286
v 0.007706 0.167542 0.007898
v 0.010368 0.166822 0.008022
v 0.013446 0.166321 0.008285
v 0.011106 0.165783 0.009571
v 0.014616 0.165506 0.009639
v 0.007915 0.166290 0.008864
v 0.005896 0.167842 0.009265
v 0.004740 0.169875 0.009675
v 0.003896 0.172308 0.009874
v 0.003778 0.172741 0.010970
v 0.003772 0.172494 0.012906
v 0.004482 0.173122 0.013477
v 0.003614 0.172222 0.015390
v 0.003393 0.172067 0.013870
v 0.002699 0.171918 0.012366
v 0.002460 0.171505 0.011715
v 0.003387 0.170578 0.010427
v 0.001111 0.171261 0.012708
v 0.002292 0.170596 0.011516
v 0.003058 0.168805 0.010960
v 0.001346 0.171446 0.013542
v 0.004595 0.168356 0.010392
v 0.005969 0.166491 0.009950
v 0.008506 0.165211 0.010564
v 0.012078 0.164912 0.011367
v 0.012813 0.163465 0.012271
v 0.015731 0.164266 0.010700
v 0.009119 0.164388 0.012613
v 0.009197 0.163017 0.013753
v 0.006846 0.164431 0.013105
v 0.006926 0.163147 0.014340
v 0.006067 0.165091 0.011117
v 0.004329 0.166977 0.011124
v 0.004668 0.164576 0.013355
v 0.004823 0.163264 0.014554
v 0.002921 0.162997 0.014463
v 0.004202 0.165402 0.012186
v 0.002861 0.164468 0.013383
v 0.001234 0.162629 0.014037
v 0.002933 0.167513 0.011477
v 0.002694 0.165558 0.012391
v 0.001300 0.164147 0.013113
v 0.000000 0.162412 0.013860
v 0.000000 0.164218 0.012985
v 0.000976 0.165764 0.012366
v 0.000000 0.165836 0.012405
v 0.000000 0.167844 0.012262
v 0.001309 0.167782 0.012041
v 0.001848 0.169091 0.011741
v 0.001035 0.169296 0.012250
v 0.001081 0.170512 0.012344
v 0.000000 0.170393 0.012739
v 0.000000 0.171139 0.013029
v 0.000000 0.171421 0.013637
v 0.000816 0.170931 0.015283
v 0.000000 0.171099 0.015037
v 0.000631 0.170567 0.017538
v 0.000000 0.170525 0.017514
v 0.000000 0.172466 0.019163
v 0.000595 0.172465 0.019060
v 0.001086 0.172247 0.018934
v 0.002021 0.171259 0.014644
v 0.002739 0.171217 0.015628
v 0.001582 0.170824 0.015637
v 0.003107 0.171756 0.016213
v 0.001365 0.170646 0.017414
v 0.002358 0.170856 0.016380
v 0.002703 0.171339 0.017016
v 0.003301 0.172370 0.016607
v 0.002799 0.171943 0.017369
v 0.001572 0.170976 0.018277
v 0.000868 0.170943 0.018392
v 0.001682 0.171590 0.018675
v 0.002799 0.171943 0.017369
v 0.003582 0.173568 0.016831
v 0.003443 0.171790 0.016305
v 0.003315 0.174915 0.018009
v 0.003200 0.172913 0.017182
v 0.002251 0.170706 0.017812
v 0.002953 0.174130 0.017866
v 0.002714 0.173829 0.018026
v 0.002183 0.172278 0.018270
v 0.001670 0.170605 0.018518
v 0.001613 0.172188 0.018690
v 0.002150 0.174909 0.018423
v 0.002236 0.174947 0.018201
v 0.002059 0.174995 0.018347
v 0.001961 0.173443 0.018415
v 0.001524 0.173434 0.018682
v 0.000595 0.172465 0.019060
v 0.001513 0.174594 0.019138
v 0.001441 0.175178 0.018967
v 0.000637 0.173602 0.018952
v 0.000000 0.171608 0.019184
v 0.000000 0.173670 0.018973
v 0.000000 0.174568 0.019638
v 0.000769 0.174516 0.019548
v 0.000768 0.175278 0.019184
v 0.000000 0.175259 0.019174
v -0.003389 0.193419 0.017314
v -0.001229 0.189627 0.019039
v -0.004468 0.189296 0.017142
v -0.005551 0.193266 0.016236
v -0.004092 0.196639 0.015766
v -0.006500 0.189028 0.014905
v -0.005970 0.196336 0.014773
v -0.004408 0.199934 0.014132
v -0.007123 0.192961 0.013992
v -0.007747 0.192781 0.012750
v -0.007197 0.188837 0.013514
v -0.007512 0.188685 0.012175
v -0.006402 0.199429 0.013298
v -0.006551 0.201047 0.012425
v -0.007964 0.202182 0.011054
v -0.007551 0.195915 0.013024
v -0.007448 0.199071 0.012524
v -0.007942 0.192590 0.011484
v -0.008016 0.188221 0.008770
v -0.008333 0.198801 0.011570
v -0.008220 0.195591 0.011706
v -0.008138 0.191735 0.008009
v -0.008025 0.187814 0.005367
v -0.008417 0.195300 0.010432
v -0.008244 0.191054 0.004534
v -0.007213 0.187438 0.002344
v -0.009187 0.201851 0.010027
v -0.009336 0.204214 0.009290
v -0.008745 0.198468 0.010490
v -0.008455 0.194313 0.007002
v -0.007338 0.190214 0.001308
v -0.004167 0.186986 -0.000289
v -0.010729 0.205793 0.007276
v -0.010083 0.206050 0.007882
v -0.011202 0.205300 0.006272
v -0.009552 0.201406 0.008969
v -0.008927 0.198069 0.009345
v -0.009640 0.200846 0.007896
v -0.011405 0.204630 0.005183
v -0.008871 0.196821 0.005936
v -0.009599 0.199359 0.004578
v -0.011206 0.202655 0.002251
v -0.008396 0.193336 0.003583
v -0.008711 0.195654 0.002476
v -0.009422 0.197869 0.001254
v -0.011007 0.200671 -0.000689
v -0.007613 0.192221 0.000142
v -0.008090 0.194179 -0.001165
v -0.008863 0.196030 -0.002458
v -0.010128 0.198425 -0.004126
v -0.006045 0.195567 -0.007670
v -0.005488 0.193987 -0.005544
v -0.002319 0.194500 -0.008590
v -0.004488 0.189405 -0.001225
v -0.001271 0.186760 -0.001398
v -0.004759 0.191138 -0.002431
v -0.005070 0.192604 -0.003852
v -0.002155 0.193029 -0.006606
v -0.000000 0.194499 -0.008585
v -0.001975 0.191805 -0.004984
v -0.001772 0.190449 -0.003467
v -0.001574 0.188927 -0.002522
v -0.000000 0.193026 -0.006606
v 0.000000 0.188898 -0.002534
v 0.000000 0.186736 -0.001466
v 0.001271 0.186760 -0.001398
v 0.000000 0.191797 -0.004985
v 0.000000 0.190432 -0.003466
v 0.002155 0.193029 -0.006606
v 0.002319 0.194500 -0.008590
v 0.001574 0.188927 -0.002522
v 0.001975 0.191805 -0.004984
v 0.001772 0.190449 -0.003467
v 0.004488 0.189405 -0.001225
v 0.004167 0.186986 -0.000289
v 0.005488 0.193987 -0.005544
v 0.006045 0.195567 -0.007670
v 0.005070 0.192604 -0.003852
v 0.004759 0.191138 -0.002431
v 0.007338 0.190214 0.001308
v 0.007213 0.187438 0.002344
v 0.008863 0.196030 -0.002458
v 0.010128 0.198425 -0.004126
v 0.011007 0.200671 -0.000689
v 0.008090 0.194179 -0.001165
v 0.007613 0.192221 0.000142
v 0.009422 0.197869 0.001254
v 0.011206 0.202655 0.002251
v 0.008244 0.191054 0.004534
v 0.008025 0.187814 0.005367
v 0.008396 0.193336 0.003583
v 0.008711 0.195654 0.002476
v 0.009599 0.199359 0.004578
v 0.011405 0.204630 0.005183
v 0.008138 0.191735 0.008009
v 0.008016 0.188221 0.008770
v 0.008455 0.194313 0.007002
v 0.008871 0.196821 0.005936
v 0.009640 0.200846 0.007896
v 0.011202 0.205300 0.006272
v 0.007942 0.192590 0.011484
v 0.007512 0.188685 0.012175
v 0.008927 0.198069 0.009345
v 0.008417 0.195300 0.010432
v 0.009552 0.201406 0.008969
v 0.007747 0.192781 0.012750
v 0.007197 0.188837 0.013514
v 0.006500 0.189028 0.014905
v 0.008220 0.195591 0.011706
v 0.008745 0.198468 0.010490
v 0.009187 0.201851 0.010027
v 0.010729 0.205793 0.007276
v 0.008333 0.198801 0.011570
v 0.009336 0.204214 0.009290
v 0.010083 0.206050 0.007882
v 0.007964 0.202182 0.011054
v 0.007551 0.195915 0.013024
v 0.007448 0.199071 0.012524
v 0.007123 0.192961 0.013992
v 0.006402 0.199429 0.013298
v 0.006551 0.201047 0.012425
v 0.004408 0.199934 0.014132
v 0.005970 0.196336 0.014773
v 0.004092 0.196639 0.015766
v 0.005551 0.193266 0.016236
v 0.004468 0.189296 0.017142
v 0.003389 0.193419 0.017314
v 0.001229 0.189627 0.019039
v -0.001328 0.189653 0.019337
v -0.001229 0.189627 0.019039
v -0.003389 0.193419 0.017314
v -0.003481 0.193491 0.017610
v -0.004583 0.189279 0.017433
v -0.004092 0.196639 0.015766
v -0.005684 0.193329 0.016503
v -0.006681 0.188968 0.015127
v -0.004180 0.196840 0.016027
v -0.004408 0.199934 0.014132
v -0.004492 0.200152 0.014387
v -0.006551 0.201047 0.012425
v -0.006096 0.196486 0.015024
v -0.007311 0.192954 0.014203
v -0.006635 0.201290 0.012670
v -0.007964 0.202182 0.011054
v -0.008099 0.202307 0.011306
v -0.009336 0.204214 0.009290
v -0.006502 0.199632 0.013551
v -0.007967 0.192714 0.012892
v -0.007411 0.188755 0.013669
v -0.007744 0.188590 0.012263
v -0.007731 0.195936 0.013244
v -0.007592 0.199184 0.012770
v -0.008177 0.192490 0.011552
v -0.008258 0.188178 0.008798
v -0.008520 0.198820 0.011780
v -0.008442 0.195518 0.011841
v -0.008380 0.191662 0.008035
v -0.008264 0.187738 0.005332
v -0.008650 0.195174 0.010494
v -0.008482 0.190960 0.004500
v -0.007406 0.187286 0.002179
v -0.008967 0.198370 0.010618
v -0.008691 0.194189 0.007028
v -0.007524 0.190006 0.001163
v -0.004264 0.186758 -0.000533
v -0.009155 0.197910 0.009411
v -0.009767 0.201248 0.009098
v -0.008630 0.193200 0.003556
v -0.004588 0.189113 -0.001431
v -0.001307 0.186487 -0.001647
v -0.009098 0.196638 0.005968
v -0.007792 0.191936 0.000043
v -0.009368 0.201854 0.010248
v -0.009853 0.200622 0.007974
v -0.008930 0.195438 0.002482
v -0.009489 0.204309 0.009531
v -0.010083 0.206050 0.007882
v -0.011408 0.205127 0.006421
v -0.009803 0.199094 0.004638
v -0.010921 0.205778 0.007481
v -0.010232 0.206185 0.008116
v -0.010729 0.205793 0.007276
v -0.011202 0.205300 0.006272
v -0.011405 0.204630 0.005183
v -0.011602 0.204368 0.005285
v -0.011206 0.202655 0.002251
v -0.011393 0.202350 0.002332
v -0.011007 0.200671 -0.000689
v -0.009614 0.197567 0.001304
v -0.011183 0.200336 -0.000618
v -0.010128 0.198425 -0.004126
v -0.008258 0.193839 -0.001217
v -0.009018 0.195655 -0.002478
v -0.010282 0.198046 -0.004134
v -0.006045 0.195567 -0.007670
v -0.006130 0.195136 -0.007749
v -0.002319 0.194500 -0.008590
v -0.005571 0.193560 -0.005631
v -0.002348 0.194063 -0.008703
v -0.000000 0.194499 -0.008585
v -0.004853 0.190769 -0.002581
v -0.005158 0.192194 -0.003960
v -0.002185 0.192593 -0.006722
v 0.000000 0.194063 -0.008705
v 0.002319 0.194500 -0.008590
v -0.002005 0.191378 -0.005111
v -0.001806 0.190073 -0.003646
v 0.000000 0.192590 -0.006727
v 0.002348 0.194063 -0.008703
v 0.006045 0.195567 -0.007670
v -0.001612 0.188624 -0.002754
v -0.000000 0.191372 -0.005119
v 0.002185 0.192593 -0.006722
v 0.006130 0.195136 -0.007749
v 0.010128 0.198425 -0.004126
v -0.000000 0.188610 -0.002779
v 0.000000 0.186474 -0.001724
v 0.001307 0.186487 -0.001647
v 0.000000 0.190065 -0.003658
v 0.002005 0.191378 -0.005111
v 0.005571 0.193560 -0.005631
v 0.010282 0.198046 -0.004134
v 0.011007 0.200671 -0.000689
v 0.001612 0.188624 -0.002754
v 0.001806 0.190073 -0.003646
v 0.004588 0.189113 -0.001431
v 0.004264 0.186758 -0.000533
v 0.005158 0.192194 -0.003960
v 0.004853 0.190769 -0.002581
v 0.011183 0.200336 -0.000618
v 0.011206 0.202655 0.002251
v 0.007524 0.190006 0.001163
v 0.007406 0.187286 0.002179
v 0.008258 0.193839 -0.001217
v 0.007792 0.191936 0.000043
v 0.008482 0.190960 0.004500
v 0.008264 0.187738 0.005332
v 0.008630 0.193200 0.003556
v 0.008380 0.191662 0.008035
v 0.008258 0.188178 0.008798
v 0.009018 0.195655 -0.002478
v 0.008930 0.195438 0.002482
v 0.009614 0.197567 0.001304
v 0.008691 0.194189 0.007028
v 0.008177 0.192490 0.011552
v 0.007744 0.188590 0.012263
v 0.011393 0.202350 0.002332
v 0.011405 0.204630 0.005183
v 0.009803 0.199094 0.004638
v 0.009098 0.196638 0.005968
v 0.011602 0.204368 0.005285
v 0.011202 0.205300 0.006272
v 0.008650 0.195174 0.010494
v 0.007967 0.192714 0.012892
v 0.007411 0.188755 0.013669
v 0.006681 0.188968 0.015127
v 0.009853 0.200622 0.007974
v 0.011408 0.205127 0.006421
v 0.010729 0.205793 0.007276
v 0.009155 0.197910 0.009411
v 0.008442 0.195518 0.011841
v 0.009767 0.201248 0.009098
v 0.008967 0.198370 0.010618
v 0.010921 0.205778 0.007481
v 0.010083 0.206050 0.007882
v 0.008520 0.198820 0.011780
v 0.009368 0.201854 0.010248
v 0.008099 0.202307 0.011306
v 0.007731 0.195936 0.013244
v 0.010232 0.206185 0.008116
v 0.009336 0.204214 0.009290
v 0.009489 0.204309 0.009531
v 0.007964 0.202182 0.011054
v 0.006551 0.201047 0.012425
v 0.007311 0.192954 0.014203
v 0.007592 0.199184 0.012770
v 0.006635 0.201290 0.012670
v 0.004408 0.199934 0.014132
v 0.005684 0.193329 0.016503
v 0.004583 0.189279 0.017433
v 0.006096 0.196486 0.015024
v 0.006502 0.199632 0.013551
v 0.004492 0.200152 0.014387
v 0.004092 0.196639 0.015766
v 0.004180 0.196840 0.016027
v 0.003389 0.193419 0.017314
v 0.003481 0.193491 0.017610
v 0.001328 0.189653 0.019337
v 0.001229 0.189627 0.019039
v -0.004884 0.191652 0.017451
v -0.004474 0.191939 0.017788
v -0.004918 0.193080 0.017372
v -0.004063 0.191403 0.018123
v -0.004499 0.190704 0.017867
v -0.003546 0.191013 0.018461
v -0.003857 0.190165 0.018367
v -0.002617 0.190462 0.018934
v -0.003326 0.189807 0.018714
v -0.001953 0.189177 0.019240
v -0.002982 0.189154 0.018934
v -0.002233 0.188021 0.019296
v -0.003112 0.188645 0.018925
v -0.003129 0.187418 0.019045
v -0.003429 0.188405 0.018798
v -0.004069 0.187432 0.018515
v -0.003765 0.188387 0.018612
v -0.004708 0.188241 0.017939
v -0.004014 0.188640 0.018451
v -0.004703 0.189085 0.017856
v -0.003711 0.188854 0.018619
v -0.003707 0.188992 0.018607
v -0.003780 0.189097 0.018552
v -0.003876 0.189072 0.018496
v -0.004204 0.189879 0.018180
v -0.005015 0.190518 0.017425
v -0.003994 0.188944 0.018433
v -0.005308 0.190034 0.017140
v -0.005491 0.191041 0.016853
v -0.005672 0.190684 0.016625
v -0.005981 0.191461 0.016154
v 0.005491 0.191041 0.016853
v 0.005673 0.190684 0.016625
v 0.005981 0.191461 0.016154
v 0.005308 0.190034 0.017140
v 0.005015 0.190518 0.017425
v 0.004703 0.189085 0.017856
v 0.004204 0.189879 0.018180
v 0.004104 0.189475 0.018660
v 0.003326 0.189807 0.018714
v 0.004572 0.188921 0.018384
v 0.004517 0.188491 0.018471
v 0.004708 0.188241 0.017939
v 0.004090 0.187970 0.018840
v 0.004069 0.187432 0.018515
v 0.003423 0.187978 0.019214
v 0.003129 0.187418 0.019045
v 0.002792 0.188416 0.019435
v 0.002233 0.188021 0.019296
v 0.002519 0.189217 0.019442
v 0.001954 0.189177 0.019240
v 0.003018 0.190179 0.019159
v 0.002617 0.190462 0.018934
v 0.002982 0.189154 0.018934
v 0.003113 0.188645 0.018925
v 0.003430 0.188405 0.018798
v 0.003766 0.188387 0.018612
v 0.003870 0.190620 0.018715
v 0.003547 0.191013 0.018461
v 0.003857 0.190165 0.018367
v 0.004499 0.190704 0.017867
v 0.004489 0.191079 0.018238
v 0.004063 0.191403 0.018123
v 0.004884 0.191652 0.017451
v 0.004853 0.191812 0.017773
v 0.004474 0.191939 0.017788
v 0.004918 0.193080 0.017372
v 0.003789 0.188601 0.018943
v 0.004014 0.188640 0.018451
v 0.003994 0.188944 0.018433
v 0.003592 0.188802 0.019029
v 0.003876 0.189072 0.018496
v 0.003523 0.189124 0.019032
v 0.003792 0.189446 0.018853
v 0.003781 0.189097 0.018552
v 0.003707 0.188992 0.018607
v 0.003711 0.188854 0.018619
v 0.003798 0.188730 0.018580
v -0.062710 0.102090 0.018341
v -0.063223 0.101663 0.019055
v -0.063650 0.101844 0.019126
v -0.063412 0.102449 0.018222
v -0.063887 0.102964 0.018552
v -0.063943 0.102216 0.019204
v -0.062712 0.105519 0.017356
v -0.062233 0.104859 0.016869
v -0.061432 0.104307 0.017042
v -0.062118 0.106936 0.016667
v -0.061800 0.106519 0.016010
v -0.060753 0.105521 0.016105
v -0.062833 0.107531 0.016449
v -0.060981 0.106391 0.015258
v -0.059232 0.106649 0.015502
v -0.063056 0.106832 0.015503
v -0.064707 0.106312 0.017033
v -0.060254 0.107438 0.013442
v -0.064519 0.105891 0.016185
v -0.065405 0.105508 0.017377
v -0.058838 0.108411 0.012576
v -0.061634 0.108041 0.012397
v -0.058034 0.108516 0.014082
v -0.063144 0.106769 0.014339
v -0.065295 0.105234 0.016591
v -0.066680 0.103661 0.018115
v -0.057601 0.110022 0.012310
v -0.057423 0.109711 0.013564
v -0.056796 0.112431 0.012827
v -0.059914 0.108967 0.011367
v -0.058440 0.110349 0.010905
v -0.057048 0.112297 0.010269
v -0.060445 0.109319 0.010138
v -0.064828 0.105866 0.015266
v -0.066372 0.103573 0.017295
v -0.067854 0.101494 0.018462
v -0.065605 0.105260 0.015813
v -0.065661 0.106112 0.014534
v -0.063725 0.106789 0.013537
v -0.063796 0.107058 0.012540
v -0.066192 0.105604 0.015412
v -0.066709 0.103618 0.016443
v -0.067670 0.101197 0.017812
v -0.068830 0.099121 0.018070
v -0.069140 0.099134 0.018451
v -0.067947 0.101194 0.017074
v -0.069072 0.099023 0.017631
v -0.069562 0.098948 0.017988
v -0.067337 0.103855 0.016010
v -0.069313 0.099185 0.017235
v -0.069756 0.099242 0.017408
v -0.069109 0.101759 0.016781
v -0.068555 0.101340 0.016637
v -0.068005 0.104128 0.016210
v -0.066808 0.106094 0.015574
v -0.066632 0.106541 0.015165
v -0.067252 0.105937 0.015087
v -0.066777 0.105427 0.014475
v -0.068456 0.103341 0.014918
v -0.068962 0.103673 0.015483
v -0.070948 0.099699 0.015770
v -0.070579 0.099479 0.015334
v -0.071592 0.098682 0.015653
v -0.068531 0.103178 0.014118
v -0.066799 0.105197 0.013547
v -0.065671 0.105964 0.013202
v -0.071265 0.098581 0.015407
v -0.071448 0.098434 0.014937
v -0.071963 0.098491 0.015139
v -0.072102 0.098767 0.014548
v -0.070641 0.099349 0.014654
v -0.068988 0.103315 0.013497
v -0.071111 0.099512 0.014133
v -0.071666 0.098616 0.014461
v -0.071715 0.099815 0.014122
v -0.069691 0.103628 0.013454
v -0.067245 0.105489 0.012872
v -0.068018 0.105934 0.012872
v -0.066229 0.105989 0.012194
v -0.067564 0.106177 0.012569
v -0.067662 0.105629 0.012327
v -0.063832 0.107134 0.011317
v -0.066855 0.105315 0.011948
v -0.068544 0.103364 0.012333
v -0.061827 0.108361 0.010658
v -0.067816 0.103330 0.011986
v -0.069799 0.098822 0.011847
v -0.065645 0.105938 0.010821
v -0.063893 0.107156 0.010046
v -0.061940 0.108365 0.009258
v -0.060597 0.109244 0.008792
v -0.066473 0.105161 0.011095
v -0.066045 0.106036 0.009600
v -0.064191 0.107282 0.008848
v -0.062281 0.108535 0.008053
v -0.061054 0.109571 0.007626
v -0.069391 0.098813 0.011688
v -0.067570 0.103223 0.011285
v -0.069395 0.098710 0.011235
v -0.069938 0.098622 0.011276
v -0.069917 0.098851 0.010707
v -0.069465 0.098829 0.010806
v -0.067848 0.103287 0.010584
v -0.068529 0.103350 0.010243
v -0.066788 0.105260 0.010306
v -0.067500 0.105571 0.010102
v -0.067098 0.106095 0.009806
v -0.066710 0.103657 0.009123
v -0.067259 0.103817 0.009471
v -0.067060 0.100191 0.008791
v -0.066949 0.100104 0.008351
v -0.065751 0.106371 0.008380
v -0.066483 0.103732 0.008487
v -0.066798 0.103904 0.007857
v -0.066962 0.100270 0.007915
v -0.064590 0.107603 0.007874
v -0.066183 0.106835 0.007777
v -0.062837 0.109010 0.007141
v -0.065139 0.108105 0.007316
v -0.061702 0.110163 0.006807
v -0.063552 0.109702 0.006659
v -0.062429 0.110962 0.006392
v -0.067370 0.104166 0.007608
v -0.066810 0.107274 0.007732
v -0.065795 0.108712 0.007370
v -0.064345 0.110521 0.006842
v -0.067973 0.104275 0.007957
v -0.067734 0.100282 0.007863
v -0.067444 0.107551 0.008103
v -0.068227 0.104214 0.008608
v -0.066433 0.109208 0.007918
v -0.063182 0.111860 0.006595
v -0.061747 0.113298 0.006467
v -0.067858 0.100146 0.008276
v -0.066962 0.100270 0.007915
v -0.066949 0.100104 0.008351
v -0.067060 0.100191 0.008791
v -0.067820 0.100233 0.008695
v -0.067897 0.104138 0.009278
v -0.067259 0.103817 0.009471
v -0.067792 0.107226 0.010017
v -0.067098 0.106095 0.009806
v -0.067500 0.105571 0.010102
v -0.067910 0.107582 0.008916
v -0.066834 0.109470 0.008885
v -0.065037 0.111193 0.007570
v -0.065433 0.111596 0.008625
v -0.063858 0.112646 0.007294
v -0.066935 0.109547 0.010064
v -0.067037 0.109726 0.011290
v -0.065474 0.111742 0.009850
v -0.062433 0.114041 0.007136
v -0.064177 0.113149 0.008364
v -0.062635 0.114731 0.008023
v -0.064198 0.113345 0.009608
v -0.065423 0.111829 0.011024
v -0.062653 0.115073 0.009340
v -0.064126 0.113368 0.010820
v -0.065232 0.111844 0.012213
v -0.060797 0.116066 0.007536
v -0.061181 0.116737 0.009036
v -0.062550 0.114988 0.010753
v -0.063949 0.113217 0.012013
v -0.061318 0.115004 0.006998
v -0.060966 0.116567 0.010921
v -0.062477 0.114483 0.012135
v -0.060454 0.115286 0.013300
v -0.059630 0.118156 0.010855
v -0.062352 0.114126 0.013074
v -0.060024 0.118313 0.008823
v -0.063692 0.112974 0.013147
v -0.064900 0.111757 0.013447
v -0.059480 0.117720 0.007063
v -0.062028 0.113798 0.013811
v -0.057964 0.120846 0.007890
v -0.057116 0.119997 0.006055
v -0.058114 0.116677 0.006294
v -0.055570 0.118781 0.005196
v -0.059514 0.115491 0.006728
v -0.060700 0.114547 0.006620
v -0.060196 0.113653 0.006448
v -0.058575 0.114153 0.006867
v -0.056733 0.115598 0.006496
v -0.060108 0.112490 0.006496
v -0.053922 0.117504 0.005491
v -0.061271 0.112156 0.006294
v -0.060676 0.111377 0.006539
v -0.059978 0.110807 0.007277
v -0.059119 0.112292 0.007036
v -0.059423 0.110432 0.008405
v -0.058379 0.111804 0.008175
v -0.059131 0.110432 0.009694
v -0.058160 0.111449 0.009335
v -0.057294 0.113242 0.008197
v -0.055569 0.114698 0.007939
v -0.052686 0.116805 0.007346
v -0.048872 0.119697 0.007111
v -0.049919 0.120027 0.004578
v -0.045927 0.122425 0.003533
v -0.045743 0.122145 0.007010
v -0.051699 0.121498 0.003354
v -0.047446 0.124271 0.001374
v -0.053696 0.123287 0.003636
v -0.042624 0.125077 0.003127
v -0.042886 0.124924 0.006919
v -0.040154 0.128040 0.006354
v -0.043556 0.127417 0.000376
v -0.049826 0.126469 0.001102
v -0.055024 0.124749 0.005483
v -0.057732 0.121043 0.010116
v -0.039637 0.128124 0.003077
v -0.040812 0.130175 -0.000321
v -0.038228 0.130837 0.002489
v -0.038701 0.130970 0.005555
v -0.039582 0.132022 -0.000721
v -0.037290 0.132684 0.001905
v -0.037401 0.132841 0.005082
v -0.038752 0.133632 -0.000438
v -0.035640 0.134480 0.001686
v -0.035514 0.134382 0.004749
v -0.032859 0.136185 0.000937
v -0.032745 0.135989 0.004125
v -0.037260 0.135681 -0.000544
v -0.030268 0.138769 0.000678
v -0.029717 0.137977 0.003967
v -0.027061 0.141147 0.000592
v -0.026686 0.140730 0.004142
v -0.023311 0.144325 0.004641
v -0.041029 0.135680 -0.001268
v -0.039567 0.137637 -0.000979
v -0.041929 0.134165 -0.001892
v -0.043208 0.132362 -0.001585
v -0.045959 0.129704 -0.000316
v -0.051780 0.128383 0.003004
v -0.048648 0.131718 0.001202
v -0.055039 0.125375 0.008237
v -0.052534 0.129345 0.006266
v -0.056420 0.120511 0.011949
v -0.053955 0.125063 0.010686
v -0.058383 0.117477 0.012948
v -0.054555 0.119405 0.012796
v -0.056595 0.116232 0.013500
v -0.045944 0.134778 0.000227
v -0.050065 0.133006 0.004720
v -0.051729 0.128893 0.009511
v -0.044270 0.136426 0.000258
v -0.047527 0.136362 0.003680
v -0.043147 0.137802 0.000324
v -0.052075 0.123860 0.011878
v -0.049394 0.132600 0.008351
v -0.045717 0.137757 0.003154
v -0.041505 0.139413 0.000325
v -0.050234 0.127545 0.011149
v -0.050173 0.122256 0.011540
v -0.046899 0.136002 0.007186
v -0.044159 0.138771 0.003058
v -0.047826 0.131147 0.010615
v -0.045145 0.137580 0.006632
v -0.037646 0.140350 -0.001896
v -0.052920 0.118004 0.011989
v -0.048389 0.125634 0.011244
v -0.045344 0.134570 0.009586
v -0.034746 0.137927 -0.001341
v -0.032173 0.140711 -0.002166
v -0.029016 0.143627 -0.002677
v -0.035189 0.143338 -0.002987
v -0.045982 0.129032 0.010945
v -0.039683 0.142025 -0.000345
v -0.042510 0.140389 0.002952
v -0.037379 0.145031 -0.000733
v -0.032546 0.146819 -0.003900
v -0.029095 0.150125 -0.003439
v -0.025203 0.146969 -0.002259
v -0.040582 0.142802 0.002744
v -0.035055 0.148516 -0.001027
v -0.023765 0.144099 0.000887
v -0.021794 0.146790 0.000937
v -0.021660 0.146425 0.003597
v -0.021663 0.146765 0.006073
v -0.021183 0.148944 0.000152
v -0.023239 0.149997 -0.002586
v -0.026312 0.152747 -0.002896
v -0.029552 0.154748 -0.000621
v -0.031661 0.151422 -0.000316
v -0.038370 0.145778 0.002799
v -0.032570 0.151762 0.003474
v -0.030385 0.154662 0.003521
v -0.029543 0.153878 0.007921
v -0.035376 0.148580 0.003145
v -0.031592 0.151457 0.007455
v -0.025649 0.151629 0.010918
v -0.034877 0.148676 0.007378
v -0.028484 0.149701 0.009732
v -0.023099 0.149457 0.010270
v -0.038140 0.145589 0.006904
v -0.032303 0.146989 0.010242
v -0.025822 0.147554 0.010647
v -0.040213 0.142552 0.005970
v -0.035790 0.143820 0.009579
v -0.041887 0.140121 0.005643
v -0.023732 0.144917 0.008610
v -0.021937 0.147720 0.008638
v -0.029326 0.144390 0.010912
v -0.038293 0.141103 0.008458
v -0.043595 0.138598 0.005921
v -0.023311 0.144325 0.004641
v -0.021663 0.146765 0.006073
v -0.026686 0.140730 0.004142
v -0.027092 0.141719 0.008194
v -0.029717 0.137977 0.003967
v -0.032872 0.141301 0.010473
v -0.030569 0.139052 0.007575
v -0.035823 0.138868 0.009716
v -0.033731 0.136932 0.007618
v -0.032745 0.135989 0.004125
v -0.040280 0.138944 0.007728
v -0.036960 0.135440 0.008108
v -0.035514 0.134382 0.004749
v -0.038711 0.137314 0.008938
v -0.042337 0.137518 0.007500
v -0.038966 0.133990 0.008142
v -0.037401 0.132841 0.005082
v -0.040737 0.135744 0.008507
v -0.040324 0.132329 0.008028
v -0.038701 0.130970 0.005555
v -0.043925 0.136503 0.008485
v -0.042226 0.134305 0.008858
v -0.041807 0.129789 0.008524
v -0.040154 0.128040 0.006354
v -0.042886 0.124924 0.006919
v -0.043590 0.132298 0.009888
v -0.044256 0.126522 0.009224
v -0.046834 0.123638 0.009530
v -0.045743 0.122145 0.007010
v -0.048872 0.119697 0.007111
v -0.048944 0.120642 0.009784
v -0.052686 0.116805 0.007346
v -0.052241 0.116985 0.010002
v -0.054976 0.114275 0.010132
v -0.055569 0.114698 0.007939
v -0.055309 0.114970 0.012395
v -0.057048 0.112297 0.010269
v -0.057294 0.113242 0.008197
v -0.056796 0.112431 0.012827
v -0.057962 0.113806 0.014401
v -0.057192 0.110784 0.014361
v -0.057423 0.109711 0.013564
v -0.058034 0.108516 0.014082
v -0.057692 0.109358 0.015321
v -0.059232 0.106649 0.015502
v -0.057652 0.111745 0.015080
v -0.058342 0.110702 0.016050
v -0.059490 0.112070 0.015832
v -0.058811 0.107798 0.016672
v -0.060804 0.112992 0.015154
v -0.059867 0.105633 0.016824
v -0.060753 0.105521 0.016105
v -0.059564 0.108880 0.017229
v -0.059878 0.106452 0.017695
v -0.060804 0.104198 0.017824
v -0.061432 0.104307 0.017042
v -0.062272 0.102166 0.018871
v -0.062710 0.102090 0.018341
v -0.060813 0.104633 0.018760
v -0.060586 0.107215 0.018037
v -0.062987 0.101720 0.019433
v -0.063223 0.101663 0.019055
v -0.063650 0.101844 0.019126
v -0.060928 0.109366 0.017092
v -0.061461 0.107510 0.017837
v -0.061541 0.105373 0.019188
v -0.062346 0.102533 0.019295
v -0.062909 0.102009 0.019670
v -0.063263 0.102199 0.019822
v -0.063513 0.101878 0.019626
v -0.063892 0.102357 0.019584
v -0.063943 0.102216 0.019204
v -0.063887 0.102964 0.018552
v -0.062810 0.102977 0.019542
v -0.062418 0.105950 0.018924
v -0.063398 0.103314 0.019452
v -0.063612 0.102508 0.019784
v -0.063868 0.103307 0.019117
v -0.062802 0.105932 0.018099
v -0.062712 0.105519 0.017356
v -0.062019 0.107377 0.017326
v -0.062118 0.106936 0.016667
v -0.061990 0.108612 0.016811
v -0.062833 0.107531 0.016449
v -0.061745 0.111209 0.015950
v -0.062812 0.109873 0.016494
v -0.062511 0.112087 0.015266
v -0.063152 0.112592 0.014236
v -0.063623 0.110772 0.015841
v -0.064297 0.111369 0.014660
v -0.064037 0.108160 0.017015
v -0.065036 0.109206 0.016589
v -0.065307 0.106974 0.017477
v -0.064707 0.106312 0.017033
v -0.065803 0.109625 0.015241
v -0.066001 0.106054 0.017713
v -0.065405 0.105508 0.017377
v -0.066259 0.107629 0.017021
v -0.067009 0.107515 0.015552
v -0.066788 0.106550 0.017179
v -0.067983 0.107999 0.014322
v -0.066568 0.109935 0.013953
v -0.067418 0.103980 0.018427
v -0.066680 0.103661 0.018115
v -0.066821 0.109771 0.012569
v -0.068071 0.107523 0.012741
v -0.068296 0.107607 0.011350
v -0.068452 0.101871 0.018651
v -0.067854 0.101494 0.018462
v -0.069140 0.099134 0.018451
v -0.068196 0.104380 0.017889
v -0.068273 0.106035 0.010388
v -0.068641 0.106258 0.011319
v -0.069367 0.103360 0.010423
v -0.068529 0.103350 0.010243
v -0.069677 0.103398 0.011277
v -0.070246 0.099069 0.010836
v -0.069917 0.098851 0.010707
v -0.070297 0.098981 0.011329
v -0.069938 0.098622 0.011276
v -0.069799 0.098822 0.011847
v -0.068377 0.106062 0.012146
v -0.069347 0.103375 0.012106
v -0.070138 0.099045 0.011786
v -0.068544 0.103364 0.012333
v -0.067662 0.105629 0.012327
v -0.067564 0.106177 0.012569
v -0.068018 0.105934 0.012872
v -0.068586 0.106573 0.013335
v -0.069691 0.103628 0.013454
v -0.068579 0.106759 0.014438
v -0.070262 0.104082 0.013856
v -0.071879 0.099987 0.014473
v -0.071715 0.099815 0.014122
v -0.072102 0.098767 0.014548
v -0.070220 0.104219 0.014809
v -0.067929 0.106506 0.015173
v -0.071702 0.100009 0.015175
v -0.069666 0.104009 0.015523
v -0.067252 0.105937 0.015087
v -0.066632 0.106541 0.015165
v -0.068962 0.103673 0.015483
v -0.066808 0.106094 0.015574
v -0.071295 0.099904 0.015671
v -0.070948 0.099699 0.015770
v -0.071592 0.098682 0.015653
v -0.072159 0.098901 0.015304
v -0.071846 0.098965 0.015687
v -0.071963 0.098491 0.015139
v -0.072285 0.099008 0.014798
v -0.067176 0.106555 0.016187
v -0.068564 0.104348 0.016950
v -0.068005 0.104128 0.016210
v -0.069153 0.102108 0.018199
v -0.069408 0.102098 0.017395
v -0.069109 0.101759 0.016781
v -0.069756 0.099242 0.017408
v -0.069499 0.099361 0.018614
v -0.069894 0.099325 0.018245
v -0.069562 0.098948 0.017988
v -0.070033 0.099457 0.017730
v 0.002390 0.176697 0.018862
v 0.001559 0.177760 0.019637
v 0.001910 0.178426 0.019801
v 0.000981 0.178435 0.020030
v -0.008389 0.182144 0.005627
v -0.008550 0.183076 0.006485
v -0.008008 0.184040 0.006956
v -0.007809 0.183109 0.008313
v -0.008295 0.180821 0.005487
v -0.007240 0.179849 0.006049
v -0.007972 0.179610 0.005943
v -0.008747 0.180813 0.005806
v -0.008746 0.182083 0.006056
v -0.007392 0.177863 0.006938
v -0.007509 0.177487 0.008094
v -0.007899 0.178005 0.007232
v -0.008283 0.179640 0.006150
v -0.007694 0.178747 0.007484
v -0.008571 0.180851 0.006124
v -0.008530 0.181937 0.006857
v -0.008197 0.179935 0.006450
v -0.007762 0.179399 0.007673
v -0.008326 0.180248 0.006816
v -0.006777 0.179785 0.008171
v -0.007758 0.183115 0.007076
v -0.008104 0.181494 0.007388
v -0.007420 0.181304 0.008477
v -0.008088 0.180426 0.007096
v -0.006980 0.181671 0.007986
v -0.007342 0.182503 0.008094
v -0.007373 0.181292 0.007472
v -0.007346 0.182870 0.007838
v 0.057192 0.110784 0.014361
v 0.057423 0.109711 0.013564
v 0.058034 0.108516 0.014082
v 0.057692 0.109358 0.015321
v 0.059232 0.106649 0.015502
v 0.057652 0.111745 0.015080
v 0.058342 0.110702 0.016050
v 0.058811 0.107798 0.016672
v 0.059490 0.112070 0.015832
v 0.059867 0.105633 0.016824
v 0.060753 0.105521 0.016105
v 0.059564 0.108880 0.017229
v 0.059878 0.106452 0.017695
v 0.060804 0.104198 0.017824
v 0.061432 0.104307 0.017042
v 0.062272 0.102166 0.018871
v 0.062710 0.102090 0.018341
v 0.060813 0.104633 0.018760
v 0.060586 0.107215 0.018037
v 0.062987 0.101720 0.019433
v 0.063223 0.101663 0.019055
v 0.063650 0.101844 0.019126
v 0.061461 0.107510 0.017837
v 0.061541 0.105373 0.019188
v 0.062346 0.102533 0.019295
v 0.062909 0.102009 0.019670
v 0.063263 0.102199 0.019822
v 0.063513 0.101878 0.019626
v 0.063892 0.102357 0.019584
v 0.063943 0.102216 0.019204
v 0.063887 0.102964 0.018552
v 0.062810 0.102977 0.019542
v 0.062418 0.105950 0.018924
v 0.063398 0.103314 0.019452
v 0.063612 0.102508 0.019784
v 0.063868 0.103307 0.019117
v 0.062802 0.105932 0.018099
v 0.062712 0.105519 0.017356
v 0.062019 0.107377 0.017326
v 0.062118 0.106936 0.016667
v 0.060928 0.109366 0.017092
v 0.061990 0.108612 0.016811
v 0.062833 0.107531 0.016449
v 0.061745 0.111209 0.015950
v 0.062812 0.109873 0.016494
v 0.060804 0.112992 0.015154
v 0.062511 0.112087 0.015266
v 0.062028 0.113798 0.013811
v 0.062352 0.114126 0.013074
v 0.063692 0.112974 0.013147
v 0.063152 0.112592 0.014236
v 0.063623 0.110772 0.015841
v 0.064037 0.108160 0.017015
v 0.064297 0.111369 0.014660
v 0.063949 0.113217 0.012013
v 0.065307 0.106974 0.017477
v 0.064707 0.106312 0.017033
v 0.065036 0.109206 0.016589
v 0.064900 0.111757 0.013447
v 0.064126 0.113368 0.010820
v 0.066001 0.106054 0.017713
v 0.065405 0.105508 0.017377
v 0.065803 0.109625 0.015241
v 0.065232 0.111844 0.012213
v 0.064198 0.113345 0.009608
v 0.066259 0.107629 0.017021
v 0.067009 0.107515 0.015552
v 0.066788 0.106550 0.017179
v 0.067983 0.107999 0.014322
v 0.066568 0.109935 0.013953
v 0.065423 0.111829 0.011024
v 0.067037 0.109726 0.011290
v 0.065474 0.111742 0.009850
v 0.066821 0.109771 0.012569
v 0.068071 0.107523 0.012741
v 0.068586 0.106573 0.013335
v 0.066935 0.109547 0.010064
v 0.067792 0.107226 0.010017
v 0.068296 0.107607 0.011350
v 0.066834 0.109470 0.008885
v 0.066433 0.109208 0.007918
v 0.068579 0.106759 0.014438
v 0.067910 0.107582 0.008916
v 0.065795 0.108712 0.007370
v 0.067444 0.107551 0.008103
v 0.066183 0.106835 0.007777
v 0.066810 0.107274 0.007732
v 0.066483 0.103732 0.008487
v 0.066798 0.103904 0.007857
v 0.066710 0.103657 0.009123
v 0.067370 0.104166 0.007608
v 0.066949 0.100104 0.008351
v 0.066962 0.100270 0.007915
v 0.067060 0.100191 0.008791
v 0.067259 0.103817 0.009471
v 0.067098 0.106095 0.009806
v 0.067500 0.105571 0.010102
v 0.066788 0.105260 0.010306
v 0.068529 0.103350 0.010243
v 0.067848 0.103287 0.010584
v 0.069917 0.098851 0.010707
v 0.067570 0.103223 0.011285
v 0.069465 0.098829 0.010806
v 0.069395 0.098710 0.011235
v 0.069938 0.098622 0.011276
v 0.069391 0.098813 0.011688
v 0.067973 0.104275 0.007957
v 0.068227 0.104214 0.008608
v 0.067734 0.100282 0.007863
v 0.067858 0.100146 0.008276
v 0.066949 0.100104 0.008351
v 0.067060 0.100191 0.008791
v 0.067897 0.104138 0.009278
v 0.067820 0.100233 0.008695
v 0.067259 0.103817 0.009471
v 0.067098 0.106095 0.009806
v 0.067500 0.105571 0.010102
v 0.068273 0.106035 0.010388
v 0.069367 0.103360 0.010423
v 0.068529 0.103350 0.010243
v 0.068641 0.106258 0.011319
v 0.069677 0.103398 0.011277
v 0.070246 0.099069 0.010836
v 0.069917 0.098851 0.010707
v 0.070297 0.098981 0.011329
v 0.069938 0.098622 0.011276
v 0.069799 0.098822 0.011847
v 0.068377 0.106062 0.012146
v 0.069347 0.103375 0.012106
v 0.070138 0.099045 0.011786
v 0.068544 0.103364 0.012333
v 0.067662 0.105629 0.012327
v 0.067564 0.106177 0.012569
v 0.068018 0.105934 0.012872
v 0.069691 0.103628 0.013454
v 0.070262 0.104082 0.013856
v 0.071879 0.099987 0.014473
v 0.071715 0.099815 0.014122
v 0.072102 0.098767 0.014548
v 0.070220 0.104219 0.014809
v 0.071702 0.100009 0.015175
v 0.067929 0.106506 0.015173
v 0.069666 0.104009 0.015523
v 0.067252 0.105937 0.015087
v 0.066632 0.106541 0.015165
v 0.068962 0.103673 0.015483
v 0.066808 0.106094 0.015574
v 0.071295 0.099904 0.015671
v 0.070948 0.099699 0.015770
v 0.071592 0.098682 0.015653
v 0.072159 0.098901 0.015304
v 0.071846 0.098965 0.015687
v 0.071963 0.098491 0.015139
v 0.072285 0.099008 0.014798
v 0.067176 0.106555 0.016187
v 0.068564 0.104348 0.016950
v 0.068005 0.104128 0.016210
v 0.068196 0.104380 0.017889
v 0.069408 0.102098 0.017395
v 0.069109 0.101759 0.016781
v 0.069756 0.099242 0.017408
v 0.067418 0.103980 0.018427
v 0.066680 0.103661 0.018115
v 0.068452 0.101871 0.018651
v 0.067854 0.101494 0.018462
v 0.069140 0.099134 0.018451
v 0.069153 0.102108 0.018199
v 0.069499 0.099361 0.018614
v 0.069894 0.099325 0.018245
v 0.069562 0.098948 0.017988
v 0.070033 0.099457 0.017730
v 0.007329 0.190612 0.012097
v 0.006146 0.191461 0.015544
v 0.006029 0.188955 0.015888
v 0.006264 0.193966 0.014774
v 0.007446 0.188488 0.012431
v 0.007416 0.193904 0.010950
v 0.006682 0.196614 0.013599
v 0.008028 0.189764 0.008651
v 0.008044 0.188021 0.008973
v 0.007962 0.187618 0.005372
v 0.007997 0.192518 0.007713
v 0.007937 0.189045 0.005063
v 0.007163 0.187443 0.002301
v 0.007161 0.188554 0.002005
v 0.007847 0.191323 0.004348
v 0.007214 0.190299 0.001381
v 0.007890 0.193830 0.003219
v 0.007379 0.192227 0.000203
v 0.007699 0.197288 0.009195
v 0.007101 0.199143 0.012154
v 0.007891 0.201602 0.009847
v 0.008039 0.195433 0.006236
v 0.008183 0.199838 0.006995
v 0.008682 0.203792 0.006994
v 0.008263 0.196436 0.001264
v 0.007999 0.194798 -0.001615
v 0.008345 0.198074 0.004144
v 0.008666 0.202119 0.004250
v 0.004341 0.204498 0.007916
v 0.007891 0.201602 0.009847
v 0.008651 0.200446 0.001507
v 0.008635 0.198773 -0.001236
v 0.008620 0.197100 -0.003979
v 0.004310 0.195950 -0.006006
v 0.000000 0.195755 -0.006084
v 0.007999 0.194798 -0.001615
v 0.004167 0.193601 -0.003770
v 0.007379 0.192227 0.000203
v 0.003946 0.202271 0.010879
v 0.007101 0.199143 0.012154
v 0.004023 0.190984 -0.002079
v 0.007214 0.190299 0.001381
v 0.000000 0.193457 -0.003903
v 0.003820 0.189328 -0.001212
v 0.007161 0.188554 0.002005
v 0.000000 0.204742 0.008092
v -0.004341 0.204498 0.007916
v 0.003550 0.199776 0.013297
v 0.006682 0.196614 0.013599
v 0.000000 0.202470 0.011067
v 0.003340 0.197273 0.015097
v 0.006264 0.193966 0.014774
v 0.000000 0.190891 -0.002268
v 0.003696 0.187813 -0.000866
v 0.007163 0.187443 0.002301
v 0.003640 0.186910 -0.000812
v 0.000000 0.189100 -0.001817
v 0.000000 0.187599 -0.001665
v 0.000000 0.186734 -0.001720
v -0.003640 0.186910 -0.000812
v -0.003696 0.187813 -0.000866
v -0.007163 0.187443 0.002301
v -0.007161 0.188554 0.002005
v -0.003820 0.189328 -0.001212
v -0.007214 0.190299 0.001381
v -0.004023 0.190984 -0.002079
v -0.007379 0.192227 0.000203
v -0.004167 0.193601 -0.003770
v -0.007999 0.194798 -0.001615
v -0.004310 0.195950 -0.006006
v -0.008620 0.197100 -0.003979
v -0.008635 0.198773 -0.001236
v -0.007999 0.194798 -0.001615
v -0.008651 0.200446 0.001507
v -0.008263 0.196436 0.001264
v -0.007379 0.192227 0.000203
v -0.007890 0.193830 0.003219
v -0.007214 0.190299 0.001381
v -0.008345 0.198074 0.004144
v -0.008666 0.202119 0.004250
v -0.007847 0.191323 0.004348
v -0.007161 0.188554 0.002005
v -0.007937 0.189045 0.005063
v -0.007163 0.187443 0.002301
v -0.007962 0.187618 0.005372
v -0.007997 0.192518 0.007713
v -0.008028 0.189764 0.008651
v -0.008044 0.188021 0.008973
v -0.007446 0.188488 0.012431
v -0.007329 0.190612 0.012097
v -0.006029 0.188955 0.015888
v -0.006146 0.191461 0.015544
v -0.006264 0.193966 0.014774
v -0.007416 0.193904 0.010950
v -0.006682 0.196614 0.013599
v -0.008039 0.195433 0.006236
v -0.007699 0.197288 0.009195
v -0.007101 0.199143 0.012154
v -0.007891 0.201602 0.009847
v -0.008183 0.199838 0.006995
v -0.008682 0.203792 0.006994
v -0.007891 0.201602 0.009847
v -0.003946 0.202271 0.010879
v -0.007101 0.199143 0.012154
v -0.003550 0.199776 0.013297
v -0.006682 0.196614 0.013599
v 0.000000 0.199929 0.013497
v -0.003340 0.197273 0.015097
v -0.006264 0.193966 0.014774
v 0.000000 0.197401 0.015378
v -0.003130 0.194651 0.016628
v -0.006146 0.191461 0.015544
v 0.003130 0.194651 0.016628
v 0.006146 0.191461 0.015544
v -0.003072 0.191885 0.017857
v -0.006029 0.188955 0.015888
v -0.003013 0.189314 0.018544
v 0.000000 0.194755 0.016988
v 0.003072 0.191885 0.017857
v 0.006029 0.188955 0.015888
v 0.003013 0.189314 0.018544
v 0.000000 0.191990 0.018432
v 0.000000 0.189404 0.019214
v 0.006590 0.190454 0.016124
v 0.006770 0.191300 0.015705
v 0.006353 0.190583 0.016118
v 0.006603 0.190302 0.015901
v 0.006035 0.190286 0.016440
v 0.006295 0.190018 0.016529
v 0.006239 0.189717 0.016298
v 0.005683 0.190109 0.016788
v 0.005904 0.189804 0.016951
v 0.005778 0.189462 0.016762
v 0.005109 0.189897 0.017385
v 0.005409 0.189636 0.017436
v 0.004614 0.189130 0.017947
v 0.005434 0.189312 0.017128
v 0.005061 0.189052 0.017846
v 0.004644 0.188273 0.018007
v 0.005114 0.188449 0.017857
v 0.005071 0.187687 0.017647
v 0.005172 0.188921 0.017424
v 0.005388 0.188040 0.017629
v 0.005621 0.187523 0.017121
v 0.005190 0.188543 0.017441
v 0.005744 0.187924 0.017290
v 0.006123 0.187964 0.016592
v 0.005344 0.188318 0.017312
v 0.006040 0.188213 0.016956
v 0.006204 0.188703 0.016436
v 0.005538 0.188244 0.017129
v 0.006099 0.188676 0.016850
v 0.005906 0.189231 0.016675
v 0.005928 0.188955 0.016990
v 0.005733 0.188999 0.017177
v 0.005557 0.188820 0.017370
v 0.005560 0.188584 0.017391
v 0.005717 0.188375 0.016959
v 0.005643 0.188412 0.017327
v 0.005737 0.188590 0.016917
v 0.005679 0.188701 0.016962
v 0.005625 0.188736 0.017012
v 0.005570 0.188677 0.017072
v 0.005558 0.188580 0.017094
v 0.005597 0.188477 0.017066
v 0.000521 0.191907 0.019432
v 0.001149 0.191682 0.019668
v 0.001139 0.191749 0.019214
v 0.000998 0.191575 0.019258
v 0.001666 0.191288 0.019135
v 0.001597 0.191265 0.019613
v 0.001340 0.191155 0.019233
v 0.002021 0.190682 0.019082
v 0.001857 0.190709 0.019598
v 0.001520 0.190644 0.019242
v 0.002202 0.189978 0.019088
v 0.001961 0.190097 0.019630
v 0.001520 0.190106 0.019298
v 0.002065 0.189077 0.019234
v 0.001821 0.189429 0.019742
v 0.001340 0.189604 0.019395
v 0.001619 0.188391 0.019449
v 0.001394 0.188889 0.019909
v 0.000998 0.189198 0.019505
v 0.000870 0.187970 0.019653
v 0.000763 0.188518 0.020056
v 0.000533 0.188935 0.019593
v 0.000000 0.187824 0.019732
v 0.000000 0.188357 0.020118
v 0.000000 0.188854 0.019625
v -0.000533 0.188935 0.019593
v -0.000763 0.188518 0.020056
v -0.000870 0.187970 0.019653
v -0.000998 0.189198 0.019505
v -0.001394 0.188889 0.019909
v -0.001619 0.188391 0.019449
v -0.001340 0.189604 0.019395
v -0.001821 0.189429 0.019742
v -0.002065 0.189077 0.019234
v -0.001520 0.190106 0.019298
v -0.001961 0.190097 0.019630
v -0.002202 0.189978 0.019088
v -0.001520 0.190644 0.019242
v -0.001857 0.190709 0.019598
v -0.002021 0.190682 0.019082
v -0.001340 0.191155 0.019233
v -0.001597 0.191265 0.019613
v -0.001666 0.191288 0.019135
v -0.000998 0.191575 0.019258
v -0.001149 0.191682 0.019668
v -0.001139 0.191749 0.019214
v -0.000521 0.191907 0.019432
v 0.001572 0.190072 0.019353
v 0.001572 0.190694 0.019288
v -0.000685 0.191469 0.019849
v 0.001333 0.191269 0.019228
v 0.000890 0.191709 0.019182
v 0.000313 0.191947 0.019158
v -0.000313 0.191947 0.019158
v 0.001333 0.189498 0.019413
v -0.000890 0.191709 0.019182
v 0.001025 0.189768 0.020026
v -0.001025 0.191131 0.019884
v 0.000685 0.189430 0.020061
v 0.000890 0.189058 0.019458
v -0.001333 0.191269 0.019228
v 0.000313 0.188820 0.019483
v -0.001209 0.190689 0.019930
v -0.001572 0.190694 0.019288
v 0.000241 0.189247 0.020080
v -0.000313 0.188820 0.019483
v -0.001209 0.190210 0.019980
v -0.001572 0.190072 0.019353
v -0.000241 0.189247 0.020080
v -0.000890 0.189058 0.019458
v -0.001025 0.189768 0.020026
v -0.001333 0.189498 0.019413
v -0.000685 0.189430 0.020061
v -0.006590 0.190454 0.016124
v -0.006353 0.190583 0.016118
v -0.006770 0.191300 0.015705
v -0.006603 0.190302 0.015901
v -0.006035 0.190286 0.016440
v -0.006295 0.190018 0.016529
v -0.006239 0.189717 0.016298
v -0.005683 0.190109 0.016788
v -0.005904 0.189804 0.016951
v -0.005778 0.189462 0.016762
v -0.005109 0.189897 0.017385
v -0.005409 0.189636 0.017436
v -0.004614 0.189130 0.017947
v -0.005434 0.189312 0.017128
v -0.005061 0.189052 0.017846
v -0.004644 0.188273 0.018007
v -0.005114 0.188449 0.017857
v -0.005071 0.187687 0.017647
v -0.005172 0.188921 0.017424
v -0.005388 0.188040 0.017629
v -0.005621 0.187523 0.017121
v -0.005190 0.188543 0.017441
v -0.005744 0.187924 0.017290
v -0.006123 0.187964 0.016592
v -0.005344 0.188318 0.017312
v -0.006040 0.188213 0.016956
v -0.006204 0.188703 0.016436
v -0.005538 0.188244 0.017129
v -0.006099 0.188676 0.016850
v -0.005906 0.189231 0.016675
v -0.005928 0.188955 0.016990
v -0.005733 0.188999 0.017178
v -0.005557 0.188820 0.017370
v -0.005560 0.188584 0.017391
v -0.005717 0.188375 0.016959
v -0.005643 0.188412 0.017327
v -0.005736 0.188590 0.016917
v -0.005679 0.188701 0.016962
v -0.005625 0.188736 0.017012
v -0.005570 0.188677 0.017072
v -0.005558 0.188580 0.017094
v -0.005597 0.188477 0.017066
v 0.004551 0.182157 0.016619
v 0.004613 0.183335 0.016572
v 0.004484 0.183317 0.017515
v 0.003040 0.184254 0.016602
v 0.004433 0.182284 0.017555
v 0.003284 0.181189 0.016710
v 0.003094 0.184203 0.017541
v 0.001783 0.183376 0.016693
v 0.003317 0.181495 0.017634
v 0.001731 0.182210 0.016742
v 0.004023 0.183166 0.018186
v 0.001936 0.182392 0.017662
v 0.003990 0.182526 0.018208
v 0.003305 0.182048 0.018252
v 0.001983 0.183426 0.017619
v 0.003165 0.183713 0.018193
v 0.002458 0.182600 0.018245
v 0.002485 0.183234 0.018226
v -0.004551 0.182157 0.016619
v -0.004484 0.183317 0.017515
v -0.004613 0.183335 0.016572
v -0.003040 0.184254 0.016602
v -0.004433 0.182284 0.017555
v -0.003284 0.181189 0.016710
v -0.003094 0.184203 0.017541
v -0.001783 0.183376 0.016693
v -0.003317 0.181495 0.017634
v -0.002888 0.181208 0.016728
v -0.004023 0.183166 0.018186
v -0.002966 0.181512 0.017650
v -0.001731 0.182210 0.016742
v -0.001936 0.182392 0.017662
v -0.002458 0.182600 0.018245
v -0.001983 0.183426 0.017619
v -0.003990 0.182526 0.018208
v -0.003305 0.182048 0.018252
v -0.003165 0.183713 0.018193
v -0.002485 0.183234 0.018226
vt 0.736328 0.913452
vt 0.707520 0.851562
vt 0.722168 0.848267
vt 0.720703 0.915710
vt 0.745117 0.970734
vt 0.730957 0.971878
vt 0.703125 0.921753
vt 0.710449 0.978394
vt 0.690918 0.856812
vt 0.680176 0.925354
vt 0.688477 0.981598
vt 0.673340 0.982834
vt 0.681641 0.814575
vt 0.698242 0.809814
vt 0.687988 0.761719
vt 0.671387 0.860352
vt 0.672852 0.766113
vt 0.675781 0.700684
vt 0.662109 0.704346
vt 0.665039 0.818359
vt 0.657715 0.769653
vt 0.648438 0.707520
vt 0.654297 0.820679
vt 0.647461 0.771729
vt 0.639160 0.709473
vt 0.660645 0.863281
vt 0.638184 0.824341
vt 0.632324 0.775269
vt 0.625000 0.712646
vt 0.667969 0.926819
vt 0.615234 0.778076
vt 0.609375 0.715332
vt 0.642578 0.867310
vt 0.646973 0.931519
vt 0.650391 0.987389
vt 0.630859 0.988220
vt 0.619629 0.827515
vt 0.625000 0.871094
vt 0.628418 0.933838
vt 0.617676 0.988060
vt 0.604492 0.779541
vt 0.599121 0.716553
vt 0.612305 0.872559
vt 0.615723 0.934204
vt 0.596191 0.988533
vt 0.608398 0.828979
vt 0.585938 0.780029
vt 0.582031 0.717041
vt 0.595703 0.935913
vt 0.583984 0.988167
vt 0.592773 0.874268
vt 0.587891 0.829590
vt 0.574707 0.780518
vt 0.571777 0.717529
vt 0.583984 0.875732
vt 0.575684 0.830078
vt 0.584961 0.936157
vt 0.563477 0.780762
vt 0.562012 0.717773
vt 0.575684 0.937256
vt 0.572266 0.987946
vt 0.558594 0.986900
vt 0.575195 0.877014
vt 0.562012 0.879089
vt 0.563477 0.830444
vt 0.558594 0.937012
vt 0.546387 0.985626
vt 0.547852 0.937134
vt 0.534180 0.984192
vt 0.555664 0.829712
vt 0.536133 0.936340
vt 0.518066 0.982407
vt 0.550781 0.879883
vt 0.556152 0.780151
vt 0.555664 0.717041
vt 0.539551 0.880066
vt 0.543457 0.829468
vt 0.544922 0.779907
vt 0.545410 0.716797
vt 0.518066 0.936401
vt 0.499512 0.980072
vt 0.521484 0.882019
vt 0.527832 0.829468
vt 0.530762 0.779907
vt 0.532227 0.716797
vt 0.501465 0.934998
vt 0.489258 0.978439
vt 0.507324 0.881592
vt 0.513184 0.828003
vt 0.517578 0.778564
vt 0.520508 0.715820
vt 0.492188 0.934814
vt 0.473145 0.975769
vt 0.500000 0.882568
vt 0.508301 0.828003
vt 0.512695 0.778687
vt 0.516602 0.715820
vt 0.476074 0.932434
vt 0.453125 0.972931
vt 0.479980 0.880798
vt 0.487793 0.824829
vt 0.493896 0.775513
vt 0.500488 0.713379
vt 0.458008 0.931091
vt 0.428223 0.967712
vt 0.463135 0.880310
vt 0.472900 0.823853
vt 0.479248 0.774658
vt 0.487549 0.712646
vt 0.433838 0.925964
vt 0.411377 0.964355
vt 0.440674 0.875732
vt 0.417725 0.922852
vt 0.392334 0.960083
vt 0.401123 0.918945
vt 0.426758 0.872925
vt 0.413330 0.869751
vt 0.451660 0.819458
vt 0.459717 0.770630
vt 0.470459 0.708984
vt 0.438477 0.816772
vt 0.426270 0.814087
vt 0.447266 0.768066
vt 0.459229 0.706787
vt 0.436035 0.765747
vt 0.448730 0.704590
vt 0.736328 0.913452
vt 0.722168 0.848267
vt 0.707520 0.851562
vt 0.720703 0.915710
vt 0.745117 0.970734
vt 0.730957 0.971878
vt 0.703125 0.921753
vt 0.710449 0.978394
vt 0.690918 0.856812
vt 0.680176 0.925354
vt 0.688477 0.981598
vt 0.673340 0.982834
vt 0.681641 0.814575
vt 0.698242 0.809814
vt 0.687988 0.761719
vt 0.671387 0.860352
vt 0.672852 0.766113
vt 0.675781 0.700684
vt 0.662109 0.704346
vt 0.665039 0.818359
vt 0.657715 0.769653
vt 0.648438 0.707520
vt 0.654297 0.820679
vt 0.647461 0.771729
vt 0.639160 0.709473
vt 0.660645 0.863281
vt 0.632324 0.775269
vt 0.625000 0.712646
vt 0.638184 0.824341
vt 0.667969 0.926819
vt 0.615234 0.778076
vt 0.609375 0.715332
vt 0.642578 0.867310
vt 0.646973 0.931519
vt 0.650391 0.987389
vt 0.630859 0.988220
vt 0.619629 0.827515
vt 0.625000 0.871094
vt 0.628418 0.933838
vt 0.617676 0.988060
vt 0.604492 0.779541
vt 0.599121 0.716553
vt 0.612305 0.872559
vt 0.615723 0.934204
vt 0.596191 0.988533
vt 0.608398 0.828979
vt 0.585938 0.780029
vt 0.582031 0.717041
vt 0.595703 0.935913
vt 0.583984 0.988167
vt 0.592773 0.874268
vt 0.587891 0.829590
vt 0.574707 0.780518
vt 0.571777 0.717529
vt 0.583984 0.875732
vt 0.575684 0.830078
vt 0.584961 0.936157
vt 0.563477 0.780762
vt 0.562012 0.717773
vt 0.575684 0.937256
vt 0.572266 0.987946
vt 0.558594 0.986900
vt 0.575195 0.877014
vt 0.562012 0.879089
vt 0.563477 0.830444
vt 0.558594 0.937012
vt 0.546387 0.985626
vt 0.547852 0.937134
vt 0.534180 0.984192
vt 0.555664 0.829712
vt 0.536133 0.936340
vt 0.518066 0.982407
vt 0.550781 0.879883
vt 0.556152 0.780151
vt 0.555664 0.717041
vt 0.539551 0.880066
vt 0.543457 0.829468
vt 0.544922 0.779907
vt 0.545410 0.716797
vt 0.518066 0.936401
vt 0.499512 0.980072
vt 0.521484 0.882019
vt 0.530762 0.779907
vt 0.532227 0.716797
vt 0.527832 0.829468
vt 0.501465 0.934998
vt 0.489258 0.978439
vt 0.517578 0.778564
vt 0.520508 0.715820
vt 0.513184 0.828003
vt 0.507324 0.881592
vt 0.492188 0.934814
vt 0.473145 0.975769
vt 0.512695 0.778687
vt 0.516602 0.715820
vt 0.508301 0.828003
vt 0.500000 0.882568
vt 0.476074 0.932434
vt 0.453125 0.972931
vt 0.493896 0.775513
vt 0.500488 0.713379
vt 0.487793 0.824829
vt 0.479980 0.880798
vt 0.458008 0.931091
vt 0.428223 0.967712
vt 0.479248 0.774658
vt 0.487549 0.712646
vt 0.472900 0.823853
vt 0.463135 0.880310
vt 0.433838 0.925964
vt 0.411377 0.964355
vt 0.459717 0.770630
vt 0.470459 0.708984
vt 0.440674 0.875732
vt 0.417725 0.922852
vt 0.392334 0.960083
vt 0.401123 0.918945
vt 0.451660 0.819458
vt 0.426758 0.872925
vt 0.413330 0.869751
vt 0.438477 0.816772
vt 0.426270 0.814087
vt 0.447266 0.768066
vt 0.459229 0.706787
vt 0.436035 0.765747
vt 0.448730 0.704590
vt 0.100769 0.373047
vt 0.118530 0.342773
vt 0.146606 0.397461
vt 0.163208 0.364746
vt 0.187134 0.420410
vt 0.157227 0.315918
vt 0.139771 0.306641
vt 0.159912 0.272949
vt 0.203247 0.393066
vt 0.228760 0.447754
vt 0.188354 0.329590
vt 0.186157 0.284668
vt 0.222412 0.307617
vt 0.235718 0.431641
vt 0.264160 0.462402
vt 0.214844 0.376953
vt 0.193359 0.248535
vt 0.178223 0.238770
vt 0.197998 0.207031
vt 0.276611 0.429688
vt 0.313965 0.476074
vt 0.253418 0.394531
vt 0.263184 0.385742
vt 0.236206 0.350098
vt 0.316162 0.466797
vt 0.367188 0.493652
vt 0.370605 0.479004
vt 0.282227 0.417969
vt 0.319824 0.454590
vt 0.324463 0.443359
vt 0.376221 0.457031
vt 0.286865 0.405273
vt 0.327637 0.430664
vt 0.378418 0.446289
vt 0.244995 0.346680
vt 0.292725 0.391602
vt 0.333496 0.416016
vt 0.281006 0.373535
vt 0.267090 0.344238
vt 0.340576 0.395020
vt 0.382324 0.430176
vt 0.299561 0.375977
vt 0.281250 0.340332
vt 0.232544 0.307129
vt 0.349365 0.375488
vt 0.390137 0.402832
vt 0.357178 0.338867
vt 0.393555 0.376465
vt 0.399170 0.345215
vt 0.308838 0.353516
vt 0.316650 0.330078
vt 0.368408 0.287598
vt 0.412354 0.298828
vt 0.298828 0.328613
vt 0.379639 0.251953
vt 0.418457 0.259277
vt 0.385986 0.217285
vt 0.427246 0.222168
vt 0.431641 0.189941
vt 0.316406 0.290039
vt 0.298828 0.279297
vt 0.286377 0.285156
vt 0.328613 0.283691
vt 0.304932 0.239258
vt 0.338379 0.246094
vt 0.356201 0.250488
vt 0.363281 0.213867
vt 0.346191 0.210938
vt 0.357666 0.175781
vt 0.320557 0.202637
vt 0.277832 0.233887
vt 0.393311 0.184570
vt 0.400635 0.154785
vt 0.434326 0.162109
vt 0.366455 0.146484
vt 0.406250 0.120605
vt 0.438721 0.127441
vt 0.329590 0.168457
vt 0.301270 0.199707
vt 0.412354 0.089844
vt 0.442627 0.097168
vt 0.418701 0.057617
vt 0.376221 0.112793
vt 0.384277 0.081055
vt 0.392578 0.049805
vt 0.341064 0.139160
vt 0.350098 0.104492
vt 0.360107 0.072754
vt 0.370605 0.040527
vt 0.335449 0.064453
vt 0.347656 0.029785
vt 0.326416 0.097656
vt 0.321045 0.058594
vt 0.325928 0.018555
vt 0.326660 0.137207
vt 0.306885 0.161621
vt 0.309570 0.131836
vt 0.289551 0.157715
vt 0.312988 0.093262
vt 0.312988 0.055664
vt 0.289062 0.042480
vt 0.294922 0.128906
vt 0.301514 0.091309
vt 0.280518 0.197266
vt 0.284668 0.084473
vt 0.270996 0.077148
vt 0.275391 0.155273
vt 0.280762 0.124512
vt 0.260498 0.151367
vt 0.291992 0.087402
vt 0.261719 0.116211
vt 0.250977 0.112793
vt 0.271484 0.120117
vt 0.247681 0.148438
vt 0.234009 0.143555
vt 0.216309 0.175293
vt 0.263428 0.194336
vt 0.236694 0.179688
vt 0.261230 0.231445
vt 0.246338 0.184570
vt 0.260254 0.268066
vt 0.250977 0.229004
vt 0.207642 0.212402
vt 0.232666 0.225586
vt 0.222778 0.223633
vt 0.228271 0.260742
vt 0.217407 0.258789
vt 0.252441 0.267578
vt 0.259033 0.306641
vt 0.268066 0.304688
vt 0.913574 0.384277
vt 0.867188 0.407715
vt 0.896484 0.353516
vt 0.851562 0.374023
vt 0.826172 0.429199
vt 0.858887 0.325684
vt 0.876465 0.316895
vt 0.856934 0.282715
vt 0.810547 0.401367
vt 0.783691 0.455566
vt 0.827148 0.338867
vt 0.830566 0.293945
vt 0.793457 0.315430
vt 0.777344 0.439453
vt 0.748047 0.469238
vt 0.799805 0.385254
vt 0.824219 0.257324
vt 0.839844 0.248047
vt 0.820801 0.216309
vt 0.736328 0.436035
vt 0.697754 0.481445
vt 0.760254 0.401855
vt 0.750977 0.392578
vt 0.778809 0.357910
vt 0.696289 0.472656
vt 0.644043 0.498535
vt 0.641602 0.484375
vt 0.730957 0.423828
vt 0.692871 0.461914
vt 0.689453 0.452637
vt 0.639160 0.472168
vt 0.635254 0.455078
vt 0.770020 0.354492
vt 0.727051 0.411621
vt 0.748047 0.351074
vt 0.733398 0.380371
vt 0.720703 0.397949
vt 0.684082 0.437988
vt 0.678711 0.420898
vt 0.714355 0.382324
vt 0.672852 0.399902
vt 0.629883 0.432129
vt 0.733887 0.347168
vt 0.783691 0.314941
vt 0.665039 0.380859
vt 0.624023 0.407227
vt 0.706055 0.359375
vt 0.657227 0.343262
vt 0.620117 0.379395
vt 0.615723 0.347656
vt 0.698730 0.335938
vt 0.648926 0.291016
vt 0.607422 0.302246
vt 0.717285 0.334961
vt 0.688477 0.290039
vt 0.718262 0.285645
vt 0.729004 0.291992
vt 0.639648 0.253906
vt 0.599121 0.260742
vt 0.748047 0.311523
vt 0.757324 0.313965
vt 0.756836 0.274902
vt 0.736328 0.242676
vt 0.712891 0.246094
vt 0.680176 0.250488
vt 0.764648 0.275391
vt 0.789062 0.268555
vt 0.767090 0.236328
vt 0.756836 0.238770
vt 0.662109 0.254883
vt 0.799805 0.267090
vt 0.795410 0.231934
vt 0.785645 0.233398
vt 0.811035 0.220703
vt 0.803223 0.183594
vt 0.782715 0.187500
vt 0.772949 0.191895
vt 0.760254 0.158691
vt 0.772949 0.156250
vt 0.786621 0.151367
vt 0.770996 0.120605
vt 0.755859 0.201172
vt 0.759766 0.123535
vt 0.751953 0.083984
vt 0.738770 0.203613
vt 0.737793 0.091309
vt 0.734863 0.048828
vt 0.745117 0.162109
vt 0.717773 0.206055
vt 0.750000 0.127441
vt 0.740723 0.131348
vt 0.710938 0.061523
vt 0.698730 0.023926
vt 0.730957 0.164551
vt 0.698242 0.208496
vt 0.726562 0.135254
vt 0.730957 0.093750
vt 0.721191 0.097656
vt 0.702637 0.063965
vt 0.676758 0.034668
vt 0.713379 0.167480
vt 0.672363 0.215820
vt 0.711914 0.137695
vt 0.709961 0.099121
vt 0.688477 0.069824
vt 0.653809 0.044434
vt 0.696289 0.103027
vt 0.690430 0.173828
vt 0.694824 0.142578
vt 0.654785 0.218262
vt 0.663574 0.077637
vt 0.631836 0.053223
vt 0.672363 0.108887
vt 0.680176 0.144043
vt 0.662598 0.180176
vt 0.632324 0.219727
vt 0.592773 0.224609
vt 0.588867 0.192383
vt 0.654785 0.150879
vt 0.626953 0.187500
vt 0.620605 0.157715
vt 0.586426 0.163574
vt 0.615723 0.123535
vt 0.583496 0.129395
vt 0.580078 0.099121
vt 0.645996 0.116699
vt 0.610840 0.092773
vt 0.605469 0.060059
vt 0.639160 0.084473
vt 0.295898 0.733643
vt 0.285645 0.735352
vt 0.284668 0.723145
vt 0.295410 0.721680
vt 0.309570 0.731934
vt 0.295410 0.712646
vt 0.284424 0.713135
vt 0.309326 0.720215
vt 0.318604 0.731689
vt 0.309570 0.710938
vt 0.320801 0.720703
vt 0.325195 0.733154
vt 0.322510 0.710693
vt 0.329590 0.723877
vt 0.330566 0.735840
vt 0.332520 0.714844
vt 0.340088 0.721436
vt 0.335938 0.728760
vt 0.337891 0.741943
vt 0.342773 0.735840
vt 0.344482 0.747803
vt 0.337158 0.699951
vt 0.322021 0.699219
vt 0.309326 0.701172
vt 0.295410 0.703369
vt 0.284180 0.703613
vt 0.274170 0.705078
vt 0.274170 0.714600
vt 0.263916 0.705811
vt 0.264160 0.715820
vt 0.251709 0.716797
vt 0.251221 0.705811
vt 0.264160 0.725342
vt 0.239990 0.717041
vt 0.240845 0.706299
vt 0.239746 0.725586
vt 0.251465 0.725586
vt 0.264404 0.737549
vt 0.251953 0.737793
vt 0.239746 0.737793
vt 0.385742 0.790649
vt 0.353516 0.808105
vt 0.354004 0.796021
vt 0.390381 0.805298
vt 0.392090 0.817261
vt 0.354248 0.819824
vt 0.354492 0.828857
vt 0.393799 0.827271
vt 0.396484 0.836182
vt 0.352051 0.837891
vt 0.350830 0.850342
vt 0.397949 0.847778
vt 0.398193 0.857544
vt 0.350830 0.860718
vt 0.397217 0.866943
vt 0.352539 0.870483
vt 0.395752 0.874390
vt 0.354736 0.877686
vt 0.392578 0.880981
vt 0.358887 0.884827
vt 0.377441 0.891968
vt 0.366943 0.890625
vt 0.386963 0.888184
vt 0.374268 0.677246
vt 0.380615 0.666016
vt 0.388184 0.667480
vt 0.385254 0.678467
vt 0.395752 0.668457
vt 0.382568 0.688721
vt 0.366211 0.688232
vt 0.394043 0.679443
vt 0.407471 0.670410
vt 0.405273 0.681396
vt 0.393066 0.687988
vt 0.403320 0.688965
vt 0.370361 0.698975
vt 0.350830 0.693604
vt 0.393311 0.697021
vt 0.402588 0.696045
vt 0.382812 0.697510
vt 0.395508 0.707520
vt 0.403564 0.706543
vt 0.397461 0.716309
vt 0.405273 0.715820
vt 0.398926 0.724609
vt 0.406494 0.725586
vt 0.399170 0.732422
vt 0.406494 0.733887
vt 0.390625 0.723633
vt 0.388428 0.716309
vt 0.385498 0.708252
vt 0.375244 0.709717
vt 0.378906 0.717529
vt 0.382324 0.724609
vt 0.397705 0.740723
vt 0.404297 0.743408
vt 0.398193 0.753174
vt 0.391602 0.730713
vt 0.391357 0.738525
vt 0.392578 0.748047
vt 0.387939 0.760498
vt 0.383789 0.731689
vt 0.371826 0.728516
vt 0.388428 0.743652
vt 0.384766 0.753784
vt 0.376465 0.763184
vt 0.385742 0.738770
vt 0.382568 0.748047
vt 0.376465 0.755737
vt 0.365967 0.761597
vt 0.375732 0.734619
vt 0.379395 0.741455
vt 0.375732 0.749756
vt 0.367432 0.754639
vt 0.373535 0.743896
vt 0.368652 0.739502
vt 0.369629 0.748291
vt 0.360352 0.750977
vt 0.358398 0.758301
vt 0.363037 0.744629
vt 0.354492 0.746582
vt 0.351562 0.753784
vt 0.363525 0.733887
vt 0.348877 0.741699
vt 0.358154 0.740234
vt 0.353271 0.735352
vt 0.367676 0.721436
vt 0.347412 0.729980
vt 0.359131 0.727783
vt 0.363770 0.714355
vt 0.354736 0.721191
vt 0.357422 0.704590
vt 0.347412 0.711182
vt 0.993164 0.036133
vt 0.971191 0.008789
vt 0.993164 0.009766
vt 0.971191 0.035645
vt 0.971680 0.062012
vt 0.993164 0.062500
vt 0.955078 0.034668
vt 0.955078 0.007812
vt 0.970703 0.095703
vt 0.993164 0.096191
vt 0.956055 0.061523
vt 0.938965 0.033691
vt 0.938477 0.006348
vt 0.968750 0.132812
vt 0.993164 0.133789
vt 0.954102 0.094727
vt 0.939941 0.060547
vt 0.919922 0.031250
vt 0.918457 0.003418
vt 0.916504 0.031250
vt 0.918457 0.058105
vt 0.922363 0.058594
vt 0.916504 0.090820
vt 0.919922 0.091797
vt 0.910156 0.128418
vt 0.937500 0.093262
vt 0.913574 0.128906
vt 0.901367 0.167480
vt 0.950684 0.131836
vt 0.932129 0.130371
vt 0.904785 0.167969
vt 0.897461 0.205566
vt 0.945312 0.170410
vt 0.923340 0.168945
vt 0.900879 0.205566
vt 0.899414 0.228516
vt 0.967773 0.171387
vt 0.993164 0.171875
vt 0.919434 0.206055
vt 0.902832 0.228516
vt 0.903320 0.249512
vt 0.943848 0.207031
vt 0.967773 0.208008
vt 0.993164 0.208496
vt 0.921387 0.236328
vt 0.906738 0.249023
vt 0.908203 0.267578
vt 0.945801 0.238770
vt 0.968750 0.240723
vt 0.993164 0.241211
vt 0.944824 0.270020
vt 0.970215 0.270996
vt 0.993164 0.271484
vt 0.966797 0.300781
vt 0.993164 0.303711
vt 0.922363 0.268555
vt 0.913086 0.267578
vt 0.905273 0.291016
vt 0.901855 0.290527
vt 0.900391 0.312500
vt 0.967285 0.341309
vt 0.993164 0.345703
vt 0.935547 0.299805
vt 0.917969 0.292969
vt 0.916992 0.311523
vt 0.903809 0.312012
vt 0.940430 0.332031
vt 0.907715 0.337891
vt 0.904297 0.338379
vt 0.909180 0.356934
vt 0.919434 0.333496
vt 0.924805 0.357910
vt 0.911133 0.354980
vt 0.923340 0.360840
vt 0.944824 0.367676
vt 0.950195 0.354980
vt 0.946289 0.364746
vt 0.961426 0.376953
vt 0.969727 0.363281
vt 0.963379 0.374023
vt 0.977539 0.390137
vt 0.983398 0.375488
vt 0.993164 0.379883
vt 0.979004 0.387207
vt 0.993164 0.394043
vt 0.993164 0.391113
vt 0.993164 0.036133
vt 0.993164 0.009766
vt 0.971191 0.008789
vt 0.971191 0.035645
vt 0.971680 0.062012
vt 0.993164 0.062500
vt 0.955078 0.034668
vt 0.955078 0.007812
vt 0.970703 0.095703
vt 0.993164 0.096191
vt 0.956055 0.061523
vt 0.938965 0.033691
vt 0.938477 0.006348
vt 0.968750 0.132812
vt 0.993164 0.133789
vt 0.954102 0.094727
vt 0.939941 0.060547
vt 0.919922 0.031250
vt 0.918457 0.003418
vt 0.916504 0.031250
vt 0.918457 0.058105
vt 0.922363 0.058594
vt 0.916504 0.090820
vt 0.919922 0.091797
vt 0.910156 0.128418
vt 0.937500 0.093262
vt 0.913574 0.128906
vt 0.901367 0.167480
vt 0.932129 0.130371
vt 0.950684 0.131836
vt 0.904785 0.167969
vt 0.897461 0.205566
vt 0.923340 0.168945
vt 0.945312 0.170410
vt 0.900879 0.205566
vt 0.899414 0.228516
vt 0.967773 0.171387
vt 0.993164 0.171875
vt 0.919434 0.206055
vt 0.902832 0.228516
vt 0.903320 0.249512
vt 0.943848 0.207031
vt 0.967773 0.208008
vt 0.993164 0.208496
vt 0.921387 0.236328
vt 0.906738 0.249023
vt 0.908203 0.267578
vt 0.945801 0.238770
vt 0.968750 0.240723
vt 0.993164 0.241211
vt 0.944824 0.270020
vt 0.970215 0.270996
vt 0.993164 0.271484
vt 0.966797 0.300781
vt 0.993164 0.303711
vt 0.922363 0.268555
vt 0.913086 0.267578
vt 0.905273 0.291016
vt 0.901855 0.290527
vt 0.900391 0.312500
vt 0.967285 0.341309
vt 0.993164 0.345703
vt 0.935547 0.299805
vt 0.917969 0.292969
vt 0.916992 0.311523
vt 0.903809 0.312012
vt 0.940430 0.332031
vt 0.907715 0.337891
vt 0.904297 0.338379
vt 0.909180 0.356934
vt 0.919434 0.333496
vt 0.924805 0.357910
vt 0.911133 0.354980
vt 0.923340 0.360840
vt 0.944824 0.367676
vt 0.950195 0.354980
vt 0.946289 0.364746
vt 0.961426 0.376953
vt 0.969727 0.363281
vt 0.963379 0.374023
vt 0.977539 0.390137
vt 0.983398 0.375488
vt 0.993164 0.379883
vt 0.979004 0.387207
vt 0.993164 0.394043
vt 0.993164 0.391113
vt 0.830078 0.041504
vt 0.847656 0.014648
vt 0.830078 0.014648
vt 0.847656 0.041504
vt 0.847656 0.067871
vt 0.830078 0.068359
vt 0.861816 0.040527
vt 0.862305 0.013672
vt 0.848145 0.095215
vt 0.830078 0.095703
vt 0.861816 0.067383
vt 0.875977 0.039551
vt 0.875488 0.012695
vt 0.862793 0.094238
vt 0.875488 0.066406
vt 0.847656 0.118164
vt 0.830078 0.118164
vt 0.830078 0.145508
vt 0.884277 0.038086
vt 0.884277 0.010742
vt 0.886719 0.010742
vt 0.884277 0.064941
vt 0.886719 0.038086
vt 0.875488 0.092773
vt 0.862793 0.117188
vt 0.891113 0.038086
vt 0.891113 0.010742
vt 0.894531 0.010254
vt 0.894531 0.037598
vt 0.891113 0.064941
vt 0.894531 0.064453
vt 0.886719 0.064941
vt 0.891602 0.090820
vt 0.895020 0.090820
vt 0.884277 0.090820
vt 0.887207 0.091309
vt 0.891602 0.115234
vt 0.894531 0.115723
vt 0.884277 0.114746
vt 0.887207 0.115234
vt 0.890625 0.120605
vt 0.893555 0.122070
vt 0.879883 0.136719
vt 0.875000 0.116211
vt 0.884277 0.117188
vt 0.886230 0.118652
vt 0.877441 0.134766
vt 0.872070 0.129883
vt 0.874023 0.131836
vt 0.861816 0.143066
vt 0.865234 0.149902
vt 0.867188 0.152832
vt 0.849609 0.154785
vt 0.863281 0.145508
vt 0.849121 0.151855
vt 0.830078 0.155762
vt 0.830078 0.152344
vt 0.848633 0.146973
vt 0.830078 0.147949
vt 0.848633 0.144531
vt 0.830078 0.041504
vt 0.830078 0.014648
vt 0.847656 0.014648
vt 0.847656 0.041504
vt 0.847656 0.067871
vt 0.830078 0.068359
vt 0.861816 0.040527
vt 0.862305 0.013672
vt 0.848145 0.095215
vt 0.830078 0.095703
vt 0.861816 0.067383
vt 0.875977 0.039551
vt 0.875488 0.012695
vt 0.862793 0.094238
vt 0.875488 0.066406
vt 0.847656 0.118164
vt 0.830078 0.118164
vt 0.830078 0.145508
vt 0.884277 0.038086
vt 0.884277 0.010742
vt 0.886719 0.010742
vt 0.884277 0.064941
vt 0.886719 0.038086
vt 0.875488 0.092773
vt 0.862793 0.117188
vt 0.891113 0.038086
vt 0.891113 0.010742
vt 0.894531 0.010254
vt 0.894531 0.037598
vt 0.891113 0.064941
vt 0.894531 0.064453
vt 0.886719 0.064941
vt 0.891602 0.090820
vt 0.895020 0.090820
vt 0.884277 0.090820
vt 0.891602 0.115234
vt 0.894531 0.115723
vt 0.887207 0.091309
vt 0.884277 0.114746
vt 0.890625 0.120605
vt 0.893555 0.122070
vt 0.879883 0.136719
vt 0.887207 0.115234
vt 0.875000 0.116211
vt 0.884277 0.117188
vt 0.886230 0.118652
vt 0.877441 0.134766
vt 0.872070 0.129883
vt 0.874023 0.131836
vt 0.861816 0.143066
vt 0.865234 0.149902
vt 0.867188 0.152832
vt 0.849609 0.154785
vt 0.863281 0.145508
vt 0.849121 0.151367
vt 0.830078 0.155762
vt 0.830078 0.152344
vt 0.848633 0.146973
vt 0.830078 0.147949
vt 0.848633 0.144531
vt 0.241455 0.962585
vt 0.270508 0.948029
vt 0.273193 0.958130
vt 0.239624 0.952393
vt 0.205078 0.967163
vt 0.268555 0.939270
vt 0.203735 0.957184
vt 0.175659 0.970032
vt 0.238647 0.943024
vt 0.263672 0.920715
vt 0.175293 0.959656
vt 0.146973 0.971359
vt 0.203247 0.947540
vt 0.147095 0.961182
vt 0.122314 0.972717
vt 0.174316 0.949921
vt 0.123535 0.962250
vt 0.097412 0.973557
vt 0.146118 0.951111
vt 0.097290 0.963531
vt 0.076599 0.974640
vt 0.122864 0.953125
vt 0.202148 0.931152
vt 0.174072 0.934509
vt 0.147095 0.936829
vt 0.123352 0.938568
vt 0.235229 0.926392
vt 0.231812 0.908447
vt 0.259033 0.901550
vt 0.229492 0.902405
vt 0.256348 0.895630
vt 0.254395 0.889893
vt 0.200806 0.914185
vt 0.173584 0.917908
vt 0.146973 0.921021
vt 0.124084 0.923279
vt 0.198853 0.908081
vt 0.228149 0.896301
vt 0.198120 0.901733
vt 0.227051 0.891663
vt 0.252686 0.885559
vt 0.197388 0.896912
vt 0.249634 0.872925
vt 0.276855 0.866211
vt 0.271484 0.837280
vt 0.146851 0.915039
vt 0.172363 0.911682
vt 0.171753 0.905457
vt 0.123840 0.917969
vt 0.171387 0.900696
vt 0.146484 0.909119
vt 0.146240 0.904419
vt 0.170044 0.886353
vt 0.195801 0.883057
vt 0.191284 0.848022
vt 0.224976 0.878418
vt 0.244019 0.842041
vt 0.218872 0.845459
vt 0.242310 0.831787
vt 0.270020 0.827759
vt 0.216675 0.834717
vt 0.241577 0.827759
vt 0.269531 0.823975
vt 0.268311 0.817261
vt 0.216064 0.830200
vt 0.215088 0.822754
vt 0.240112 0.820801
vt 0.240112 0.813232
vt 0.267578 0.810791
vt 0.266113 0.789429
vt 0.190063 0.836792
vt 0.237915 0.791748
vt 0.265381 0.777222
vt 0.214844 0.814697
vt 0.236938 0.779053
vt 0.264893 0.771606
vt 0.212524 0.793579
vt 0.236450 0.773682
vt 0.263428 0.765015
vt 0.189575 0.832275
vt 0.189575 0.816528
vt 0.211792 0.780396
vt 0.235718 0.767090
vt 0.263916 0.755249
vt 0.236206 0.756958
vt 0.211548 0.774902
vt 0.210815 0.768433
vt 0.210327 0.758301
vt 0.187012 0.794312
vt 0.188965 0.824829
vt 0.185791 0.779175
vt 0.185547 0.774170
vt 0.185547 0.767578
vt 0.184082 0.757690
vt 0.166504 0.817993
vt 0.166504 0.825806
vt 0.165283 0.794189
vt 0.163452 0.776123
vt 0.164429 0.770630
vt 0.165039 0.763794
vt 0.163086 0.754761
vt 0.143066 0.818848
vt 0.141235 0.792847
vt 0.138916 0.770386
vt 0.140625 0.764771
vt 0.142090 0.757935
vt 0.140869 0.749756
vt 0.119324 0.750000
vt 0.119751 0.742432
vt 0.118103 0.756836
vt 0.117188 0.762573
vt 0.105469 0.741943
vt 0.106689 0.734863
vt 0.104248 0.748779
vt 0.090637 0.733154
vt 0.091187 0.726807
vt 0.100281 0.754883
vt 0.088806 0.741211
vt 0.118896 0.784912
vt 0.071655 0.728271
vt 0.072021 0.722412
vt 0.096802 0.780029
vt 0.086426 0.748047
vt 0.069519 0.736816
vt 0.054718 0.723877
vt 0.056671 0.718018
vt 0.069092 0.743896
vt 0.052734 0.732422
vt 0.046875 0.723145
vt 0.049164 0.716553
vt 0.070679 0.773804
vt 0.051300 0.740234
vt 0.045959 0.730957
vt 0.037750 0.720947
vt 0.041412 0.714600
vt 0.032257 0.711182
vt 0.027557 0.717773
vt 0.024734 0.726318
vt 0.036011 0.728516
vt 0.034973 0.734375
vt 0.024628 0.733398
vt 0.044708 0.737549
vt 0.035797 0.744629
vt 0.027222 0.745605
vt 0.028519 0.772705
vt 0.044739 0.743408
vt 0.046478 0.771851
vt 0.029404 0.799438
vt 0.047516 0.799072
vt 0.048340 0.820312
vt 0.029816 0.820190
vt 0.071838 0.798828
vt 0.098938 0.798950
vt 0.049744 0.827026
vt 0.029236 0.827148
vt 0.029404 0.833374
vt 0.073181 0.820190
vt 0.119873 0.797485
vt 0.074219 0.827515
vt 0.099609 0.819824
vt 0.121033 0.819458
vt 0.142944 0.827393
vt 0.120972 0.827515
vt 0.099670 0.827637
vt 0.074646 0.834106
vt 0.143311 0.834351
vt 0.100220 0.834351
vt 0.050079 0.833496
vt 0.050354 0.836914
vt 0.029770 0.836670
vt 0.074951 0.837646
vt 0.050323 0.849243
vt 0.029480 0.848755
vt 0.026749 0.896912
vt 0.100708 0.838379
vt 0.074829 0.849731
vt 0.048309 0.897888
vt 0.025208 0.913086
vt 0.074036 0.897095
vt 0.046661 0.914307
vt 0.100647 0.850220
vt 0.046112 0.917664
vt 0.024521 0.916016
vt 0.045349 0.922485
vt 0.023895 0.920410
vt 0.044159 0.927246
vt 0.023788 0.924683
vt 0.072815 0.922119
vt 0.073364 0.916870
vt 0.073608 0.913147
vt 0.042816 0.940796
vt 0.021271 0.937500
vt 0.017761 0.950623
vt 0.100586 0.894836
vt 0.100891 0.910522
vt 0.100708 0.914734
vt 0.122070 0.850220
vt 0.100464 0.920532
vt 0.123718 0.912048
vt 0.122925 0.892395
vt 0.121948 0.838501
vt 0.121460 0.834351
vt 0.143799 0.838501
vt 0.123718 0.907593
vt 0.143921 0.849854
vt 0.145020 0.889587
vt 0.167725 0.849365
vt 0.167358 0.838135
vt 0.166870 0.833374
vt 0.100708 0.925537
vt 0.072021 0.927673
vt 0.099304 0.941132
vt 0.070801 0.942566
vt 0.097351 0.956177
vt 0.040283 0.954742
vt 0.035767 0.973251
vt 0.012863 0.968109
vt 0.009140 0.981644
vt 0.075378 0.964905
vt 0.073547 0.957703
vt 0.062622 0.971634
vt 0.065552 0.979523
vt 0.051392 0.979752
vt 0.054871 0.989479
vt 0.040771 0.993809
vt 0.057709 0.962677
vt 0.043304 0.969971
vt 0.039185 0.984589
vt 0.030731 0.985229
vt 0.028976 0.995403
vt 0.007507 0.991867
vt 0.241455 0.962585
vt 0.273193 0.958130
vt 0.270508 0.948029
vt 0.239624 0.952393
vt 0.205078 0.967163
vt 0.268555 0.939270
vt 0.203735 0.957184
vt 0.175659 0.970032
vt 0.238647 0.943024
vt 0.263672 0.920715
vt 0.175293 0.959656
vt 0.146973 0.971359
vt 0.203247 0.947540
vt 0.147095 0.961182
vt 0.122314 0.972717
vt 0.174316 0.949921
vt 0.123535 0.962250
vt 0.097412 0.973557
vt 0.146118 0.951111
vt 0.097290 0.963531
vt 0.076599 0.974640
vt 0.122864 0.953125
vt 0.202148 0.931152
vt 0.174072 0.934509
vt 0.147095 0.936829
vt 0.123352 0.938568
vt 0.235229 0.926392
vt 0.231812 0.908447
vt 0.259033 0.901550
vt 0.229492 0.902405
vt 0.256348 0.895630
vt 0.254395 0.889893
vt 0.200806 0.914185
vt 0.173584 0.917908
vt 0.146973 0.921021
vt 0.124084 0.923279
vt 0.198853 0.908081
vt 0.228149 0.896301
vt 0.198120 0.901733
vt 0.227051 0.891663
vt 0.252686 0.885559
vt 0.197388 0.896912
vt 0.249634 0.872925
vt 0.276855 0.866211
vt 0.271484 0.837280
vt 0.146851 0.915039
vt 0.172363 0.911682
vt 0.171753 0.905457
vt 0.123840 0.917969
vt 0.171387 0.900696
vt 0.146484 0.909119
vt 0.146240 0.904419
vt 0.170044 0.886353
vt 0.195801 0.883057
vt 0.224976 0.878418
vt 0.100464 0.920532
vt 0.123718 0.912048
vt 0.123718 0.907593
vt 0.145020 0.889587
vt 0.167725 0.849365
vt 0.191284 0.848022
vt 0.218872 0.845459
vt 0.244019 0.842041
vt 0.216675 0.834717
vt 0.242310 0.831787
vt 0.270020 0.827759
vt 0.241577 0.827759
vt 0.269531 0.823975
vt 0.268311 0.817261
vt 0.216064 0.830200
vt 0.215088 0.822754
vt 0.190063 0.836792
vt 0.240112 0.820801
vt 0.240112 0.813232
vt 0.267578 0.810791
vt 0.266113 0.789429
vt 0.237915 0.791748
vt 0.265381 0.777222
vt 0.167358 0.838135
vt 0.189575 0.832275
vt 0.214844 0.814697
vt 0.236938 0.779053
vt 0.264893 0.771606
vt 0.212524 0.793579
vt 0.189575 0.816528
vt 0.236450 0.773682
vt 0.263428 0.765015
vt 0.211792 0.780396
vt 0.235718 0.767090
vt 0.263916 0.755249
vt 0.236206 0.756958
vt 0.211548 0.774902
vt 0.210815 0.768433
vt 0.210327 0.758301
vt 0.187012 0.794312
vt 0.188965 0.824829
vt 0.185791 0.779175
vt 0.185547 0.767578
vt 0.184082 0.757690
vt 0.185547 0.774170
vt 0.166504 0.817993
vt 0.166504 0.825806
vt 0.165039 0.763794
vt 0.163086 0.754761
vt 0.165283 0.794189
vt 0.163452 0.776123
vt 0.164429 0.770630
vt 0.142090 0.757935
vt 0.140869 0.749756
vt 0.143066 0.818848
vt 0.141235 0.792847
vt 0.138916 0.770386
vt 0.140625 0.764771
vt 0.119324 0.750000
vt 0.119751 0.742432
vt 0.118103 0.756836
vt 0.117188 0.762573
vt 0.105469 0.741943
vt 0.106689 0.734863
vt 0.104248 0.748779
vt 0.090637 0.733154
vt 0.091187 0.726807
vt 0.100281 0.754883
vt 0.088806 0.741211
vt 0.118896 0.784912
vt 0.071655 0.728271
vt 0.072021 0.722412
vt 0.096802 0.780029
vt 0.086426 0.748047
vt 0.069519 0.736816
vt 0.054718 0.723877
vt 0.056671 0.718018
vt 0.069092 0.743896
vt 0.052734 0.732422
vt 0.046875 0.723145
vt 0.049164 0.716553
vt 0.070679 0.773804
vt 0.051300 0.740234
vt 0.045959 0.730957
vt 0.037750 0.720947
vt 0.041412 0.714600
vt 0.032257 0.711182
vt 0.027557 0.717773
vt 0.024734 0.726318
vt 0.036011 0.728516
vt 0.034973 0.734375
vt 0.024628 0.733398
vt 0.044708 0.737549
vt 0.035797 0.744629
vt 0.027222 0.745605
vt 0.028519 0.772705
vt 0.044739 0.743408
vt 0.046478 0.771851
vt 0.029404 0.799438
vt 0.047516 0.799072
vt 0.048340 0.820312
vt 0.029816 0.820190
vt 0.071838 0.798828
vt 0.098938 0.798950
vt 0.049744 0.827026
vt 0.029236 0.827148
vt 0.029404 0.833374
vt 0.073181 0.820190
vt 0.119873 0.797485
vt 0.074219 0.827515
vt 0.099609 0.819824
vt 0.121033 0.819458
vt 0.142944 0.827393
vt 0.120972 0.827515
vt 0.099670 0.827637
vt 0.074646 0.834106
vt 0.143311 0.834351
vt 0.100220 0.834351
vt 0.050079 0.833496
vt 0.050354 0.836914
vt 0.029770 0.836670
vt 0.074951 0.837646
vt 0.050323 0.849243
vt 0.029480 0.848755
vt 0.100708 0.838379
vt 0.074829 0.849731
vt 0.121460 0.834351
vt 0.048309 0.897888
vt 0.026749 0.896912
vt 0.025208 0.913086
vt 0.121948 0.838501
vt 0.074036 0.897095
vt 0.046661 0.914307
vt 0.143799 0.838501
vt 0.122070 0.850220
vt 0.100647 0.850220
vt 0.100586 0.894836
vt 0.122925 0.892395
vt 0.100891 0.910522
vt 0.046112 0.917664
vt 0.024521 0.916016
vt 0.073608 0.913147
vt 0.073364 0.916870
vt 0.045349 0.922485
vt 0.023895 0.920410
vt 0.072815 0.922119
vt 0.044159 0.927246
vt 0.023788 0.924683
vt 0.100708 0.914734
vt 0.143921 0.849854
vt 0.166870 0.833374
vt 0.028976 0.995403
vt 0.009140 0.981628
vt 0.007507 0.991867
vt 0.030731 0.985229
vt 0.035767 0.973251
vt 0.012863 0.968109
vt 0.040771 0.993809
vt 0.017761 0.950623
vt 0.039185 0.984589
vt 0.051392 0.979752
vt 0.054871 0.989479
vt 0.065552 0.979523
vt 0.062622 0.971634
vt 0.075378 0.964905
vt 0.097351 0.956177
vt 0.073547 0.957703
vt 0.057709 0.962677
vt 0.043304 0.969971
vt 0.040283 0.954742
vt 0.099304 0.941132
vt 0.070801 0.942566
vt 0.042816 0.940796
vt 0.021271 0.937500
vt 0.072021 0.927673
vt 0.100708 0.925537
vt 0.295898 0.733643
vt 0.284668 0.723145
vt 0.285645 0.735352
vt 0.295410 0.721680
vt 0.309570 0.731934
vt 0.295410 0.712646
vt 0.284424 0.713135
vt 0.309326 0.720215
vt 0.318604 0.731689
vt 0.309570 0.710938
vt 0.320801 0.720703
vt 0.325195 0.733154
vt 0.322510 0.710693
vt 0.329590 0.723877
vt 0.330566 0.735840
vt 0.332520 0.714844
vt 0.340088 0.721436
vt 0.335938 0.728760
vt 0.337891 0.741943
vt 0.342773 0.735840
vt 0.344482 0.747803
vt 0.337158 0.699951
vt 0.322021 0.699219
vt 0.309326 0.701172
vt 0.295410 0.703369
vt 0.284180 0.703613
vt 0.274170 0.705078
vt 0.274170 0.714600
vt 0.263916 0.705811
vt 0.264160 0.715820
vt 0.251709 0.716797
vt 0.251221 0.705811
vt 0.264160 0.725342
vt 0.239990 0.717041
vt 0.240845 0.706299
vt 0.239746 0.725586
vt 0.251465 0.725586
vt 0.264404 0.737549
vt 0.251953 0.737793
vt 0.239746 0.737793
vt 0.385742 0.790649
vt 0.354004 0.796021
vt 0.353516 0.808105
vt 0.390381 0.805298
vt 0.392090 0.817261
vt 0.354248 0.819824
vt 0.354492 0.828857
vt 0.393799 0.827271
vt 0.396484 0.836182
vt 0.352051 0.837891
vt 0.350830 0.850342
vt 0.397949 0.847778
vt 0.398193 0.857544
vt 0.350830 0.860718
vt 0.397217 0.866943
vt 0.352539 0.870483
vt 0.395752 0.874390
vt 0.354736 0.877686
vt 0.392578 0.880981
vt 0.358887 0.884827
vt 0.377441 0.891968
vt 0.366943 0.890625
vt 0.386963 0.888184
vt 0.374268 0.677246
vt 0.388184 0.667480
vt 0.380615 0.666016
vt 0.385254 0.678467
vt 0.395752 0.668457
vt 0.382568 0.688721
vt 0.366211 0.688232
vt 0.394043 0.679443
vt 0.407471 0.670410
vt 0.405273 0.681396
vt 0.393066 0.687988
vt 0.403320 0.688965
vt 0.370361 0.698975
vt 0.350830 0.693604
vt 0.393311 0.697021
vt 0.402588 0.696045
vt 0.382812 0.697510
vt 0.395508 0.707520
vt 0.403564 0.706543
vt 0.397461 0.716309
vt 0.405273 0.715820
vt 0.398926 0.724609
vt 0.406494 0.725586
vt 0.399170 0.732422
vt 0.406494 0.733887
vt 0.390625 0.723633
vt 0.388428 0.716309
vt 0.385498 0.708252
vt 0.375244 0.709717
vt 0.378906 0.717529
vt 0.382324 0.724609
vt 0.397705 0.740723
vt 0.404297 0.743408
vt 0.398193 0.753174
vt 0.391602 0.730713
vt 0.391357 0.738525
vt 0.392578 0.748047
vt 0.387939 0.760498
vt 0.383789 0.731689
vt 0.371826 0.728516
vt 0.388428 0.743652
vt 0.384766 0.753784
vt 0.376465 0.763184
vt 0.385742 0.738770
vt 0.382568 0.748047
vt 0.376465 0.755737
vt 0.365967 0.761597
vt 0.375732 0.734619
vt 0.379395 0.741455
vt 0.375732 0.749756
vt 0.367432 0.754639
vt 0.373535 0.743896
vt 0.368652 0.739502
vt 0.369629 0.748291
vt 0.360352 0.750977
vt 0.358398 0.758301
vt 0.363037 0.744629
vt 0.354492 0.746582
vt 0.351562 0.753784
vt 0.363525 0.733887
vt 0.358154 0.740234
vt 0.348877 0.741699
vt 0.353271 0.735352
vt 0.367676 0.721436
vt 0.347412 0.729980
vt 0.359131 0.727783
vt 0.363770 0.714355
vt 0.354736 0.721191
vt 0.357422 0.704590
vt 0.347412 0.711182
vt 0.151001 0.100586
vt 0.136108 0.100586
vt 0.143311 0.091797
vt 0.152588 0.085449
vt 0.145752 0.106445
vt 0.142212 0.114258
vt 0.131348 0.110840
vt 0.129395 0.121582
vt 0.157715 0.095703
vt 0.165527 0.092773
vt 0.163086 0.082031
vt 0.173706 0.092285
vt 0.174316 0.081055
vt 0.181885 0.093750
vt 0.185303 0.083008
vt 0.195557 0.087402
vt 0.154663 0.104492
vt 0.160278 0.100586
vt 0.166748 0.098145
vt 0.173462 0.097656
vt 0.180298 0.098633
vt 0.150146 0.109375
vt 0.189331 0.097168
vt 0.186401 0.101562
vt 0.195679 0.102539
vt 0.204102 0.094727
vt 0.210571 0.104004
vt 0.191772 0.105957
vt 0.175659 0.112793
vt 0.178345 0.114258
vt 0.172852 0.112305
vt 0.180542 0.116211
vt 0.172363 0.123535
vt 0.169922 0.112793
vt 0.182129 0.118652
vt 0.167236 0.113770
vt 0.183105 0.121094
vt 0.195801 0.111328
vt 0.164917 0.115234
vt 0.200439 0.108887
vt 0.198120 0.117676
vt 0.203247 0.116699
vt 0.214355 0.114258
vt 0.215454 0.125488
vt 0.163086 0.117676
vt 0.183350 0.124023
vt 0.198853 0.124512
vt 0.203979 0.125000
vt 0.147217 0.115723
vt 0.182861 0.126953
vt 0.202515 0.132812
vt 0.213379 0.136230
vt 0.208618 0.146484
vt 0.197510 0.131348
vt 0.161865 0.120117
vt 0.181641 0.129395
vt 0.161377 0.123047
vt 0.179810 0.131836
vt 0.194580 0.137695
vt 0.199097 0.140137
vt 0.145996 0.122559
vt 0.190186 0.142578
vt 0.193726 0.146484
vt 0.201416 0.155273
vt 0.192261 0.161621
vt 0.177490 0.133301
vt 0.184448 0.146484
vt 0.187012 0.151367
vt 0.171875 0.134277
vt 0.171021 0.154785
vt 0.181641 0.165039
vt 0.170532 0.166016
vt 0.171265 0.149414
vt 0.155396 0.149902
vt 0.159424 0.164062
vt 0.149170 0.159668
vt 0.166382 0.132812
vt 0.158325 0.145508
vt 0.149048 0.144531
vt 0.140625 0.152344
vt 0.134155 0.143066
vt 0.164185 0.130859
vt 0.152954 0.141113
vt 0.162598 0.128418
vt 0.149048 0.135742
vt 0.161621 0.125977
vt 0.146606 0.128906
vt 0.144287 0.137695
vt 0.141479 0.130371
vt 0.130371 0.132812
vt 0.140747 0.122070
vt 0.417236 0.324707
vt 0.396973 0.335938
vt 0.395264 0.350586
vt 0.063965 0.062500
vt 0.056976 0.061035
vt 0.048706 0.059082
vt 0.038849 0.175781
vt 0.029572 0.171875
vt 0.034302 0.173828
vt 0.038849 0.175781
vt 0.038818 0.176270
vt 0.029572 0.171875
vt 0.658203 0.965698
vt 0.658203 0.962128
vt 0.677734 0.962128
vt 0.677734 0.965698
vt 0.658203 0.969269
vt 0.743164 0.962128
vt 0.677734 0.969269
vt 0.658203 0.974609
vt 0.743164 0.965698
vt 0.677734 0.974609
vt 0.658203 0.978180
vt 0.765625 0.965698
vt 0.765625 0.962128
vt 0.791992 0.962128
vt 0.743164 0.969269
vt 0.677734 0.978180
vt 0.658203 0.981750
vt 0.677734 0.981750
vt 0.791992 0.965698
vt 0.796387 0.962128
vt 0.765625 0.969269
vt 0.743164 0.974609
vt 0.743164 0.978180
vt 0.743164 0.981750
vt 0.765625 0.981750
vt 0.796387 0.965698
vt 0.911133 0.962128
vt 0.791992 0.969269
vt 0.765625 0.978180
vt 0.765625 0.974609
vt 0.791992 0.978180
vt 0.791992 0.981750
vt 0.791992 0.974609
vt 0.796387 0.978180
vt 0.796387 0.981750
vt 0.796387 0.969269
vt 0.796387 0.974609
vt 0.911133 0.978180
vt 0.911133 0.981750
vt 0.911133 0.974609
vt 0.913574 0.978180
vt 0.913574 0.981750
vt 0.913574 0.974609
vt 0.912598 0.969269
vt 0.911133 0.971054
vt 0.956055 0.978180
vt 0.956055 0.981750
vt 0.968750 0.978180
vt 0.968750 0.981750
vt 0.968750 0.974609
vt 0.956055 0.974609
vt 0.968750 0.969269
vt 0.956055 0.969269
vt 0.968750 0.965698
vt 0.956055 0.965698
vt 0.968750 0.962128
vt 0.956055 0.962128
vt 0.912598 0.965698
vt 0.913574 0.962128
vt 0.911133 0.963898
vt 0.658203 0.965698
vt 0.658203 0.962128
vt 0.677734 0.962128
vt 0.677734 0.965698
vt 0.658203 0.969269
vt 0.741699 0.962128
vt 0.677734 0.969269
vt 0.658203 0.974609
vt 0.741699 0.965698
vt 0.677734 0.974609
vt 0.658203 0.978180
vt 0.764160 0.965698
vt 0.764160 0.962128
vt 0.790039 0.962128
vt 0.741699 0.969269
vt 0.677734 0.978180
vt 0.658203 0.981750
vt 0.677734 0.981750
vt 0.790039 0.965698
vt 0.794922 0.962128
vt 0.764160 0.969269
vt 0.741699 0.974609
vt 0.741699 0.978180
vt 0.741699 0.981750
vt 0.764160 0.981750
vt 0.794922 0.965698
vt 0.905762 0.962128
vt 0.790039 0.969269
vt 0.764160 0.974609
vt 0.764160 0.978180
vt 0.790039 0.974609
vt 0.790039 0.978180
vt 0.790039 0.981750
vt 0.794922 0.969269
vt 0.907227 0.965698
vt 0.905762 0.963898
vt 0.908691 0.962128
vt 0.965820 0.962128
vt 0.965820 0.965698
vt 0.965820 0.969269
vt 0.907227 0.969269
vt 0.965820 0.974609
vt 0.794922 0.978180
vt 0.794922 0.981750
vt 0.908691 0.974609
vt 0.965820 0.978180
vt 0.794922 0.974609
vt 0.905762 0.978180
vt 0.905762 0.981750
vt 0.905762 0.971054
vt 0.905762 0.974609
vt 0.908691 0.978180
vt 0.908691 0.981750
vt 0.965820 0.981750
vt 0.910645 0.981583
vt 0.967773 0.978012
vt 0.967773 0.981583
vt 0.910645 0.978012
vt 0.907715 0.981583
vt 0.910645 0.974442
vt 0.967773 0.974442
vt 0.907715 0.978012
vt 0.796875 0.981583
vt 0.909180 0.969101
vt 0.967773 0.969101
vt 0.909180 0.965515
vt 0.967773 0.965515
vt 0.967773 0.961945
vt 0.910645 0.961945
vt 0.907715 0.974442
vt 0.796875 0.978012
vt 0.791992 0.981583
vt 0.796875 0.974442
vt 0.791992 0.978012
vt 0.766113 0.981583
vt 0.796875 0.969101
vt 0.907715 0.963745
vt 0.907715 0.961945
vt 0.796875 0.965515
vt 0.796875 0.961945
vt 0.791992 0.974442
vt 0.766113 0.978012
vt 0.791992 0.965515
vt 0.791992 0.961945
vt 0.791992 0.969101
vt 0.766113 0.965515
vt 0.766113 0.961945
vt 0.743652 0.961945
vt 0.766113 0.974442
vt 0.766113 0.969101
vt 0.743652 0.978012
vt 0.743652 0.981583
vt 0.679688 0.981583
vt 0.743652 0.974442
vt 0.679688 0.978012
vt 0.660156 0.981583
vt 0.660156 0.978012
vt 0.679688 0.974442
vt 0.660156 0.974442
vt 0.743652 0.965515
vt 0.743652 0.969101
vt 0.679688 0.969101
vt 0.660156 0.969101
vt 0.679688 0.965515
vt 0.679688 0.961945
vt 0.660156 0.965515
vt 0.660156 0.961945
vt 0.836426 0.037109
vt 0.818848 0.042480
vt 0.836426 0.042480
vt 0.818848 0.037109
vt 0.818848 0.010742
vt 0.836426 0.010742
vt 0.800293 0.037109
vt 0.800293 0.042480
vt 0.818848 0.004883
vt 0.836426 0.004883
vt 0.800293 0.004883
vt 0.800293 0.010742
vt 0.781250 0.004883
vt 0.781250 0.010742
vt 0.762695 0.004883
vt 0.781250 0.037109
vt 0.781250 0.042480
vt 0.762695 0.037109
vt 0.762695 0.042480
vt 0.762695 0.010742
vt 0.744629 0.004883
vt 0.744629 0.010742
vt 0.724121 0.004883
vt 0.744629 0.037109
vt 0.744629 0.042480
vt 0.724121 0.037109
vt 0.724121 0.042480
vt 0.724121 0.010742
vt 0.697754 0.004883
vt 0.697754 0.010742
vt 0.666016 0.004883
vt 0.697754 0.037109
vt 0.697754 0.042480
vt 0.666016 0.037109
vt 0.666016 0.042480
vt 0.666016 0.010742
vt 0.637695 0.004883
vt 0.637695 0.010742
vt 0.616699 0.004883
vt 0.637695 0.037109
vt 0.637695 0.042480
vt 0.616699 0.037109
vt 0.616699 0.042480
vt 0.616699 0.010742
vt 0.598145 0.004883
vt 0.598145 0.010742
vt 0.580078 0.004883
vt 0.598145 0.037109
vt 0.598145 0.042480
vt 0.580078 0.037109
vt 0.580078 0.042480
vt 0.580078 0.010742
vt 0.562012 0.004883
vt 0.562012 0.010742
vt 0.543945 0.004883
vt 0.562012 0.037109
vt 0.543945 0.037109
vt 0.562012 0.042480
vt 0.543945 0.042480
vt 0.523438 0.042480
vt 0.523438 0.037109
vt 0.523438 0.010742
vt 0.543945 0.010742
vt 0.523438 0.004883
vt 0.836426 0.037109
vt 0.836426 0.042480
vt 0.818848 0.042480
vt 0.818848 0.037109
vt 0.818848 0.010742
vt 0.836426 0.010742
vt 0.800293 0.037109
vt 0.800293 0.042480
vt 0.818848 0.004883
vt 0.836426 0.004883
vt 0.800293 0.004883
vt 0.800293 0.010742
vt 0.781250 0.004883
vt 0.781250 0.010742
vt 0.762695 0.004883
vt 0.781250 0.037109
vt 0.781250 0.042480
vt 0.762695 0.037109
vt 0.762695 0.042480
vt 0.762695 0.010742
vt 0.744629 0.004883
vt 0.744629 0.010742
vt 0.724121 0.004883
vt 0.744629 0.037109
vt 0.744629 0.042480
vt 0.724121 0.037109
vt 0.724121 0.042480
vt 0.724121 0.010742
vt 0.697754 0.004883
vt 0.697754 0.010742
vt 0.666016 0.004883
vt 0.697754 0.037109
vt 0.697754 0.042480
vt 0.666016 0.037109
vt 0.666016 0.042480
vt 0.666016 0.010742
vt 0.637695 0.004883
vt 0.637695 0.010742
vt 0.616699 0.004883
vt 0.637695 0.037109
vt 0.637695 0.042480
vt 0.616699 0.037109
vt 0.616699 0.042480
vt 0.616699 0.010742
vt 0.598145 0.004883
vt 0.598145 0.010742
vt 0.580078 0.004883
vt 0.598145 0.037109
vt 0.598145 0.042480
vt 0.580078 0.037109
vt 0.580078 0.042480
vt 0.580078 0.010742
vt 0.562012 0.004883
vt 0.562012 0.010742
vt 0.543945 0.004883
vt 0.562012 0.037109
vt 0.543945 0.037109
vt 0.562012 0.042480
vt 0.543945 0.042480
vt 0.523438 0.042480
vt 0.523438 0.037109
vt 0.523438 0.010742
vt 0.543945 0.010742
vt 0.523438 0.004883
vt 0.212769 0.921143
vt 0.216187 0.925842
vt 0.216431 0.923706
vt 0.211426 0.924377
vt 0.210571 0.927734
vt 0.215088 0.927795
vt 0.196777 0.924988
vt 0.198242 0.921021
vt 0.199951 0.916870
vt 0.190674 0.923462
vt 0.188843 0.920410
vt 0.191162 0.914978
vt 0.189819 0.925781
vt 0.185303 0.916443
vt 0.187134 0.908630
vt 0.185181 0.926208
vt 0.193115 0.933411
vt 0.176758 0.911011
vt 0.188477 0.934265
vt 0.194824 0.937073
vt 0.172974 0.903076
vt 0.169556 0.916565
vt 0.180176 0.899231
vt 0.179443 0.926147
vt 0.191162 0.938568
vt 0.201904 0.943695
vt 0.170654 0.893677
vt 0.176880 0.893311
vt 0.170044 0.881104
vt 0.165405 0.906189
vt 0.163208 0.896057
vt 0.159668 0.885010
vt 0.159058 0.907288
vt 0.183716 0.935730
vt 0.198120 0.945648
vt 0.209839 0.952515
vt 0.187500 0.940247
vt 0.178833 0.939117
vt 0.174683 0.928833
vt 0.169189 0.928345
vt 0.184570 0.942200
vt 0.194702 0.948212
vt 0.207397 0.955139
vt 0.214355 0.964172
vt 0.216675 0.964355
vt 0.204468 0.957764
vt 0.213135 0.965973
vt 0.215210 0.967865
vt 0.191895 0.950745
vt 0.211304 0.967041
vt 0.211426 0.969208
vt 0.199219 0.962677
vt 0.201904 0.960602
vt 0.189697 0.953644
vt 0.182739 0.945190
vt 0.181641 0.944031
vt 0.181030 0.945679
vt 0.177124 0.945312
vt 0.181885 0.957367
vt 0.185669 0.955902
vt 0.193848 0.975769
vt 0.191040 0.976471
vt 0.194458 0.982178
vt 0.178467 0.959045
vt 0.173096 0.946106
vt 0.171387 0.939209
vt 0.192627 0.981583
vt 0.190918 0.983063
vt 0.192017 0.985275
vt 0.188110 0.985809
vt 0.188110 0.977966
vt 0.175049 0.960693
vt 0.185303 0.979782
vt 0.188721 0.983795
vt 0.182861 0.981873
vt 0.171997 0.962799
vt 0.169556 0.947113
vt 0.167236 0.950104
vt 0.165161 0.941559
vt 0.167236 0.947815
vt 0.166382 0.947784
vt 0.162476 0.928040
vt 0.162598 0.945679
vt 0.166504 0.956879
vt 0.160767 0.916016
vt 0.162598 0.956146
vt 0.165405 0.980118
vt 0.157349 0.938782
vt 0.155518 0.927795
vt 0.153809 0.915894
vt 0.152588 0.907715
vt 0.158081 0.944733
vt 0.149780 0.939667
vt 0.148560 0.928040
vt 0.147705 0.916016
vt 0.146606 0.907898
vt 0.151001 0.899414
vt 0.145020 0.899902
vt 0.157104 0.898560
vt 0.155273 0.891663
vt 0.149292 0.891113
vt 0.148438 0.884521
vt 0.137939 0.883362
vt 0.153320 0.875427
vt 0.142456 0.891907
vt 0.137939 0.894531
vt 0.139771 0.900269
vt 0.141113 0.907898
vt 0.135132 0.899597
vt 0.129761 0.897400
vt 0.141968 0.915955
vt 0.135742 0.907593
vt 0.142700 0.927673
vt 0.136719 0.915771
vt 0.133667 0.890808
vt 0.130249 0.907166
vt 0.137451 0.927307
vt 0.142944 0.936890
vt 0.131104 0.915771
vt 0.129639 0.880981
vt 0.128662 0.889526
vt 0.124451 0.890320
vt 0.123901 0.897461
vt 0.142822 0.871338
vt 0.121155 0.883545
vt 0.150635 0.853638
vt 0.162476 0.858276
vt 0.178101 0.836914
vt 0.133057 0.869995
vt 0.124268 0.907104
vt 0.118408 0.896301
vt 0.125244 0.916138
vt 0.164307 0.831177
vt 0.138794 0.851929
vt 0.122559 0.870361
vt 0.111877 0.883484
vt 0.176880 0.808105
vt 0.192139 0.818237
vt 0.186157 0.786743
vt 0.203857 0.796387
vt 0.209595 0.771362
vt 0.150513 0.827271
vt 0.126343 0.852173
vt 0.162109 0.800415
vt 0.111755 0.871216
vt 0.135742 0.825317
vt 0.170654 0.774780
vt 0.113586 0.853149
vt 0.145874 0.797241
vt 0.120911 0.824829
vt 0.100281 0.872559
vt 0.101807 0.885315
vt 0.100769 0.853638
vt 0.088623 0.891235
vt 0.086243 0.873779
vt 0.097656 0.900574
vt 0.104553 0.897583
vt 0.087769 0.853638
vt 0.105530 0.824951
vt 0.128906 0.796997
vt 0.111694 0.896118
vt 0.153931 0.770874
vt 0.118408 0.907166
vt 0.119324 0.916870
vt 0.090637 0.825073
vt 0.110840 0.798340
vt 0.135132 0.771973
vt 0.157593 0.750244
vt 0.074646 0.853271
vt 0.174561 0.754272
vt 0.073608 0.874146
vt 0.193359 0.764648
vt 0.192627 0.747314
vt 0.208740 0.751099
vt 0.173950 0.742432
vt 0.190186 0.734863
vt 0.207275 0.738281
vt 0.173706 0.732910
vt 0.191284 0.721191
vt 0.207764 0.725586
vt 0.157104 0.739502
vt 0.194336 0.703125
vt 0.210449 0.708496
vt 0.173584 0.718994
vt 0.155640 0.730469
vt 0.198486 0.683838
vt 0.216187 0.688965
vt 0.155029 0.717529
vt 0.204224 0.662598
vt 0.222778 0.666748
vt 0.229736 0.639648
vt 0.136963 0.737549
vt 0.136230 0.728760
vt 0.136841 0.716797
vt 0.154907 0.698975
vt 0.137207 0.750000
vt 0.114868 0.773926
vt 0.116760 0.751221
vt 0.118408 0.739258
vt 0.093323 0.800781
vt 0.096313 0.776733
vt 0.076721 0.825317
vt 0.079956 0.802856
vt 0.099182 0.753418
vt 0.118469 0.729736
vt 0.063110 0.825439
vt 0.081177 0.779419
vt 0.099609 0.740479
vt 0.061859 0.853149
vt 0.066101 0.804932
vt 0.083435 0.756104
vt 0.067505 0.782227
vt 0.048828 0.826782
vt 0.049164 0.853638
vt 0.049896 0.806763
vt 0.069214 0.759399
vt 0.086426 0.741943
vt 0.049713 0.785034
vt 0.048767 0.874634
vt 0.034637 0.855103
vt 0.034576 0.829590
vt 0.033051 0.807617
vt 0.033203 0.784790
vt 0.036316 0.874023
vt 0.051880 0.761963
vt 0.034637 0.761353
vt 0.037903 0.743896
vt 0.061707 0.874268
vt 0.047241 0.889771
vt 0.035736 0.886047
vt 0.061279 0.887268
vt 0.071350 0.744629
vt 0.055573 0.745605
vt 0.037415 0.733154
vt 0.072632 0.890015
vt 0.087158 0.730713
vt 0.057159 0.733398
vt 0.033478 0.722656
vt 0.071716 0.732422
vt 0.054138 0.720215
vt 0.023972 0.708984
vt 0.069214 0.717773
vt 0.043457 0.703857
vt 0.015266 0.691406
vt 0.101196 0.729980
vt 0.084351 0.717041
vt 0.062103 0.700928
vt 0.034943 0.684814
vt 0.101746 0.717285
vt 0.081665 0.700439
vt 0.118652 0.717285
vt 0.030151 0.661377
vt 0.009216 0.669189
vt 0.057220 0.680420
vt 0.100952 0.700928
vt 0.137695 0.699463
vt 0.052399 0.655762
vt 0.077454 0.679932
vt 0.027527 0.636719
vt 0.006332 0.641357
vt 0.119202 0.700684
vt 0.097534 0.680664
vt 0.072510 0.655029
vt 0.048035 0.630615
vt 0.026779 0.619141
vt 0.012360 0.624268
vt 0.040924 0.614746
vt 0.067200 0.630371
vt 0.059509 0.612305
vt 0.093933 0.656494
vt 0.090759 0.633301
vt 0.088501 0.615967
vt 0.118408 0.680420
vt 0.113708 0.634766
vt 0.113037 0.615234
vt 0.135742 0.611084
vt 0.115967 0.657959
vt 0.137695 0.678955
vt 0.135620 0.632080
vt 0.158813 0.629639
vt 0.161011 0.609375
vt 0.184937 0.610352
vt 0.136597 0.656494
vt 0.156372 0.677490
vt 0.156860 0.654297
vt 0.186890 0.629639
vt 0.204834 0.609131
vt 0.210815 0.621094
vt 0.181396 0.656494
vt 0.177856 0.679443
vt 0.176025 0.700439
vt 0.209473 0.639160
vt 0.225708 0.624268
vt 0.239258 0.624512
vt 0.972656 0.248535
vt 0.990723 0.198730
vt 0.990723 0.250488
vt 0.972656 0.197266
vt 0.949219 0.246094
vt 0.989746 0.157227
vt 0.953125 0.193848
vt 0.938477 0.243164
vt 0.973633 0.153320
vt 0.992676 0.122070
vt 0.941406 0.191406
vt 0.927246 0.239746
vt 0.973145 0.119629
vt 0.993164 0.088867
vt 0.955566 0.149414
vt 0.976074 0.087402
vt 0.989746 0.054199
vt 0.979492 0.052734
vt 0.957031 0.112793
vt 0.960449 0.083008
vt 0.962891 0.051758
vt 0.949707 0.082031
vt 0.952148 0.048828
vt 0.942383 0.144531
vt 0.945312 0.111816
vt 0.938477 0.081055
vt 0.941406 0.045410
vt 0.933594 0.110840
vt 0.929688 0.140137
vt 0.914551 0.072266
vt 0.920410 0.040527
vt 0.908203 0.104492
vt 0.912109 0.137695
vt 0.910156 0.187500
vt 0.929688 0.188965
vt 0.915527 0.239258
vt 0.893555 0.062988
vt 0.909668 0.035156
vt 0.897949 0.029297
vt 0.884277 0.097168
vt 0.876953 0.055664
vt 0.872559 0.016602
vt 0.886719 0.137695
vt 0.903320 0.140137
vt 0.868164 0.084961
vt 0.861328 0.042969
vt 0.853027 0.006348
vt 0.847656 0.036133
vt 0.840332 0.072754
vt 0.851562 0.077637
vt 0.830078 0.102539
vt 0.840820 0.105957
vt 0.861816 0.137207
vt 0.857422 0.122559
vt 0.852051 0.115723
vt 0.863770 0.181641
vt 0.826660 0.131348
vt 0.834961 0.138184
vt 0.817871 0.125488
vt 0.813965 0.159668
vt 0.885742 0.188477
vt 0.864746 0.234863
vt 0.897949 0.191406
vt 0.878906 0.242188
vt 0.891602 0.244141
vt 0.809082 0.153809
vt 0.802246 0.147461
vt 0.799316 0.174316
vt 0.792969 0.169434
vt 0.787109 0.164062
vt 0.777832 0.190430
vt 0.768555 0.181152
vt 0.772949 0.186523
vt 0.972656 0.248535
vt 0.990723 0.250488
vt 0.990723 0.198730
vt 0.972656 0.197266
vt 0.949219 0.246094
vt 0.989746 0.157227
vt 0.953125 0.193848
vt 0.938477 0.243164
vt 0.973633 0.153320
vt 0.992676 0.122070
vt 0.941406 0.191406
vt 0.927246 0.239746
vt 0.973145 0.119629
vt 0.993164 0.088867
vt 0.955566 0.149414
vt 0.976074 0.087402
vt 0.989746 0.054199
vt 0.979492 0.052734
vt 0.957031 0.112793
vt 0.960449 0.083008
vt 0.962891 0.051758
vt 0.949707 0.082031
vt 0.952148 0.048828
vt 0.942383 0.144531
vt 0.945312 0.111816
vt 0.938477 0.081055
vt 0.941406 0.045410
vt 0.933594 0.110840
vt 0.929688 0.140137
vt 0.914551 0.072266
vt 0.920410 0.040527
vt 0.908203 0.104492
vt 0.912109 0.137695
vt 0.910156 0.187500
vt 0.929688 0.188965
vt 0.915527 0.239258
vt 0.893555 0.062988
vt 0.909668 0.035156
vt 0.897949 0.029297
vt 0.884277 0.097168
vt 0.876953 0.055664
vt 0.872559 0.016602
vt 0.886719 0.137695
vt 0.903320 0.140137
vt 0.868164 0.084961
vt 0.861328 0.042969
vt 0.853027 0.006348
vt 0.847656 0.036133
vt 0.840332 0.072754
vt 0.851562 0.077637
vt 0.830078 0.102539
vt 0.840820 0.105957
vt 0.861816 0.137207
vt 0.857422 0.122559
vt 0.852051 0.115723
vt 0.863770 0.181641
vt 0.826660 0.131348
vt 0.834961 0.138184
vt 0.817871 0.125488
vt 0.813965 0.159668
vt 0.885742 0.188477
vt 0.864746 0.234863
vt 0.897949 0.191406
vt 0.878906 0.242188
vt 0.891602 0.244141
vt 0.809082 0.153809
vt 0.802246 0.147461
vt 0.799316 0.174316
vt 0.792969 0.169434
vt 0.787109 0.164062
vt 0.777832 0.190430
vt 0.768555 0.181152
vt 0.772949 0.186523
vt 0.261230 0.747559
vt 0.260742 0.719238
vt 0.297607 0.721924
vt 0.292969 0.749756
vt 0.332520 0.727783
vt 0.290283 0.779053
vt 0.261719 0.777222
vt 0.262695 0.807129
vt 0.288086 0.808105
vt 0.262939 0.811035
vt 0.287842 0.811646
vt 0.312012 0.815796
vt 0.311279 0.819824
vt 0.320557 0.787109
vt 0.333008 0.829590
vt 0.331055 0.833496
vt 0.352295 0.848389
vt 0.349854 0.851196
vt 0.326904 0.757202
vt 0.349121 0.805542
vt 0.374756 0.871582
vt 0.371582 0.874390
vt 0.362549 0.784180
vt 0.372070 0.825806
vt 0.400391 0.896057
vt 0.397949 0.898010
vt 0.426514 0.915710
vt 0.422852 0.920715
vt 0.419189 0.866943
vt 0.452881 0.935486
vt 0.448975 0.939728
vt 0.394287 0.846191
vt 0.445312 0.889404
vt 0.476562 0.952881
vt 0.472168 0.956177
vt 0.470947 0.908203
vt 0.501953 0.969635
vt 0.497559 0.972076
vt 0.512207 0.981583
vt 0.493164 0.924194
vt 0.411621 0.825562
vt 0.435303 0.849121
vt 0.459473 0.869751
vt 0.485596 0.887329
vt 0.506836 0.901306
vt 0.499023 0.864868
vt 0.473877 0.849731
vt 0.388428 0.804321
vt 0.449463 0.829956
vt 0.381104 0.755859
vt 0.427490 0.806396
vt 0.370850 0.733643
vt 0.369629 0.698730
vt 0.336426 0.699219
vt 0.405273 0.782837
vt 0.405518 0.731934
vt 0.367920 0.665039
vt 0.335449 0.668701
vt 0.420654 0.767578
vt 0.441162 0.792358
vt 0.462402 0.813354
vt 0.397949 0.697266
vt 0.364990 0.633057
vt 0.333252 0.640137
vt 0.486816 0.832642
vt 0.392822 0.663818
vt 0.363770 0.612793
vt 0.330078 0.619141
vt 0.358887 0.593018
vt 0.327393 0.601807
vt 0.326416 0.591797
vt 0.394287 0.606201
vt 0.351318 0.569092
vt 0.322754 0.567139
vt 0.384521 0.584229
vt 0.376709 0.563232
vt 0.393066 0.632812
vt 0.411621 0.609375
vt 0.412842 0.633789
vt 0.415771 0.661621
vt 0.435547 0.628418
vt 0.428955 0.605469
vt 0.421875 0.691162
vt 0.441162 0.653564
vt 0.452881 0.597412
vt 0.449219 0.581543
vt 0.477539 0.584961
vt 0.468018 0.564697
vt 0.486816 0.547363
vt 0.463623 0.619629
vt 0.428711 0.720947
vt 0.449219 0.682129
vt 0.468262 0.644531
vt 0.457031 0.709961
vt 0.444336 0.752197
vt 0.478271 0.672852
vt 0.494629 0.635742
vt 0.463867 0.775635
vt 0.486816 0.696777
vt 0.471924 0.736572
vt 0.483154 0.795898
vt 0.489258 0.611084
vt 0.503418 0.662598
vt 0.498291 0.722656
vt 0.487061 0.760010
vt 0.504883 0.814819
vt 0.520508 0.625244
vt 0.511719 0.686279
vt 0.511719 0.744873
vt 0.503418 0.781738
vt 0.522949 0.708984
vt 0.525391 0.765503
vt 0.535156 0.730469
vt 0.538574 0.673340
vt 0.549805 0.695068
vt 0.530762 0.650635
vt 0.560547 0.715820
vt 0.521484 0.800659
vt 0.539551 0.783813
vt 0.548828 0.749268
vt 0.571777 0.735352
vt 0.562012 0.767578
vt 0.524414 0.831421
vt 0.556152 0.801270
vt 0.510742 0.847046
vt 0.538574 0.816528
vt 0.556641 0.832031
vt 0.544922 0.847046
vt 0.534180 0.860596
vt 0.521484 0.878662
vt 0.577148 0.785278
vt 0.572266 0.817139
vt 0.574219 0.847656
vt 0.567383 0.861328
vt 0.561523 0.875183
vt 0.543945 0.894714
vt 0.585449 0.753662
vt 0.529297 0.918274
vt 0.587402 0.728027
vt 0.583008 0.704590
vt 0.517090 0.941406
vt 0.516602 0.979904
vt 0.532227 0.951569
vt 0.532227 0.989532
vt 0.527344 0.990494
vt 0.546387 0.960114
vt 0.543945 0.928162
vt 0.558594 0.936157
vt 0.555176 0.907593
vt 0.566406 0.917786
vt 0.574707 0.912231
vt 0.569336 0.895691
vt 0.588867 0.895691
vt 0.589355 0.913391
vt 0.608398 0.913696
vt 0.607910 0.894836
vt 0.587402 0.880371
vt 0.606934 0.884583
vt 0.586914 0.872559
vt 0.608398 0.878418
vt 0.612793 0.871948
vt 0.590820 0.864380
vt 0.606445 0.850830
vt 0.615723 0.860840
vt 0.624023 0.864502
vt 0.588379 0.831787
vt 0.625488 0.857178
vt 0.645996 0.866577
vt 0.604004 0.846191
vt 0.593262 0.801392
vt 0.624023 0.848267
vt 0.607422 0.822144
vt 0.628906 0.813599
vt 0.618652 0.838501
vt 0.598633 0.770752
vt 0.638672 0.831299
vt 0.645508 0.845703
vt 0.613281 0.789429
vt 0.646973 0.858154
vt 0.671875 0.860474
vt 0.672363 0.872925
vt 0.670410 0.847778
vt 0.699219 0.865234
vt 0.700195 0.876526
vt 0.659668 0.825684
vt 0.734863 0.875671
vt 0.734375 0.888611
vt 0.693359 0.847168
vt 0.770996 0.880249
vt 0.770508 0.896973
vt 0.813965 0.898621
vt 0.764160 0.853149
vt 0.812988 0.875427
vt 0.723633 0.841309
vt 0.854492 0.866943
vt 0.863770 0.892212
vt 0.910645 0.850220
vt 0.912598 0.881592
vt 0.945801 0.865234
vt 0.937988 0.821777
vt 0.971191 0.836670
vt 0.958008 0.778198
vt 0.991699 0.793945
vt 0.988281 0.788086
vt 0.958008 0.771484
vt 0.904297 0.753296
vt 0.905273 0.745850
vt 0.882324 0.791138
vt 0.859863 0.731201
vt 0.862305 0.724854
vt 0.860352 0.814453
vt 0.823242 0.713623
vt 0.826660 0.708008
vt 0.837402 0.765869
vt 0.778809 0.691162
vt 0.781250 0.685059
vt 0.829590 0.827393
vt 0.821289 0.783936
vt 0.794922 0.739990
vt 0.747070 0.676025
vt 0.754395 0.672363
vt 0.805176 0.801392
vt 0.798828 0.840332
vt 0.783203 0.753906
vt 0.756348 0.715332
vt 0.729980 0.664307
vt 0.735840 0.660645
vt 0.781250 0.816040
vt 0.755859 0.829346
vt 0.746094 0.725830
vt 0.727539 0.695801
vt 0.720215 0.654785
vt 0.726074 0.651123
vt 0.733887 0.795288
vt 0.704590 0.681152
vt 0.711426 0.642334
vt 0.716797 0.639160
vt 0.717285 0.708740
vt 0.691895 0.671387
vt 0.705566 0.632080
vt 0.712891 0.628662
vt 0.754883 0.783325
vt 0.693848 0.689697
vt 0.682129 0.657471
vt 0.703125 0.619141
vt 0.708984 0.615723
vt 0.770508 0.768311
vt 0.735840 0.738037
vt 0.723633 0.752075
vt 0.704590 0.716309
vt 0.710938 0.762207
vt 0.694824 0.726562
vt 0.682129 0.701416
vt 0.672363 0.709717
vt 0.708984 0.807983
vt 0.684570 0.735352
vt 0.683105 0.818115
vt 0.690918 0.775146
vt 0.670898 0.786743
vt 0.672363 0.746826
vt 0.663086 0.717773
vt 0.646973 0.801514
vt 0.633789 0.778442
vt 0.655762 0.759033
vt 0.653809 0.725098
vt 0.643555 0.700928
vt 0.622070 0.759277
vt 0.633789 0.753906
vt 0.642090 0.731934
vt 0.604492 0.742920
vt 0.618164 0.736572
vt 0.599609 0.720703
vt 0.632324 0.732422
vt 0.612305 0.714355
vt 0.632812 0.706543
vt 0.623047 0.709961
vt 0.604492 0.692383
vt 0.613281 0.689697
vt 0.628418 0.682617
vt 0.595215 0.697998
vt 0.602051 0.670898
vt 0.592773 0.675049
vt 0.583984 0.677734
vt 0.654785 0.693604
vt 0.665039 0.687500
vt 0.642090 0.675293
vt 0.619629 0.664551
vt 0.592773 0.651123
vt 0.678223 0.678711
vt 0.652344 0.671143
vt 0.667969 0.663818
vt 0.675293 0.642822
vt 0.660156 0.648193
vt 0.645508 0.654053
vt 0.674316 0.628418
vt 0.633789 0.658447
vt 0.631348 0.640137
vt 0.657715 0.630615
vt 0.703613 0.603516
vt 0.709473 0.601807
vt 0.677246 0.612549
vt 0.704590 0.587891
vt 0.710938 0.588135
vt 0.642090 0.636963
vt 0.610840 0.644287
vt 0.660645 0.611816
vt 0.684570 0.590332
vt 0.708008 0.568848
vt 0.714355 0.570557
vt 0.632812 0.612305
vt 0.715820 0.550537
vt 0.721680 0.552002
vt 0.688965 0.570801
vt 0.729004 0.519531
vt 0.733398 0.521240
vt 0.645996 0.611572
vt 0.666992 0.587891
vt 0.698730 0.544678
vt 0.740234 0.488281
vt 0.745117 0.491211
vt 0.651367 0.587158
vt 0.673340 0.566162
vt 0.635254 0.586182
vt 0.712891 0.512451
vt 0.751953 0.458008
vt 0.755859 0.460938
vt 0.684082 0.539795
vt 0.726074 0.479980
vt 0.762207 0.431641
vt 0.767090 0.434570
vt 0.697266 0.507568
vt 0.668945 0.534424
vt 0.659180 0.562012
vt 0.735840 0.450684
vt 0.773438 0.405273
vt 0.778320 0.408691
vt 0.710449 0.476074
vt 0.641113 0.558350
vt 0.745605 0.422852
vt 0.784180 0.376465
vt 0.787598 0.381348
vt 0.679688 0.502197
vt 0.648926 0.528076
vt 0.720215 0.445312
vt 0.754883 0.395020
vt 0.799805 0.350586
vt 0.800293 0.357422
vt 0.764648 0.369629
vt 0.753418 0.339355
vt 0.729492 0.416992
vt 0.694824 0.471191
vt 0.736816 0.389648
vt 0.743652 0.364258
vt 0.713379 0.363770
vt 0.714844 0.336426
vt 0.679199 0.347656
vt 0.706543 0.439941
vt 0.677246 0.463379
vt 0.715332 0.389160
vt 0.683594 0.372070
vt 0.714355 0.413574
vt 0.694336 0.433594
vt 0.694824 0.396484
vt 0.650879 0.392578
vt 0.635742 0.372070
vt 0.672852 0.417480
vt 0.618164 0.424805
vt 0.596680 0.403809
vt 0.649414 0.450684
vt 0.590332 0.458008
vt 0.568359 0.437500
vt 0.617188 0.476562
vt 0.634277 0.485352
vt 0.570801 0.487305
vt 0.548828 0.468750
vt 0.527832 0.501465
vt 0.593750 0.506836
vt 0.660156 0.497559
vt 0.624023 0.522705
vt 0.547852 0.519531
vt 0.524414 0.547119
vt 0.508301 0.525391
vt 0.621094 0.558838
vt 0.588867 0.531006
vt 0.617676 0.587402
vt 0.568848 0.562500
vt 0.589844 0.561035
vt 0.614258 0.616455
vt 0.592285 0.595215
vt 0.601074 0.620117
vt 0.566895 0.583984
vt 0.583496 0.626709
vt 0.540527 0.582764
vt 0.574219 0.604248
vt 0.574219 0.657715
vt 0.550781 0.610596
vt 0.549805 0.643799
vt 0.565918 0.661865
vt 0.572754 0.682861
vt 0.516113 0.612793
vt 0.511719 0.600830
vt 0.506348 0.582764
vt 0.502441 0.569092
vt 0.377686 0.074707
vt 0.391602 0.056641
vt 0.375000 0.069336
vt 0.395264 0.062988
vt 0.380859 0.081543
vt 0.399658 0.051270
vt 0.396484 0.070312
vt 0.382080 0.089844
vt 0.403320 0.058105
vt 0.409668 0.045898
vt 0.396240 0.079102
vt 0.383301 0.098633
vt 0.411377 0.053711
vt 0.417969 0.046875
vt 0.405029 0.066406
vt 0.395752 0.092285
vt 0.384521 0.109863
vt 0.404785 0.076172
vt 0.397217 0.104492
vt 0.385742 0.123535
vt 0.416992 0.053223
vt 0.465088 0.080078
vt 0.412109 0.060547
vt 0.416992 0.060059
vt 0.418945 0.071777
vt 0.422607 0.083984
vt 0.426025 0.098633
vt 0.412109 0.073242
vt 0.413574 0.086426
vt 0.397705 0.121094
vt 0.387207 0.144531
vt 0.405273 0.089844
vt 0.406494 0.102539
vt 0.415039 0.101074
vt 0.398926 0.143555
vt 0.390137 0.166992
vt 0.429443 0.114746
vt 0.416748 0.117676
vt 0.407227 0.119629
vt 0.401367 0.166016
vt 0.395752 0.188965
vt 0.408691 0.141113
vt 0.430176 0.132812
vt 0.406738 0.185547
vt 0.404785 0.209473
vt 0.418457 0.137695
vt 0.409424 0.162109
vt 0.416504 0.204590
vt 0.417969 0.228027
vt 0.426758 0.152832
vt 0.416748 0.158203
vt 0.414307 0.181641
vt 0.429199 0.220215
vt 0.436279 0.241699
vt 0.419922 0.178223
vt 0.423096 0.199219
vt 0.442627 0.232422
vt 0.457275 0.250977
vt 0.434814 0.213379
vt 0.457031 0.228516
vt 0.486572 0.239746
vt 0.446045 0.223145
vt 0.450928 0.209961
vt 0.439697 0.204102
vt 0.428711 0.193848
vt 0.471924 0.220215
vt 0.514160 0.207031
vt 0.425537 0.176758
vt 0.441162 0.192383
vt 0.438232 0.149902
vt 0.452637 0.195801
vt 0.437256 0.175781
vt 0.459717 0.215332
vt 0.494629 0.192383
vt 0.529785 0.176270
vt 0.452393 0.152344
vt 0.448242 0.177246
vt 0.459473 0.200684
vt 0.465576 0.203125
vt 0.458008 0.153809
vt 0.460205 0.152344
vt 0.468994 0.143555
vt 0.451904 0.177734
vt 0.461182 0.174805
vt 0.476562 0.161133
vt 0.483643 0.178223
vt 0.476318 0.131836
vt 0.487549 0.146484
vt 0.498047 0.154785
vt 0.488525 0.114746
vt 0.499756 0.123047
vt 0.507812 0.163574
vt 0.537109 0.149414
vt 0.508789 0.129395
vt 0.517578 0.135254
vt 0.543457 0.118652
vt 0.499756 0.095215
vt 0.510742 0.100586
vt 0.525879 0.109863
vt 0.546875 0.101562
vt 0.518066 0.104980
vt 0.530762 0.090820
vt 0.549316 0.089355
vt 0.507812 0.078125
vt 0.516602 0.081055
vt 0.533691 0.076172
vt 0.551758 0.082031
vt 0.522461 0.086914
vt 0.512695 0.066406
vt 0.535156 0.069336
vt 0.555664 0.075684
vt 0.539062 0.062500
vt 0.519531 0.068359
vt 0.514160 0.057617
vt 0.514160 0.049316
vt 0.527344 0.072266
vt 0.527832 0.063477
vt 0.531250 0.056641
vt 0.521973 0.050293
vt 0.520996 0.058594
vt 0.261230 0.747559
vt 0.297607 0.721924
vt 0.260742 0.719238
vt 0.292969 0.749756
vt 0.332520 0.727783
vt 0.290283 0.779053
vt 0.261719 0.777222
vt 0.262695 0.807129
vt 0.288086 0.808105
vt 0.262939 0.811035
vt 0.287842 0.811646
vt 0.312012 0.815796
vt 0.311279 0.819824
vt 0.320557 0.787109
vt 0.333008 0.829590
vt 0.331055 0.833496
vt 0.352295 0.848389
vt 0.349854 0.851196
vt 0.326904 0.757202
vt 0.349121 0.805542
vt 0.374756 0.871582
vt 0.371582 0.874390
vt 0.362549 0.784180
vt 0.372070 0.825806
vt 0.400391 0.896057
vt 0.397949 0.898010
vt 0.426514 0.915710
vt 0.422852 0.920715
vt 0.419189 0.866943
vt 0.452881 0.935486
vt 0.448975 0.939728
vt 0.394287 0.846191
vt 0.445312 0.889404
vt 0.476562 0.952881
vt 0.472168 0.956177
vt 0.470947 0.908203
vt 0.501953 0.969635
vt 0.497559 0.972076
vt 0.512207 0.981583
vt 0.493164 0.924194
vt 0.516602 0.979904
vt 0.517578 0.984718
vt 0.527344 0.990494
vt 0.532227 0.989532
vt 0.517090 0.941406
vt 0.532227 0.951569
vt 0.546387 0.960114
vt 0.529297 0.918274
vt 0.543945 0.928162
vt 0.558594 0.936157
vt 0.506836 0.901306
vt 0.555176 0.907593
vt 0.566406 0.917786
vt 0.574707 0.912231
vt 0.543945 0.894714
vt 0.569336 0.895691
vt 0.485596 0.887329
vt 0.459473 0.869751
vt 0.499023 0.864868
vt 0.521484 0.878662
vt 0.435303 0.849121
vt 0.561523 0.875183
vt 0.588867 0.895691
vt 0.589355 0.913391
vt 0.608398 0.913696
vt 0.607910 0.894836
vt 0.587402 0.880371
vt 0.606934 0.884583
vt 0.534180 0.860596
vt 0.586914 0.872559
vt 0.608398 0.878418
vt 0.612793 0.871948
vt 0.567383 0.861328
vt 0.590820 0.864380
vt 0.606445 0.850830
vt 0.615723 0.860840
vt 0.624023 0.864502
vt 0.625488 0.857178
vt 0.645996 0.866577
vt 0.510742 0.847046
vt 0.544922 0.847046
vt 0.574219 0.847656
vt 0.473877 0.849731
vt 0.604004 0.846191
vt 0.624023 0.848267
vt 0.588379 0.831787
vt 0.646973 0.858154
vt 0.645508 0.845703
vt 0.671875 0.860474
vt 0.672363 0.872925
vt 0.699219 0.865234
vt 0.700195 0.876526
vt 0.670410 0.847778
vt 0.638672 0.831299
vt 0.618652 0.838501
vt 0.628906 0.813599
vt 0.607422 0.822144
vt 0.734863 0.875671
vt 0.734375 0.888611
vt 0.659668 0.825684
vt 0.693359 0.847168
vt 0.593262 0.801392
vt 0.770996 0.880249
vt 0.770508 0.896973
vt 0.813965 0.898621
vt 0.572266 0.817139
vt 0.556641 0.832031
vt 0.524414 0.831421
vt 0.486816 0.832642
vt 0.449463 0.829956
vt 0.411621 0.825562
vt 0.388428 0.804321
vt 0.427490 0.806396
vt 0.462402 0.813354
vt 0.381104 0.755859
vt 0.405273 0.782837
vt 0.441162 0.792358
vt 0.504883 0.814819
vt 0.370850 0.733643
vt 0.420654 0.767578
vt 0.483154 0.795898
vt 0.369629 0.698730
vt 0.336426 0.699219
vt 0.405518 0.731934
vt 0.367920 0.665039
vt 0.335449 0.668701
vt 0.463867 0.775635
vt 0.397949 0.697266
vt 0.364990 0.633057
vt 0.333252 0.640137
vt 0.392822 0.663818
vt 0.363770 0.612793
vt 0.330078 0.619141
vt 0.358887 0.593018
vt 0.327393 0.601807
vt 0.326416 0.591797
vt 0.394287 0.606201
vt 0.351318 0.569092
vt 0.322754 0.567139
vt 0.384521 0.584229
vt 0.376709 0.563232
vt 0.393066 0.632812
vt 0.411621 0.609375
vt 0.412842 0.633789
vt 0.415771 0.661621
vt 0.435547 0.628418
vt 0.428955 0.605469
vt 0.421875 0.691162
vt 0.441162 0.653564
vt 0.452881 0.597412
vt 0.449219 0.581543
vt 0.477539 0.584961
vt 0.468018 0.564697
vt 0.486816 0.547363
vt 0.463623 0.619629
vt 0.428711 0.720947
vt 0.449219 0.682129
vt 0.468262 0.644531
vt 0.444336 0.752197
vt 0.457031 0.709961
vt 0.478271 0.672852
vt 0.494629 0.635742
vt 0.471924 0.736572
vt 0.486816 0.696777
vt 0.489258 0.611084
vt 0.503418 0.662598
vt 0.498291 0.722656
vt 0.487061 0.760010
vt 0.520508 0.625244
vt 0.511719 0.686279
vt 0.511719 0.744873
vt 0.503418 0.781738
vt 0.522949 0.708984
vt 0.525391 0.765503
vt 0.521484 0.800659
vt 0.535156 0.730469
vt 0.539551 0.783813
vt 0.538574 0.816528
vt 0.556152 0.801270
vt 0.548828 0.749268
vt 0.577148 0.785278
vt 0.562012 0.767578
vt 0.571777 0.735352
vt 0.585449 0.753662
vt 0.598633 0.770752
vt 0.560547 0.715820
vt 0.613281 0.789429
vt 0.587402 0.728027
vt 0.549805 0.695068
vt 0.583008 0.704590
vt 0.599609 0.720703
vt 0.604492 0.742920
vt 0.622070 0.759277
vt 0.633789 0.778442
vt 0.538574 0.673340
vt 0.572754 0.682861
vt 0.530762 0.650635
vt 0.565918 0.661865
vt 0.583984 0.677734
vt 0.549805 0.643799
vt 0.646973 0.801514
vt 0.670898 0.786743
vt 0.595215 0.697998
vt 0.574219 0.657715
vt 0.592773 0.675049
vt 0.604492 0.692383
vt 0.683105 0.818115
vt 0.612305 0.714355
vt 0.618164 0.736572
vt 0.633789 0.753906
vt 0.632324 0.732422
vt 0.655762 0.759033
vt 0.623047 0.709961
vt 0.642090 0.731934
vt 0.708984 0.807983
vt 0.690918 0.775146
vt 0.672363 0.746826
vt 0.653809 0.725098
vt 0.632812 0.706543
vt 0.613281 0.689697
vt 0.602051 0.670898
vt 0.628418 0.682617
vt 0.643555 0.700928
vt 0.663086 0.717773
vt 0.684570 0.735352
vt 0.592773 0.651123
vt 0.672363 0.709717
vt 0.710938 0.762207
vt 0.619629 0.664551
vt 0.654785 0.693604
vt 0.583496 0.626709
vt 0.694824 0.726562
vt 0.642090 0.675293
vt 0.682129 0.701416
vt 0.704590 0.716309
vt 0.665039 0.687500
vt 0.610840 0.644287
vt 0.601074 0.620117
vt 0.574219 0.604248
vt 0.592285 0.595215
vt 0.550781 0.610596
vt 0.614258 0.616455
vt 0.566895 0.583984
vt 0.516113 0.612793
vt 0.511719 0.600830
vt 0.540527 0.582764
vt 0.506348 0.582764
vt 0.524414 0.547119
vt 0.502441 0.569092
vt 0.508301 0.525391
vt 0.527832 0.501465
vt 0.568848 0.562500
vt 0.589844 0.561035
vt 0.547852 0.519531
vt 0.617676 0.587402
vt 0.588867 0.531006
vt 0.570801 0.487305
vt 0.548828 0.468750
vt 0.568359 0.437500
vt 0.593750 0.506836
vt 0.590332 0.458008
vt 0.596680 0.403809
vt 0.621094 0.558838
vt 0.618164 0.424805
vt 0.635742 0.372070
vt 0.617188 0.476562
vt 0.624023 0.522705
vt 0.634277 0.485352
vt 0.650879 0.392578
vt 0.679199 0.347656
vt 0.649414 0.450684
vt 0.672852 0.417480
vt 0.683594 0.372070
vt 0.713379 0.363770
vt 0.714844 0.336426
vt 0.753418 0.339355
vt 0.648926 0.528076
vt 0.660156 0.497559
vt 0.677246 0.463379
vt 0.694336 0.433594
vt 0.694824 0.396484
vt 0.715332 0.389160
vt 0.714355 0.413574
vt 0.706543 0.439941
vt 0.729492 0.416992
vt 0.736816 0.389648
vt 0.743652 0.364258
vt 0.764648 0.369629
vt 0.799805 0.350586
vt 0.754883 0.395020
vt 0.784180 0.376465
vt 0.787598 0.381348
vt 0.800293 0.357422
vt 0.778320 0.408691
vt 0.773438 0.405273
vt 0.767090 0.434570
vt 0.745605 0.422852
vt 0.762207 0.431641
vt 0.755859 0.460938
vt 0.720215 0.445312
vt 0.751953 0.458008
vt 0.745117 0.491211
vt 0.735840 0.450684
vt 0.694824 0.471191
vt 0.740234 0.488281
vt 0.733398 0.521240
vt 0.710449 0.476074
vt 0.679688 0.502197
vt 0.726074 0.479980
vt 0.729004 0.519531
vt 0.721680 0.552002
vt 0.668945 0.534424
vt 0.697266 0.507568
vt 0.712891 0.512451
vt 0.715820 0.550537
vt 0.714355 0.570557
vt 0.684082 0.539795
vt 0.698730 0.544678
vt 0.708008 0.568848
vt 0.710938 0.588135
vt 0.673340 0.566162
vt 0.688965 0.570801
vt 0.704590 0.587891
vt 0.709473 0.601807
vt 0.684570 0.590332
vt 0.703613 0.603516
vt 0.708984 0.615723
vt 0.659180 0.562012
vt 0.666992 0.587891
vt 0.677246 0.612549
vt 0.703125 0.619141
vt 0.712891 0.628662
vt 0.641113 0.558350
vt 0.651367 0.587158
vt 0.660645 0.611816
vt 0.635254 0.586182
vt 0.645996 0.611572
vt 0.632812 0.612305
vt 0.642090 0.636963
vt 0.631348 0.640137
vt 0.657715 0.630615
vt 0.633789 0.658447
vt 0.645508 0.654053
vt 0.674316 0.628418
vt 0.652344 0.671143
vt 0.660156 0.648193
vt 0.675293 0.642822
vt 0.667969 0.663818
vt 0.678223 0.678711
vt 0.705566 0.632080
vt 0.716797 0.639160
vt 0.682129 0.657471
vt 0.711426 0.642334
vt 0.726074 0.651123
vt 0.693848 0.689697
vt 0.691895 0.671387
vt 0.720215 0.654785
vt 0.735840 0.660645
vt 0.717285 0.708740
vt 0.704590 0.681152
vt 0.729980 0.664307
vt 0.754395 0.672363
vt 0.727539 0.695801
vt 0.747070 0.676025
vt 0.781250 0.685059
vt 0.746094 0.725830
vt 0.778809 0.691162
vt 0.826660 0.708008
vt 0.756348 0.715332
vt 0.823242 0.713623
vt 0.862305 0.724854
vt 0.794922 0.739990
vt 0.735840 0.738037
vt 0.859863 0.731201
vt 0.905273 0.745850
vt 0.783203 0.753906
vt 0.837402 0.765869
vt 0.723633 0.752075
vt 0.904297 0.753296
vt 0.958008 0.771484
vt 0.770508 0.768311
vt 0.821289 0.783936
vt 0.882324 0.791138
vt 0.754883 0.783325
vt 0.958008 0.778198
vt 0.988281 0.788086
vt 0.991699 0.793945
vt 0.971191 0.836670
vt 0.937988 0.821777
vt 0.945801 0.865234
vt 0.910645 0.850220
vt 0.912598 0.881592
vt 0.863770 0.892212
vt 0.860352 0.814453
vt 0.805176 0.801392
vt 0.854492 0.866943
vt 0.829590 0.827393
vt 0.812988 0.875427
vt 0.781250 0.816040
vt 0.764160 0.853149
vt 0.798828 0.840332
vt 0.733887 0.795288
vt 0.755859 0.829346
vt 0.723633 0.841309
vt 0.377686 0.074707
vt 0.375000 0.069336
vt 0.391602 0.056641
vt 0.395264 0.062988
vt 0.380859 0.081543
vt 0.399658 0.051270
vt 0.396484 0.070312
vt 0.382080 0.089844
vt 0.403320 0.058105
vt 0.409668 0.045898
vt 0.396240 0.079102
vt 0.383301 0.098633
vt 0.411377 0.053711
vt 0.417969 0.046875
vt 0.405029 0.066406
vt 0.395752 0.092285
vt 0.384521 0.109863
vt 0.404785 0.076172
vt 0.397217 0.104492
vt 0.385742 0.123535
vt 0.416992 0.053223
vt 0.465088 0.080078
vt 0.412109 0.060547
vt 0.416992 0.060059
vt 0.418945 0.071777
vt 0.422607 0.083984
vt 0.426025 0.098633
vt 0.412109 0.073242
vt 0.413574 0.086426
vt 0.397705 0.121094
vt 0.387207 0.144531
vt 0.405273 0.089844
vt 0.406494 0.102539
vt 0.415039 0.101074
vt 0.398926 0.143555
vt 0.390137 0.166992
vt 0.429443 0.114746
vt 0.416748 0.117676
vt 0.407227 0.119629
vt 0.401367 0.166016
vt 0.395752 0.188965
vt 0.408691 0.141113
vt 0.430176 0.132812
vt 0.406738 0.185547
vt 0.404785 0.209473
vt 0.418457 0.137695
vt 0.409424 0.162109
vt 0.416504 0.204590
vt 0.417969 0.228027
vt 0.426758 0.152832
vt 0.416748 0.158203
vt 0.414307 0.181641
vt 0.429199 0.220215
vt 0.436279 0.241699
vt 0.419922 0.178223
vt 0.423096 0.199219
vt 0.442627 0.232422
vt 0.457275 0.250977
vt 0.434814 0.213379
vt 0.457031 0.228516
vt 0.486572 0.239746
vt 0.446045 0.223145
vt 0.450928 0.209961
vt 0.439697 0.204102
vt 0.428711 0.193848
vt 0.471924 0.220215
vt 0.514160 0.207031
vt 0.425537 0.176758
vt 0.441162 0.192383
vt 0.438232 0.149902
vt 0.452637 0.195801
vt 0.437256 0.175781
vt 0.459717 0.215332
vt 0.494629 0.192383
vt 0.529785 0.176270
vt 0.452393 0.152344
vt 0.448242 0.177246
vt 0.459473 0.200684
vt 0.465576 0.203125
vt 0.458008 0.153809
vt 0.460205 0.152344
vt 0.468994 0.143555
vt 0.451904 0.177734
vt 0.461182 0.174805
vt 0.476562 0.161133
vt 0.483643 0.178223
vt 0.476318 0.131836
vt 0.487549 0.146484
vt 0.498047 0.154785
vt 0.488525 0.114746
vt 0.499756 0.123047
vt 0.507812 0.163574
vt 0.537109 0.149414
vt 0.508789 0.129395
vt 0.517578 0.135254
vt 0.543457 0.118652
vt 0.499756 0.095215
vt 0.510742 0.100586
vt 0.525879 0.109863
vt 0.546875 0.101562
vt 0.518066 0.104980
vt 0.530762 0.090820
vt 0.549316 0.089355
vt 0.507812 0.078125
vt 0.516602 0.081055
vt 0.533691 0.076172
vt 0.551758 0.082031
vt 0.522461 0.086914
vt 0.512695 0.066406
vt 0.535156 0.069336
vt 0.555664 0.075684
vt 0.539062 0.062500
vt 0.519531 0.068359
vt 0.514160 0.057617
vt 0.514160 0.049316
vt 0.527344 0.072266
vt 0.527832 0.063477
vt 0.531250 0.056641
vt 0.521973 0.050293
vt 0.520996 0.058594
vt 0.834961 0.698242
vt 0.834473 0.687012
vt 0.852539 0.699463
vt 0.846191 0.662354
vt 0.833496 0.681885
vt 0.842285 0.661865
vt 0.831055 0.662109
vt 0.827148 0.631836
vt 0.855957 0.632080
vt 0.846680 0.600342
vt 0.822266 0.602783
vt 0.844727 0.568359
vt 0.817871 0.569092
vt 0.848633 0.522461
vt 0.811035 0.533447
vt 0.829102 0.496582
vt 0.807617 0.495605
vt 0.818359 0.460449
vt 0.806152 0.460938
vt 0.810547 0.432617
vt 0.859863 0.633057
vt 0.871094 0.598145
vt 0.868652 0.566895
vt 0.862305 0.535400
vt 0.863770 0.534180
vt 0.891602 0.556152
vt 0.885742 0.567871
vt 0.875000 0.600098
vt 0.862793 0.662842
vt 0.879395 0.632812
vt 0.879883 0.663086
vt 0.877930 0.700684
vt 0.897949 0.699463
vt 0.890137 0.568115
vt 0.898438 0.662842
vt 0.902832 0.600830
vt 0.916504 0.680420
vt 0.915527 0.698242
vt 0.918457 0.662842
vt 0.900391 0.632812
vt 0.923340 0.632812
vt 0.928711 0.603027
vt 0.913574 0.567627
vt 0.933594 0.568848
vt 0.938965 0.532715
vt 0.895996 0.557861
vt 0.902832 0.542480
vt 0.892090 0.553467
vt 0.897949 0.541504
vt 0.911133 0.521484
vt 0.907227 0.520752
vt 0.920410 0.495605
vt 0.940918 0.494141
vt 0.886230 0.531006
vt 0.916992 0.494141
vt 0.927734 0.459473
vt 0.939941 0.458984
vt 0.934082 0.431152
vt 0.897461 0.512451
vt 0.874023 0.520508
vt 0.868652 0.527344
vt 0.925293 0.459473
vt 0.910645 0.490723
vt 0.850586 0.520020
vt 0.854492 0.512695
vt 0.832520 0.495117
vt 0.820801 0.460449
vt 0.838867 0.490234
vt 0.888184 0.504639
vt 0.858398 0.504883
vt 0.820801 0.436035
vt 0.826660 0.459473
vt 0.844727 0.485352
vt 0.818359 0.434570
vt 0.828125 0.413086
vt 0.821289 0.407715
vt 0.828613 0.415039
vt 0.825684 0.436035
vt 0.846191 0.399902
vt 0.842285 0.387695
vt 0.846680 0.401367
vt 0.872070 0.397461
vt 0.872070 0.395508
vt 0.871582 0.381836
vt 0.901367 0.387207
vt 0.897461 0.399414
vt 0.923340 0.406250
vt 0.833008 0.416016
vt 0.833008 0.458496
vt 0.916504 0.412109
vt 0.896973 0.400879
vt 0.926270 0.433105
vt 0.915527 0.414062
vt 0.924316 0.434570
vt 0.920410 0.458496
vt 0.919434 0.434570
vt 0.911621 0.415527
vt 0.901855 0.484375
vt 0.913086 0.457520
vt 0.894043 0.404297
vt 0.914062 0.434570
vt 0.907227 0.417480
vt 0.898438 0.483887
vt 0.908691 0.458008
vt 0.885254 0.501709
vt 0.911133 0.435547
vt 0.905273 0.419434
vt 0.874023 0.514893
vt 0.860840 0.501953
vt 0.848145 0.484863
vt 0.836914 0.458984
vt 0.890625 0.410645
vt 0.833984 0.436523
vt 0.891113 0.408203
vt 0.872070 0.410156
vt 0.831055 0.436035
vt 0.838867 0.419922
vt 0.836914 0.418457
vt 0.853516 0.411133
vt 0.872070 0.402344
vt 0.872070 0.407715
vt 0.853027 0.408691
vt 0.849609 0.404785
vt 0.010612 0.171875
vt 0.006195 0.171387
vt 0.006443 0.155762
vt 0.010887 0.154785
vt 0.010262 0.141113
vt 0.006706 0.141602
vt 0.006268 0.124512
vt 0.016281 0.154297
vt 0.016815 0.171387
vt 0.039062 0.155762
vt 0.023071 0.171387
vt 0.029572 0.171875
vt 0.052032 0.166504
vt 0.038818 0.176270
vt 0.027771 0.138184
vt 0.014824 0.139648
vt 0.046906 0.141602
vt 0.008987 0.124512
vt 0.015053 0.128906
vt 0.013649 0.103516
vt 0.006725 0.103027
vt 0.021591 0.105469
vt 0.013756 0.074707
vt 0.007084 0.074219
vt 0.023193 0.047852
vt 0.007259 0.055664
vt 0.020752 0.006348
vt 0.007782 0.004883
vt 0.033569 0.041992
vt 0.032593 0.006348
vt 0.029190 0.054199
vt 0.045776 0.040039
vt 0.045929 0.006348
vt 0.020920 0.077148
vt 0.038452 0.063965
vt 0.036682 0.050293
vt 0.057007 0.038086
vt 0.056763 0.006836
vt 0.067017 0.035156
vt 0.069641 0.007324
vt 0.080811 0.035645
vt 0.085144 0.010254
vt 0.094543 0.029785
vt 0.099609 0.012207
vt 0.116333 0.015137
vt 0.109009 0.035156
vt 0.132202 0.019043
vt 0.088135 0.045898
vt 0.115417 0.068359
vt 0.077087 0.066895
vt 0.066223 0.041504
vt 0.121216 0.041992
vt 0.056305 0.044434
vt 0.063965 0.062500
vt 0.046112 0.046875
vt 0.056976 0.061035
vt 0.042786 0.061035
vt 0.055359 0.074707
vt 0.063721 0.064941
vt 0.044739 0.066406
vt 0.041962 0.067871
vt 0.038422 0.077637
vt 0.037659 0.079590
vt 0.050079 0.083008
vt 0.033478 0.110352
vt 0.027954 0.107422
vt 0.037201 0.116211
vt 0.048187 0.086914
vt 0.032532 0.115723
vt 0.069092 0.086426
vt 0.066956 0.082031
vt 0.072083 0.079102
vt 0.077271 0.075684
vt 0.076172 0.083008
vt 0.076050 0.104980
vt 0.082581 0.077637
vt 0.087646 0.098633
vt 0.085327 0.073242
vt 0.098938 0.088379
vt 0.050690 0.135254
vt 0.079224 0.114746
vt 0.068604 0.154297
vt 0.093994 0.107910
vt 0.108032 0.096680
vt 0.034271 0.123047
vt 0.128784 0.079590
vt 0.081177 0.124512
vt 0.113708 0.110352
vt 0.098145 0.119141
vt 0.028473 0.125000
vt 0.023880 0.131836
vt 0.017944 0.133301
vt 0.082886 0.134766
vt 0.062500 0.158691
vt 0.078918 0.194824
vt 0.102844 0.145020
vt 0.100830 0.132324
vt 0.067139 0.189453
vt 0.118835 0.125488
vt 0.122864 0.142090
vt 0.050537 0.183105
vt 0.109314 0.187988
vt 0.153809 0.108887
vt 0.157471 0.129395
vt 0.139771 0.092773
vt 0.148804 0.085938
vt 0.139526 0.071289
vt 0.135498 0.051758
vt 0.149414 0.024414
vt 0.149292 0.062988
vt 0.165039 0.031738
vt 0.176880 0.039551
vt 0.160522 0.074707
vt 0.171509 0.092285
vt 0.177124 0.081543
vt 0.183228 0.082520
vt 0.190552 0.041992
vt 0.205933 0.044434
vt 0.174194 0.127930
vt 0.180298 0.104492
vt 0.180420 0.123047
vt 0.202515 0.067871
vt 0.215576 0.069336
vt 0.237915 0.044434
vt 0.202637 0.071289
vt 0.188965 0.084473
vt 0.185791 0.151367
vt 0.186401 0.144043
vt 0.226929 0.080078
vt 0.248779 0.068848
vt 0.271240 0.045410
vt 0.276855 0.068359
vt 0.304688 0.046387
vt 0.252441 0.091797
vt 0.305664 0.068359
vt 0.337158 0.047363
vt 0.277100 0.092285
vt 0.335449 0.069336
vt 0.366211 0.051270
vt 0.363770 0.073242
vt 0.304688 0.091309
vt 0.332520 0.091797
vt 0.360352 0.096680
vt 0.329346 0.114258
vt 0.355469 0.119141
vt 0.301758 0.113281
vt 0.324951 0.151367
vt 0.348633 0.152344
vt 0.347900 0.167480
vt 0.275146 0.112793
vt 0.298096 0.151855
vt 0.323730 0.168457
vt 0.254150 0.112793
vt 0.269775 0.152832
vt 0.325684 0.185059
vt 0.349365 0.180664
vt 0.295898 0.169922
vt 0.232178 0.096191
vt 0.298096 0.188477
vt 0.332031 0.202148
vt 0.354248 0.196777
vt 0.219849 0.082520
vt 0.301758 0.206543
vt 0.340088 0.224609
vt 0.362305 0.218262
vt 0.370850 0.243164
vt 0.347412 0.248535
vt 0.319336 0.248535
vt 0.308594 0.227051
vt 0.292725 0.252930
vt 0.279785 0.231934
vt 0.273438 0.261230
vt 0.274170 0.211914
vt 0.240723 0.221191
vt 0.256836 0.240723
vt 0.260986 0.271484
vt 0.270752 0.191895
vt 0.236328 0.257812
vt 0.240601 0.195801
vt 0.268555 0.171387
vt 0.229126 0.276367
vt 0.255859 0.287109
vt 0.254395 0.298340
vt 0.245972 0.153320
vt 0.218994 0.246582
vt 0.226074 0.296387
vt 0.250977 0.319336
vt 0.241699 0.172852
vt 0.208130 0.148438
vt 0.231201 0.112305
vt 0.216431 0.174316
vt 0.213135 0.193848
vt 0.206543 0.270508
vt 0.222290 0.315430
vt 0.250732 0.339844
vt 0.206665 0.217285
vt 0.195923 0.239258
vt 0.199341 0.290527
vt 0.218872 0.338379
vt 0.252686 0.362793
vt 0.184082 0.262207
vt 0.192383 0.308594
vt 0.173828 0.283203
vt 0.188843 0.191895
vt 0.181519 0.212891
vt 0.172119 0.232422
vt 0.162476 0.256836
vt 0.193970 0.172363
vt 0.195068 0.154297
vt 0.178589 0.168945
vt 0.170898 0.191406
vt 0.163208 0.208984
vt 0.152954 0.227051
vt 0.154297 0.276855
vt 0.168091 0.301758
vt 0.186523 0.332031
vt 0.216187 0.364258
vt 0.214600 0.385742
vt 0.254639 0.386230
vt 0.178955 0.357910
vt 0.169434 0.376953
vt 0.154541 0.347168
vt 0.145142 0.366211
vt 0.159546 0.321777
vt 0.132568 0.335449
vt 0.124756 0.354980
vt 0.105347 0.348145
vt 0.145020 0.294922
vt 0.135376 0.316895
vt 0.113647 0.328125
vt 0.086609 0.342285
vt 0.118530 0.311035
vt 0.095642 0.323242
vt 0.072754 0.337891
vt 0.082092 0.316406
vt 0.100525 0.303223
vt 0.090027 0.299316
vt 0.096497 0.280273
vt 0.129395 0.286621
vt 0.111145 0.281738
vt 0.135864 0.270020
vt 0.119507 0.267090
vt 0.108826 0.265137
vt 0.107056 0.252441
vt 0.094421 0.258301
vt 0.091187 0.254883
vt 0.143921 0.248535
vt 0.124878 0.249023
vt 0.102356 0.245605
vt 0.085999 0.254883
vt 0.123169 0.237793
vt 0.139771 0.219238
vt 0.116577 0.229492
vt 0.093811 0.240234
vt 0.151367 0.206543
vt 0.069153 0.242188
vt 0.069458 0.251953
vt 0.038544 0.235352
vt 0.035248 0.242188
vt 0.005718 0.212891
vt 0.015930 0.211426
vt 0.023468 0.211426
vt 0.088440 0.217773
vt 0.114929 0.212402
vt 0.133057 0.208984
vt 0.148193 0.194824
vt 0.129517 0.197754
vt 0.158325 0.179199
vt 0.083984 0.230469
vt 0.111694 0.199219
vt 0.126953 0.186035
vt 0.194946 0.145020
vt 0.083740 0.206543
vt 0.074890 0.219727
vt 0.070618 0.210938
vt 0.068298 0.232910
vt 0.067322 0.203613
vt 0.063477 0.222656
vt 0.045410 0.229004
vt 0.058594 0.214844
vt 0.055206 0.208008
vt 0.037598 0.221680
vt 0.030121 0.227051
vt 0.033600 0.215332
vt 0.043030 0.211914
vt 0.067322 0.203613
vt 0.060150 0.197266
vt 0.043030 0.211914
vt 0.046783 0.187500
vt 0.040588 0.206543
vt 0.033600 0.215332
vt 0.031464 0.209961
vt 0.036011 0.176758
vt 0.038849 0.175781
vt 0.035675 0.175293
vt 0.035492 0.194336
vt 0.028458 0.196289
vt 0.010834 0.212402
vt 0.023865 0.177246
vt 0.024658 0.175293
vt 0.015381 0.197754
vt 0.005718 0.212891
vt 0.005878 0.197754
vt 0.006012 0.183594
vt 0.024719 0.182617
vt 0.014900 0.184082
vt 0.015839 0.173828
vt 0.006145 0.172852
vt 0.375732 0.309082
vt 0.376709 0.274414
vt 0.382080 0.274414
vt 0.381104 0.309082
vt 0.371826 0.349609
vt 0.391846 0.274902
vt 0.401123 0.310547
vt 0.400879 0.287598
vt 0.412598 0.286133
vt 0.377197 0.349609
vt 0.372803 0.376953
vt 0.377930 0.373047
vt 0.397217 0.336426
vt 0.384277 0.362793
vt 0.395264 0.350586
vt 0.406494 0.337402
vt 0.413574 0.310547
vt 0.438232 0.273926
vt 0.434570 0.293457
vt 0.425293 0.310547
vt 0.417236 0.324707
vt 0.375732 0.309082
vt 0.385254 0.264160
vt 0.376709 0.274414
vt 0.381104 0.309082
vt 0.371826 0.349609
vt 0.391846 0.274902
vt 0.390869 0.309570
vt 0.400879 0.287598
vt 0.412598 0.286133
vt 0.377197 0.349609
vt 0.372803 0.376953
vt 0.377930 0.373047
vt 0.386719 0.350098
vt 0.384277 0.362793
vt 0.395264 0.350586
vt 0.417236 0.324707
vt 0.413574 0.310547
vt 0.438232 0.273926
vt 0.425293 0.310547
vt 0.434570 0.293457
vt 0.010612 0.171875
vt 0.006443 0.155762
vt 0.006195 0.171387
vt 0.010887 0.154785
vt 0.010262 0.141113
vt 0.006706 0.141602
vt 0.006268 0.124512
vt 0.016281 0.154297
vt 0.016815 0.171387
vt 0.021225 0.148926
vt 0.027771 0.138184
vt 0.023071 0.171387
vt 0.029572 0.171875
vt 0.031281 0.154785
vt 0.038818 0.176270
vt 0.018127 0.137695
vt 0.008987 0.124512
vt 0.013954 0.125488
vt 0.013649 0.103516
vt 0.006725 0.103027
vt 0.021591 0.105469
vt 0.013756 0.074707
vt 0.007084 0.074219
vt 0.023193 0.047852
vt 0.007259 0.055664
vt 0.020752 0.006348
vt 0.007782 0.004883
vt 0.033569 0.041992
vt 0.032593 0.006348
vt 0.024063 0.060547
vt 0.045776 0.040039
vt 0.045929 0.006348
vt 0.020920 0.077148
vt 0.035126 0.067383
vt 0.036682 0.050293
vt 0.057007 0.038086
vt 0.056763 0.006836
vt 0.067017 0.035156
vt 0.069641 0.007324
vt 0.080811 0.035645
vt 0.088135 0.045898
vt 0.109009 0.035156
vt 0.085144 0.010254
vt 0.099609 0.012207
vt 0.116333 0.015137
vt 0.132202 0.019043
vt 0.066223 0.041504
vt 0.056305 0.044434
vt 0.046112 0.046875
vt 0.042786 0.061035
vt 0.048706 0.059082
vt 0.056976 0.061035
vt 0.063965 0.062500
vt 0.055359 0.074707
vt 0.077087 0.066895
vt 0.082153 0.069824
vt 0.039581 0.071289
vt 0.038422 0.077637
vt 0.037659 0.079590
vt 0.050079 0.083008
vt 0.030594 0.089355
vt 0.037201 0.116211
vt 0.048187 0.086914
vt 0.069092 0.086426
vt 0.066956 0.082031
vt 0.072083 0.079102
vt 0.077271 0.075684
vt 0.076172 0.083008
vt 0.076050 0.104980
vt 0.082581 0.077637
vt 0.087646 0.098633
vt 0.079224 0.114746
vt 0.050690 0.135254
vt 0.085327 0.073242
vt 0.098938 0.088379
vt 0.115417 0.068359
vt 0.093994 0.107910
vt 0.034271 0.123047
vt 0.108032 0.096680
vt 0.121216 0.041992
vt 0.128784 0.079590
vt 0.113708 0.110352
vt 0.135498 0.051758
vt 0.149414 0.024414
vt 0.139526 0.071289
vt 0.149292 0.062988
vt 0.165039 0.031738
vt 0.176880 0.039551
vt 0.148804 0.085938
vt 0.098145 0.119141
vt 0.160522 0.074707
vt 0.139771 0.092773
vt 0.153809 0.108887
vt 0.171509 0.092285
vt 0.177124 0.081543
vt 0.174194 0.127930
vt 0.180298 0.104492
vt 0.157471 0.129395
vt 0.118835 0.125488
vt 0.192017 0.071289
vt 0.190552 0.041992
vt 0.205933 0.044434
vt 0.193115 0.074707
vt 0.194580 0.079102
vt 0.202637 0.071289
vt 0.216675 0.083984
vt 0.202515 0.067871
vt 0.215576 0.069336
vt 0.237915 0.044434
vt 0.213257 0.073242
vt 0.219849 0.082520
vt 0.226929 0.080078
vt 0.248779 0.068848
vt 0.271240 0.045410
vt 0.276855 0.068359
vt 0.304688 0.046387
vt 0.252441 0.091797
vt 0.232178 0.096191
vt 0.305664 0.068359
vt 0.337158 0.047363
vt 0.277100 0.092285
vt 0.335449 0.069336
vt 0.366211 0.051270
vt 0.363770 0.073242
vt 0.304688 0.091309
vt 0.332520 0.091797
vt 0.360352 0.096680
vt 0.254150 0.112793
vt 0.223877 0.095703
vt 0.275146 0.112793
vt 0.329346 0.114258
vt 0.355469 0.119141
vt 0.301758 0.113281
vt 0.324951 0.151367
vt 0.348633 0.152344
vt 0.347900 0.167480
vt 0.298096 0.151855
vt 0.323730 0.168457
vt 0.269775 0.152832
vt 0.325684 0.185059
vt 0.349365 0.180664
vt 0.295898 0.169922
vt 0.298096 0.188477
vt 0.332031 0.202148
vt 0.354248 0.196777
vt 0.301758 0.206543
vt 0.340088 0.224609
vt 0.362305 0.218262
vt 0.370850 0.243164
vt 0.347412 0.248535
vt 0.319336 0.248535
vt 0.308594 0.227051
vt 0.292725 0.252930
vt 0.279785 0.231934
vt 0.273438 0.261230
vt 0.274170 0.211914
vt 0.240723 0.221191
vt 0.256836 0.240723
vt 0.260986 0.271484
vt 0.270752 0.191895
vt 0.236328 0.257812
vt 0.240601 0.195801
vt 0.268555 0.171387
vt 0.229126 0.276367
vt 0.255859 0.287109
vt 0.254395 0.298340
vt 0.245972 0.153320
vt 0.218994 0.246582
vt 0.226074 0.296387
vt 0.250977 0.319336
vt 0.241699 0.172852
vt 0.208130 0.148438
vt 0.231201 0.112305
vt 0.216431 0.174316
vt 0.225098 0.126465
vt 0.224976 0.109863
vt 0.218140 0.122559
vt 0.221558 0.108887
vt 0.213135 0.193848
vt 0.219604 0.095703
vt 0.206665 0.217285
vt 0.193970 0.172363
vt 0.195068 0.154297
vt 0.188843 0.191895
vt 0.178589 0.168945
vt 0.219116 0.108887
vt 0.216064 0.095703
vt 0.211060 0.085449
vt 0.212524 0.096191
vt 0.215210 0.121094
vt 0.198120 0.084961
vt 0.192871 0.096191
vt 0.212402 0.118164
vt 0.186890 0.100098
vt 0.186768 0.118652
vt 0.197632 0.110352
vt 0.207642 0.105469
vt 0.200806 0.105957
vt 0.195557 0.120117
vt 0.198608 0.129395
vt 0.201782 0.136719
vt 0.184326 0.128418
vt 0.204956 0.140625
vt 0.193604 0.143555
vt 0.194946 0.145020
vt 0.186401 0.144043
vt 0.185791 0.151367
vt 0.159668 0.147461
vt 0.122864 0.142090
vt 0.100830 0.132324
vt 0.082886 0.134766
vt 0.102844 0.145020
vt 0.068604 0.154297
vt 0.058899 0.145020
vt 0.046906 0.141602
vt 0.055542 0.148926
vt 0.125366 0.156738
vt 0.104797 0.159668
vt 0.077820 0.166504
vt 0.078918 0.194824
vt 0.062500 0.158691
vt 0.069031 0.169922
vt 0.158325 0.179199
vt 0.109314 0.187988
vt 0.052032 0.166504
vt 0.170898 0.191406
vt 0.126953 0.186035
vt 0.129517 0.197754
vt 0.133057 0.208984
vt 0.181519 0.212891
vt 0.163208 0.208984
vt 0.195923 0.239258
vt 0.172119 0.232422
vt 0.206543 0.270508
vt 0.184082 0.262207
vt 0.199341 0.290527
vt 0.222290 0.315430
vt 0.250732 0.339844
vt 0.218872 0.338379
vt 0.252686 0.362793
vt 0.192383 0.308594
vt 0.173828 0.283203
vt 0.162476 0.256836
vt 0.152954 0.227051
vt 0.139771 0.219238
vt 0.114929 0.212402
vt 0.111694 0.199219
vt 0.083740 0.206543
vt 0.100952 0.215332
vt 0.116577 0.229492
vt 0.123169 0.237793
vt 0.143921 0.248535
vt 0.102356 0.245605
vt 0.124878 0.249023
vt 0.135864 0.270020
vt 0.093811 0.240234
vt 0.154297 0.276855
vt 0.168091 0.301758
vt 0.186523 0.332031
vt 0.216187 0.364258
vt 0.214600 0.385742
vt 0.254639 0.386230
vt 0.178955 0.357910
vt 0.169434 0.376953
vt 0.154541 0.347168
vt 0.145142 0.366211
vt 0.159546 0.321777
vt 0.145020 0.294922
vt 0.132568 0.335449
vt 0.124756 0.354980
vt 0.105347 0.348145
vt 0.135376 0.316895
vt 0.113647 0.328125
vt 0.086609 0.342285
vt 0.129395 0.286621
vt 0.118530 0.311035
vt 0.095642 0.323242
vt 0.072754 0.337891
vt 0.082092 0.316406
vt 0.100525 0.303223
vt 0.090027 0.299316
vt 0.096497 0.280273
vt 0.111145 0.281738
vt 0.119507 0.267090
vt 0.108826 0.265137
vt 0.107056 0.252441
vt 0.094421 0.258301
vt 0.091187 0.254883
vt 0.085999 0.254883
vt 0.069153 0.242188
vt 0.069458 0.251953
vt 0.038544 0.235352
vt 0.035248 0.242188
vt 0.005718 0.212891
vt 0.015930 0.211426
vt 0.023468 0.211426
vt 0.083984 0.230469
vt 0.074890 0.219727
vt 0.068298 0.232910
vt 0.070618 0.210938
vt 0.045410 0.229004
vt 0.063477 0.222656
vt 0.058594 0.214844
vt 0.067322 0.203613
vt 0.055206 0.208008
vt 0.037598 0.221680
vt 0.030121 0.227051
vt 0.033600 0.215332
vt 0.043030 0.211914
vt 0.067139 0.189453
vt 0.067322 0.203613
vt 0.053070 0.172363
vt 0.060150 0.197266
vt 0.043030 0.211914
vt 0.050537 0.183105
vt 0.046783 0.187500
vt 0.040588 0.206543
vt 0.033600 0.215332
vt 0.031464 0.209961
vt 0.036011 0.176758
vt 0.038849 0.175781
vt 0.035675 0.175293
vt 0.035492 0.194336
vt 0.028458 0.196289
vt 0.015930 0.211426
vt 0.024719 0.182617
vt 0.024658 0.175293
vt 0.015381 0.197754
vt 0.005718 0.212891
vt 0.005882 0.197754
vt 0.006012 0.183594
vt 0.014900 0.184082
vt 0.015839 0.173828
vt 0.006145 0.172852
vt 0.335693 0.319824
vt 0.354248 0.301758
vt 0.352051 0.331543
vt 0.334473 0.338867
vt 0.320557 0.327148
vt 0.349854 0.353516
vt 0.320801 0.344238
vt 0.304932 0.332520
vt 0.332764 0.357422
vt 0.332031 0.366699
vt 0.349121 0.363770
vt 0.348633 0.372559
vt 0.306396 0.350098
vt 0.298828 0.352539
vt 0.292725 0.366699
vt 0.319824 0.361816
vt 0.306885 0.360352
vt 0.332275 0.374512
vt 0.349609 0.393555
vt 0.306641 0.370117
vt 0.319824 0.372070
vt 0.334961 0.396484
vt 0.351074 0.413086
vt 0.320312 0.380371
vt 0.338135 0.417969
vt 0.354980 0.430176
vt 0.292725 0.378906
vt 0.282227 0.380371
vt 0.307129 0.378418
vt 0.324463 0.402344
vt 0.345703 0.438477
vt 0.372803 0.450195
vt 0.272217 0.395020
vt 0.272461 0.388184
vt 0.272949 0.403320
vt 0.293457 0.387207
vt 0.308350 0.386230
vt 0.295654 0.394531
vt 0.275146 0.411133
vt 0.313965 0.408691
vt 0.302490 0.416504
vt 0.284424 0.431152
vt 0.329590 0.424316
vt 0.320557 0.431152
vt 0.310303 0.438477
vt 0.293701 0.450684
vt 0.338867 0.446289
vt 0.331055 0.454590
vt 0.322021 0.462402
vt 0.308105 0.473145
vt 0.344727 0.498047
vt 0.351318 0.484863
vt 0.377441 0.507568
vt 0.365723 0.458496
vt 0.392822 0.458984
vt 0.360840 0.466309
vt 0.356445 0.475098
vt 0.380127 0.495117
vt 0.399414 0.509521
vt 0.382568 0.484863
vt 0.385254 0.475586
vt 0.388184 0.468750
vt 0.399658 0.496582
vt 0.400146 0.469727
vt 0.400391 0.459961
vt 0.407959 0.459473
vt 0.399902 0.486328
vt 0.400146 0.477051
vt 0.419189 0.495605
vt 0.421387 0.508301
vt 0.412354 0.469238
vt 0.417236 0.485352
vt 0.414795 0.476074
vt 0.435303 0.459961
vt 0.428467 0.451172
vt 0.448242 0.487305
vt 0.454590 0.500488
vt 0.443848 0.476562
vt 0.439697 0.467773
vt 0.456299 0.440918
vt 0.447266 0.432129
vt 0.478760 0.465820
vt 0.491943 0.477051
vt 0.507324 0.455566
vt 0.469971 0.457520
vt 0.462646 0.448730
vt 0.491455 0.442383
vt 0.517578 0.436035
vt 0.464600 0.420898
vt 0.451904 0.415039
vt 0.472900 0.427246
vt 0.481689 0.434570
vt 0.500488 0.420898
vt 0.527832 0.416992
vt 0.468506 0.399414
vt 0.454346 0.395508
vt 0.479004 0.405762
vt 0.489014 0.412598
vt 0.507812 0.399414
vt 0.530273 0.409180
vt 0.472412 0.377930
vt 0.456055 0.374512
vt 0.495850 0.390625
vt 0.484131 0.383789
vt 0.510742 0.392090
vt 0.472900 0.369629
vt 0.456299 0.366211
vt 0.455811 0.355469
vt 0.485107 0.375488
vt 0.497314 0.382324
vt 0.511719 0.383789
vt 0.531250 0.400879
vt 0.498291 0.374512
vt 0.521973 0.385742
vt 0.531250 0.394043
vt 0.512207 0.371582
vt 0.485352 0.365234
vt 0.498535 0.364258
vt 0.472656 0.360352
vt 0.499268 0.354004
vt 0.506836 0.356934
vt 0.501953 0.336426
vt 0.485352 0.347656
vt 0.486328 0.330566
vt 0.471924 0.341309
vt 0.454834 0.333496
vt 0.471436 0.322266
vt 0.454102 0.303711
vt 0.161255 0.386719
vt 0.162354 0.384766
vt 0.183960 0.398926
vt 0.182983 0.400391
vt 0.169067 0.415527
vt 0.200195 0.402832
vt 0.187988 0.419434
vt 0.175415 0.437012
vt 0.199829 0.404785
vt 0.216919 0.405762
vt 0.216064 0.407227
vt 0.228027 0.424316
vt 0.202881 0.421875
vt 0.193237 0.437988
vt 0.226440 0.425293
vt 0.236328 0.437012
vt 0.234863 0.438477
vt 0.249023 0.449219
vt 0.218140 0.424805
vt 0.195557 0.447266
vt 0.178345 0.447266
vt 0.180298 0.456055
vt 0.206787 0.439453
vt 0.219482 0.435059
vt 0.196899 0.455078
vt 0.183594 0.476562
vt 0.221436 0.445312
vt 0.208618 0.450195
vt 0.198242 0.477051
vt 0.185913 0.496582
vt 0.209473 0.458984
vt 0.199341 0.499023
vt 0.185547 0.513916
vt 0.222168 0.454102
vt 0.209351 0.480957
vt 0.195435 0.520508
vt 0.168579 0.534912
vt 0.222290 0.462891
vt 0.236816 0.460449
vt 0.208374 0.503418
vt 0.176270 0.541992
vt 0.149292 0.545410
vt 0.220337 0.485840
vt 0.202515 0.527100
vt 0.236816 0.451660
vt 0.235718 0.468750
vt 0.217651 0.508789
vt 0.247681 0.451172
vt 0.259277 0.458008
vt 0.258789 0.474121
vt 0.232544 0.491699
vt 0.258545 0.465820
vt 0.257812 0.458496
vt 0.260254 0.465332
vt 0.260742 0.474121
vt 0.259766 0.482910
vt 0.257812 0.482422
vt 0.254150 0.504150
vt 0.252197 0.503662
vt 0.247437 0.525391
vt 0.228149 0.514648
vt 0.245728 0.524658
vt 0.235107 0.549805
vt 0.210449 0.533691
vt 0.219849 0.540283
vt 0.234009 0.548828
vt 0.200439 0.578857
vt 0.199585 0.577393
vt 0.168701 0.592285
vt 0.192139 0.565430
vt 0.168213 0.590576
vt 0.147217 0.596191
vt 0.181519 0.548584
vt 0.186401 0.556396
vt 0.164551 0.578369
vt 0.147095 0.594238
vt 0.125610 0.596924
vt 0.161377 0.569092
vt 0.158081 0.560547
vt 0.145752 0.581787
vt 0.125610 0.594971
vt 0.091675 0.590576
vt 0.154785 0.554443
vt 0.144653 0.572021
vt 0.126587 0.582520
vt 0.092102 0.589111
vt 0.051971 0.569092
vt 0.142944 0.556641
vt 0.141968 0.546875
vt 0.134399 0.547119
vt 0.143677 0.563232
vt 0.127563 0.572754
vt 0.096924 0.575684
vt 0.052887 0.567871
vt 0.034454 0.548340
vt 0.130981 0.556885
vt 0.129028 0.563721
vt 0.107300 0.549316
vt 0.113403 0.540771
vt 0.100464 0.565430
vt 0.103577 0.556885
vt 0.035980 0.547119
vt 0.022903 0.529541
vt 0.084778 0.531250
vt 0.093018 0.522461
vt 0.072754 0.547607
vt 0.079041 0.539062
vt 0.075256 0.511230
vt 0.087646 0.505371
vt 0.067566 0.517822
vt 0.070618 0.489746
vt 0.084595 0.485352
vt 0.064941 0.556396
vt 0.059601 0.525146
vt 0.050720 0.533447
vt 0.060760 0.496582
vt 0.066223 0.468262
vt 0.082520 0.464355
vt 0.024658 0.528564
vt 0.012070 0.510498
vt 0.040863 0.512451
vt 0.051178 0.503418
vt 0.013878 0.509766
vt 0.009186 0.502197
vt 0.054993 0.474609
vt 0.065430 0.459961
vt 0.082214 0.456055
vt 0.082336 0.445312
vt 0.032074 0.491211
vt 0.011055 0.501953
vt 0.007305 0.493652
vt 0.043579 0.481934
vt 0.053528 0.466309
vt 0.028915 0.483398
vt 0.041473 0.473633
vt 0.009254 0.493652
vt 0.006344 0.486328
vt 0.039948 0.464844
vt 0.026581 0.474609
vt 0.025253 0.461426
vt 0.052643 0.455078
vt 0.008041 0.486816
vt 0.014221 0.475586
vt 0.015945 0.476562
vt 0.023468 0.460449
vt 0.028137 0.445801
vt 0.065369 0.450195
vt 0.039185 0.454102
vt 0.030090 0.446777
vt 0.034271 0.425293
vt 0.065796 0.431152
vt 0.083130 0.422363
vt 0.051971 0.437500
vt 0.037933 0.443848
vt 0.035553 0.426270
vt 0.049774 0.417969
vt 0.050659 0.419922
vt 0.064514 0.410156
vt 0.065918 0.411621
vt 0.083252 0.392578
vt 0.081787 0.391113
vt 0.284180 0.928589
vt 0.275391 0.924988
vt 0.283203 0.912476
vt 0.269287 0.931702
vt 0.279785 0.940308
vt 0.262695 0.937836
vt 0.272217 0.948853
vt 0.252441 0.947815
vt 0.265869 0.954895
vt 0.245972 0.964203
vt 0.261475 0.962280
vt 0.250732 0.977707
vt 0.262207 0.967773
vt 0.262695 0.983749
vt 0.265869 0.970566
vt 0.275879 0.982635
vt 0.270508 0.970551
vt 0.286377 0.973206
vt 0.274170 0.968201
vt 0.287842 0.962830
vt 0.272461 0.965729
vt 0.272705 0.964935
vt 0.273682 0.964111
vt 0.274414 0.964142
vt 0.277832 0.951782
vt 0.289551 0.943390
vt 0.275146 0.964996
vt 0.296387 0.949585
vt 0.297852 0.936768
vt 0.302246 0.940765
vt 0.307129 0.930847
vt 0.297852 0.936768
vt 0.302246 0.940765
vt 0.307129 0.930847
vt 0.296387 0.949585
vt 0.289551 0.943390
vt 0.287842 0.962830
vt 0.277832 0.951782
vt 0.275146 0.958649
vt 0.265869 0.954895
vt 0.281250 0.965485
vt 0.279541 0.970490
vt 0.286377 0.973206
vt 0.272949 0.976364
vt 0.275879 0.982635
vt 0.264160 0.976669
vt 0.262695 0.983749
vt 0.256592 0.971786
vt 0.250732 0.977707
vt 0.253662 0.962830
vt 0.245972 0.964203
vt 0.258545 0.951233
vt 0.252441 0.947815
vt 0.261475 0.962280
vt 0.262207 0.967773
vt 0.265869 0.970566
vt 0.270508 0.970551
vt 0.267578 0.943298
vt 0.262695 0.937836
vt 0.272217 0.948853
vt 0.279785 0.940308
vt 0.274658 0.936157
vt 0.269287 0.931702
vt 0.284180 0.928589
vt 0.279785 0.927063
vt 0.275391 0.924988
vt 0.283203 0.912476
vt 0.268555 0.967224
vt 0.274170 0.968201
vt 0.275146 0.964996
vt 0.267334 0.965759
vt 0.274414 0.964142
vt 0.267578 0.962799
vt 0.271240 0.959320
vt 0.273682 0.964111
vt 0.272705 0.964935
vt 0.272461 0.965729
vt 0.272705 0.966278
vt 0.212769 0.921143
vt 0.216431 0.923706
vt 0.216187 0.925842
vt 0.211426 0.924377
vt 0.210571 0.927734
vt 0.215088 0.927795
vt 0.196777 0.924988
vt 0.198242 0.921021
vt 0.199951 0.916870
vt 0.190674 0.923462
vt 0.188843 0.920410
vt 0.191162 0.914978
vt 0.189819 0.925781
vt 0.185303 0.916443
vt 0.187134 0.908630
vt 0.185181 0.926208
vt 0.193115 0.933411
vt 0.176758 0.911011
vt 0.188477 0.934265
vt 0.194824 0.937073
vt 0.172974 0.903076
vt 0.169556 0.916565
vt 0.180176 0.899231
vt 0.179443 0.926147
vt 0.191162 0.938568
vt 0.201904 0.943695
vt 0.170654 0.893677
vt 0.176880 0.893311
vt 0.170044 0.881104
vt 0.165405 0.906189
vt 0.163208 0.896057
vt 0.159668 0.885010
vt 0.159058 0.907288
vt 0.183716 0.935730
vt 0.198120 0.945648
vt 0.209839 0.952515
vt 0.187500 0.940247
vt 0.178833 0.939117
vt 0.174683 0.928833
vt 0.169189 0.928345
vt 0.184570 0.942200
vt 0.194702 0.948212
vt 0.207397 0.955139
vt 0.214355 0.964172
vt 0.216675 0.964355
vt 0.204468 0.957764
vt 0.213135 0.965973
vt 0.215210 0.967865
vt 0.191895 0.950745
vt 0.211304 0.967041
vt 0.211426 0.969208
vt 0.199219 0.962677
vt 0.201904 0.960602
vt 0.189697 0.953644
vt 0.182739 0.945190
vt 0.181641 0.944031
vt 0.181030 0.945679
vt 0.177124 0.945312
vt 0.181885 0.957367
vt 0.185669 0.955902
vt 0.193848 0.975769
vt 0.191040 0.976471
vt 0.194458 0.982178
vt 0.178467 0.959045
vt 0.173096 0.946106
vt 0.171387 0.939209
vt 0.192627 0.981583
vt 0.190918 0.983063
vt 0.192017 0.985275
vt 0.188110 0.985809
vt 0.188110 0.977966
vt 0.175049 0.960693
vt 0.185303 0.979782
vt 0.188721 0.983795
vt 0.182861 0.981873
vt 0.171997 0.962799
vt 0.169556 0.947113
vt 0.167236 0.950104
vt 0.165161 0.941559
vt 0.167236 0.947815
vt 0.166382 0.947784
vt 0.162476 0.928040
vt 0.162598 0.945679
vt 0.166504 0.956879
vt 0.160767 0.916016
vt 0.162598 0.956146
vt 0.165405 0.980118
vt 0.157349 0.938782
vt 0.155518 0.927795
vt 0.153809 0.915894
vt 0.152588 0.907715
vt 0.158081 0.944733
vt 0.149780 0.939667
vt 0.148560 0.928040
vt 0.147705 0.916016
vt 0.146606 0.907898
vt 0.163818 0.978882
vt 0.159058 0.956268
vt 0.161987 0.979492
vt 0.162354 0.981995
vt 0.158813 0.981140
vt 0.160034 0.979446
vt 0.155518 0.956726
vt 0.151978 0.958038
vt 0.154053 0.945190
vt 0.150879 0.946991
vt 0.150146 0.944611
vt 0.145996 0.952759
vt 0.149170 0.952148
vt 0.145630 0.969971
vt 0.143677 0.970413
vt 0.142944 0.936890
vt 0.142822 0.952454
vt 0.139404 0.952179
vt 0.141724 0.970032
vt 0.142700 0.927673
vt 0.137817 0.935974
vt 0.141968 0.915955
vt 0.137451 0.927307
vt 0.141113 0.907898
vt 0.136719 0.915771
vt 0.135742 0.907593
vt 0.136353 0.951660
vt 0.133423 0.935974
vt 0.132446 0.927185
vt 0.131104 0.915771
vt 0.133057 0.952057
vt 0.135620 0.971024
vt 0.129028 0.936768
vt 0.129883 0.953094
vt 0.127197 0.927734
vt 0.130249 0.907166
vt 0.129761 0.897400
vt 0.133789 0.971817
vt 0.137207 0.971924
vt 0.134399 0.973785
vt 0.131104 0.973251
vt 0.131958 0.971863
vt 0.126465 0.954102
vt 0.123474 0.956024
vt 0.119202 0.941895
vt 0.123169 0.946747
vt 0.122620 0.949249
vt 0.124329 0.938568
vt 0.121521 0.928894
vt 0.125244 0.916138
vt 0.119324 0.916870
vt 0.124268 0.907104
vt 0.115417 0.930359
vt 0.109131 0.931274
vt 0.113281 0.917664
vt 0.123901 0.897461
vt 0.118408 0.907166
vt 0.118408 0.896301
vt 0.112305 0.907593
vt 0.107422 0.918396
vt 0.111694 0.896118
vt 0.106323 0.908508
vt 0.101440 0.919006
vt 0.121155 0.883545
vt 0.111877 0.883484
vt 0.104553 0.897583
vt 0.100403 0.909729
vt 0.124451 0.890320
vt 0.101807 0.885315
vt 0.097656 0.900574
vt 0.088623 0.891235
vt 0.100281 0.872559
vt 0.092834 0.902527
vt 0.111755 0.871216
vt 0.094543 0.911072
vt 0.095032 0.919617
vt 0.122559 0.870361
vt 0.088501 0.903503
vt 0.113586 0.853149
vt 0.126343 0.852173
vt 0.133057 0.869995
vt 0.138794 0.851929
vt 0.129639 0.880981
vt 0.128662 0.889526
vt 0.133667 0.890808
vt 0.137939 0.883362
vt 0.142822 0.871338
vt 0.137939 0.894531
vt 0.150635 0.853638
vt 0.135132 0.899597
vt 0.139771 0.900269
vt 0.145020 0.899902
vt 0.142456 0.891907
vt 0.151001 0.899414
vt 0.149292 0.891113
vt 0.157104 0.898560
vt 0.155273 0.891663
vt 0.148438 0.884521
vt 0.153320 0.875427
vt 0.162476 0.858276
vt 0.178101 0.836914
vt 0.164307 0.831177
vt 0.176880 0.808105
vt 0.192139 0.818237
vt 0.150513 0.827271
vt 0.162109 0.800415
vt 0.135742 0.825317
vt 0.186157 0.786743
vt 0.203857 0.796387
vt 0.209595 0.771362
vt 0.170654 0.774780
vt 0.145874 0.797241
vt 0.120911 0.824829
vt 0.100769 0.853638
vt 0.193359 0.764648
vt 0.174561 0.754272
vt 0.192627 0.747314
vt 0.208740 0.751099
vt 0.173950 0.742432
vt 0.190186 0.734863
vt 0.207275 0.738281
vt 0.173706 0.732910
vt 0.191284 0.721191
vt 0.207764 0.725586
vt 0.194336 0.703125
vt 0.210449 0.708496
vt 0.173584 0.718994
vt 0.198486 0.683838
vt 0.216187 0.688965
vt 0.204224 0.662598
vt 0.222778 0.666748
vt 0.229736 0.639648
vt 0.155640 0.730469
vt 0.155029 0.717529
vt 0.157104 0.739502
vt 0.157593 0.750244
vt 0.153931 0.770874
vt 0.128906 0.796997
vt 0.135132 0.771973
vt 0.105530 0.824951
vt 0.110840 0.798340
vt 0.087769 0.853638
vt 0.090637 0.825073
vt 0.086243 0.873779
vt 0.074646 0.853271
vt 0.073608 0.874146
vt 0.137207 0.750000
vt 0.114868 0.773926
vt 0.093323 0.800781
vt 0.136963 0.737549
vt 0.116760 0.751221
vt 0.136230 0.728760
vt 0.076721 0.825317
vt 0.096313 0.776733
vt 0.118408 0.739258
vt 0.136841 0.716797
vt 0.079956 0.802856
vt 0.063110 0.825439
vt 0.099182 0.753418
vt 0.118469 0.729736
vt 0.081177 0.779419
vt 0.099609 0.740479
vt 0.154907 0.698975
vt 0.061859 0.853149
vt 0.066101 0.804932
vt 0.083435 0.756104
vt 0.176025 0.700439
vt 0.177856 0.679443
vt 0.181396 0.656494
vt 0.156372 0.677490
vt 0.067505 0.782227
vt 0.137695 0.699463
vt 0.118652 0.717285
vt 0.137695 0.678955
vt 0.156860 0.654297
vt 0.158813 0.629639
vt 0.186890 0.629639
vt 0.119202 0.700684
vt 0.136597 0.656494
vt 0.209473 0.639160
vt 0.210815 0.621094
vt 0.225708 0.624268
vt 0.239258 0.624512
vt 0.204834 0.609131
vt 0.184937 0.610352
vt 0.161011 0.609375
vt 0.135742 0.611084
vt 0.135620 0.632080
vt 0.118408 0.680420
vt 0.113708 0.634766
vt 0.113037 0.615234
vt 0.088501 0.615967
vt 0.115967 0.657959
vt 0.090759 0.633301
vt 0.059509 0.612305
vt 0.093933 0.656494
vt 0.067200 0.630371
vt 0.040924 0.614746
vt 0.097534 0.680664
vt 0.072510 0.655029
vt 0.048035 0.630615
vt 0.100952 0.700928
vt 0.077454 0.679932
vt 0.101746 0.717285
vt 0.027527 0.636719
vt 0.026779 0.619141
vt 0.052399 0.655762
vt 0.081665 0.700439
vt 0.101196 0.729980
vt 0.006332 0.641357
vt 0.012360 0.624268
vt 0.009216 0.669189
vt 0.030151 0.661377
vt 0.015266 0.691406
vt 0.057220 0.680420
vt 0.034943 0.684814
vt 0.062103 0.700928
vt 0.043457 0.703857
vt 0.023972 0.708984
vt 0.084351 0.717041
vt 0.054138 0.720215
vt 0.033478 0.722656
vt 0.069214 0.717773
vt 0.087158 0.730713
vt 0.057159 0.733398
vt 0.037415 0.733154
vt 0.071716 0.732422
vt 0.055573 0.745605
vt 0.037903 0.743896
vt 0.086426 0.741943
vt 0.071350 0.744629
vt 0.051880 0.761963
vt 0.034637 0.761353
vt 0.033203 0.784790
vt 0.069214 0.759399
vt 0.049713 0.785034
vt 0.049896 0.806763
vt 0.033051 0.807617
vt 0.034576 0.829590
vt 0.048828 0.826782
vt 0.034637 0.855103
vt 0.049164 0.853638
vt 0.048767 0.874634
vt 0.036316 0.874023
vt 0.061707 0.874268
vt 0.047241 0.889771
vt 0.035736 0.886047
vt 0.061279 0.887268
vt 0.072632 0.890015
vt 0.057770 0.894409
vt 0.051208 0.893677
vt 0.046814 0.899658
vt 0.053833 0.902100
vt 0.042450 0.912292
vt 0.063782 0.896118
vt 0.061707 0.903381
vt 0.070251 0.903076
vt 0.050781 0.913086
vt 0.078735 0.903748
vt 0.041901 0.921143
vt 0.036316 0.920166
vt 0.057709 0.914673
vt 0.047913 0.922241
vt 0.038788 0.930786
vt 0.034210 0.929138
vt 0.036163 0.944000
vt 0.032990 0.944550
vt 0.043335 0.932251
vt 0.053558 0.924011
vt 0.037170 0.948730
vt 0.035736 0.949860
vt 0.038361 0.952484
vt 0.064087 0.918152
vt 0.058044 0.926575
vt 0.048157 0.933777
vt 0.038757 0.944000
vt 0.038513 0.947968
vt 0.039978 0.948853
vt 0.039185 0.950500
vt 0.042023 0.950958
vt 0.042114 0.952606
vt 0.047943 0.951294
vt 0.041870 0.944977
vt 0.052704 0.935364
vt 0.044800 0.946472
vt 0.041809 0.949402
vt 0.046509 0.948517
vt 0.056274 0.937256
vt 0.059387 0.939819
vt 0.061218 0.929260
vt 0.063782 0.932312
vt 0.066040 0.924377
vt 0.065857 0.930603
vt 0.074951 0.913818
vt 0.073486 0.922363
vt 0.081726 0.912659
vt 0.088257 0.911865
vt 0.080566 0.921448
vt 0.088013 0.920349
vt 0.072449 0.932983
vt 0.079651 0.932312
vt 0.072693 0.941742
vt 0.067871 0.941376
vt 0.087524 0.932129
vt 0.071655 0.947418
vt 0.067444 0.946625
vt 0.078735 0.942108
vt 0.086792 0.944550
vt 0.077026 0.947845
vt 0.095398 0.943756
vt 0.095215 0.932007
vt 0.068604 0.960114
vt 0.064636 0.958862
vt 0.102417 0.931946
vt 0.103943 0.944733
vt 0.111389 0.942902
vt 0.067017 0.971725
vt 0.063477 0.971725
vt 0.065186 0.986015
vt 0.073425 0.960632
vt 0.118225 0.948822
vt 0.113403 0.949371
vt 0.120728 0.962952
vt 0.124512 0.961304
vt 0.116516 0.963959
vt 0.122375 0.984283
vt 0.123901 0.985413
vt 0.120361 0.985046
vt 0.120850 0.987335
vt 0.117310 0.986786
vt 0.109619 0.950714
vt 0.112366 0.964539
vt 0.118286 0.985153
vt 0.108337 0.964508
vt 0.106812 0.953156
vt 0.106323 0.951294
vt 0.105164 0.952179
vt 0.101013 0.950592
vt 0.105042 0.966003
vt 0.095703 0.950592
vt 0.101074 0.965668
vt 0.101318 0.987381
vt 0.103333 0.987808
vt 0.101807 0.993759
vt 0.096497 0.965729
vt 0.090942 0.950806
vt 0.097717 0.987427
vt 0.092102 0.966064
vt 0.087219 0.952362
vt 0.086182 0.949738
vt 0.088379 0.966278
vt 0.085144 0.951050
vt 0.094482 0.987755
vt 0.092590 0.988472
vt 0.094971 0.994164
vt 0.098145 0.993183
vt 0.096008 0.992783
vt 0.098389 0.995415
vt 0.100403 0.992641
vt 0.081970 0.948914
vt 0.078064 0.961792
vt 0.082581 0.962097
vt 0.071106 0.972382
vt 0.075073 0.973267
vt 0.078430 0.974808
vt 0.072510 0.987549
vt 0.066895 0.984909
vt 0.068970 0.985741
vt 0.068481 0.988220
vt 0.071289 0.985825
vt 0.039429 0.149414
vt 0.026001 0.134277
vt 0.028473 0.125000
vt 0.017944 0.133301
vt 0.223877 0.095703
vt 0.216675 0.083984
vt 0.213257 0.073242
vt 0.194580 0.079102
vt 0.224976 0.109863
vt 0.225098 0.126465
vt 0.218140 0.122559
vt 0.221558 0.108887
vt 0.219604 0.095703
vt 0.204956 0.140625
vt 0.193604 0.143555
vt 0.201782 0.136719
vt 0.215210 0.121094
vt 0.198608 0.129395
vt 0.219116 0.108887
vt 0.212524 0.096191
vt 0.212402 0.118164
vt 0.197266 0.122559
vt 0.209473 0.113770
vt 0.186768 0.118652
vt 0.206421 0.083008
vt 0.205566 0.099609
vt 0.186890 0.100098
vt 0.205444 0.111328
vt 0.192871 0.096191
vt 0.194824 0.087891
vt 0.197876 0.101562
vt 0.198120 0.084961
vt 0.057770 0.894409
vt 0.051208 0.893677
vt 0.046814 0.899658
vt 0.053833 0.902100
vt 0.042450 0.912292
vt 0.063782 0.896118
vt 0.061707 0.903381
vt 0.050781 0.913086
vt 0.070251 0.903076
vt 0.041901 0.921143
vt 0.036316 0.920166
vt 0.057709 0.914673
vt 0.047913 0.922241
vt 0.038788 0.930786
vt 0.034210 0.929138
vt 0.036163 0.944000
vt 0.032990 0.944550
vt 0.043335 0.932251
vt 0.053558 0.924011
vt 0.037170 0.948730
vt 0.035736 0.949860
vt 0.038361 0.952484
vt 0.058044 0.926575
vt 0.048157 0.933777
vt 0.038757 0.944000
vt 0.038513 0.947968
vt 0.039978 0.948853
vt 0.039185 0.950500
vt 0.042023 0.950958
vt 0.042114 0.952606
vt 0.047943 0.951294
vt 0.041870 0.944977
vt 0.052704 0.935364
vt 0.044800 0.946472
vt 0.041809 0.949402
vt 0.046509 0.948517
vt 0.056274 0.937256
vt 0.059387 0.939819
vt 0.061218 0.929260
vt 0.063782 0.932312
vt 0.064087 0.918152
vt 0.066040 0.924377
vt 0.065857 0.930603
vt 0.074951 0.913818
vt 0.073486 0.922363
vt 0.078735 0.903748
vt 0.081726 0.912659
vt 0.088501 0.903503
vt 0.092834 0.902527
vt 0.094543 0.911072
vt 0.088257 0.911865
vt 0.080566 0.921448
vt 0.072449 0.932983
vt 0.088013 0.920349
vt 0.100403 0.909729
vt 0.072693 0.941742
vt 0.067871 0.941376
vt 0.079651 0.932312
vt 0.095032 0.919617
vt 0.106323 0.908508
vt 0.071655 0.947418
vt 0.067444 0.946625
vt 0.087524 0.932129
vt 0.101440 0.919006
vt 0.112305 0.907593
vt 0.078735 0.942108
vt 0.086792 0.944550
vt 0.077026 0.947845
vt 0.095398 0.943756
vt 0.095215 0.932007
vt 0.107422 0.918396
vt 0.109131 0.931274
vt 0.113281 0.917664
vt 0.102417 0.931946
vt 0.103943 0.944733
vt 0.101013 0.950592
vt 0.115417 0.930359
vt 0.119202 0.941895
vt 0.111389 0.942902
vt 0.121521 0.928894
vt 0.127197 0.927734
vt 0.095703 0.950592
vt 0.124329 0.938568
vt 0.132446 0.927185
vt 0.129028 0.936768
vt 0.137817 0.935974
vt 0.133423 0.935974
vt 0.142822 0.952454
vt 0.139404 0.952179
vt 0.145996 0.952759
vt 0.136353 0.951660
vt 0.143677 0.970413
vt 0.141724 0.970032
vt 0.145630 0.969971
vt 0.149170 0.952148
vt 0.150146 0.944611
vt 0.150879 0.946991
vt 0.154053 0.945190
vt 0.151978 0.958038
vt 0.155518 0.956726
vt 0.158813 0.981140
vt 0.159058 0.956268
vt 0.160034 0.979446
vt 0.161987 0.979492
vt 0.162354 0.981995
vt 0.163818 0.978882
vt 0.133057 0.952057
vt 0.129883 0.953094
vt 0.135620 0.971024
vt 0.133789 0.971817
vt 0.134399 0.973785
vt 0.131104 0.973251
vt 0.126465 0.954102
vt 0.131958 0.971863
vt 0.123474 0.956024
vt 0.123169 0.946747
vt 0.122620 0.949249
vt 0.118225 0.948822
vt 0.120728 0.962952
vt 0.124512 0.961304
vt 0.113403 0.949371
vt 0.116516 0.963959
vt 0.122375 0.984283
vt 0.123901 0.985413
vt 0.120361 0.985046
vt 0.120850 0.987335
vt 0.117310 0.986786
vt 0.109619 0.950714
vt 0.112366 0.964539
vt 0.118286 0.985153
vt 0.108337 0.964508
vt 0.106812 0.953156
vt 0.106323 0.951294
vt 0.105164 0.952179
vt 0.105042 0.966003
vt 0.101074 0.965668
vt 0.101318 0.987381
vt 0.103333 0.987808
vt 0.101807 0.993759
vt 0.096497 0.965729
vt 0.097717 0.987427
vt 0.090942 0.950806
vt 0.092102 0.966064
vt 0.087219 0.952362
vt 0.086182 0.949738
vt 0.088379 0.966278
vt 0.085144 0.951050
vt 0.094482 0.987755
vt 0.092590 0.988472
vt 0.094971 0.994164
vt 0.098145 0.993183
vt 0.096008 0.992783
vt 0.098389 0.995415
vt 0.100403 0.992641
vt 0.081970 0.948914
vt 0.078064 0.961792
vt 0.082581 0.962097
vt 0.073425 0.960632
vt 0.075073 0.973267
vt 0.078430 0.974808
vt 0.072510 0.987549
vt 0.068604 0.960114
vt 0.064636 0.958862
vt 0.067017 0.971725
vt 0.063477 0.971725
vt 0.065186 0.986015
vt 0.071106 0.972382
vt 0.066895 0.984909
vt 0.068970 0.985741
vt 0.068481 0.988220
vt 0.071289 0.985825
vt 0.542969 0.206055
vt 0.537598 0.227051
vt 0.527832 0.221191
vt 0.548340 0.230469
vt 0.534668 0.200684
vt 0.557129 0.210449
vt 0.560547 0.232422
vt 0.547852 0.186035
vt 0.541016 0.182129
vt 0.547852 0.163574
vt 0.560059 0.189941
vt 0.553711 0.166504
vt 0.554199 0.146973
vt 0.559082 0.148926
vt 0.563477 0.169922
vt 0.566406 0.151855
vt 0.574707 0.171875
vt 0.575684 0.151855
vt 0.573242 0.212402
vt 0.572754 0.232910
vt 0.586914 0.229492
vt 0.573730 0.191895
vt 0.587402 0.209961
vt 0.602051 0.223633
vt 0.588867 0.170410
vt 0.589355 0.151367
vt 0.587891 0.189941
vt 0.602051 0.204102
vt 0.625977 0.229004
vt 0.605957 0.246582
vt 0.602539 0.185059
vt 0.602539 0.165527
vt 0.603516 0.145508
vt 0.627930 0.136719
vt 0.649414 0.135254
vt 0.603516 0.123535
vt 0.626465 0.119629
vt 0.605469 0.104004
vt 0.627441 0.250000
vt 0.609863 0.267578
vt 0.626953 0.102051
vt 0.605957 0.091309
vt 0.649414 0.117676
vt 0.627930 0.091797
vt 0.606445 0.080566
vt 0.649414 0.230957
vt 0.672852 0.229492
vt 0.629883 0.269531
vt 0.611816 0.284668
vt 0.649414 0.250488
vt 0.630859 0.286621
vt 0.613281 0.302246
vt 0.649414 0.101074
vt 0.628906 0.082520
vt 0.606445 0.074219
vt 0.629395 0.077637
vt 0.649414 0.090820
vt 0.649414 0.082031
vt 0.649414 0.077148
vt 0.668945 0.077637
vt 0.669434 0.082520
vt 0.691895 0.073730
vt 0.692383 0.080078
vt 0.670410 0.091309
vt 0.692383 0.090820
vt 0.671875 0.102051
vt 0.692871 0.103516
vt 0.671875 0.119629
vt 0.695312 0.123047
vt 0.670898 0.136719
vt 0.695312 0.145508
vt 0.695801 0.165527
vt 0.709473 0.151367
vt 0.696289 0.185059
vt 0.709961 0.170410
vt 0.723145 0.151855
vt 0.723633 0.171875
vt 0.732422 0.151855
vt 0.710449 0.189941
vt 0.696289 0.204590
vt 0.735352 0.169922
vt 0.739746 0.149414
vt 0.745117 0.166504
vt 0.744629 0.146973
vt 0.750977 0.163574
vt 0.738770 0.189941
vt 0.750488 0.186035
vt 0.757812 0.182129
vt 0.764160 0.200684
vt 0.755859 0.206055
vt 0.770996 0.221191
vt 0.761230 0.227051
vt 0.750488 0.230469
vt 0.741699 0.210449
vt 0.738281 0.232422
vt 0.725098 0.191895
vt 0.725586 0.212402
vt 0.726074 0.232910
vt 0.711914 0.229492
vt 0.710938 0.209961
vt 0.696777 0.224121
vt 0.692871 0.247070
vt 0.670898 0.250000
vt 0.688477 0.268066
vt 0.668457 0.269531
vt 0.686523 0.285645
vt 0.649414 0.270020
vt 0.667480 0.287109
vt 0.685059 0.302734
vt 0.648926 0.287109
vt 0.666016 0.304199
vt 0.685059 0.317871
vt 0.631836 0.303711
vt 0.613281 0.317383
vt 0.665527 0.321289
vt 0.685547 0.332520
vt 0.666016 0.336426
vt 0.648926 0.304688
vt 0.632324 0.320801
vt 0.612305 0.332031
vt 0.631836 0.336426
vt 0.648926 0.322266
vt 0.648926 0.337891
vt 0.330566 0.944427
vt 0.333984 0.934692
vt 0.327881 0.942657
vt 0.333496 0.945709
vt 0.323486 0.946716
vt 0.326416 0.950256
vt 0.329590 0.953491
vt 0.318604 0.950195
vt 0.321045 0.954407
vt 0.323730 0.958618
vt 0.310791 0.956177
vt 0.314453 0.958771
vt 0.305420 0.967224
vt 0.318604 0.961700
vt 0.310547 0.966705
vt 0.307861 0.976883
vt 0.312256 0.973267
vt 0.315918 0.981750
vt 0.315186 0.966644
vt 0.317139 0.976852
vt 0.324951 0.980988
vt 0.315674 0.970612
vt 0.322998 0.976669
vt 0.331787 0.973877
vt 0.318115 0.972672
vt 0.327148 0.972565
vt 0.331299 0.965271
vt 0.321045 0.972672
vt 0.327393 0.967438
vt 0.325684 0.960693
vt 0.324707 0.964905
vt 0.321533 0.965057
vt 0.319092 0.967255
vt 0.319092 0.969345
vt 0.323486 0.971069
vt 0.319824 0.970398
vt 0.323975 0.969070
vt 0.323486 0.968292
vt 0.322998 0.968262
vt 0.322510 0.968781
vt 0.322266 0.969315
vt 0.322266 0.969757
vt 0.709473 0.905518
vt 0.706055 0.910217
vt 0.703125 0.907532
vt 0.709473 0.911255
vt 0.699219 0.912903
vt 0.703125 0.914490
vt 0.707031 0.915771
vt 0.696777 0.918823
vt 0.701172 0.919373
vt 0.705566 0.920044
vt 0.695312 0.925476
vt 0.700684 0.924744
vt 0.705566 0.924255
vt 0.696777 0.933838
vt 0.701660 0.930664
vt 0.706543 0.928284
vt 0.701660 0.940430
vt 0.705566 0.935608
vt 0.709473 0.931580
vt 0.708984 0.944672
vt 0.710938 0.939056
vt 0.712891 0.933777
vt 0.717285 0.946198
vt 0.717285 0.940552
vt 0.717285 0.934509
vt 0.721680 0.933838
vt 0.723633 0.939209
vt 0.725586 0.944885
vt 0.725586 0.931763
vt 0.729004 0.935913
vt 0.732910 0.940796
vt 0.728027 0.928589
vt 0.732910 0.931030
vt 0.737793 0.934387
vt 0.729492 0.924561
vt 0.734375 0.925171
vt 0.739258 0.926025
vt 0.729492 0.920288
vt 0.733398 0.919800
vt 0.738281 0.919373
vt 0.728027 0.916016
vt 0.731934 0.914856
vt 0.735840 0.913391
vt 0.726074 0.911438
vt 0.729492 0.910522
vt 0.731934 0.907898
vt 0.726074 0.905701
vt 0.632324 0.928650
vt 0.632324 0.919128
vt 0.663574 0.912354
vt 0.635742 0.910217
vt 0.642578 0.903381
vt 0.651367 0.899658
vt 0.660645 0.899536
vt 0.635742 0.937500
vt 0.669434 0.903137
vt 0.645020 0.931274
vt 0.667480 0.916016
vt 0.648926 0.934998
vt 0.642578 0.944183
vt 0.676270 0.909851
vt 0.651855 0.947754
vt 0.669434 0.920898
vt 0.680176 0.918640
vt 0.653809 0.936951
vt 0.661133 0.947662
vt 0.669434 0.926208
vt 0.680176 0.928223
vt 0.659180 0.936890
vt 0.669922 0.943909
vt 0.667480 0.931091
vt 0.676758 0.937073
vt 0.664062 0.934814
vt 0.330566 0.944427
vt 0.327881 0.942657
vt 0.333984 0.934692
vt 0.333496 0.945709
vt 0.323486 0.946716
vt 0.326416 0.950256
vt 0.329590 0.953491
vt 0.318604 0.950195
vt 0.321045 0.954407
vt 0.323730 0.958618
vt 0.310791 0.956177
vt 0.314453 0.958771
vt 0.305420 0.967224
vt 0.318604 0.961700
vt 0.310547 0.966705
vt 0.307861 0.976883
vt 0.312256 0.973267
vt 0.315918 0.981750
vt 0.315186 0.966644
vt 0.317139 0.976852
vt 0.324951 0.980988
vt 0.315674 0.970612
vt 0.322998 0.976669
vt 0.331787 0.973877
vt 0.318115 0.972672
vt 0.327148 0.972565
vt 0.331299 0.965271
vt 0.321045 0.972672
vt 0.327393 0.967438
vt 0.325684 0.960693
vt 0.324707 0.964905
vt 0.321533 0.965057
vt 0.319092 0.967255
vt 0.319092 0.969345
vt 0.323486 0.971069
vt 0.319824 0.970398
vt 0.323975 0.969070
vt 0.323486 0.968292
vt 0.322998 0.968262
vt 0.322510 0.968781
vt 0.322266 0.969315
vt 0.322266 0.969757
vt 0.009232 0.306641
vt 0.007381 0.278320
vt 0.020172 0.282715
vt 0.044952 0.253418
vt 0.021378 0.300781
vt 0.040100 0.327637
vt 0.044098 0.267090
vt 0.075806 0.273926
vt 0.041046 0.313965
vt 0.077637 0.302246
vt 0.031174 0.286621
vt 0.064880 0.298340
vt 0.031830 0.295898
vt 0.041809 0.302734
vt 0.063782 0.280273
vt 0.043365 0.278320
vt 0.054138 0.294434
vt 0.053528 0.285156
vt 0.009232 0.306641
vt 0.020172 0.282715
vt 0.007381 0.278320
vt 0.044952 0.253418
vt 0.021378 0.300781
vt 0.040100 0.327637
vt 0.044098 0.267090
vt 0.075806 0.273926
vt 0.041046 0.313965
vt 0.049744 0.326660
vt 0.031174 0.286621
vt 0.047180 0.313965
vt 0.077637 0.302246
vt 0.064880 0.298340
vt 0.054138 0.294434
vt 0.063782 0.280273
vt 0.031830 0.295898
vt 0.041809 0.302734
vt 0.043365 0.278320
vt 0.053528 0.285156
vn -0.753021 0.238141 -0.613390
vn -0.461479 0.219847 -0.859479
vn -0.677484 0.216986 -0.702804
vn -0.487287 0.230518 -0.842267
vn -0.823462 0.257426 -0.505610
vn -0.508636 0.248599 -0.824311
vn -0.542147 0.234268 -0.806967
vn -0.558818 0.241612 -0.793313
vn -0.562570 0.229995 -0.794114
vn -0.850637 0.223177 -0.476035
vn -0.866979 0.234121 -0.439926
vn -0.811094 0.223720 -0.540441
vn -0.585038 0.228091 -0.778270
vn -0.457038 0.223243 -0.860975
vn -0.487705 0.222972 -0.844054
vn -0.798109 0.215216 -0.562764
vn -0.591120 0.229266 -0.773314
vn -0.492294 0.227221 -0.840249
vn -0.588191 0.234706 -0.773915
vn -0.731065 0.221357 -0.645403
vn -0.715181 0.233171 -0.658899
vn -0.713641 0.240726 -0.657851
vn -0.783718 0.209903 -0.584575
vn -0.778632 0.234565 -0.581990
vn -0.776222 0.242747 -0.581853
vn -0.802884 0.181982 -0.567680
vn -0.877526 0.209214 -0.431484
vn -0.875661 0.234408 -0.422221
vn -0.869471 0.243519 -0.429788
vn -0.812040 0.198008 -0.548985
vn -0.958287 0.224486 -0.176898
vn -0.955154 0.233813 -0.181695
vn -0.863713 0.186740 -0.468111
vn -0.852738 0.204418 -0.480679
vn -0.856508 0.225588 -0.464224
vn -0.981266 0.191024 0.025040
vn -0.966586 0.194195 -0.167330
vn -0.980714 0.165494 -0.103979
vn -0.984480 0.174768 -0.015964
vn -0.982346 0.176594 -0.061731
vn -0.977567 0.209711 0.019617
vn -0.975686 0.218235 0.020255
vn -0.987370 0.152638 -0.042446
vn -0.984165 0.162065 -0.071798
vn -0.985364 0.167879 -0.029575
vn -0.983765 0.179384 0.005303
vn -0.962237 0.197611 0.187217
vn -0.960126 0.204328 0.190810
vn -0.986328 0.164456 -0.010584
vn -0.944137 0.125285 0.304809
vn -0.986713 0.162367 0.005790
vn -0.969668 0.177112 0.168452
vn -0.799107 0.136455 0.585499
vn -0.814245 0.151985 0.560273
vn -0.918886 0.148372 0.365559
vn -0.743648 0.123529 0.657060
vn -0.938154 0.138898 0.317136
vn -0.736872 0.103398 0.668078
vn -0.761894 0.136420 0.633172
vn -0.756866 0.116006 0.643192
vn -0.771487 0.106655 0.627242
vn -0.628316 0.083782 0.773433
vn -0.727456 0.126036 0.674480
vn -0.688022 0.113126 0.716818
vn -0.696329 0.097398 0.711084
vn -0.674494 0.095305 0.732103
vn -0.656319 0.060919 0.752020
vn -0.668962 0.077357 0.739260
vn -0.696918 0.028444 0.716586
vn -0.755183 0.104228 0.647174
vn -0.730910 0.071294 0.678740
vn -0.587636 -0.027621 0.808654
vn -0.716216 0.115631 0.688233
vn -0.640519 0.104839 0.760752
vn -0.447888 0.130475 0.884518
vn -0.748762 0.105101 0.654454
vn -0.752901 0.104992 0.649705
vn -0.669542 0.149238 0.727627
vn -0.647570 0.207517 0.733205
vn -0.588390 0.025586 0.808172
vn -0.423400 -0.063157 0.903738
vn -0.664024 0.080849 0.743327
vn -0.695468 0.103507 0.711063
vn -0.682374 0.174205 0.709943
vn -0.696014 0.209161 0.686889
vn -0.438057 -0.013424 0.898847
vn -0.524835 0.035232 0.850475
vn -0.478219 0.035435 0.877525
vn -0.565412 0.092667 0.819586
vn -0.606580 0.160414 0.778670
vn -0.618248 0.171683 0.767004
vn -0.379447 0.029398 0.924746
vn -0.450832 0.082810 0.888759
vn -0.246077 0.016034 0.969118
vn -0.240186 0.048610 0.969509
vn -0.285818 0.110443 0.951898
vn -0.317386 0.123744 0.940188
vn -0.410156 0.070171 0.909312
vn -0.197860 0.072970 0.977511
vn -0.384760 0.031971 0.922463
vn -0.402125 0.049210 0.914261
vn -0.494697 0.106953 0.862459
vn -0.482240 0.115908 0.868338
vn -0.219726 0.062193 0.973577
vn -0.082112 0.030477 0.996157
vn -0.245710 0.029074 0.968907
vn -0.274015 0.027699 0.961326
vn -0.339102 0.068075 0.938284
vn -0.447152 0.082322 0.890662
vn -0.099065 0.028640 0.994669
vn -0.121767 0.034192 0.991970
vn -0.081934 0.014513 0.996532
vn -0.113826 0.037606 0.992789
vn 0.000000 0.010830 0.999941
vn 0.000000 0.016101 0.999870
vn -0.129595 0.028092 0.991169
vn -0.000000 0.016378 0.999866
vn -0.044599 0.013271 0.998917
vn -0.030767 0.031104 0.999042
vn -0.033776 0.035330 0.998805
vn -0.143807 0.022943 0.989340
vn 0.000000 0.019930 0.999801
vn -0.146818 0.036768 0.988480
vn -0.146965 0.040523 0.988311
vn 0.000000 0.035342 0.999375
vn -0.000000 0.039472 0.999221
vn 0.753021 0.238141 -0.613390
vn 0.677484 0.216986 -0.702803
vn 0.461479 0.219847 -0.859479
vn 0.487287 0.230518 -0.842267
vn 0.823462 0.257426 -0.505610
vn 0.508636 0.248599 -0.824311
vn 0.542147 0.234268 -0.806967
vn 0.558818 0.241612 -0.793313
vn 0.562570 0.229995 -0.794114
vn 0.850637 0.223177 -0.476035
vn 0.866979 0.234121 -0.439926
vn 0.811094 0.223720 -0.540441
vn 0.585038 0.228091 -0.778270
vn 0.457038 0.223243 -0.860976
vn 0.487705 0.222972 -0.844054
vn 0.798109 0.215216 -0.562764
vn 0.591120 0.229266 -0.773314
vn 0.492294 0.227221 -0.840249
vn 0.588191 0.234705 -0.773915
vn 0.731065 0.221357 -0.645403
vn 0.715181 0.233171 -0.658899
vn 0.713641 0.240726 -0.657851
vn 0.783718 0.209903 -0.584575
vn 0.778632 0.234565 -0.581990
vn 0.776222 0.242747 -0.581853
vn 0.802884 0.181982 -0.567680
vn 0.875661 0.234408 -0.422220
vn 0.869472 0.243519 -0.429788
vn 0.877526 0.209214 -0.431484
vn 0.812040 0.198008 -0.548985
vn 0.958287 0.224486 -0.176898
vn 0.955154 0.233813 -0.181694
vn 0.863713 0.186740 -0.468111
vn 0.852738 0.204418 -0.480679
vn 0.856508 0.225588 -0.464224
vn 0.981266 0.191024 0.025040
vn 0.966586 0.194194 -0.167330
vn 0.980714 0.165494 -0.103979
vn 0.984480 0.174768 -0.015964
vn 0.982346 0.176594 -0.061731
vn 0.977567 0.209711 0.019617
vn 0.975686 0.218235 0.020256
vn 0.987370 0.152638 -0.042446
vn 0.984165 0.162065 -0.071798
vn 0.985364 0.167879 -0.029575
vn 0.983765 0.179384 0.005303
vn 0.962237 0.197611 0.187217
vn 0.960126 0.204328 0.190810
vn 0.986328 0.164456 -0.010584
vn 0.944137 0.125284 0.304809
vn 0.986713 0.162367 0.005790
vn 0.969668 0.177112 0.168452
vn 0.815520 0.148580 0.559331
vn 0.814245 0.151985 0.560273
vn 0.918886 0.148372 0.365559
vn 0.798566 0.129394 0.587834
vn 0.938154 0.138898 0.317136
vn 0.763099 0.134381 0.632157
vn 0.761894 0.136420 0.633172
vn 0.756866 0.116006 0.643192
vn 0.771487 0.106655 0.627242
vn 0.628316 0.083782 0.773433
vn 0.758355 0.119077 0.640873
vn 0.711924 0.094952 0.695808
vn 0.761073 0.106099 0.639930
vn 0.674494 0.095305 0.732103
vn 0.656319 0.060919 0.752020
vn 0.668962 0.077357 0.739260
vn 0.696918 0.028444 0.716587
vn 0.735272 0.102212 0.670021
vn 0.730910 0.071294 0.678740
vn 0.587636 -0.027621 0.808654
vn 0.712490 0.085553 0.696447
vn 0.736377 0.131470 0.663675
vn 0.731400 0.130279 0.669388
vn 0.729160 0.084636 0.679089
vn 0.720535 0.095642 0.686792
vn 0.720101 0.126086 0.682317
vn 0.723524 0.126787 0.678556
vn 0.588390 0.025586 0.808172
vn 0.423401 -0.063157 0.903738
vn 0.650689 0.074649 0.755666
vn 0.684241 0.119092 0.719466
vn 0.688057 0.119653 0.715724
vn 0.678027 0.088818 0.729651
vn 0.438057 -0.013424 0.898847
vn 0.524834 0.035232 0.850475
vn 0.596609 0.103422 0.795840
vn 0.602440 0.102436 0.791563
vn 0.565630 0.073223 0.821401
vn 0.478219 0.035435 0.877525
vn 0.379447 0.029398 0.924746
vn 0.450831 0.082810 0.888760
vn 0.241104 0.058922 0.968709
vn 0.244321 0.050744 0.968366
vn 0.227942 0.034080 0.973078
vn 0.246077 0.016034 0.969118
vn 0.410156 0.070171 0.909312
vn 0.197860 0.072970 0.977511
vn 0.425713 0.065895 0.902456
vn 0.441911 0.061345 0.894959
vn 0.393768 0.038414 0.918407
vn 0.384760 0.031971 0.922463
vn 0.219726 0.062193 0.973577
vn 0.082112 0.030477 0.996157
vn 0.281102 0.055539 0.958070
vn 0.298278 0.059508 0.952622
vn 0.265131 0.024754 0.963895
vn 0.245710 0.029074 0.968907
vn 0.099065 0.028640 0.994669
vn 0.121767 0.034192 0.991970
vn 0.030767 0.031104 0.999042
vn 0.033776 0.035330 0.998805
vn 0.081934 0.014513 0.996532
vn 0.113825 0.037606 0.992789
vn 0.000000 0.010830 0.999941
vn 0.000000 0.016101 0.999870
vn 0.044599 0.013271 0.998917
vn 0.129595 0.028092 0.991169
vn -0.000000 0.016378 0.999866
vn 0.143807 0.022943 0.989340
vn 0.000000 0.019930 0.999801
vn 0.146818 0.036768 0.988480
vn 0.146965 0.040523 0.988311
vn 0.000000 0.035342 0.999375
vn -0.000000 0.039472 0.999221
vn -0.416315 0.156486 0.895653
vn -0.397433 0.108171 0.911233
vn -0.573529 0.160244 0.803359
vn -0.575664 0.176399 0.798433
vn -0.793407 0.220262 0.567441
vn -0.461586 0.142775 0.875530
vn -0.376434 0.082870 0.922730
vn -0.518920 0.153538 0.840921
vn -0.772595 0.167377 0.612439
vn -0.881403 0.230430 0.412347
vn -0.586260 0.142936 0.797414
vn -0.510917 0.109481 0.852630
vn -0.667397 0.181025 0.722365
vn -0.912560 0.222778 0.342934
vn -0.931201 0.317114 -0.179729
vn -0.757696 0.085459 0.646988
vn -0.413985 0.048696 0.908980
vn -0.462184 0.085023 0.882699
vn -0.455334 0.079049 0.886804
vn -0.859473 0.449726 -0.243006
vn -0.813972 0.397281 -0.423813
vn -0.918289 0.361175 0.162164
vn -0.880648 0.466068 -0.085087
vn -0.852291 0.313633 0.418611
vn -0.691107 0.553181 -0.465146
vn -0.729324 0.380953 -0.568297
vn -0.792921 0.274556 -0.543963
vn -0.801218 0.497039 -0.333171
vn -0.768632 0.475531 -0.427873
vn -0.903347 0.203657 -0.377476
vn -0.814455 0.241889 -0.527401
vn -0.973237 0.154762 -0.169875
vn -0.866153 0.276471 -0.416345
vn -0.829949 0.190470 -0.524315
vn -0.868714 0.232593 0.437307
vn -0.937433 0.240138 -0.252097
vn -0.905011 0.153573 -0.396699
vn -0.974608 0.223864 0.004971
vn -0.919316 0.177109 0.351413
vn -0.832092 0.319391 -0.453444
vn -0.779747 0.266900 -0.566356
vn -0.986371 0.090121 -0.137661
vn -0.968622 0.088196 0.232364
vn -0.794796 0.216842 0.566815
vn -0.731794 0.406106 -0.547316
vn -0.661167 0.446677 -0.602776
vn -0.889571 0.172755 -0.422870
vn -0.811087 0.143889 -0.566951
vn -0.769467 0.249618 -0.587886
vn -0.927650 0.275072 -0.252587
vn -0.849110 0.397788 -0.347530
vn -0.834924 0.288410 -0.468745
vn -0.592068 0.411644 -0.692824
vn -0.969561 0.226658 0.092617
vn -0.750098 0.315392 -0.581275
vn -0.677752 0.271556 -0.683308
vn -0.773653 0.278819 -0.568965
vn -0.676297 0.276302 -0.682846
vn -0.713761 0.257051 -0.651514
vn -0.968053 0.244227 -0.056809
vn -0.899041 0.436055 -0.039779
vn -0.923436 0.304960 0.232949
vn -0.959814 0.236874 -0.150494
vn -0.937413 0.229068 0.262268
vn -0.986423 0.151200 0.064097
vn -0.907847 0.282683 -0.309683
vn -0.883121 0.324991 -0.338346
vn -0.967393 0.252094 -0.024483
vn -0.952848 0.272697 -0.133105
vn -0.918024 0.144634 0.369207
vn -0.804316 0.150595 0.574802
vn -0.816582 0.265407 -0.512594
vn -0.855762 0.214525 -0.470797
vn -0.771901 0.212441 -0.599197
vn -0.973543 0.193300 -0.121854
vn -0.863009 0.220383 -0.454584
vn -0.781651 0.224647 -0.581856
vn -0.907562 0.144844 0.394146
vn -0.894900 0.244777 0.373145
vn -0.867790 0.251152 -0.428793
vn -0.773468 0.267369 -0.574683
vn -0.900677 0.222307 -0.373311
vn -0.977514 0.190473 -0.090484
vn -0.973786 0.207174 -0.093917
vn -0.976400 0.195461 -0.091855
vn -0.962395 0.184216 0.199651
vn -0.943007 0.156191 0.293840
vn -0.915499 0.170520 0.364397
vn -0.889432 0.160928 0.427801
vn -0.728493 0.167949 0.664147
vn -0.666679 0.148066 0.730490
vn -0.776429 0.113564 0.619888
vn -0.648714 0.173245 0.741051
vn -0.519934 0.156015 0.839838
vn -0.838480 0.081386 0.538821
vn -0.851655 0.133410 0.506838
vn -0.789718 0.086679 0.607316
vn -0.797168 0.166682 0.580293
vn -0.709563 0.120960 0.694183
vn -0.534210 0.180485 0.825860
vn -0.341343 0.149767 0.927930
vn -0.782646 0.171168 0.598471
vn -0.726830 0.162058 0.667424
vn -0.791350 0.148819 0.592974
vn -0.413414 0.119761 0.902633
vn -0.371209 0.123684 0.920275
vn -0.520327 0.031717 0.853378
vn -0.501501 0.066520 0.862596
vn -0.524918 0.028912 0.850662
vn -0.481527 0.100005 0.870707
vn -0.458539 0.074182 0.885572
vn -0.296095 0.054324 0.953612
vn -0.487480 0.046906 0.871873
vn -0.488477 0.067532 0.869959
vn -0.310328 0.036130 0.949943
vn -0.331660 0.036750 0.942683
vn -0.518568 -0.000566 0.855036
vn -0.554906 0.094303 0.826551
vn -0.639439 0.059761 0.766516
vn -0.627024 0.082274 0.774643
vn -0.788765 0.141913 0.598089
vn -0.643444 0.118399 0.756281
vn -0.389267 0.052695 0.919617
vn -0.698278 0.157224 0.698347
vn -0.555441 0.123071 0.822398
vn -0.701727 0.158455 0.694601
vn -0.555008 0.111941 0.824278
vn -0.702325 0.130720 0.699751
vn -0.804686 0.151235 0.574115
vn -0.892064 0.116822 0.436548
vn 0.416315 0.156486 0.895653
vn 0.573529 0.160244 0.803359
vn 0.397433 0.108171 0.911233
vn 0.575664 0.176399 0.798433
vn 0.793407 0.220262 0.567441
vn 0.461586 0.142775 0.875530
vn 0.376434 0.082870 0.922730
vn 0.518920 0.153538 0.840921
vn 0.772595 0.167377 0.612439
vn 0.881403 0.230430 0.412347
vn 0.586260 0.142936 0.797414
vn 0.510917 0.109481 0.852630
vn 0.667397 0.181025 0.722365
vn 0.912560 0.222778 0.342935
vn 0.931201 0.317114 -0.179729
vn 0.757696 0.085459 0.646988
vn 0.413986 0.048696 0.908980
vn 0.462184 0.085023 0.882699
vn 0.455334 0.079049 0.886804
vn 0.874605 0.429015 -0.225861
vn 0.839980 0.343131 -0.420350
vn 0.918289 0.361175 0.162164
vn 0.880648 0.466068 -0.085087
vn 0.852291 0.313633 0.418611
vn 0.767591 0.457647 -0.448736
vn 0.788774 0.208118 -0.578379
vn 0.786203 0.242363 -0.568459
vn 0.825507 0.482465 -0.292858
vn 0.817094 0.421934 -0.392847
vn 0.827213 0.387551 -0.406844
vn 0.706255 0.466897 -0.532176
vn 0.758825 0.334718 -0.558703
vn 0.868714 0.232593 0.437307
vn 0.986167 0.134881 -0.096339
vn 0.915558 0.158494 0.369640
vn 0.981463 0.189298 0.029939
vn 0.953860 0.183740 -0.237468
vn 0.774166 0.404166 -0.487152
vn 0.897614 0.115145 -0.425478
vn 0.985882 0.076449 -0.148971
vn 0.832098 0.281579 -0.477834
vn 0.747099 0.248045 -0.616698
vn 0.967443 0.097330 0.233624
vn 0.794796 0.216842 0.566815
vn 0.708824 0.423896 -0.563809
vn 0.648145 0.417033 -0.637174
vn 0.928834 0.270103 -0.253596
vn 0.853794 0.235693 -0.464204
vn 0.752128 0.253178 -0.608444
vn 0.798575 0.213843 -0.562627
vn 0.844099 0.402073 -0.354732
vn 0.832328 0.289357 -0.472762
vn 0.664355 0.391685 -0.636565
vn 0.964917 0.244884 0.094692
vn 0.961163 0.232994 -0.147918
vn 0.917288 0.392272 -0.068597
vn 0.923087 0.307195 0.231391
vn 0.726241 0.341587 -0.596568
vn 0.679224 0.312104 -0.664264
vn 0.887437 0.142443 0.438368
vn 0.801186 0.147044 0.580068
vn 0.797306 0.155800 0.583121
vn 0.806978 0.152552 0.570539
vn 0.942721 0.254696 0.215425
vn 0.980147 0.197350 0.019088
vn 0.702325 0.130720 0.699752
vn 0.701727 0.158455 0.694601
vn 0.643444 0.118399 0.756281
vn 0.660886 0.060300 0.748060
vn 0.910910 0.249133 -0.328900
vn 0.555008 0.111941 0.824278
vn 0.555441 0.123071 0.822398
vn 0.698278 0.157225 0.698347
vn 0.389267 0.052695 0.919617
vn 0.331660 0.036750 0.942683
vn 0.554906 0.094303 0.826551
vn 0.627024 0.082274 0.774643
vn 0.524918 0.028912 0.850662
vn 0.488477 0.067532 0.869959
vn 0.310328 0.036130 0.949943
vn 0.296095 0.054324 0.953612
vn 0.532881 -0.002019 0.846188
vn 0.458539 0.074182 0.885573
vn 0.371209 0.123684 0.920275
vn 0.776316 0.136205 0.615453
vn 0.413414 0.119761 0.902633
vn 0.341342 0.149767 0.927931
vn 0.520621 0.031632 0.853202
vn 0.886570 0.257471 0.384321
vn 0.487480 0.046906 0.871873
vn 0.497656 0.070524 0.864502
vn 0.534210 0.180485 0.825860
vn 0.519934 0.156015 0.839838
vn 0.794723 0.166511 0.583686
vn 0.934599 0.165052 0.315092
vn 0.754458 0.165361 0.635176
vn 0.527860 0.097768 0.843685
vn 0.705832 0.148949 0.692543
vn 0.648715 0.173245 0.741050
vn 0.666679 0.148066 0.730490
vn 0.848258 0.133988 0.512353
vn 0.965196 0.251291 -0.072455
vn 0.751212 0.061320 0.657206
vn 0.697647 0.086154 0.711243
vn 0.728493 0.167949 0.664147
vn 0.889432 0.160928 0.427800
vn 0.747029 0.078059 0.660193
vn 0.911730 0.137760 0.387001
vn 0.798112 0.060025 0.599511
vn 0.848931 0.339148 -0.405333
vn 0.915499 0.170520 0.364397
vn 0.976400 0.195460 -0.091855
vn 0.943007 0.156191 0.293840
vn 0.962395 0.184216 0.199651
vn 0.957974 0.250409 -0.139934
vn 0.784803 0.226761 -0.576770
vn 0.719899 0.207332 -0.662389
vn 0.731316 0.232364 -0.641236
vn 0.973543 0.193300 -0.121854
vn 0.830230 0.234805 -0.505554
vn 0.855762 0.214525 -0.470797
vn 0.771901 0.212441 -0.599197
vn 0.863009 0.220383 -0.454584
vn 0.781651 0.224647 -0.581856
vn 0.773468 0.267369 -0.574683
vn 0.977514 0.190473 -0.090484
vn 0.867790 0.251151 -0.428793
vn 0.900677 0.222307 -0.373311
vn 0.973786 0.207174 -0.093917
vn 0.405115 -0.864275 -0.298177
vn 0.618999 -0.080919 -0.781212
vn 0.613523 0.022510 -0.789356
vn 0.798150 -0.010078 -0.602374
vn 0.321197 -0.939524 -0.118854
vn 0.772673 0.097421 -0.627284
vn 0.461091 0.144982 -0.875429
vn 0.937097 -0.037333 -0.347068
vn 0.279331 -0.956394 -0.085353
vn 0.936358 0.060073 -0.345868
vn 0.966379 -0.013146 -0.256785
vn 0.235483 -0.967897 -0.087876
vn 0.979069 0.135860 -0.151547
vn 0.958848 0.062991 -0.276845
vn 0.192791 -0.979171 -0.063689
vn 0.920304 0.387563 -0.053256
vn 0.851697 0.523945 0.009681
vn 0.959461 0.161435 -0.231028
vn 0.167688 -0.985285 -0.033083
vn 0.962750 0.231877 -0.139086
vn 0.155957 -0.987694 -0.011728
vn 0.751068 0.597209 0.281492
vn 0.991758 0.125235 -0.027050
vn 0.936928 0.085188 -0.338981
vn 0.761798 0.092282 -0.641208
vn 0.383488 0.137475 -0.913257
vn -0.191764 0.150716 -0.969799
vn -0.209157 0.150347 -0.966255
vn -0.774449 0.094576 -0.625527
vn -0.831279 0.059738 -0.552636
vn -0.979461 -0.007718 -0.201486
vn -0.978400 0.040798 -0.202655
vn -0.944393 -0.045128 -0.325708
vn -0.986071 -0.022921 0.164739
vn -0.983455 0.051801 0.173591
vn -0.982732 -0.120171 0.140699
vn -0.987076 -0.084287 -0.136294
vn -0.955312 -0.071564 -0.286807
vn -0.461215 -0.885750 -0.052219
vn -0.292015 -0.955509 0.041600
vn 0.405115 -0.864275 -0.298177
vn -0.292015 -0.955509 0.041600
vn -0.461215 -0.885750 -0.052219
vn 0.321197 -0.939524 -0.118854
vn 0.279331 -0.956394 -0.085353
vn -0.262546 -0.963839 0.045657
vn -0.223667 -0.974626 0.008790
vn 0.235483 -0.967897 -0.087876
vn 0.192791 -0.979171 -0.063689
vn -0.211212 -0.977435 -0.003327
vn -0.183137 -0.983020 0.011535
vn 0.167688 -0.985285 -0.033083
vn 0.155957 -0.987694 -0.011728
vn -0.167461 -0.985288 0.034136
vn 0.161666 -0.986805 0.008941
vn -0.162968 -0.984372 0.066733
vn 0.200158 -0.978700 0.045634
vn -0.181558 -0.975767 0.122129
vn 0.271041 -0.953265 0.133498
vn -0.211041 -0.941050 0.264363
vn 0.147367 -0.807095 0.571735
vn -0.236257 -0.105507 0.965946
vn 0.693318 -0.075028 0.716715
vn -0.914075 0.178631 0.364086
vn -0.983455 0.051801 0.173591
vn -0.986071 -0.022921 0.164739
vn -0.949401 0.066416 0.306964
vn -0.982732 -0.120171 0.140699
vn -0.916934 0.221087 0.332194
vn -0.620354 0.548514 0.560618
vn -0.974507 -0.096284 0.202645
vn -0.292015 -0.955509 0.041600
vn -0.262546 -0.963839 0.045657
vn -0.992497 -0.017807 0.120967
vn -0.223667 -0.974626 0.008790
vn -0.416776 0.758271 0.501322
vn 0.214953 0.772830 0.597100
vn -0.991410 0.115542 0.061294
vn -0.211212 -0.977435 -0.003327
vn -0.875160 0.407096 0.261474
vn -0.977133 0.189628 0.096193
vn -0.183137 -0.983020 0.011535
vn -0.951462 0.227518 0.207255
vn -0.167461 -0.985288 0.034136
vn -0.895079 0.252103 0.367802
vn -0.162968 -0.984372 0.066733
vn -0.797857 0.289076 0.529017
vn -0.181558 -0.975767 0.122129
vn -0.677459 0.651969 0.340568
vn -0.745609 0.620227 0.243690
vn -0.816980 0.542966 0.194244
vn -0.358803 0.880128 0.310861
vn -0.277832 0.922198 0.268999
vn -0.256809 0.930910 0.259721
vn -0.598655 0.296697 0.744032
vn -0.211041 -0.941050 0.264363
vn -0.236257 -0.105507 0.965946
vn -0.615109 0.657157 0.435643
vn -0.493964 0.594277 0.634692
vn -0.200018 0.329656 0.922670
vn 0.147367 -0.807095 0.571735
vn -0.218880 0.936332 0.274545
vn 0.119384 0.973021 0.197429
vn -0.101331 0.633352 0.767201
vn 0.246647 0.359096 0.900120
vn 0.693318 -0.075028 0.716715
vn -0.096865 0.876636 0.471304
vn 0.207538 0.699096 0.684246
vn 0.637698 0.356878 0.682627
vn 0.271041 -0.953265 0.133498
vn 0.121750 0.974296 0.189536
vn 0.167110 0.893050 0.417774
vn 0.496270 0.656797 0.567744
vn 0.847286 0.352778 0.397057
vn 0.367678 0.878795 0.304191
vn 0.404846 0.904374 0.134936
vn 0.684335 0.659925 0.310135
vn 0.917693 0.354060 0.180223
vn 0.200158 -0.978700 0.045634
vn 0.689449 0.709411 0.146277
vn 0.943148 0.329004 0.047204
vn 0.161666 -0.986805 0.008941
vn 0.428806 0.893512 0.133273
vn 0.954233 0.294467 -0.052235
vn 0.687557 0.721435 0.082446
vn 0.729349 0.682970 0.040016
vn 0.121104 0.962205 0.243918
vn 0.792779 0.609270 0.017079
vn 0.472610 0.867090 0.157467
vn 0.116572 0.942452 0.313360
vn 0.533072 0.826144 0.182538
vn 0.176162 0.850012 0.496434
vn 0.633459 0.726546 0.266198
vn 0.000000 0.155640 0.987814
vn 0.200683 0.150041 0.968098
vn 0.000000 0.141343 0.989961
vn 0.185671 0.160632 0.969393
vn 0.170491 0.169739 0.970629
vn 0.000000 0.170808 0.985304
vn 0.274179 0.191006 0.942519
vn 0.309382 0.214910 0.926335
vn 0.175032 0.170928 0.969612
vn 0.000000 0.173989 0.984747
vn 0.247558 0.165597 0.954617
vn 0.429278 0.224197 0.874903
vn 0.457271 0.296891 0.838307
vn 0.185367 0.137295 0.973031
vn 0.000000 0.138346 0.990384
vn 0.269740 0.161881 0.949229
vn 0.385847 0.161335 0.908346
vn 0.630008 0.225241 0.743207
vn 0.546810 0.317788 0.774603
vn 0.932592 -0.110878 -0.343480
vn 0.939513 -0.060317 -0.337161
vn 0.629986 0.143060 0.763316
vn 0.931675 0.063601 -0.357682
vn 0.597824 0.168250 0.783772
vn 0.918838 0.157504 -0.361843
vn 0.379952 0.159684 0.911119
vn 0.573662 0.171915 0.800847
vn 0.937196 0.137522 -0.320550
vn 0.294120 0.134234 0.946295
vn 0.378625 0.140639 0.914803
vn 0.554732 0.143639 0.819537
vn 0.958865 0.009764 -0.283694
vn 0.303494 0.098556 0.947722
vn 0.369841 0.113651 0.922117
vn 0.532105 0.086292 0.842270
vn 0.945304 -0.169496 -0.278695
vn 0.189487 0.094421 0.977333
vn 0.000000 0.094131 0.995560
vn 0.352523 0.082032 0.932201
vn 0.542185 0.018583 0.840054
vn 0.911358 -0.324854 -0.252777
vn 0.300413 0.076949 0.950700
vn 0.192081 0.081297 0.978006
vn 0.000000 0.085935 0.996301
vn 0.345098 0.045624 0.937457
vn 0.641022 -0.082135 0.763115
vn 0.955698 0.039713 -0.291657
vn 0.308127 0.058294 0.949558
vn 0.208951 0.081786 0.974500
vn 0.000000 0.096480 0.995335
vn 0.317111 0.097655 0.943347
vn 0.212359 0.094018 0.972658
vn 0.000000 0.087800 0.996138
vn 0.206240 0.085817 0.974731
vn 0.000000 0.075898 0.997116
vn 0.364860 0.088619 0.926835
vn 0.611928 0.070017 0.787809
vn 0.652594 0.187543 0.734131
vn 0.926238 0.229037 -0.299375
vn 0.960179 -0.068659 -0.270818
vn 0.185888 0.062524 0.980580
vn 0.000000 0.068238 0.997669
vn 0.324247 0.095116 0.941179
vn 0.388306 0.143509 0.910287
vn 0.394339 0.031267 0.918433
vn 0.613407 0.026521 0.789322
vn 0.327799 0.042497 0.943791
vn 0.648811 -0.073486 0.757393
vn 0.942936 -0.204266 -0.262957
vn 0.717599 -0.681146 -0.145227
vn 0.392469 0.004347 0.919755
vn 0.449125 -0.214188 0.867416
vn 0.662036 -0.285030 0.693157
vn 0.273880 -0.960526 0.048774
vn 0.390755 -0.919893 0.033278
vn 0.334970 0.025906 0.941873
vn 0.415066 -0.247275 0.875543
vn 0.577357 -0.815703 0.035872
vn 0.178896 0.024871 0.983554
vn 0.336242 -0.158513 0.928340
vn 0.511236 -0.852597 0.108241
vn 0.121934 0.033651 0.991968
vn 0.000000 0.042993 0.999075
vn 0.275953 -0.229233 0.933436
vn 0.000001 -0.981058 0.193713
vn 0.000001 -0.256914 0.966434
vn 0.000000 0.155640 0.987814
vn 0.000000 0.141343 0.989961
vn -0.200683 0.150041 0.968098
vn -0.185671 0.160632 0.969393
vn -0.170490 0.169739 0.970629
vn 0.000000 0.170808 0.985304
vn -0.274179 0.191006 0.942519
vn -0.309382 0.214911 0.926335
vn -0.175032 0.170928 0.969612
vn 0.000000 0.173989 0.984747
vn -0.247558 0.165597 0.954617
vn -0.429279 0.224197 0.874903
vn -0.457271 0.296891 0.838307
vn -0.185367 0.137295 0.973031
vn 0.000000 0.138346 0.990384
vn -0.269740 0.161881 0.949229
vn -0.385848 0.161335 0.908346
vn -0.630008 0.225241 0.743207
vn -0.546810 0.317788 0.774603
vn -0.932592 -0.110878 -0.343479
vn -0.939513 -0.060317 -0.337161
vn -0.629987 0.143059 0.763316
vn -0.935875 0.064308 -0.346414
vn -0.598027 0.167911 0.783690
vn -0.926576 0.161279 -0.339772
vn -0.380034 0.159621 0.911096
vn -0.573276 0.171815 0.801146
vn -0.940596 0.140054 -0.309296
vn -0.378760 0.140631 0.914748
vn -0.294120 0.134234 0.946295
vn -0.554826 0.143943 0.819420
vn -0.958864 0.009765 -0.283697
vn -0.369916 0.113716 0.922079
vn -0.303494 0.098556 0.947722
vn -0.532104 0.086293 0.842270
vn -0.945302 -0.169497 -0.278702
vn -0.189487 0.094421 0.977333
vn 0.000000 0.094131 0.995560
vn -0.352523 0.082032 0.932201
vn -0.542182 0.018584 0.840056
vn -0.911357 -0.324855 -0.252780
vn -0.300413 0.076949 0.950700
vn -0.192081 0.081297 0.978006
vn 0.000000 0.085935 0.996301
vn -0.345098 0.045624 0.937457
vn -0.641021 -0.082134 0.763116
vn -0.955698 0.039713 -0.291658
vn -0.308127 0.058294 0.949558
vn -0.208951 0.081786 0.974500
vn 0.000000 0.096480 0.995335
vn -0.317111 0.097655 0.943347
vn -0.212359 0.094018 0.972658
vn 0.000000 0.087800 0.996138
vn -0.206240 0.085817 0.974731
vn 0.000000 0.075898 0.997116
vn -0.364861 0.088619 0.926835
vn -0.611928 0.070017 0.787808
vn -0.652595 0.187545 0.734130
vn -0.926240 0.229035 -0.299371
vn -0.960181 -0.068658 -0.270811
vn -0.185888 0.062524 0.980580
vn 0.000000 0.068238 0.997669
vn -0.324247 0.095116 0.941179
vn -0.388305 0.143510 0.910288
vn -0.394337 0.031267 0.918434
vn -0.613406 0.026521 0.789322
vn -0.327799 0.042497 0.943791
vn -0.648810 -0.073488 0.757393
vn -0.942937 -0.204265 -0.262954
vn -0.717594 -0.681152 -0.145227
vn -0.392467 0.004347 0.919756
vn -0.449126 -0.214188 0.867415
vn -0.662037 -0.285027 0.693157
vn -0.273880 -0.960526 0.048773
vn -0.390755 -0.919893 0.033277
vn -0.334969 0.025906 0.941873
vn -0.415066 -0.247278 0.875542
vn -0.577357 -0.815703 0.035871
vn -0.178896 0.024871 0.983554
vn -0.336242 -0.158513 0.928340
vn -0.511235 -0.852597 0.108242
vn -0.121933 0.033651 0.991968
vn 0.000000 0.042993 0.999075
vn -0.275952 -0.229233 0.933436
vn 0.000001 -0.981058 0.193713
vn 0.000001 -0.256914 0.966434
vn 0.000000 0.232995 0.972478
vn 0.127976 0.240617 0.962146
vn 0.000000 0.235133 0.971963
vn 0.116646 0.236840 0.964521
vn 0.105268 0.224898 0.968679
vn 0.000000 0.225074 0.974342
vn 0.219999 0.246124 0.943940
vn 0.234211 0.253757 0.938484
vn 0.105448 0.203281 0.973426
vn 0.000000 0.203790 0.979015
vn 0.209230 0.222532 0.952209
vn 0.380027 0.246629 0.891490
vn 0.399901 0.259593 0.879028
vn 0.225445 0.193701 0.954806
vn 0.371202 0.210197 0.904448
vn 0.122607 0.194327 0.973244
vn 0.000000 0.206158 0.978519
vn 0.000000 0.293109 0.956079
vn 0.337456 0.260978 0.904441
vn 0.328053 0.278214 0.902761
vn 0.019862 0.288657 0.957227
vn 0.333985 0.212215 0.918378
vn 0.028124 0.270321 0.962359
vn 0.387546 0.173546 0.905367
vn 0.238844 0.171902 0.955721
vn 0.662120 0.217276 0.717209
vn 0.674245 0.236985 0.699450
vn 0.969169 0.105349 0.222741
vn 0.970052 0.088459 0.226218
vn 0.659589 0.173719 0.731275
vn 0.970811 0.064000 0.231147
vn 0.025636 0.221114 0.974911
vn 0.665365 0.148817 0.731535
vn 0.970840 0.060079 0.232077
vn 0.322234 0.171719 0.930955
vn 0.026795 0.185146 0.982346
vn 0.688689 0.128745 0.713535
vn 0.970880 0.037348 0.236638
vn 0.290928 0.163950 0.942593
vn 0.055161 0.180603 0.982008
vn 0.668687 -0.139488 0.730343
vn 0.807132 -0.424349 0.410446
vn 0.766047 -0.482578 0.424607
vn 0.400225 0.149049 0.904215
vn 0.045445 0.464528 0.884392
vn 0.198390 0.339262 0.919534
vn 0.579486 -0.096933 0.809197
vn 0.184409 0.312064 0.931992
vn 0.117633 0.396520 0.910458
vn 0.167522 0.277005 0.946153
vn 0.474565 -0.276475 0.835674
vn 0.516958 -0.626963 0.582814
vn 0.137754 -0.710600 0.689979
vn 0.189034 0.314397 0.930280
vn 0.181487 -0.254254 0.949956
vn 0.000000 -0.712575 0.701596
vn 0.000000 -0.243479 0.969906
vn 0.162012 0.406260 0.899280
vn 0.000000 0.402932 0.915230
vn 0.135261 0.269277 0.953517
vn 0.000000 0.232995 0.972478
vn 0.000000 0.235133 0.971963
vn -0.127970 0.240619 0.962147
vn -0.116641 0.236840 0.964521
vn -0.105265 0.224897 0.968680
vn 0.000000 0.225074 0.974342
vn -0.219999 0.246123 0.943940
vn -0.234211 0.253763 0.938483
vn -0.105448 0.203281 0.973426
vn 0.000000 0.203790 0.979015
vn -0.209230 0.222529 0.952210
vn -0.380034 0.246628 0.891487
vn -0.399908 0.259595 0.879025
vn -0.225445 0.193701 0.954806
vn -0.371206 0.210194 0.904447
vn -0.122607 0.194327 0.973244
vn 0.000000 0.206158 0.978519
vn 0.000000 0.293109 0.956079
vn -0.337457 0.260977 0.904441
vn -0.328056 0.278213 0.902761
vn -0.019834 0.288651 0.957229
vn -0.333986 0.212215 0.918378
vn -0.028109 0.270319 0.962361
vn -0.387542 0.173548 0.905369
vn -0.238844 0.171902 0.955721
vn -0.662121 0.217273 0.717209
vn -0.674244 0.236981 0.699454
vn -0.969172 0.105344 0.222729
vn -0.970054 0.088457 0.226211
vn -0.659588 0.173720 0.731276
vn -0.970812 0.063999 0.231146
vn -0.025635 0.221113 0.974911
vn -0.665364 0.148817 0.731535
vn -0.970840 0.060078 0.232077
vn -0.322235 0.171722 0.930954
vn -0.688689 0.128745 0.713535
vn -0.970880 0.037347 0.236638
vn -0.026808 0.185147 0.982345
vn -0.290929 0.163951 0.942592
vn -0.668686 -0.139488 0.730344
vn -0.807131 -0.424349 0.410447
vn -0.766046 -0.482577 0.424608
vn -0.055181 0.180603 0.982007
vn -0.400220 0.149051 0.904217
vn -0.045447 0.464514 0.884399
vn -0.198393 0.339258 0.919535
vn -0.579485 -0.096933 0.809198
vn -0.184409 0.312064 0.931992
vn -0.117633 0.396519 0.910459
vn -0.167522 0.277005 0.946153
vn -0.474565 -0.276476 0.835673
vn -0.516958 -0.626964 0.582812
vn -0.137754 -0.710600 0.689979
vn -0.189034 0.314398 0.930280
vn -0.181488 -0.254255 0.949956
vn 0.000000 -0.712575 0.701596
vn 0.000000 -0.243479 0.969906
vn -0.162012 0.406262 0.899279
vn 0.000000 0.402932 0.915230
vn -0.135261 0.269277 0.953517
vn -0.845326 -0.017481 -0.533964
vn -0.607277 0.485177 -0.629141
vn -0.725435 0.000000 -0.688291
vn -0.728262 0.504451 -0.463857
vn -0.976495 -0.065993 -0.205189
vn -0.514780 0.670228 -0.534599
vn -0.872653 0.465306 -0.148213
vn -0.972039 -0.130984 0.194891
vn -0.595345 0.697957 -0.398021
vn -0.665898 0.414309 -0.620425
vn -0.883715 0.405850 0.233097
vn -0.879635 -0.170223 0.444147
vn -0.692064 0.712608 -0.115053
vn -0.803635 0.347042 0.483459
vn -0.746566 -0.191012 0.637302
vn -0.725864 0.652559 0.217457
vn -0.686272 0.299416 0.662858
vn -0.605119 -0.201834 0.770126
vn -0.681168 0.573678 0.454866
vn -0.534217 0.256468 0.805504
vn -0.544680 -0.188530 0.817178
vn -0.591192 0.519217 0.617175
vn -0.864386 0.471967 -0.173449
vn -0.877974 0.440086 0.188378
vn -0.812626 0.365503 0.453923
vn -0.703300 0.307717 0.640843
vn -0.758944 0.444531 -0.475811
vn -0.834003 0.105239 -0.541630
vn -0.725347 0.092449 -0.682148
vn -0.786344 -0.367389 -0.496677
vn -0.654695 -0.416148 -0.631028
vn -0.699802 0.404051 -0.589083
vn -0.963980 0.133877 -0.229823
vn -0.983119 0.120301 0.137859
vn -0.903988 0.073194 0.421247
vn -0.778397 0.056205 0.625252
vn -0.914863 -0.340438 -0.217089
vn -0.797507 0.416283 -0.436681
vn -0.894454 0.421950 -0.148022
vn -0.822489 0.357693 -0.442231
vn -0.667967 0.343983 -0.659921
vn -0.927544 0.344231 -0.145491
vn -0.644671 0.200665 -0.737654
vn -0.529291 0.181155 -0.828875
vn -0.535541 0.123166 -0.835480
vn -0.878026 -0.340108 0.336745
vn -0.939924 -0.330888 0.083998
vn -0.892720 0.420126 0.162925
vn -0.763013 -0.333527 0.553688
vn -0.932536 0.322875 0.161642
vn -0.819913 0.373995 0.433440
vn -0.863573 0.273032 0.423904
vn -0.974489 0.164823 0.152330
vn -0.969672 0.180885 -0.164369
vn -0.979290 0.124711 -0.159494
vn -0.854911 0.197789 -0.479590
vn -0.647313 0.128958 -0.751236
vn -0.869217 0.132230 -0.476422
vn -0.642591 -0.242593 -0.726791
vn -0.528516 -0.206107 -0.823523
vn -0.856900 -0.249353 -0.451160
vn -0.583156 -0.454374 -0.673405
vn -0.481597 -0.410279 -0.774426
vn -0.418066 0.585790 -0.694313
vn -0.803678 -0.457256 -0.380812
vn -0.807796 0.443838 -0.387910
vn -0.524532 0.595312 -0.608662
vn -0.626998 0.142708 -0.765838
vn -0.502794 0.177124 -0.846065
vn -0.490140 -0.177886 -0.853299
vn -0.963625 -0.227079 -0.140932
vn -0.618303 -0.218570 -0.754936
vn -0.454095 -0.258415 -0.852654
vn -0.869047 0.083139 -0.487693
vn -0.591438 -0.287606 -0.753315
vn -0.452740 0.066403 -0.889166
vn -0.848813 -0.265586 -0.457143
vn -0.598624 0.077523 -0.797270
vn -0.297746 0.736087 -0.607884
vn -0.901089 -0.416407 -0.121010
vn -0.988795 0.055863 -0.138431
vn -0.837608 -0.310356 -0.449546
vn -0.390519 0.739746 -0.547969
vn -0.164942 0.920382 -0.354530
vn -0.201785 0.925376 -0.320876
vn -0.861172 0.055376 -0.505288
vn -0.556801 0.742403 -0.372572
vn -0.288616 0.927425 -0.237871
vn -0.964403 -0.245759 -0.097623
vn -0.930769 0.342764 -0.127211
vn -0.958853 -0.278797 -0.053605
vn -0.992497 0.021663 -0.120334
vn -0.657014 0.728571 -0.193693
vn -0.326267 0.923145 -0.203356
vn -0.968131 0.090756 0.233424
vn -0.908186 0.384773 0.164766
vn -0.947701 -0.163863 0.273883
vn -0.914549 -0.200720 0.351158
vn -0.961940 0.010263 0.273069
vn -0.689149 0.724343 -0.020019
vn -0.305943 0.929674 -0.205196
vn -0.892702 0.151876 0.424285
vn -0.881471 -0.099110 0.461722
vn -0.838033 -0.145026 0.525993
vn -0.882313 0.037464 0.469169
vn -0.679323 0.730005 0.074922
vn -0.296245 0.925532 -0.235859
vn -0.678878 0.733669 0.029228
vn -0.372863 0.850233 -0.371586
vn -0.807264 0.046637 0.588346
vn -0.756428 -0.092500 0.647504
vn -0.690893 0.722832 -0.013462
vn -0.417689 0.811578 -0.408505
vn -0.733858 0.068242 0.675866
vn -0.583377 0.776784 0.237228
vn -0.310616 0.908830 -0.278471
vn -0.672340 -0.071482 0.736783
vn -0.580765 0.145587 0.800948
vn -0.793628 -0.029859 0.607670
vn -0.364810 0.769284 0.524515
vn -0.140474 0.978635 -0.150138
vn -0.660673 0.009746 0.750610
vn -0.517652 -0.040056 0.854653
vn -0.376386 0.166530 0.911373
vn -0.352044 0.833252 0.426329
vn -0.107212 0.979500 -0.170545
vn -0.343956 0.013698 0.938886
vn -0.437474 0.164172 0.884118
vn -0.501814 0.768626 0.396733
vn -0.101898 0.979977 -0.171058
vn -0.428024 0.045332 0.902630
vn -0.293570 0.013019 0.955849
vn -0.646046 0.112328 0.754988
vn -0.303058 0.817908 0.489063
vn -0.062856 0.985360 -0.158474
vn 0.000000 0.987833 -0.155519
vn 0.000000 0.837474 0.546476
vn 0.000000 0.216286 0.976330
vn -0.405937 0.175527 0.896887
vn -0.263610 -0.537542 0.800973
vn -0.000000 -0.543242 0.839576
vn -0.464296 -0.490737 0.737297
vn -0.141279 -0.245307 0.959096
vn -0.000000 -0.363911 0.931434
vn 0.000000 0.060147 0.998190
vn -0.180002 -0.119890 0.976333
vn -0.203753 0.063757 0.976944
vn 0.000000 -0.021230 0.999775
vn -0.192374 -0.013298 0.981232
vn -0.182302 0.181532 0.966340
vn 0.000000 0.173221 0.984883
vn -0.443767 -0.010259 0.896083
vn -0.672472 -0.020835 0.739829
vn -0.183445 0.454998 0.871392
vn 0.000000 0.546984 0.837143
vn 0.000000 -0.350249 0.936657
vn -0.445989 0.209857 0.870088
vn -0.821871 -0.043552 0.568006
vn -0.412030 0.397708 0.819792
vn -0.665765 0.210957 0.715719
vn -0.813495 0.201253 0.545640
vn -0.832557 0.424578 0.355784
vn -0.736862 0.445100 0.508842
vn -0.611923 0.434083 0.661152
vn -0.420192 -0.310583 0.852629
vn -0.861097 -0.351351 0.367510
vn -0.640810 -0.322372 0.696734
vn -0.189416 -0.321318 0.927834
vn -0.190043 -0.058318 0.980042
vn 0.000000 -0.041120 0.999154
vn -0.448447 -0.099134 0.888295
vn -0.199090 0.023876 0.979690
vn 0.000000 0.025185 0.999683
vn 0.000000 -0.004552 0.999990
vn -0.678028 -0.122579 0.724743
vn -0.445029 0.031233 0.894971
vn -0.201913 -0.005811 0.979386
vn 0.000000 0.078592 0.996907
vn -0.437541 0.007700 0.899165
vn -0.197816 0.071897 0.977599
vn -0.663502 0.052568 0.746325
vn -0.199480 0.188497 0.961601
vn 0.000639 0.198624 0.980076
vn -0.241848 -0.408390 0.880186
vn 0.000713 -0.372276 0.928122
vn -0.217217 -0.182672 0.958878
vn -0.000736 -0.230272 0.973126
vn -0.442028 -0.402968 0.801391
vn -0.396529 0.195698 0.896921
vn -0.413492 0.079579 0.907023
vn -0.163176 0.122864 0.978917
vn 0.001388 0.102019 0.994781
vn -0.000271 0.267079 0.963675
vn -0.650236 0.042550 0.758540
vn -0.608476 0.120076 0.784436
vn -0.568830 0.237335 0.787467
vn -0.801975 0.086079 0.591123
vn -0.619371 -0.362637 0.696329
vn -0.699394 0.300666 0.648420
vn -0.789504 0.092594 0.606720
vn -0.813965 -0.137542 0.564396
vn -0.772092 -0.333589 0.540918
vn -0.913395 -0.153391 0.377068
vn -0.744325 0.195000 0.638714
vn -0.913623 0.112652 0.390644
vn -0.905573 0.138202 0.401045
vn -0.980842 0.121357 0.152388
vn -0.969469 -0.184481 0.161546
vn -0.909722 -0.379659 0.168119
vn -0.600290 0.024152 0.799417
vn -0.400617 -0.083377 0.912444
vn -0.531545 0.270603 0.802642
vn -0.340626 0.202818 0.918063
vn -0.442473 0.472400 0.762270
vn -0.102398 0.262717 0.959424
vn -0.044914 0.418583 0.907067
vn -0.000034 0.406095 0.913831
vn -0.000045 0.143295 0.989680
vn -0.357928 0.319587 0.877355
vn -0.276964 0.399862 0.873729
vn -0.257336 0.311617 0.914698
vn -0.612631 -0.151911 0.775633
vn -0.280535 0.187322 0.941387
vn -0.546554 -0.258608 0.796493
vn -0.414975 -0.361256 0.835039
vn -0.061824 0.463137 0.884128
vn -0.038738 0.457382 0.888426
vn -0.272913 0.002207 0.962036
vn -0.127500 0.119896 0.984565
vn -0.162176 -0.398413 0.902754
vn 0.000284 -0.398483 0.917176
vn 0.847433 -0.033025 -0.529874
vn 0.719912 -0.032102 -0.693322
vn 0.517789 0.639566 -0.568199
vn 0.727236 0.510319 -0.459024
vn 0.976495 -0.065994 -0.205190
vn 0.514780 0.670228 -0.534599
vn 0.872653 0.465306 -0.148213
vn 0.972039 -0.130984 0.194891
vn 0.595345 0.697957 -0.398021
vn 0.666550 0.413576 -0.620214
vn 0.883714 0.405850 0.233097
vn 0.879635 -0.170223 0.444147
vn 0.692064 0.712608 -0.115053
vn 0.803635 0.347042 0.483459
vn 0.746566 -0.191012 0.637302
vn 0.725864 0.652559 0.217457
vn 0.686272 0.299416 0.662858
vn 0.605120 -0.201834 0.770126
vn 0.681168 0.573678 0.454866
vn 0.534217 0.256467 0.805504
vn 0.544679 -0.188530 0.817179
vn 0.591192 0.519217 0.617176
vn 0.864386 0.471967 -0.173449
vn 0.877974 0.440086 0.188378
vn 0.812626 0.365503 0.453923
vn 0.703300 0.307717 0.640843
vn 0.759611 0.444102 -0.475147
vn 0.835495 0.107942 -0.538791
vn 0.724570 0.144185 -0.673950
vn 0.790422 -0.366823 -0.490584
vn 0.665936 -0.398008 -0.630966
vn 0.687134 0.456117 -0.565512
vn 0.963980 0.133877 -0.229823
vn 0.983119 0.120301 0.137859
vn 0.903988 0.073195 0.421246
vn 0.778396 0.056205 0.625252
vn 0.914863 -0.340438 -0.217089
vn 0.797275 0.425592 -0.428047
vn 0.894454 0.421950 -0.148022
vn 0.822695 0.358371 -0.441298
vn 0.668951 0.339513 -0.661237
vn 0.927544 0.344231 -0.145491
vn 0.644586 0.200682 -0.737723
vn 0.529301 0.181069 -0.828888
vn 0.535551 0.123099 -0.835483
vn 0.878026 -0.340108 0.336745
vn 0.939924 -0.330888 0.083998
vn 0.892720 0.420126 0.162925
vn 0.763013 -0.333527 0.553689
vn 0.932536 0.322876 0.161641
vn 0.819913 0.373994 0.433441
vn 0.863573 0.273032 0.423904
vn 0.974737 0.162295 0.153454
vn 0.969754 0.178911 -0.166036
vn 0.854772 0.197370 -0.480010
vn 0.619370 -0.362637 0.696330
vn 0.699394 0.300666 0.648420
vn 0.744325 0.195000 0.638714
vn 0.905145 0.137198 0.402355
vn 0.980620 0.121240 0.153900
vn 0.979023 0.124700 -0.161132
vn 0.868796 0.132111 -0.477222
vn 0.647341 0.128951 -0.751213
vn 0.857174 -0.247031 -0.451916
vn 0.642605 -0.242598 -0.726778
vn 0.528508 -0.206243 -0.823494
vn 0.583154 -0.454375 -0.673405
vn 0.481598 -0.410280 -0.774425
vn 0.418066 0.585791 -0.694312
vn 0.803573 -0.457314 -0.380965
vn 0.807608 0.444140 -0.387956
vn 0.965056 -0.219288 -0.143458
vn 0.524531 0.595313 -0.608662
vn 0.626999 0.142709 -0.765837
vn 0.502795 0.177125 -0.846064
vn 0.490141 -0.177886 -0.853299
vn 0.618293 -0.218588 -0.754939
vn 0.454095 -0.258413 -0.852655
vn 0.970987 -0.174999 0.162969
vn 0.901105 -0.416416 -0.120860
vn 0.869047 0.083173 -0.487687
vn 0.591423 -0.287603 -0.753328
vn 0.451815 0.069977 -0.889363
vn 0.848795 -0.265638 -0.457148
vn 0.988791 0.055931 -0.138434
vn 0.598103 0.079871 -0.797429
vn 0.295965 0.737230 -0.607369
vn 0.837633 -0.310355 -0.449499
vn 0.389769 0.740080 -0.548052
vn 0.164611 0.919896 -0.355940
vn 0.201629 0.925144 -0.321643
vn 0.861138 0.055470 -0.505336
vn 0.556792 0.742409 -0.372575
vn 0.288621 0.927424 -0.237873
vn 0.964398 -0.245789 -0.097595
vn 0.930568 0.343289 -0.127263
vn 0.958860 -0.278779 -0.053560
vn 0.657024 0.728563 -0.193689
vn 0.326277 0.923141 -0.203357
vn 0.992497 0.021712 -0.120327
vn 0.968128 0.090786 0.233421
vn 0.908000 0.385160 0.164884
vn 0.689143 0.724349 -0.020017
vn 0.305949 0.929672 -0.205195
vn 0.947701 -0.163862 0.273884
vn 0.914549 -0.200720 0.351158
vn 0.961936 0.010235 0.273083
vn 0.679323 0.730004 0.074924
vn 0.296246 0.925531 -0.235860
vn 0.892702 0.151876 0.424285
vn 0.881471 -0.099110 0.461721
vn 0.838033 -0.145026 0.525993
vn 0.882314 0.037463 0.469169
vn 0.686171 0.724501 0.065319
vn 0.324770 0.875832 -0.356992
vn 0.807263 0.046642 0.588346
vn 0.756427 -0.092500 0.647505
vn 0.724675 0.684249 0.081539
vn 0.369335 0.802817 -0.468057
vn 0.733709 0.071970 0.675641
vn 0.585864 0.747374 0.313362
vn 0.253015 0.919122 -0.301989
vn 0.672328 -0.070955 0.736845
vn 0.582504 0.152504 0.798393
vn 0.793628 -0.029858 0.607670
vn 0.365490 0.763654 0.532212
vn 0.126333 0.976562 -0.174261
vn 0.660673 0.009746 0.750611
vn 0.518059 -0.038835 0.854463
vn 0.378204 0.170569 0.909872
vn 0.351712 0.832759 0.427564
vn 0.102889 0.978909 -0.176494
vn 0.344423 0.014551 0.938702
vn 0.437955 0.165126 0.883702
vn 0.501814 0.768626 0.396733
vn 0.101898 0.979978 -0.171057
vn 0.428024 0.045332 0.902630
vn 0.293731 0.013271 0.955796
vn 0.646046 0.112328 0.754988
vn 0.303058 0.817908 0.489062
vn 0.062856 0.985360 -0.158474
vn 0.000000 0.987833 -0.155519
vn 0.000000 0.837474 0.546476
vn 0.000000 0.216286 0.976330
vn 0.405937 0.175527 0.896886
vn 0.263610 -0.537542 0.800974
vn -0.000000 -0.543242 0.839576
vn 0.464296 -0.490737 0.737297
vn 0.141279 -0.245307 0.959096
vn -0.000000 -0.363911 0.931434
vn 0.000000 0.060147 0.998190
vn 0.180002 -0.119890 0.976333
vn 0.203753 0.063757 0.976944
vn 0.000000 -0.021230 0.999775
vn 0.192374 -0.013298 0.981232
vn 0.182302 0.181533 0.966339
vn 0.000000 0.173221 0.984883
vn 0.443768 -0.010259 0.896083
vn 0.672472 -0.020835 0.739829
vn 0.183445 0.454998 0.871392
vn 0.000000 0.546984 0.837143
vn 0.000000 -0.350249 0.936657
vn 0.445989 0.209857 0.870088
vn 0.821872 -0.043552 0.568006
vn 0.412030 0.397708 0.819793
vn 0.665765 0.210956 0.715720
vn 0.813495 0.201253 0.545640
vn 0.832557 0.424577 0.355784
vn 0.736863 0.445100 0.508840
vn 0.611923 0.434083 0.661152
vn 0.420192 -0.310583 0.852629
vn 0.861097 -0.351352 0.367510
vn 0.640810 -0.322372 0.696734
vn 0.189416 -0.321318 0.927834
vn 0.190043 -0.058318 0.980042
vn 0.000000 -0.041120 0.999154
vn 0.448447 -0.099133 0.888295
vn 0.199103 0.023872 0.979688
vn 0.000000 0.025185 0.999683
vn 0.678028 -0.122579 0.724743
vn 0.445019 0.031233 0.894976
vn 0.772091 -0.333589 0.540919
vn 0.201927 -0.005810 0.979383
vn 0.000000 -0.004552 0.999990
vn 0.000000 0.078592 0.996907
vn 0.813965 -0.137542 0.564396
vn 0.437558 0.007700 0.899157
vn 0.197823 0.071904 0.977597
vn 0.913304 -0.149571 0.378820
vn 0.801975 0.086079 0.591123
vn 0.663513 0.052575 0.746315
vn 0.650249 0.042554 0.758528
vn 0.789504 0.092594 0.606720
vn 0.608489 0.120072 0.784426
vn 0.198712 0.186805 0.962090
vn 0.000639 0.198624 0.980076
vn 0.413466 0.079576 0.907036
vn 0.396480 0.195176 0.897056
vn 0.242993 -0.408594 0.879776
vn 0.000713 -0.372276 0.928122
vn 0.442271 -0.402342 0.801572
vn 0.218356 -0.181328 0.958875
vn -0.000736 -0.230272 0.973126
vn 0.568831 0.237335 0.787467
vn 0.912822 0.112498 0.392557
vn 0.909660 -0.379706 0.168354
vn 0.162504 -0.398257 0.902765
vn -0.000045 0.143295 0.989680
vn 0.000284 -0.398483 0.917176
vn 0.127594 0.120052 0.984534
vn 0.044959 0.418613 0.907051
vn -0.000034 0.406095 0.913831
vn 0.414988 -0.361227 0.835045
vn -0.000271 0.267079 0.963675
vn 0.272899 0.002253 0.962040
vn 0.280539 0.187320 0.941387
vn 0.546553 -0.258595 0.796497
vn 0.612631 -0.151905 0.775634
vn 0.257338 0.311616 0.914698
vn 0.357928 0.319587 0.877355
vn 0.442474 0.472399 0.762270
vn 0.276964 0.399862 0.873729
vn 0.061822 0.463139 0.884127
vn 0.038737 0.457382 0.888426
vn 0.102973 0.262602 0.959394
vn 0.531545 0.270603 0.802642
vn 0.340593 0.203053 0.918023
vn 0.164181 0.123469 0.978673
vn 0.001388 0.102019 0.994781
vn 0.400879 -0.082917 0.912371
vn 0.600290 0.024152 0.799418
vn -0.405115 -0.864275 -0.298177
vn -0.613523 0.022510 -0.789356
vn -0.618999 -0.080919 -0.781212
vn -0.798150 -0.010078 -0.602374
vn -0.321198 -0.939524 -0.118854
vn -0.772673 0.097422 -0.627284
vn -0.461091 0.144982 -0.875429
vn -0.937097 -0.037332 -0.347068
vn -0.279331 -0.956394 -0.085353
vn -0.936358 0.060073 -0.345868
vn -0.966379 -0.013146 -0.256785
vn -0.235483 -0.967897 -0.087876
vn -0.979069 0.135860 -0.151547
vn -0.958848 0.062991 -0.276845
vn -0.192791 -0.979171 -0.063689
vn -0.920304 0.387563 -0.053256
vn -0.851697 0.523945 0.009681
vn -0.959461 0.161435 -0.231028
vn -0.167688 -0.985285 -0.033083
vn -0.962750 0.231877 -0.139086
vn -0.155957 -0.987694 -0.011728
vn -0.751068 0.597209 0.281492
vn -0.991758 0.125235 -0.027050
vn -0.936928 0.085188 -0.338981
vn -0.761798 0.092282 -0.641208
vn -0.383488 0.137475 -0.913257
vn 0.191764 0.150716 -0.969799
vn 0.209157 0.150347 -0.966255
vn 0.774449 0.094576 -0.625527
vn 0.831279 0.059738 -0.552636
vn 0.979461 -0.007718 -0.201486
vn 0.978400 0.040798 -0.202655
vn 0.944393 -0.045128 -0.325708
vn 0.986071 -0.022921 0.164739
vn 0.983455 0.051801 0.173591
vn 0.982732 -0.120170 0.140699
vn 0.987076 -0.084287 -0.136294
vn 0.955312 -0.071564 -0.286807
vn 0.461215 -0.885750 -0.052219
vn 0.292015 -0.955509 0.041600
vn -0.405115 -0.864275 -0.298177
vn 0.461215 -0.885750 -0.052219
vn 0.292015 -0.955509 0.041600
vn -0.321198 -0.939524 -0.118854
vn -0.279331 -0.956394 -0.085353
vn 0.262546 -0.963839 0.045657
vn 0.223667 -0.974626 0.008790
vn -0.235483 -0.967897 -0.087876
vn -0.192791 -0.979171 -0.063689
vn 0.211212 -0.977435 -0.003327
vn 0.183137 -0.983020 0.011535
vn -0.167688 -0.985285 -0.033083
vn -0.155957 -0.987694 -0.011728
vn 0.167461 -0.985288 0.034136
vn -0.161666 -0.986805 0.008941
vn 0.162968 -0.984372 0.066733
vn -0.200158 -0.978700 0.045634
vn 0.181558 -0.975767 0.122129
vn -0.271041 -0.953265 0.133498
vn 0.211041 -0.941049 0.264363
vn -0.147367 -0.807095 0.571735
vn 0.236257 -0.105507 0.965946
vn -0.693318 -0.075028 0.716715
vn 0.914075 0.178631 0.364086
vn 0.986071 -0.022921 0.164739
vn 0.983455 0.051801 0.173591
vn 0.949401 0.066416 0.306964
vn 0.982732 -0.120170 0.140699
vn 0.916934 0.221087 0.332194
vn 0.620354 0.548514 0.560618
vn 0.974507 -0.096284 0.202645
vn 0.292015 -0.955509 0.041600
vn 0.262546 -0.963839 0.045657
vn 0.992497 -0.017807 0.120967
vn 0.223667 -0.974626 0.008790
vn 0.416776 0.758271 0.501322
vn -0.214953 0.772830 0.597100
vn 0.991410 0.115542 0.061294
vn 0.211212 -0.977435 -0.003327
vn 0.875160 0.407096 0.261474
vn 0.977133 0.189628 0.096193
vn 0.183137 -0.983020 0.011535
vn 0.951462 0.227518 0.207255
vn 0.167461 -0.985288 0.034136
vn 0.895079 0.252103 0.367802
vn 0.162968 -0.984372 0.066733
vn 0.797857 0.289076 0.529017
vn 0.181558 -0.975767 0.122129
vn 0.677459 0.651969 0.340568
vn 0.745610 0.620227 0.243690
vn 0.816980 0.542966 0.194244
vn 0.358804 0.880128 0.310862
vn 0.277832 0.922198 0.268999
vn 0.256808 0.930910 0.259721
vn 0.598655 0.296697 0.744032
vn 0.211041 -0.941049 0.264363
vn 0.236257 -0.105507 0.965946
vn 0.615109 0.657157 0.435643
vn 0.493964 0.594277 0.634692
vn 0.200018 0.329656 0.922670
vn -0.147367 -0.807095 0.571735
vn 0.218880 0.936332 0.274545
vn -0.119384 0.973021 0.197429
vn 0.101331 0.633352 0.767201
vn -0.246647 0.359096 0.900120
vn -0.693318 -0.075028 0.716715
vn 0.096865 0.876636 0.471304
vn -0.207539 0.699096 0.684246
vn -0.637698 0.356878 0.682627
vn -0.271041 -0.953265 0.133498
vn -0.121750 0.974296 0.189536
vn -0.167110 0.893050 0.417774
vn -0.496270 0.656797 0.567744
vn -0.847286 0.352779 0.397057
vn -0.367678 0.878795 0.304191
vn -0.404846 0.904374 0.134936
vn -0.684335 0.659925 0.310135
vn -0.917693 0.354060 0.180223
vn -0.200158 -0.978700 0.045634
vn -0.689449 0.709410 0.146277
vn -0.943148 0.329004 0.047204
vn -0.161666 -0.986805 0.008941
vn -0.428806 0.893512 0.133273
vn -0.687557 0.721434 0.082446
vn -0.954233 0.294467 -0.052235
vn -0.729349 0.682970 0.040016
vn -0.121104 0.962205 0.243918
vn -0.792779 0.609270 0.017079
vn -0.472610 0.867090 0.157467
vn -0.116572 0.942452 0.313361
vn -0.533073 0.826144 0.182538
vn -0.176162 0.850012 0.496434
vn -0.633459 0.726546 0.266198
vn 0.370936 0.430016 0.823099
vn 0.682774 0.444818 0.579618
vn 0.559147 0.595205 0.577136
vn 0.395865 0.711909 0.580066
vn 0.458340 0.341248 0.820655
vn 0.513003 0.234270 0.825800
vn 0.760215 0.271086 0.590412
vn 0.785859 0.086878 0.612272
vn 0.260386 0.497662 0.827364
vn 0.133853 0.537623 0.832493
vn 0.205418 0.785797 0.583375
vn 0.000000 0.552072 0.833797
vn -0.000000 0.810849 0.585255
vn -0.133853 0.537623 0.832493
vn -0.205418 0.785797 0.583375
vn -0.395866 0.711910 0.580064
vn 0.277703 0.372518 0.885501
vn 0.193806 0.423408 0.884966
vn 0.099822 0.455367 0.884690
vn 0.000000 0.464857 0.885386
vn -0.099821 0.455364 0.884692
vn 0.342627 0.302615 0.889399
vn -0.260385 0.497663 0.827364
vn -0.193803 0.423405 0.884968
vn -0.370932 0.430015 0.823102
vn -0.559146 0.595207 0.577136
vn -0.682773 0.444817 0.579619
vn -0.277700 0.372516 0.885502
vn -0.187387 0.771822 0.607600
vn -0.360918 0.700299 0.615889
vn 0.000000 0.796274 0.604936
vn -0.508573 0.587800 0.629162
vn -0.000000 0.105424 0.994427
vn 0.187388 0.771825 0.607596
vn -0.620226 0.443052 0.647321
vn 0.360919 0.700299 0.615889
vn -0.689574 0.276525 0.669344
vn -0.342629 0.302615 0.889398
vn 0.508570 0.587797 0.629167
vn -0.458339 0.341248 0.820656
vn -0.385427 0.219553 0.896238
vn -0.513003 0.234270 0.825800
vn -0.760216 0.271086 0.590410
vn -0.785861 0.086878 0.612270
vn 0.620222 0.443051 0.647325
vn -0.712554 0.099331 0.694550
vn -0.399107 0.129191 0.907757
vn -0.533004 0.119409 0.837645
vn 0.385428 0.219552 0.896238
vn -0.688369 -0.077485 0.721210
vn -0.517017 0.007258 0.855944
vn -0.757877 -0.092477 0.645810
vn -0.681444 -0.253267 0.686651
vn -0.385059 0.039340 0.922053
vn 0.689574 0.276525 0.669344
vn -0.618073 -0.242733 0.747707
vn 0.712555 0.099333 0.694549
vn -0.516784 -0.374168 0.770021
vn -0.328795 -0.039739 0.943565
vn -0.456667 -0.082474 0.885806
vn 0.399102 0.129193 0.907759
vn -0.278097 -0.112923 0.953892
vn -0.369588 -0.177656 0.912054
vn -0.562926 -0.399986 0.723274
vn -0.339049 -0.527783 0.778775
vn -0.285938 -0.526310 0.800773
vn -0.136900 -0.124326 0.982752
vn -0.208661 -0.202934 0.956702
vn 0.000004 -0.582399 0.812903
vn 0.000140 -0.156874 0.987619
vn -0.216777 -0.566121 0.795308
vn 0.087119 -0.588103 0.804081
vn 0.000001 -0.139680 0.990197
vn 0.178661 -0.151607 0.972160
vn 0.183835 -0.573221 0.798513
vn 0.423399 -0.509230 0.749278
vn 0.285938 -0.526313 0.800771
vn 0.136903 -0.124335 0.982751
vn 0.369591 -0.177657 0.912053
vn 0.562927 -0.399986 0.723274
vn 0.681445 -0.253267 0.686650
vn 0.516781 -0.374173 0.770020
vn 0.278090 -0.112921 0.953894
vn 0.618079 -0.242730 0.747704
vn 0.328802 -0.039739 0.943562
vn 0.688365 -0.077483 0.721214
vn 0.385055 0.039340 0.922055
vn 0.456669 -0.082474 0.885805
vn 0.517017 0.007258 0.855945
vn 0.757877 -0.092478 0.645810
vn 0.533002 0.119409 0.837645
vn 0.706028 0.097405 0.701453
vn 0.558144 0.097199 0.824031
vn 0.810408 -0.060063 0.582779
vn 0.647807 -0.492038 0.581588
vn 0.516514 -0.361393 0.776279
vn 0.292537 -0.541415 0.788221
vn -0.670617 -0.559027 -0.487608
vn 0.301929 -0.472568 0.827961
vn 0.750842 0.153853 0.642313
vn -0.670617 -0.559027 -0.487608
vn 0.417278 -0.393368 0.819232
vn 0.301929 -0.472568 0.827961
vn -0.791626 -0.187927 -0.581388
vn -0.977951 0.064217 0.198715
vn -0.967217 0.126064 0.220452
vn -0.809458 -0.290194 -0.510456
vn 0.791627 -0.187927 -0.581387
vn -0.969057 0.145462 0.199422
vn 0.809458 -0.290194 -0.510456
vn 0.977952 0.064217 0.198712
vn -0.806370 -0.350336 -0.476478
vn 0.967217 0.126064 0.220451
vn 0.000000 0.307531 0.951538
vn -0.805391 -0.450096 -0.385693
vn -0.972372 0.177730 0.151345
vn -0.949386 0.275777 0.150378
vn 0.806370 -0.350336 -0.476478
vn 0.000000 0.492830 0.870125
vn -0.977951 0.064217 0.198715
vn -0.967217 0.126064 0.220452
vn -0.843456 -0.456045 -0.283909
vn -0.917890 0.335805 -0.211456
vn 0.805391 -0.450096 -0.385693
vn 0.969057 0.145462 0.199423
vn 0.000000 0.593874 0.804558
vn -0.969057 0.145462 0.199422
vn -0.972372 0.177730 0.151345
vn -0.838005 -0.455567 0.300345
vn -0.899461 0.352783 -0.257904
vn 0.843456 -0.456046 -0.283909
vn 0.000000 0.757491 0.652846
vn 0.972372 0.177730 0.151346
vn 0.000000 0.869474 0.493978
vn -0.949386 0.275777 0.150378
vn 0.949386 0.275777 0.150377
vn 0.000000 0.844637 -0.535339
vn -0.917890 0.335805 -0.211456
vn 0.838005 -0.455567 0.300345
vn 0.917890 0.335805 -0.211456
vn 0.000000 0.807687 -0.589611
vn -0.899461 0.352783 -0.257904
vn 0.899460 0.352783 -0.257905
vn 0.000000 -0.567849 -0.823133
vn -0.942809 -0.186375 -0.276360
vn 0.943056 -0.185933 -0.275815
vn 0.657770 -0.394123 0.641877
vn 0.984757 -0.142017 0.100428
vn 0.000000 -0.581123 -0.813816
vn -0.986951 -0.093965 -0.130762
vn 0.000001 -0.397013 -0.917813
vn -0.988610 -0.060085 -0.137988
vn 0.988779 -0.059814 -0.136891
vn 0.986855 -0.094404 -0.131166
vn 0.762227 0.254377 0.595234
vn 0.773103 0.364472 0.519107
vn -0.762532 0.254408 0.594829
vn -0.777076 0.360247 0.516115
vn -0.988610 -0.060085 -0.137988
vn -0.986951 -0.093965 -0.130762
vn -0.658684 -0.393712 0.641191
vn -0.942809 -0.186375 -0.276360
vn -0.984757 -0.142017 0.100428
vn -0.790555 -0.153458 -0.592851
vn -0.977033 0.078807 0.197979
vn -0.962720 0.168886 0.211299
vn -0.818967 -0.230064 -0.525703
vn 0.791396 -0.185594 -0.582450
vn -0.962239 0.204763 0.179354
vn 0.798372 -0.317904 -0.511409
vn 0.978732 0.036495 0.201869
vn -0.825012 -0.280280 -0.490712
vn 0.966588 0.075078 0.245093
vn 0.009319 0.276958 0.960837
vn -0.830643 -0.363816 -0.421510
vn -0.958032 0.269044 0.098945
vn -0.922791 0.376853 0.080238
vn 0.785799 -0.395574 -0.475437
vn 0.000359 0.465916 0.884829
vn -0.977033 0.078807 0.197979
vn -0.962720 0.168886 0.211299
vn -0.872581 -0.355416 -0.335086
vn -0.858629 0.436575 -0.268623
vn 0.768327 -0.533936 -0.352966
vn 0.968254 0.083598 0.235577
vn 0.002858 0.576347 0.817200
vn -0.962239 0.204763 0.179354
vn -0.958032 0.269044 0.098945
vn -0.904808 -0.358808 0.229304
vn -0.826582 0.462771 -0.320319
vn 0.793259 -0.561827 -0.234714
vn 0.974212 0.090203 0.206820
vn 0.050395 0.753788 0.655182
vn 0.960544 0.172597 0.218096
vn 0.079797 0.866004 0.493629
vn -0.922791 0.376853 0.080238
vn 0.748821 -0.558933 0.356175
vn -0.778610 -0.201831 0.594164
vn -0.998358 -0.044388 0.036208
vn -0.951749 -0.012541 -0.306622
vn -0.985414 0.086836 -0.146355
vn -0.710396 0.501267 0.494032
vn 0.763544 0.275230 0.584165
vn 0.615519 -0.385771 0.687253
vn 0.966297 -0.246973 -0.072626
vn 0.190981 0.836864 -0.513015
vn -0.858629 0.436575 -0.268623
vn 0.916677 -0.327233 -0.229394
vn -0.110515 -0.576410 -0.809653
vn 0.960395 0.239104 -0.143077
vn 0.207118 0.797234 -0.567027
vn -0.826582 0.462771 -0.320319
vn 0.957317 -0.240919 0.159696
vn 0.947662 0.255924 -0.190889
vn -0.101382 -0.532973 -0.840036
vn -0.951749 -0.012541 -0.306622
vn -0.985414 0.086836 -0.146355
vn -0.922100 -0.320092 -0.217421
vn 0.084372 -0.581352 -0.809266
vn -0.969460 -0.237920 -0.059507
vn 0.080130 -0.537079 -0.839717
vn -0.952207 0.244600 -0.182956
vn 0.948719 -0.016855 -0.315672
vn 0.984038 0.076048 -0.160894
vn -0.226646 0.793578 -0.564681
vn -0.964473 0.226789 -0.135490
vn 0.946513 -0.101737 0.306208
vn 0.720221 0.496583 0.484444
vn -0.596317 -0.385517 0.704119
vn -0.757353 0.280727 0.589584
vn -0.969460 -0.237920 -0.059507
vn -0.922100 -0.320092 -0.217421
vn 0.869126 0.406092 -0.282330
vn -0.212069 0.833197 -0.510695
vn -0.964261 0.159946 0.211228
vn 0.896016 0.378085 -0.232824
vn -0.101851 0.862933 0.494948
vn -0.977198 0.078644 0.197231
vn 0.908567 -0.352637 0.223949
vn -0.952662 -0.253270 0.168193
vn -0.952207 0.244600 -0.182956
vn -0.734759 -0.572112 0.364442
vn -0.964473 0.226789 -0.135490
vn 0.917188 0.388686 0.087689
vn -0.074298 0.751030 0.656075
vn -0.780636 -0.575214 -0.244408
vn -0.964261 0.159946 0.211228
vn 0.881442 -0.340454 -0.327338
vn -0.755626 -0.544702 -0.363771
vn -0.977198 0.078644 0.197231
vn -0.971906 0.074652 0.223219
vn 0.953822 0.279944 0.108883
vn 0.840602 -0.351295 -0.412286
vn -0.026218 0.574768 0.817896
vn -0.971906 0.074652 0.223219
vn -0.970376 0.067894 0.231866
vn 0.958137 0.212993 0.191333
vn -0.023580 0.464751 0.885127
vn -0.981753 0.032257 0.187405
vn -0.034135 0.276299 0.960465
vn 0.958585 0.175471 0.224330
vn 0.973599 0.082961 0.212656
vn -0.773633 -0.403693 -0.488390
vn 0.835420 -0.270741 -0.478303
vn 0.829787 -0.222114 -0.511975
vn 0.801912 -0.149079 -0.578544
vn -0.786424 -0.324706 -0.525455
vn -0.970376 0.067894 0.231866
vn -0.779722 -0.189463 -0.596773
vn -0.981753 0.032257 0.187405
vn 0.000000 -0.319100 -0.947721
vn 0.078641 -0.991629 -0.102408
vn 0.000000 -0.994273 -0.106865
vn 0.241249 -0.314110 -0.918223
vn 0.234439 0.051143 -0.970784
vn 0.000000 0.035273 -0.999378
vn 0.405225 -0.299800 -0.863662
vn 0.124002 -0.988121 -0.090779
vn 0.046389 0.919788 -0.389665
vn 0.000000 0.919097 -0.394031
vn 0.089163 0.921460 -0.378103
vn 0.397370 0.062934 -0.915498
vn 0.130119 0.924086 -0.359354
vn 0.546271 0.074842 -0.834258
vn 0.180836 0.928625 -0.323965
vn 0.554636 -0.281623 -0.782987
vn 0.166019 -0.983468 -0.072304
vn 0.723613 -0.249357 -0.643588
vn 0.216763 -0.975427 -0.039455
vn 0.715172 0.090171 -0.693108
vn 0.243921 0.934029 -0.260944
vn 0.879653 0.113178 -0.461954
vn 0.287435 0.937904 -0.194211
vn 0.887020 -0.201129 -0.415624
vn 0.277782 -0.960540 0.014158
vn 0.970892 -0.151303 -0.185676
vn 0.323471 -0.943689 0.069404
vn 0.963359 0.141133 -0.228083
vn 0.304590 0.940510 -0.150554
vn 0.984916 0.159760 -0.066460
vn 0.313741 0.943341 -0.108051
vn 0.991700 -0.126172 -0.024752
vn 0.345683 -0.931924 0.109637
vn 0.984566 -0.119081 0.128257
vn 0.345016 -0.923761 0.166221
vn 0.983492 0.159760 0.084971
vn 0.308675 0.948932 -0.065178
vn 0.955764 0.182392 0.230757
vn 0.267944 0.962922 -0.031416
vn 0.956908 -0.092294 0.275335
vn 0.326471 -0.918805 0.221840
vn 0.911524 -0.032424 0.409967
vn 0.294901 -0.920517 0.256286
vn 0.896691 0.261679 0.357028
vn 0.197701 0.980152 0.014690
vn 0.781123 0.345619 0.519995
vn 0.138781 0.989126 0.048677
vn 0.807536 0.030503 0.589030
vn 0.246486 -0.918364 0.309600
vn 0.658893 0.081749 0.747782
vn 0.194877 -0.912821 0.358861
vn 0.626991 0.413962 0.659937
vn 0.088151 0.993783 0.068005
vn 0.451627 0.451309 0.769645
vn 0.038658 0.995661 0.084649
vn 0.480678 0.108566 0.870150
vn 0.269320 0.091922 0.958654
vn 0.146749 -0.911586 0.384026
vn 0.096891 -0.915389 0.390737
vn 0.000000 -0.918543 0.395322
vn 0.000000 0.081224 0.996696
vn 0.000000 0.429601 0.903019
vn 0.249504 0.447332 0.858861
vn 0.000000 0.995820 0.091341
vn 0.000000 -0.319100 -0.947721
vn 0.000000 -0.994273 -0.106865
vn -0.078641 -0.991629 -0.102406
vn -0.241249 -0.314110 -0.918223
vn -0.234439 0.051142 -0.970785
vn 0.000000 0.035273 -0.999378
vn -0.405226 -0.299800 -0.863662
vn -0.124002 -0.988121 -0.090780
vn -0.046388 0.919786 -0.389670
vn 0.000000 0.919097 -0.394031
vn -0.089163 0.921462 -0.378098
vn -0.397371 0.062935 -0.915497
vn -0.130119 0.924090 -0.359342
vn -0.546272 0.074844 -0.834257
vn -0.180837 0.928628 -0.323957
vn -0.554636 -0.281623 -0.782987
vn -0.166019 -0.983468 -0.072310
vn -0.723613 -0.249357 -0.643588
vn -0.216763 -0.975427 -0.039454
vn -0.715173 0.090172 -0.693107
vn -0.243921 0.934031 -0.260939
vn -0.879653 0.113178 -0.461953
vn -0.287435 0.937904 -0.194211
vn -0.887020 -0.201129 -0.415623
vn -0.277782 -0.960540 0.014165
vn -0.970892 -0.151303 -0.185675
vn -0.323471 -0.943689 0.069410
vn -0.963359 0.141133 -0.228083
vn -0.304590 0.940510 -0.150554
vn -0.984916 0.159760 -0.066460
vn -0.313741 0.943341 -0.108051
vn -0.991700 -0.126172 -0.024751
vn -0.345683 -0.931924 0.109639
vn -0.984566 -0.119081 0.128257
vn -0.345016 -0.923762 0.166218
vn -0.983492 0.159760 0.084971
vn -0.308675 0.948932 -0.065176
vn -0.955764 0.182392 0.230756
vn -0.267944 0.962922 -0.031415
vn -0.956908 -0.092295 0.275334
vn -0.326472 -0.918806 0.221837
vn -0.911524 -0.032425 0.409967
vn -0.294901 -0.920517 0.256286
vn -0.896691 0.261679 0.357028
vn -0.197702 0.980152 0.014684
vn -0.781123 0.345619 0.519994
vn -0.138781 0.989126 0.048674
vn -0.807535 0.030502 0.589030
vn -0.246485 -0.918362 0.309605
vn -0.658894 0.081747 0.747781
vn -0.194877 -0.912823 0.358856
vn -0.626992 0.413963 0.659936
vn -0.088151 0.993783 0.068002
vn -0.451627 0.451309 0.769645
vn -0.038658 0.995661 0.084644
vn -0.480679 0.108565 0.870151
vn -0.269319 0.091922 0.958654
vn -0.146750 -0.911591 0.384013
vn -0.096891 -0.915388 0.390739
vn 0.000000 -0.918543 0.395322
vn 0.000000 0.081224 0.996696
vn 0.000000 0.429601 0.903019
vn -0.249504 0.447332 0.858861
vn 0.000000 0.995820 0.091341
vn 0.040622 -0.926420 -0.374293
vn -0.234669 -0.861741 0.449814
vn -0.392971 -0.910400 -0.129403
vn 0.328785 -0.893834 0.304895
vn 0.376360 -0.461977 0.803076
vn -0.068400 -0.514447 0.854790
vn 0.401003 -0.383504 0.831938
vn 0.388630 -0.856541 0.339564
vn 0.113361 -0.925896 -0.360370
vn 0.114765 -0.281651 0.952629
vn 0.150579 -0.850167 0.504521
vn 0.082615 -0.954101 -0.287864
vn -0.777905 0.499313 -0.381511
vn -0.384692 -0.922956 0.012828
vn -0.431212 -0.398986 -0.809238
vn -0.752027 -0.628177 -0.199623
vn -0.456867 0.555627 -0.694660
vn -0.475512 -0.857240 -0.197556
vn -0.526378 -0.272254 -0.805484
vn -0.074957 0.662548 -0.745259
vn -0.401278 -0.795445 -0.454140
vn -0.566684 -0.795770 -0.213587
vn -0.397376 -0.414080 -0.818920
vn -0.573657 -0.812105 -0.106783
vn 0.445062 0.076588 -0.892219
vn -0.209365 0.788391 -0.578452
vn -0.181540 -0.609090 -0.772044
vn -0.241699 -0.288068 -0.926606
vn -0.218315 -0.186722 -0.957848
vn -0.463629 -0.837669 -0.288719
vn -0.207655 -0.723431 -0.658427
vn -0.287995 -0.750105 -0.595317
vn -0.594179 -0.654779 -0.467136
vn -0.506474 -0.720480 -0.473701
vn 0.569489 0.561529 -0.600306
vn -0.115806 0.880793 -0.459122
vn 0.603256 -0.522628 -0.602447
vn -0.587918 -0.512340 -0.625987
vn -0.685081 -0.554120 -0.472879
vn -0.619759 -0.611641 -0.491725
vn 0.401772 -0.915453 -0.022912
vn 0.971392 -0.141625 -0.190628
vn 0.459278 0.877923 0.135331
vn 0.484892 0.868786 0.100455
vn 0.024245 0.831902 -0.554393
vn 0.746929 0.396846 0.533488
vn 0.801592 0.395584 0.448290
vn 0.785412 -0.089778 -0.612428
vn 0.627372 -0.743118 0.232764
vn 0.722137 -0.327198 0.609474
vn 0.418774 -0.883978 0.207874
vn 0.205522 -0.925831 0.317172
vn 0.669312 -0.460175 0.583318
vn 0.086177 -0.819773 0.566168
vn -0.004311 -0.824866 0.565312
vn -0.970232 -0.157611 -0.183874
vn -0.368849 0.827799 -0.422728
vn 0.078958 0.463379 -0.882636
vn 0.412963 0.866699 -0.279812
vn -0.357860 0.889239 -0.284938
vn -0.185904 0.976788 -0.106421
vn 0.519724 0.773886 0.361923
vn 0.067861 0.890991 -0.448921
vn 0.986834 0.133676 -0.091042
vn 0.397665 -0.173691 -0.900941
vn -0.501856 -0.502921 -0.703712
vn 0.575919 0.815101 0.062670
vn 0.958607 0.271516 0.085736
vn 0.530774 0.110917 -0.840224
vn 0.494999 -0.773778 -0.395277
vn 0.816098 0.272395 0.509691
vn 0.727082 -0.686220 0.021324
vn 0.818305 -0.411493 0.401311
vn 0.913585 -0.393185 0.103771
vn 0.259861 -0.965633 -0.004975
vn 0.118628 -0.976690 0.178898
vn 0.425600 -0.758551 -0.493421
vn 0.178995 -0.936395 0.301871
vn -0.490639 -0.451024 -0.745554
vn -0.709914 -0.699525 0.081768
vn -0.654965 0.741571 -0.145237
vn -0.648158 -0.538813 -0.538119
vn 0.031026 0.723835 -0.689275
vn -0.644053 0.748334 -0.158717
vn -0.709222 -0.568468 -0.416951
vn 0.037486 0.998410 -0.042103
vn -0.396450 0.872505 -0.285591
vn -0.395372 -0.070745 -0.915793
vn -0.702077 -0.325007 -0.633607
vn -0.726754 -0.456529 -0.513235
vn -0.489372 -0.587482 -0.644500
vn 0.324482 0.401357 -0.856518
vn -0.075694 0.407172 -0.910210
vn -0.601989 -0.524840 -0.601791
vn -0.531077 -0.699989 -0.477464
vn -0.189485 -0.839927 -0.508545
vn -0.115501 -0.727967 -0.675813
vn 0.166624 -0.856214 -0.489014
vn -0.304833 -0.750587 -0.586256
vn -0.080847 -0.829067 -0.553273
vn 0.166990 -0.880379 -0.443900
vn -0.050571 -0.998708 0.004999
vn 0.274129 -0.790692 0.547412
vn -0.182166 -0.927624 0.326081
vn 0.443100 -0.882541 -0.157428
vn 0.617335 -0.785859 -0.036374
vn 0.379737 -0.876173 -0.296849
vn 0.115563 -0.931087 -0.346010
vn 0.652964 -0.755859 0.048117
vn 0.769912 -0.534304 0.348933
vn -0.190906 -0.915651 -0.353749
vn 0.467321 -0.883983 -0.013611
vn -0.315960 -0.839728 -0.441618
vn 0.195194 -0.980470 -0.024030
vn 0.692346 -0.688565 0.215721
vn 0.675460 -0.633285 0.377762
vn 0.072061 -0.994999 -0.069173
vn 0.554013 -0.099948 -0.826487
vn 0.512086 -0.731224 0.450643
vn 0.331698 -0.197269 0.922530
vn 0.740365 -0.394006 0.544628
vn 0.669431 -0.015201 0.742719
vn 0.742016 -0.165506 0.649631
vn 0.009827 -0.529460 0.848278
vn 0.360823 0.356058 0.861992
vn 0.024817 -0.568836 0.822076
vn -0.174258 -0.933818 0.312438
vn -0.199979 -0.966295 0.162120
vn 0.151428 0.021167 0.988242
vn 0.702335 -0.281748 0.653715
vn 0.576039 0.277523 0.768869
vn 0.574012 -0.340896 0.744514
vn -0.031099 -0.715756 0.697658
vn 0.133318 0.017080 0.990926
vn 0.163830 0.530622 0.831625
vn 0.164727 0.761301 0.627126
vn -0.022775 -0.825252 0.564305
vn -0.276765 -0.958815 -0.063830
vn 0.118583 -0.900711 0.417921
vn -0.226772 -0.941649 -0.248741
vn 0.001794 -0.869820 -0.493365
vn 0.122708 -0.147269 0.981455
vn 0.134291 0.540788 0.830370
vn 0.288165 -0.291483 0.912140
vn 0.023764 0.913528 0.406080
vn 0.176874 0.411500 0.894083
vn 0.558705 -0.339915 0.756509
vn 0.030937 0.927506 0.372525
vn 0.415660 0.202190 0.886762
vn 0.115122 0.848928 0.515817
vn -0.068031 0.996920 -0.039006
vn 0.084331 0.966140 0.243847
vn -0.121639 0.980529 -0.154167
vn 0.221324 0.971607 -0.083645
vn -0.094315 0.894291 -0.437434
vn 0.481295 0.715441 0.506457
vn 0.394896 0.690744 0.605747
vn -0.265785 0.729925 -0.629736
vn -0.044522 0.997963 -0.045693
vn 0.331039 0.648279 0.685673
vn 0.435556 0.559263 0.705348
vn 0.691733 -0.022177 0.721812
vn 0.620460 0.107630 0.776817
vn 0.521634 0.003650 0.853162
vn -0.222387 0.780589 -0.584145
vn 0.113479 0.984180 0.136056
vn 0.617020 0.328832 0.714952
vn 0.901006 -0.339410 0.270164
vn -0.393554 0.140427 -0.908513
vn 0.826013 -0.475068 0.303335
vn -0.301742 0.362582 -0.881752
vn 0.418542 -0.889012 0.185689
vn 0.592391 -0.719189 -0.363099
vn 0.225246 -0.604456 -0.764131
vn 0.546746 -0.722662 -0.422881
vn 0.053734 -0.743989 -0.666027
vn -0.773618 -0.428772 -0.466551
vn 0.553576 -0.590604 -0.587147
vn 0.233546 0.889836 0.391981
vn -0.312191 -0.678104 -0.665366
vn 0.836360 -0.468297 -0.284956
vn -0.081063 -0.910405 -0.405698
vn -0.443694 -0.893277 -0.072060
vn 0.754866 -0.206148 -0.622639
vn 0.672076 -0.467065 -0.574599
vn -0.349337 -0.877780 -0.327819
vn -0.593037 -0.758929 0.268950
vn 0.620075 -0.483319 -0.617989
vn -0.433297 -0.823825 -0.365467
vn -0.737209 -0.660929 0.140342
vn -0.807570 -0.586363 0.063322
vn 0.985180 -0.093089 -0.144062
vn 0.892859 -0.029394 -0.449377
vn 0.896613 0.004761 -0.442789
vn 0.632915 -0.469179 -0.615865
vn 0.891737 0.056972 0.448953
vn 0.303561 0.830285 0.467416
vn 0.623126 0.570064 0.535482
vn 0.898717 0.428682 0.092412
vn -0.074561 0.839397 -0.538380
vn -0.013432 0.924203 -0.381664
vn -0.338595 0.222451 -0.914259
vn -0.178835 0.334016 -0.925447
vn -0.133218 0.980404 0.145123
vn 0.844815 0.524832 -0.104110
vn -0.347870 -0.430946 -0.832630
vn 0.001183 0.347491 -0.937683
vn 0.106664 0.919291 0.378850
vn -0.419137 -0.534187 -0.734145
vn -0.252962 -0.205172 -0.945471
vn -0.351670 0.524018 -0.775715
vn -0.132230 0.022447 -0.990965
vn -0.302636 -0.840965 -0.448541
vn -0.336478 -0.899028 -0.280234
vn -0.331512 -0.644688 -0.688823
vn -0.155630 0.169051 -0.973243
vn -0.598669 0.654079 0.462359
vn -0.311549 -0.448985 -0.837466
vn -0.369277 -0.889384 -0.269502
vn -0.174258 -0.933818 0.312438
vn -0.199979 -0.966295 0.162120
vn -0.276765 -0.958815 -0.063830
vn -0.226772 -0.941649 -0.248741
vn -0.182166 -0.927624 0.326081
vn -0.151397 -0.218924 -0.963925
vn 0.001794 -0.869820 -0.493365
vn 0.225246 -0.604456 -0.764131
vn -0.452444 -0.469787 -0.758020
vn -0.287995 -0.750105 -0.595317
vn -0.050571 -0.998708 0.004999
vn -0.218315 -0.186722 -0.957848
vn -0.916055 0.362258 -0.172083
vn -0.649336 -0.002168 -0.760498
vn -0.773618 -0.428772 -0.466551
vn 0.150296 0.792141 -0.591543
vn -0.232075 0.362970 0.902438
vn -0.951282 -0.220829 -0.215170
vn -0.312191 -0.678104 -0.665366
vn -0.922614 -0.041002 0.383538
vn -0.839299 -0.506554 -0.197434
vn -0.443694 -0.893277 -0.072060
vn -0.804549 -0.305435 0.509323
vn -0.548768 -0.539404 0.638669
vn -0.593037 -0.758929 0.268950
vn 0.347415 0.785793 0.511695
vn -0.216871 0.314546 0.924136
vn -0.488173 -0.326949 0.809192
vn -0.538198 -0.392604 0.745792
vn 0.453316 0.667321 0.590921
vn -0.165183 0.282969 0.944798
vn 0.851231 0.524612 -0.013731
vn -0.709836 -0.287313 0.643104
vn -0.737209 -0.660929 0.140342
vn -0.417672 -0.126445 0.899756
vn 0.573171 0.607988 0.549386
vn 0.926473 0.088049 -0.365916
vn -0.463195 0.099193 0.880688
vn -0.089859 0.348484 0.932997
vn -0.822511 -0.232086 0.519242
vn -0.807570 -0.586363 0.063322
vn 0.874946 0.483706 0.022312
vn 0.546528 0.681040 0.487332
vn -0.135189 0.509598 0.849726
vn -0.568185 0.213967 0.794597
vn -0.878845 -0.117546 0.462402
vn -0.913173 -0.380645 0.145683
vn -0.647085 0.196819 0.736575
vn -0.164287 0.586117 0.793396
vn -0.191492 0.513762 0.836289
vn 0.462641 0.763264 0.450989
vn 0.418272 0.765729 0.488578
vn 0.455517 0.695781 0.555331
vn 0.833269 0.552859 0.003207
vn 0.796373 0.601645 0.061751
vn 0.859769 0.502458 0.091286
vn 0.903664 0.187908 -0.384814
vn 0.777058 0.629427 0.001453
vn 0.926717 0.204676 -0.315125
vn 0.865449 0.360697 -0.347701
vn 0.527102 -0.247053 -0.813098
vn 0.545288 -0.291745 -0.785841
vn 0.032846 -0.602470 -0.797466
vn 0.872696 0.354469 -0.335788
vn 0.622352 -0.441851 -0.646101
vn 0.571203 -0.291991 -0.767116
vn -0.017646 -0.648132 -0.761324
vn -0.354651 -0.690462 -0.630465
vn -0.518814 -0.696586 -0.495580
vn 0.025911 -0.710325 -0.703396
vn 0.080377 -0.789342 -0.608670
vn 0.084717 -0.815582 -0.572407
vn -0.518672 -0.765682 -0.380410
vn -0.802694 -0.584039 -0.120746
vn -0.913173 -0.380645 0.145683
vn -0.306509 -0.581929 0.753266
vn 0.000002 -0.556568 0.830802
vn 0.000003 -0.609446 0.792828
vn -0.406013 -0.511761 0.757135
vn -0.320629 -0.573866 0.753575
vn 0.000002 -0.346949 0.937884
vn -0.280109 -0.504018 0.817010
vn -0.139254 -0.639321 0.756225
vn -0.393616 -0.294717 0.870752
vn 0.000001 -0.133342 0.991070
vn -0.170265 -0.549463 0.817986
vn -0.512477 -0.616132 0.598121
vn -0.291838 -0.087629 0.952445
vn 0.000001 -0.089299 0.996005
vn -0.307659 -0.243034 0.919935
vn -0.197990 -0.082576 0.976720
vn 0.000000 -0.086282 0.996271
vn -0.176226 -0.102230 0.979027
vn -0.323122 -0.049236 0.945076
vn -0.392009 -0.085643 0.915966
vn -0.440652 -0.102851 0.891767
vn -0.483221 -0.136175 0.864843
vn -0.559041 -0.120561 0.820328
vn -0.225766 -0.227748 0.947186
vn -0.320178 -0.121181 0.939575
vn -0.709442 -0.199855 0.675833
vn -0.732369 -0.208964 0.648050
vn -0.658641 -0.187670 0.728678
vn -0.628965 -0.260384 0.732532
vn -0.837517 -0.222155 0.499212
vn -0.846034 -0.266407 0.461795
vn -0.799419 -0.220757 0.558744
vn -0.671741 -0.284789 0.683856
vn -0.497696 -0.557800 0.664197
vn -0.590568 -0.495438 0.637001
vn -0.681661 -0.570316 0.458342
vn -0.943407 -0.213155 0.254063
vn -0.914820 -0.266860 0.303134
vn -0.956546 -0.182327 0.227544
vn -0.943823 -0.304992 0.127195
vn -0.980957 -0.139849 0.134780
vn -0.997010 -0.053686 -0.055586
vn -0.872866 -0.425481 0.238894
vn -0.671741 -0.284789 0.683856
vn -0.983321 -0.174019 -0.052897
vn -0.985379 -0.057966 -0.160215
vn -0.993078 -0.017209 -0.116194
vn -0.932970 -0.014855 -0.359646
vn -0.729430 -0.112324 -0.674770
vn -0.951339 -0.118102 -0.284614
vn -0.541061 -0.246056 -0.804182
vn -0.823681 -0.241739 -0.512945
vn -0.883254 -0.371696 -0.285841
vn -0.798084 -0.339571 -0.497749
vn -0.984463 -0.172838 -0.030968
vn -0.920645 -0.361447 -0.147545
vn -0.686376 -0.319414 -0.653347
vn -0.864572 -0.297662 -0.404860
vn -0.424206 -0.296065 -0.855801
vn -0.685022 -0.477777 -0.549976
vn -0.774172 -0.539347 0.331305
vn -0.947142 -0.317491 0.046060
vn -0.497696 -0.557800 0.664197
vn -0.580944 -0.655884 0.481996
vn -0.167200 -0.725869 0.667202
vn -0.568843 -0.425910 -0.703575
vn -0.386097 -0.394353 -0.833915
vn -0.508499 -0.701223 -0.499714
vn -0.378860 -0.682052 -0.625516
vn -0.176032 -0.530721 -0.829064
vn -0.445123 -0.757872 -0.476965
vn -0.025506 -0.725910 -0.687316
vn -0.296449 -0.766043 -0.570347
vn 0.306511 -0.581927 0.753268
vn 0.000003 -0.609446 0.792828
vn 0.000002 -0.556568 0.830802
vn 0.406014 -0.511761 0.757135
vn 0.320630 -0.573866 0.753574
vn 0.000002 -0.346949 0.937884
vn 0.280109 -0.504019 0.817009
vn 0.139255 -0.639322 0.756224
vn 0.393618 -0.294719 0.870750
vn 0.000001 -0.133342 0.991070
vn 0.170265 -0.549463 0.817986
vn 0.512474 -0.616131 0.598124
vn 0.291839 -0.087629 0.952445
vn 0.000001 -0.089299 0.996005
vn 0.307656 -0.243036 0.919935
vn 0.197990 -0.082576 0.976720
vn 0.000000 -0.086282 0.996271
vn 0.176227 -0.102230 0.979027
vn 0.323120 -0.049236 0.945076
vn 0.392009 -0.085644 0.915967
vn 0.440653 -0.102852 0.891766
vn 0.483222 -0.136176 0.864843
vn 0.559043 -0.120561 0.820327
vn 0.225766 -0.227746 0.947186
vn 0.320179 -0.121182 0.939575
vn 0.709443 -0.199855 0.675832
vn 0.732371 -0.208964 0.648048
vn 0.658643 -0.187671 0.728676
vn 0.628967 -0.260386 0.732530
vn 0.837517 -0.222154 0.499212
vn 0.846034 -0.266406 0.461794
vn 0.799420 -0.220757 0.558743
vn 0.671744 -0.284791 0.683853
vn 0.497697 -0.557801 0.664196
vn 0.590567 -0.495438 0.637002
vn 0.681661 -0.570315 0.458345
vn 0.940089 -0.207838 0.270251
vn 0.907688 -0.254755 0.333470
vn 0.966633 -0.149708 0.207866
vn 0.943823 -0.304991 0.127198
vn 0.981509 -0.128855 0.141549
vn 0.998665 -0.021174 -0.047109
vn 0.872866 -0.425482 0.238893
vn 0.671744 -0.284791 0.683853
vn 0.983321 -0.174019 -0.052898
vn 0.984222 -0.039692 -0.172427
vn 0.998340 0.008169 -0.057020
vn 0.943805 -0.001352 -0.330499
vn 0.729429 -0.112323 -0.674771
vn 0.951339 -0.118102 -0.284615
vn 0.541057 -0.246056 -0.804185
vn 0.823679 -0.241739 -0.512947
vn 0.883254 -0.371696 -0.285842
vn 0.798090 -0.339574 -0.497737
vn 0.984463 -0.172839 -0.030967
vn 0.920399 -0.362256 -0.147091
vn 0.686374 -0.319413 -0.653350
vn 0.864572 -0.297663 -0.404862
vn 0.424201 -0.296064 -0.855803
vn 0.685018 -0.477774 -0.549984
vn 0.773527 -0.540032 0.331696
vn 0.946331 -0.319710 0.047364
vn 0.497697 -0.557801 0.664196
vn 0.579818 -0.656560 0.482432
vn 0.167204 -0.725870 0.667200
vn 0.568842 -0.425911 -0.703576
vn 0.386103 -0.394350 -0.833914
vn 0.508501 -0.701224 -0.499711
vn 0.378861 -0.682052 -0.625515
vn 0.176039 -0.530723 -0.829062
vn 0.445133 -0.757872 -0.476955
vn 0.025507 -0.725909 -0.687317
vn 0.296459 -0.766044 -0.570341
vn -0.000039 0.239058 -0.971005
vn -0.000071 0.229038 -0.973417
vn -0.020303 0.263617 -0.964414
vn -0.047441 0.290845 -0.955593
vn -0.153903 0.238670 -0.958828
vn -0.118013 0.409986 -0.904425
vn 0.000000 0.332238 -0.943196
vn 0.000000 0.492077 -0.870552
vn -0.160691 0.576208 -0.801351
vn -0.000000 0.664749 -0.747067
vn -0.212478 0.742525 -0.635224
vn -0.301599 0.795593 -0.525423
vn -0.357050 0.898420 -0.255651
vn -0.267000 0.627125 -0.731727
vn -0.298447 0.951451 -0.075303
vn -0.275923 0.938689 0.206710
vn -0.195200 0.926919 0.320496
vn -0.109593 0.885616 0.451301
vn -0.168323 0.417292 -0.893048
vn -0.356520 0.923838 -0.139344
vn -0.189318 0.816324 0.545686
vn -0.015537 0.848335 0.529232
vn -0.473269 0.784472 -0.400774
vn -0.365436 0.899899 0.237986
vn -0.246308 0.624165 0.741451
vn 0.078529 0.687456 0.721968
vn -0.261838 0.416606 0.870563
vn -0.039222 0.419519 0.906899
vn -0.398155 0.593469 0.699477
vn -0.295051 0.217880 0.930308
vn -0.018560 0.329753 0.943885
vn -0.370476 0.766810 0.524166
vn -0.427209 0.359445 0.829634
vn -0.357670 -0.024215 0.933534
vn -0.083453 0.119680 0.989299
vn -0.475687 0.130463 0.869886
vn -0.418764 -0.125638 0.899362
vn -0.157266 -0.006797 0.987533
vn -0.144604 0.012814 0.989407
vn -0.515500 -0.071557 0.853897
vn -0.580793 0.650617 0.489262
vn -0.558869 0.462980 0.687979
vn -0.594732 0.241305 0.766855
vn -0.630779 0.005228 0.775945
vn -0.626717 -0.136182 0.767255
vn -0.783956 -0.072464 0.616572
vn -0.676879 0.070288 0.732731
vn -0.600039 0.797247 0.065958
vn -0.654251 0.307585 0.690903
vn -0.595614 0.596367 -0.538136
vn -0.725528 0.539284 0.427530
vn -0.333441 0.225372 -0.915437
vn -0.304852 -0.046398 -0.951269
vn -0.287366 -0.062540 -0.955777
vn -0.758484 0.644135 -0.098955
vn -0.693019 0.228038 -0.683903
vn -0.366493 -0.328702 -0.870424
vn -0.362152 -0.283284 -0.888029
vn -0.910295 0.366911 -0.191673
vn -0.905257 0.258701 0.337020
vn -0.759064 0.031166 0.650270
vn -0.324078 -0.048722 -0.944775
vn -0.633655 -0.460264 -0.621803
vn -0.516127 -0.351961 -0.780856
vn -0.675692 -0.166494 0.718136
vn -0.176073 -0.311012 -0.933954
vn -0.824784 -0.195894 -0.530431
vn -0.641105 -0.243908 -0.727663
vn -0.716691 -0.174926 -0.675096
vn -0.508148 -0.298056 -0.808052
vn -0.536644 -0.338389 -0.772985
vn -0.954268 0.234085 -0.185948
vn -0.639322 -0.378753 -0.669189
vn -0.449269 -0.512541 -0.731751
vn -0.932460 0.246411 -0.264198
vn -0.839091 -0.302133 -0.452374
vn -0.474280 -0.539384 -0.695790
vn 0.669513 -0.544615 -0.505120
vn 0.519169 -0.236932 -0.821174
vn 0.156618 -0.126057 -0.979582
vn 0.585986 -0.272034 -0.763294
vn 0.678623 -0.614710 -0.401998
vn -0.282306 -0.023020 -0.959048
vn 0.159165 -0.144089 -0.976680
vn -0.002715 -0.435741 0.900068
vn -0.104516 -0.816362 0.568005
vn -0.682394 0.410470 0.604858
vn -0.664259 0.611719 0.429605
vn -0.582107 0.810735 -0.062130
vn 0.174548 -0.418540 0.891267
vn -0.784018 0.091011 -0.614030
vn -0.294937 -0.056842 -0.953824
vn 0.086273 -0.196456 -0.976710
vn -0.837237 0.022207 -0.546389
vn -0.987657 0.107713 -0.113717
vn -0.329565 -0.106461 -0.938111
vn 0.019345 -0.177220 -0.983981
vn -0.947312 0.014245 0.319994
vn -0.863699 0.014023 -0.503812
vn -0.998711 0.022401 -0.045558
vn -0.743691 -0.111449 0.659168
vn -0.442103 0.138239 0.886247
vn -0.413462 -0.041682 -0.909567
vn -0.997835 0.063780 -0.016034
vn -0.937250 0.005251 0.348618
vn -0.530995 -0.193723 0.824934
vn -0.271651 0.016501 -0.962254
vn -0.876125 0.097083 -0.472208
vn -0.935719 0.077764 0.344069
vn -0.665744 -0.003030 0.746174
vn -0.985451 0.169324 -0.014694
vn -0.666756 0.043985 0.743977
vn -0.914744 0.158616 0.371598
vn -0.921084 0.133849 -0.365634
vn -0.986687 0.143740 0.076073
vn -0.666222 0.088948 -0.740430
vn -0.865988 0.121730 0.485021
vn -0.275456 -0.061726 0.959330
vn -0.245751 -0.040430 0.968490
vn -0.655426 0.080703 0.750935
vn -0.609758 0.062975 0.790082
vn -0.146333 -0.065679 0.987053
vn -0.220662 -0.290985 0.930933
vn 0.216660 -0.225499 0.949847
vn -0.899457 -0.351552 0.259593
vn 0.097757 -0.146198 0.984413
vn 0.652554 -0.271285 0.707515
vn 0.514941 -0.241725 0.822439
vn -0.854015 -0.331021 -0.401353
vn -0.908301 -0.307592 0.283508
vn 0.435956 -0.250874 0.864294
vn 0.768626 -0.427590 0.475795
vn 0.896722 -0.392163 0.205178
vn 0.691843 -0.624640 0.362185
vn -0.898202 0.364272 -0.246049
vn -0.976810 -0.205713 -0.059359
vn 0.029999 -0.099922 0.994543
vn -0.660524 -0.254968 0.706186
vn -0.367131 -0.088913 0.925910
vn -0.790392 -0.112174 0.602243
vn -0.525802 -0.186719 0.829861
vn -0.523979 -0.054990 0.849954
vn -0.600768 -0.160755 0.783094
vn -0.613024 -0.016751 0.789886
vn 0.042772 0.081785 0.995732
vn -0.659909 -0.088609 0.746102
vn -0.678473 -0.264287 0.685439
vn -0.709700 -0.142599 0.689921
vn -0.967417 -0.049202 0.248362
vn -0.896095 -0.009767 0.443754
vn -0.974072 0.095517 0.205087
vn -0.927746 0.365435 -0.075794
vn -0.923246 0.383917 -0.015030
vn -0.997261 -0.073954 0.001116
vn -0.839091 -0.302133 -0.452374
vn -0.932460 0.246411 -0.264198
vn -0.788075 0.615006 0.026541
vn -0.954268 0.234085 -0.185948
vn 0.429926 -0.899690 -0.075644
vn 0.669513 -0.544615 -0.505120
vn 0.678623 -0.614710 -0.401998
vn 0.707914 -0.680757 -0.188225
vn 0.322391 -0.926938 -0.191963
vn -0.104516 -0.816362 0.568005
vn -0.664259 0.611719 0.429605
vn 0.806379 -0.542389 -0.235725
vn 0.242871 0.969931 -0.015767
vn -0.582107 0.810735 -0.062130
vn 0.679074 -0.587039 -0.440730
vn 0.930931 -0.364115 0.028072
vn 0.951394 0.307942 -0.004556
vn 0.879552 -0.338082 -0.334797
vn 0.996040 0.065909 0.059661
vn 0.926750 -0.231964 -0.295512
vn 0.677909 -0.131699 0.723253
vn 0.947964 0.221675 0.228527
vn 0.790046 0.602752 0.111883
vn 0.996686 -0.079541 0.017053
vn 0.255864 0.966668 0.009352
vn 0.260933 0.965250 -0.014407
vn -0.626803 0.637107 -0.448566
vn 0.755016 0.623438 0.203167
vn 0.497644 0.862780 0.089228
vn -0.552835 0.659372 -0.509512
vn 0.841426 0.393153 0.370721
vn 0.456228 0.882666 0.112946
vn -0.564009 0.681890 -0.465746
vn 0.727780 0.619732 0.293714
vn 0.596503 0.796682 0.097375
vn -0.322647 0.830387 -0.454265
vn -0.029713 0.863870 -0.502838
vn 0.755315 0.594881 0.274983
vn 0.715604 0.693395 0.084346
vn 0.692835 0.628670 0.353205
vn 0.809120 0.580400 0.091983
vn 0.157820 0.822965 -0.545730
vn 0.894182 0.439064 0.087524
vn 0.234798 0.749307 -0.619201
vn 0.441382 0.431740 -0.786628
vn 0.949380 0.296934 0.102509
vn 0.756913 0.274066 -0.593271
vn 0.971861 0.174146 0.158616
vn 0.909442 0.142867 -0.390519
vn -0.744493 -0.606589 0.278890
vn -0.866683 -0.462193 -0.187718
vn 0.925617 0.100651 0.364833
vn -0.842750 -0.418322 -0.338790
vn 0.913799 0.232690 0.332905
vn 0.909659 0.033804 0.413978
vn -0.841446 -0.381574 -0.382582
vn 0.905115 0.311505 0.289365
vn 0.916787 -0.016903 0.399019
vn -0.847844 -0.367028 -0.382690
vn 0.912214 0.138276 0.385676
vn 0.910469 0.007133 0.413517
vn -0.810818 -0.432771 -0.394060
vn 0.861865 0.412153 0.295497
vn 0.905651 0.217607 0.363928
vn 0.923038 0.091874 0.373578
vn 0.758478 -0.054996 0.649374
vn -0.668454 -0.402413 -0.625486
vn 0.847287 0.363370 0.387385
vn 0.828076 0.477248 0.294149
vn 0.907948 0.167714 0.384060
vn 0.891026 0.079669 0.446906
vn 0.548794 -0.312908 0.775186
vn -0.515090 -0.187501 -0.836376
vn 0.870573 0.332571 0.362627
vn 0.828673 0.415820 0.374695
vn 0.871717 0.099578 0.479786
vn 0.747337 -0.024428 0.663996
vn 0.161635 -0.648982 0.743436
vn -0.071863 0.267582 -0.960851
vn 0.815646 0.392364 0.425173
vn 0.546444 -0.247140 0.800201
vn -0.158914 -0.773077 0.614083
vn 0.341847 0.470927 -0.813245
vn 0.764820 0.028861 0.643597
vn 0.117039 -0.532010 0.838610
vn -0.450087 -0.813644 0.367975
vn 0.714836 0.496663 -0.492276
vn 0.878661 0.312210 0.361220
vn 0.594360 -0.152253 0.789655
vn -0.244857 -0.662252 0.708144
vn -0.625956 -0.778336 0.048712
vn 0.911366 0.396322 -0.111095
vn 0.836601 0.382440 0.392223
vn 0.799146 0.328037 0.503744
vn 0.854779 0.234669 0.462907
vn 0.726575 0.211275 0.653797
vn 0.798271 0.324463 0.507432
vn 0.805471 0.098706 0.584357
vn 0.580223 -0.005986 0.814436
vn 0.643296 -0.154205 0.749928
vn 0.728775 0.503631 0.463942
vn 0.750416 0.202802 0.629084
vn 0.784308 0.453535 0.423282
vn 0.727728 0.446399 0.520711
vn 0.805352 0.379597 0.455318
vn 0.727444 0.345558 0.592802
vn 0.618048 -0.036315 0.785301
vn 0.876918 0.317146 0.361154
vn 0.903038 0.307403 0.300042
vn 0.824355 0.283601 0.489907
vn 0.654366 0.116383 0.747168
vn 0.305813 -0.440555 0.844032
vn 0.820895 -0.088905 0.564117
vn 0.815641 0.038362 0.577285
vn 0.704070 -0.084425 0.705095
vn 0.367093 -0.193975 0.909734
vn 0.557299 -0.292201 0.777198
vn -0.261906 -0.208554 0.942290
vn 0.565893 -0.306233 0.765497
vn -0.089192 -0.393415 0.915024
vn 0.220122 -0.255614 0.941386
vn 0.150239 -0.524812 0.837855
vn -0.568071 -0.405317 0.716249
vn -0.416816 -0.624147 0.660837
vn -0.251772 -0.754178 0.606486
vn -0.679477 -0.252274 0.688962
vn -0.786659 -0.562505 0.254473
vn -0.908171 -0.364851 0.205205
vn -0.918252 -0.241558 0.313788
vn 0.272349 -0.533467 0.800774
vn 0.167154 -0.360511 0.917655
vn -0.128054 -0.783594 0.607934
vn -0.597945 -0.748040 0.287920
vn -0.919608 -0.303359 -0.249590
vn 0.140754 -0.457959 0.877760
vn -0.267577 -0.623413 0.734683
vn -0.274645 -0.644407 0.713660
vn -0.589581 -0.681398 0.433694
vn -0.595061 -0.699349 0.395997
vn -0.580435 -0.712739 0.393824
vn -0.780247 -0.618489 0.093201
vn -0.463872 -0.841883 0.275784
vn -0.690155 -0.714666 -0.113749
vn -0.794537 -0.607091 0.012321
vn -0.685505 -0.696899 -0.210748
vn 0.943067 0.214922 0.253838
vn -0.835289 -0.511477 -0.201699
vn -0.695978 -0.603204 -0.389563
vn 0.906851 0.029102 0.420446
vn -0.831639 -0.554917 -0.021057
vn -0.824727 -0.549987 -0.131680
vn -0.848798 -0.453090 -0.272490
vn -0.813848 -0.412588 -0.409173
vn -0.704791 -0.523409 -0.478866
vn 0.845035 -0.095893 0.526042
vn -0.792592 -0.456885 -0.403800
vn -0.701197 -0.497850 -0.510360
vn 0.817024 -0.154334 0.555565
vn -0.784164 -0.331502 -0.524589
vn -0.718291 -0.524790 -0.456787
vn 0.849861 -0.157159 0.503029
vn -0.871301 -0.362788 -0.330483
vn -0.825552 -0.347140 -0.444924
vn -0.776916 -0.293373 -0.557076
vn -0.735713 -0.531905 -0.419290
vn 0.867596 -0.156704 0.471934
vn -0.845261 -0.250555 -0.471971
vn -0.778945 -0.309394 -0.545454
vn -0.809681 -0.305017 -0.501380
vn -0.815161 -0.313923 -0.486791
vn -0.704057 -0.502759 -0.501536
vn 0.814758 -0.180717 0.550918
vn -0.773658 -0.320044 -0.546832
vn -0.818053 -0.321667 -0.476780
vn -0.754225 -0.470954 -0.457545
vn 0.842148 -0.156208 0.516126
vn -0.812398 -0.327254 -0.482613
vn -0.806315 -0.224547 -0.547207
vn -0.806169 -0.213066 -0.551992
vn -0.776386 -0.285625 -0.561822
vn -0.739107 -0.515811 -0.433198
vn 0.869661 -0.111880 0.480804
vn -0.820714 -0.278386 -0.498928
vn -0.787768 -0.257923 -0.559372
vn -0.834121 -0.277573 -0.476649
vn -0.535091 -0.570763 -0.622822
vn 0.694335 -0.174424 0.698194
vn -0.831459 -0.195986 -0.519871
vn -0.787948 -0.268945 -0.553901
vn -0.784988 -0.225089 -0.577173
vn -0.817969 -0.304472 -0.488082
vn 0.909442 0.142867 -0.390519
vn -0.744493 -0.606589 0.278890
vn -0.560852 -0.273235 -0.781529
vn 0.756913 0.274066 -0.593271
vn -0.849803 -0.230801 -0.473883
vn -0.825985 -0.152366 -0.542709
vn -0.844239 -0.212535 -0.492026
vn -0.571872 -0.093340 -0.815016
vn -0.600247 0.062249 -0.797389
vn 0.441382 0.431740 -0.786628
vn 0.234798 0.749307 -0.619201
vn -0.802214 -0.124778 -0.583852
vn -0.810531 -0.227680 -0.539630
vn -0.850070 -0.160545 -0.501604
vn -0.657051 0.212575 -0.723253
vn -0.853592 -0.223179 -0.470715
vn -0.814380 -0.236464 -0.529972
vn -0.829647 -0.121798 -0.544840
vn -0.698204 0.215197 -0.682789
vn 0.157820 0.822965 -0.545730
vn -0.814314 -0.141617 -0.562883
vn -0.747374 0.203753 -0.632390
vn -0.029713 0.863870 -0.502838
vn -0.817094 -0.174814 -0.549361
vn -0.800825 0.217612 -0.557964
vn -0.322647 0.830387 -0.454265
vn -0.838865 -0.002298 -0.544335
vn -0.813129 -0.178459 -0.554053
vn -0.807218 0.239437 -0.539508
vn -0.564009 0.681890 -0.465746
vn -0.552835 0.659372 -0.509512
vn -0.845370 0.008789 -0.534108
vn -0.805553 -0.246703 -0.538722
vn -0.807348 -0.173845 -0.563886
vn -0.783687 0.269800 -0.559502
vn -0.817382 0.328782 -0.473064
vn -0.626803 0.637107 -0.448566
vn -0.814341 -0.184941 -0.550132
vn -0.836250 0.004382 -0.548330
vn -0.823727 -0.250398 -0.508699
vn -0.845236 0.025871 -0.533767
vn -0.849699 -0.061945 -0.523616
vn -0.769441 -0.461470 -0.441595
vn -0.887887 -0.064486 -0.455520
vn -0.908602 -0.013224 -0.417453
vn -0.928139 -0.070642 -0.365469
vn -0.864366 -0.054239 -0.499929
vn -0.949351 0.111063 -0.293936
vn -0.912848 -0.016495 -0.407967
vn -0.874059 -0.265630 -0.406770
vn -0.903723 0.021026 -0.427601
vn -0.807183 0.017210 -0.590050
vn -0.978113 0.028346 -0.206136
vn -0.978388 -0.072208 0.193761
vn -0.682143 0.209213 0.700650
vn -0.839088 0.238493 0.488929
vn -0.935372 0.340001 0.097358
vn -0.850960 0.488945 -0.191834
vn 0.714836 0.496663 -0.492276
vn 0.284834 0.614050 -0.736079
vn 0.341847 0.470927 -0.813245
vn 0.632922 0.634902 -0.443067
vn 0.911366 0.396322 -0.111095
vn 0.284503 0.636541 -0.716849
vn 0.819371 0.562003 -0.113066
vn 0.943067 0.214922 0.253838
vn 0.602293 0.691863 -0.398207
vn 0.349187 0.442682 -0.825894
vn 0.878766 0.426664 0.213842
vn 0.906851 0.029102 0.420446
vn 0.684993 0.560142 -0.465860
vn 0.420945 -0.497103 -0.758745
vn 0.799514 0.600551 -0.010788
vn 0.851006 0.311163 0.423045
vn 0.845035 -0.095893 0.526042
vn 0.854878 0.439082 0.276388
vn 0.812448 0.238058 0.532218
vn 0.817024 -0.154334 0.555565
vn 0.750542 -0.451206 -0.482804
vn 0.387323 -0.903643 -0.182785
vn 0.893100 0.449826 -0.005336
vn 0.959484 -0.278346 0.043754
vn 0.935092 -0.214518 0.282109
vn 0.888879 -0.187485 0.418023
vn 0.846415 -0.175063 0.502927
vn 0.896991 0.299792 0.324856
vn 0.858174 0.211489 0.467771
vn 0.803944 0.187781 0.564281
vn 0.849861 -0.157159 0.503029
vn 0.827149 0.342198 0.445785
vn 0.777799 0.309809 0.546853
vn 0.813942 0.179514 0.552515
vn 0.846051 0.188601 0.498626
vn 0.867596 -0.156704 0.471934
vn 0.831281 -0.182888 0.524903
vn 0.813167 0.196113 0.547995
vn 0.773357 0.321020 0.546685
vn 0.851460 0.186117 0.490282
vn 0.814758 -0.180717 0.550918
vn 0.811425 0.330180 0.482257
vn 0.814650 -0.215768 0.538321
vn 0.805000 0.156069 0.572378
vn 0.842148 -0.156208 0.516126
vn 0.835498 0.165698 0.523916
vn 0.821190 0.280836 0.496767
vn 0.854467 0.161844 0.493652
vn 0.869661 -0.111880 0.480804
vn 0.879584 0.166778 0.445552
vn 0.829583 0.127611 0.543605
vn 0.785015 0.225574 0.576946
vn 0.850003 0.202081 0.486475
vn 0.694335 -0.174424 0.698194
vn 0.807724 0.109622 0.579280
vn 0.849616 0.230413 0.474408
vn 0.637918 0.198802 0.744002
vn -0.744493 -0.606589 0.278890
vn 0.854733 0.216708 0.471667
vn -0.841631 -0.327555 0.429378
vn -0.866683 -0.462193 -0.187718
vn 0.644138 0.124908 0.754642
vn 0.676573 0.023895 0.735988
vn 0.862602 0.182359 0.471871
vn 0.853081 0.224410 0.471055
vn -0.931624 -0.316367 -0.178855
vn -0.842750 -0.418322 -0.338790
vn 0.824819 0.226980 0.517835
vn 0.822529 0.144590 0.550036
vn 0.911957 0.144831 0.383874
vn 0.715428 -0.154721 0.681340
vn 0.826949 0.151400 0.541511
vn -0.640019 -0.423806 0.640909
vn -0.903786 -0.260078 -0.339898
vn -0.841446 -0.381574 -0.382582
vn 0.872096 -0.199287 0.446916
vn 0.752027 -0.157255 0.640098
vn -0.446794 -0.776128 0.444972
vn -0.904578 -0.389755 -0.172714
vn 0.336679 -0.892752 0.299402
vn -0.638742 -0.727241 -0.251256
vn -0.710061 -0.588885 -0.386041
vn -0.158269 -0.851275 0.500282
vn -0.824342 -0.539974 -0.169964
vn -0.850079 -0.425786 -0.309955
vn -0.905206 -0.303590 -0.297379
vn -0.763814 -0.461742 -0.450980
vn -0.834506 -0.385435 -0.393750
vn -0.906151 -0.214587 -0.364477
vn -0.722669 -0.543144 -0.427485
vn -0.816694 -0.419095 -0.396699
vn -0.907285 -0.173191 -0.383196
vn -0.847844 -0.367028 -0.382690
vn -0.908594 -0.166184 -0.383196
vn -0.916707 -0.137839 -0.375031
vn -0.810818 -0.432771 -0.394060
vn -0.676290 -0.519390 -0.522366
vn -0.773894 -0.375511 -0.509979
vn -0.886794 -0.139472 -0.440617
vn -0.668454 -0.402413 -0.625486
vn -0.874156 -0.093522 -0.476555
vn -0.740438 -0.045035 -0.670614
vn -0.515090 -0.187501 -0.836376
vn -0.596993 -0.498916 -0.628238
vn -0.703859 -0.282772 -0.651631
vn -0.551614 0.178101 -0.814863
vn -0.071863 0.267582 -0.960851
vn -0.767375 -0.027433 -0.640612
vn -0.384112 -0.525740 -0.758983
vn -0.085507 0.484191 -0.870774
vn 0.341847 0.470927 -0.813245
vn 0.284834 0.614050 -0.736079
vn -0.562095 -0.111082 -0.819579
vn 0.090610 -0.547207 -0.832078
vn 0.420945 -0.497103 -0.758745
vn -0.612200 0.139744 -0.778256
vn -0.137210 0.447895 -0.883495
vn 0.284503 0.636541 -0.716849
vn 0.349187 0.442682 -0.825894
vn -0.120609 0.182406 -0.975798
vn -0.000039 0.239058 -0.971005
vn 0.031123 0.255190 -0.966390
vn -0.000071 0.229038 -0.973417
vn 0.055474 0.285668 -0.956722
vn 0.183239 0.165560 -0.969027
vn 0.124454 0.407856 -0.904524
vn 0.000000 0.332238 -0.943196
vn 0.000000 0.492077 -0.870552
vn 0.168613 0.571455 -0.803125
vn -0.000000 0.664749 -0.747067
vn 0.212476 0.742525 -0.635225
vn 0.330396 0.777779 -0.534695
vn 0.357064 0.898412 -0.255659
vn 0.267925 0.611522 -0.744484
vn 0.345059 0.934134 -0.091258
vn 0.275930 0.938693 0.206682
vn 0.244980 0.921708 0.300729
vn 0.145344 0.886533 0.439242
vn 0.154513 0.381174 -0.911500
vn 0.357084 0.913390 -0.195471
vn 0.237732 0.811484 0.533832
vn 0.082825 0.850667 0.519140
vn 0.375063 0.762871 -0.526646
vn 0.359057 0.915638 0.180788
vn 0.292526 0.617255 0.730360
vn -0.062705 0.636574 0.768662
vn 0.300462 0.413436 0.859531
vn -0.050844 0.486765 0.872052
vn 0.421906 0.613723 0.667338
vn 0.330746 0.219102 0.917933
vn -0.066246 0.344514 0.936441
vn 0.363144 0.798725 0.479755
vn 0.532021 0.328507 0.780408
vn 0.371980 -0.008769 0.928199
vn -0.017147 0.123882 0.992149
vn 0.594109 0.142771 0.791613
vn 0.405319 -0.082616 0.910434
vn 0.027983 0.008746 0.999570
vn 0.401016 0.203886 0.893094
vn 0.598090 -0.030871 0.800835
vn 0.471432 0.021901 0.881630
vn 0.151749 -0.031410 0.987920
vn -0.334210 0.121688 0.934610
vn 0.493914 0.031353 0.868945
vn 0.572010 -0.109090 0.812960
vn 0.617480 -0.081541 0.782349
vn 0.659381 -0.057001 0.749645
vn 0.759099 -0.122152 0.639412
vn 0.739702 -0.202051 0.641885
vn 0.747135 -0.178311 0.640308
vn 0.781182 -0.022067 0.623914
vn 0.878890 -0.072277 0.471517
vn 0.800190 -0.148634 0.581037
vn 0.985498 -0.070708 0.154254
vn 0.909705 -0.036197 0.413675
vn 0.990347 0.099828 0.096167
vn 0.724597 0.016965 0.688964
vn 0.523984 0.310160 0.793247
vn 0.426958 0.025071 0.903924
vn 0.652476 -0.100906 0.751061
vn 0.412779 0.629417 0.658367
vn 0.560292 -0.413021 0.717974
vn 0.997000 -0.011231 -0.076577
vn 0.981961 -0.117219 -0.148366
vn 0.845687 -0.274562 -0.457634
vn 0.915495 -0.169526 -0.364870
vn 0.943319 -0.318197 0.094341
vn 0.856493 -0.389996 -0.338115
vn 0.107802 -0.245063 0.963495
vn -0.412729 -0.854458 0.315526
vn -0.031208 -0.947899 -0.317039
vn -0.301156 -0.872729 -0.384252
vn -0.535154 -0.526200 0.660851
vn -0.595134 -0.776218 0.208088
vn 0.340326 -0.390894 -0.855208
vn 0.692894 0.320638 -0.645824
vn 0.873135 0.377249 -0.308737
vn 0.718385 0.178443 -0.672370
vn 0.929672 0.345210 -0.128609
vn 0.120863 0.068367 0.990312
vn -0.473943 -0.236748 0.848132
vn -0.619031 -0.513521 0.594219
vn 0.358740 0.307570 0.881309
vn -0.595609 -0.580739 0.554970
vn -0.619404 -0.355834 0.699801
vn -0.582255 -0.561412 0.588044
vn 0.826230 0.005721 -0.563304
vn 0.136746 -0.472114 -0.870867
vn 0.833265 -0.198769 -0.515907
vn 0.908324 0.118567 0.401111
vn 0.626178 -0.434912 -0.647111
vn 0.885888 -0.057260 0.460351
vn 0.289248 -0.446327 -0.846834
vn -0.107894 -0.364271 -0.925022
vn -0.866801 -0.497832 -0.028632
vn -0.212262 -0.328669 -0.920283
vn -0.693641 -0.611053 0.381414
vn 0.653709 -0.420658 -0.629056
vn 0.873190 -0.083157 0.480234
vn -0.023998 -0.385576 -0.922364
vn 0.277942 -0.418345 -0.864717
vn -0.568926 -0.452522 0.686693
vn 0.499144 -0.533149 -0.683087
vn 0.901376 -0.308610 0.303780
vn 0.613973 -0.721006 0.321227
vn -0.515235 -0.400510 0.757710
vn -0.639720 -0.268882 0.720042
vn -0.349790 0.169728 0.921325
vn 0.287416 0.325278 0.900881
vn 0.399414 0.635001 0.661243
vn 0.439425 0.812086 0.383956
vn 0.473733 0.875560 -0.094718
vn 0.526177 0.794548 0.303038
vn 0.511087 0.570783 0.642648
vn 0.501461 0.525824 -0.687056
vn 0.620709 0.734566 -0.274106
vn 0.707585 0.661197 0.249282
vn -0.016670 0.489209 0.872007
vn 0.357949 0.038028 -0.932967
vn 0.802227 0.507690 -0.314138
vn 0.443209 0.613155 0.653917
vn 0.379156 -0.229773 -0.896351
vn 0.294344 -0.152009 -0.943533
vn 0.688405 0.109130 -0.717070
vn 0.457532 -0.417313 -0.785184
vn 0.361613 -0.310058 -0.879261
vn 0.781382 0.565994 0.262853
vn 0.482262 -0.334747 -0.809548
vn 0.609587 -0.466773 -0.640724
vn 0.462955 -0.338316 -0.819277
vn 0.459522 -0.571550 -0.679831
vn 0.735197 -0.355273 -0.577293
vn 0.567881 -0.317355 -0.759471
vn 0.689893 -0.306434 -0.655855
vn 0.493086 -0.349157 -0.796841
vn 0.537012 -0.338040 -0.772882
vn 0.856493 -0.389996 -0.338115
vn 0.645576 -0.372001 -0.666968
vn 0.449529 -0.512169 -0.731851
vn 0.915495 -0.169526 -0.364870
vn 0.845687 -0.274562 -0.457634
vn 0.602733 -0.588762 -0.538583
vn -0.031208 -0.947899 -0.317039
vn 0.236731 -0.746034 -0.622408
vn 0.291609 -0.646175 -0.705282
vn 0.077347 -0.746960 -0.660354
vn -0.301156 -0.872729 -0.384252
vn 0.506286 -0.403225 -0.762289
vn 0.275077 -0.678178 -0.681474
vn 0.704148 0.158573 -0.692120
vn 0.692894 0.320638 -0.645824
vn 0.792782 0.514552 -0.326700
vn 0.873135 0.377249 -0.308737
vn 0.929672 0.345210 -0.128609
vn 0.610059 -0.253370 -0.750754
vn 0.793439 0.026560 -0.608070
vn 0.551132 -0.446146 -0.705129
vn 0.358391 -0.649758 -0.670351
vn 0.900335 0.386988 -0.199092
vn 0.875416 0.032653 -0.482266
vn 0.590829 -0.476395 -0.651129
vn 0.471305 -0.624181 -0.623112
vn 0.910085 0.403552 -0.094290
vn 0.905368 0.054612 -0.421101
vn 0.788113 0.197026 -0.583145
vn 0.622332 -0.484985 -0.614405
vn 0.895093 0.438389 -0.081388
vn 0.734086 0.626770 0.261298
vn 0.749429 -0.515324 -0.415688
vn 0.889944 0.021644 -0.455556
vn 0.727988 0.648281 0.223079
vn 0.293723 0.726564 0.621153
vn 0.870827 0.459383 -0.175006
vn 0.310919 0.701682 0.641071
vn -0.187449 0.528164 0.828194
vn 0.692149 0.691586 0.206490
vn -0.155901 0.458862 0.874723
vn -0.502971 0.162936 0.848806
vn -0.449116 -0.007869 0.893439
vn 0.302901 0.668696 0.679041
vn -0.451175 -0.257523 0.854473
vn -0.186863 0.239909 0.952642
vn 0.252923 0.565979 0.784664
vn -0.326065 -0.102854 0.939735
vn -0.723458 -0.256272 0.641041
vn 0.636003 0.740529 0.217063
vn -0.775010 -0.459797 -0.433529
vn 0.006386 0.177796 0.984047
vn 0.922338 0.359024 -0.142807
vn 0.319370 0.832783 0.452189
vn -0.391695 0.602785 0.695144
vn -0.682117 0.069234 0.727958
vn -0.113962 0.242932 -0.963326
vn -0.078056 -0.191870 -0.978311
vn 0.947197 -0.073999 -0.311997
vn 0.923272 0.341464 0.175984
vn 0.805711 -0.426115 -0.411407
vn 0.987484 -0.020303 0.156408
vn 0.388981 0.831846 0.395887
vn 0.950189 -0.278610 0.139703
vn -0.094376 -0.273419 -0.957254
vn -0.091300 -0.257987 -0.961825
vn 0.061990 0.993027 -0.100276
vn 0.691020 -0.029328 0.722241
vn 0.335687 0.805218 0.488814
vn 0.066694 0.977992 -0.197697
vn 0.068058 -0.342267 -0.937135
vn -0.113924 0.636107 -0.763144
vn -0.193707 0.392337 -0.899194
vn -0.064021 0.131689 -0.989222
vn 0.061720 0.336931 -0.939504
vn -0.194501 -0.170381 -0.965991
vn -0.077364 0.530989 -0.843840
vn -0.180115 0.147571 -0.972513
vn 0.126260 -0.268615 -0.954937
vn -0.021456 -0.181311 -0.983192
vn -0.180737 -0.051048 -0.982206
vn -0.249392 0.144450 -0.957569
vn -0.061840 0.553249 -0.830717
vn -0.024318 0.988926 -0.146401
vn 0.249862 0.842472 0.477294
vn -0.180298 0.982493 -0.046906
vn -0.341521 0.668337 -0.660824
vn -0.372235 0.241433 -0.896187
vn -0.269674 -0.004599 -0.962941
vn 0.643889 0.179716 0.743713
vn -0.276566 0.274662 -0.920908
vn -0.192504 -0.159759 -0.968204
vn 0.079412 0.899117 0.430444
vn -0.323505 0.720497 -0.613375
vn 0.747587 -0.016457 0.663960
vn -0.186015 0.048783 -0.981335
vn -0.187024 0.979594 -0.073606
vn -0.151344 0.317953 -0.935949
vn -0.097309 0.167591 -0.981043
vn -0.055572 0.718345 -0.693464
vn 0.377926 0.497515 0.780801
vn 0.666260 0.091639 0.740067
vn 0.695648 0.338256 0.633764
vn 0.542268 0.192795 0.817787
vn 0.791529 0.334229 0.511638
vn 0.331232 0.297673 0.895364
vn 0.524805 0.435587 0.731330
vn 0.852410 0.520491 -0.049859
vn 0.748663 0.662930 0.005196
vn 0.639863 0.495145 0.587712
vn 0.793410 0.564513 0.227651
vn 0.742190 0.274334 0.611469
vn 0.875712 0.442243 0.193777
vn 0.908324 0.118567 0.401111
vn 0.885888 -0.057260 0.460351
vn 0.482259 0.238199 0.843023
vn 0.402674 0.143467 0.904030
vn 0.615658 0.136750 0.776057
vn 0.341588 0.226100 0.912248
vn 0.363246 0.143838 0.920523
vn 0.543746 0.115133 0.831315
vn 0.873190 -0.083157 0.480234
vn 0.901376 -0.308610 0.303780
vn 0.280357 0.168958 0.944909
vn 0.482921 0.084849 0.871544
vn 0.613973 -0.721006 0.321227
vn 0.249228 0.067489 0.966090
vn 0.093937 -0.226502 0.969470
vn 0.722522 -0.661528 -0.200854
vn 0.113639 0.123571 0.985808
vn 0.112943 0.002115 0.993599
vn -0.000854 0.016264 0.999867
vn 0.104407 -0.515321 0.850614
vn 0.571258 -0.792937 -0.211930
vn -0.154888 0.013303 0.987842
vn -0.160960 -0.137341 0.977358
vn 0.400967 -0.520161 0.754094
vn 0.322177 -0.396073 0.859842
vn -0.244631 -0.966659 0.075669
vn -0.211645 -0.947492 -0.239721
vn 0.197450 -0.052643 0.978898
vn 0.168946 -0.044927 0.984601
vn 0.148081 -0.024576 0.988670
vn 0.143911 0.013239 0.989502
vn 0.240486 -0.145475 0.959689
vn 0.410755 0.015703 0.911610
vn 0.402060 0.054907 0.913966
vn 0.415561 -0.109181 0.902988
vn 0.183096 0.019665 0.982898
vn 0.216577 0.009684 0.976218
vn 0.172991 -0.357881 0.917603
vn -0.011818 -0.375112 0.926904
vn -0.122684 -0.809019 -0.574836
vn 0.020236 0.007798 0.999765
vn -0.318018 -0.226441 0.920646
vn -0.442473 0.282450 -0.851140
vn -0.368000 0.666181 0.648675
vn -0.415738 0.001494 -0.909483
vn -0.217792 0.031474 0.975487
vn -0.454938 0.047397 -0.889261
vn 0.052095 0.019185 0.998458
vn -0.167224 0.015480 0.985797
vn -0.492048 0.099891 -0.864818
vn 0.164637 -0.093290 0.981933
vn -0.211909 -0.042466 0.976366
vn -0.505717 -0.008714 -0.862656
vn 0.036262 -0.077931 0.996299
vn 0.421832 -0.059676 0.904708
vn -0.200081 0.048587 0.978574
vn -0.387487 -0.037231 -0.921123
vn 0.151051 -0.000831 0.988526
vn 0.397025 -0.020960 0.917568
vn 0.021918 0.007212 0.999734
vn -0.249265 0.018126 0.968266
vn -0.215590 -0.024976 -0.976164
vn 0.314507 -0.024511 0.948939
vn 0.112328 -0.000398 0.993671
vn 0.000197 0.027960 0.999609
vn -0.353969 0.026686 0.934876
vn -0.090810 -0.059234 -0.994105
vn 0.110032 -0.012585 0.993848
vn -0.071130 0.003797 0.997460
vn -0.364647 0.246056 0.898048
vn -0.007790 -0.432693 -0.901508
vn 0.171514 0.149564 0.973763
vn -0.102745 0.256556 0.961053
vn -0.368790 0.572875 0.731989
vn -0.219634 -0.345252 -0.912448
vn -0.062033 0.475336 0.877615
vn -0.278034 0.483653 0.829926
vn -0.367098 -0.470992 -0.802126
vn 0.330978 0.076850 0.940504
vn 0.219366 0.365267 0.904687
vn 0.113855 0.422627 0.899124
vn -0.106826 0.522804 0.845733
vn -0.300699 -0.809177 -0.504790
vn 0.255674 0.008358 0.966727
vn 0.339214 0.233567 0.911252
vn 0.230241 0.429792 0.873080
vn 0.276523 0.215448 0.936545
vn 0.301356 0.364677 0.881019
vn 0.229409 0.368044 0.901063
vn 0.294782 0.612248 0.733659
vn 0.134864 0.607162 0.783049
vn 0.239487 0.608604 0.756471
vn -0.020746 0.905156 0.424574
vn 0.181950 0.919441 0.348602
vn 0.168721 0.610297 0.773996
vn 0.075019 0.982957 -0.167832
vn 0.200333 0.909888 0.363278
vn 0.117524 0.901800 0.415866
vn 0.067127 0.989531 -0.127755
vn -0.084107 0.803644 -0.589137
vn -0.127407 0.813410 0.567567
vn -0.124008 -0.991719 -0.033405
vn -0.020550 0.999375 0.028762
vn -0.171330 0.956201 0.237329
vn 0.044218 -0.917005 0.396417
vn -0.236557 0.476986 -0.846478
vn -0.152557 0.941430 -0.300725
vn -0.232101 0.970453 -0.065960
vn 0.201954 -0.610714 0.765665
vn -0.107607 0.389521 -0.914710
vn -0.281439 0.750687 -0.597713
vn -0.217426 0.879353 -0.423632
vn 0.006687 -0.553719 0.832677
vn -0.052007 0.749368 -0.660108
vn 0.011692 0.925721 -0.378026
vn 0.050171 -0.119345 0.991584
vn -0.382184 -0.030068 -0.923597
vn -0.395119 0.220292 -0.891825
vn 0.089118 0.015280 0.995904
vn -0.297617 0.228192 -0.927013
vn -0.442428 -0.034660 -0.896134
vn 0.019044 0.105316 0.994256
vn -0.357580 -0.137320 -0.923732
vn -0.182353 -0.050107 -0.981956
vn -0.378164 -0.192108 -0.905586
vn -0.035283 0.175536 0.983841
vn -0.377374 -0.153420 -0.913264
vn -0.357627 -0.176485 -0.917036
vn -0.103033 -0.051086 -0.993365
vn -0.323639 -0.201693 -0.924434
vn -0.130835 0.328759 0.935307
vn 0.004172 -0.076939 -0.997027
vn -0.344689 -0.150548 -0.926566
vn -0.365441 -0.210284 -0.906771
vn -0.042555 -0.244538 -0.968705
vn -0.199950 -0.387123 -0.900086
vn -0.368000 0.666181 0.648675
vn -0.122684 -0.809019 -0.574836
vn -0.211645 -0.947492 -0.239721
vn -0.371199 -0.410559 -0.832858
vn -0.244631 -0.966659 0.075669
vn -0.193919 -0.480250 -0.855427
vn 0.571258 -0.792937 -0.211930
vn 0.722522 -0.661528 -0.200854
vn -0.275943 -0.223015 -0.934944
vn 0.216779 -0.104781 -0.970581
vn 0.471506 -0.180189 -0.863258
vn 0.348472 -0.089152 -0.933070
vn 0.671065 -0.270189 -0.690412
vn 0.245576 -0.256152 -0.934922
vn 0.255258 -0.466511 -0.846883
vn 0.568779 -0.155588 -0.807640
vn -0.027355 -0.302176 -0.952859
vn 0.039951 -0.384788 -0.922140
vn 0.305794 -0.364253 -0.879665
vn -0.300699 -0.809177 -0.504790
vn -0.124008 -0.991719 -0.033405
vn -0.057544 -0.997983 -0.026805
vn -0.199128 -0.874592 -0.442083
vn -0.367098 -0.470992 -0.802126
vn -0.070424 -0.992755 0.097357
vn -0.241147 -0.603917 -0.759693
vn -0.219634 -0.345252 -0.912448
vn -0.186467 -0.913368 -0.361925
vn -0.235846 -0.948313 0.212319
vn -0.181228 -0.426788 -0.886007
vn -0.007790 -0.432693 -0.901508
vn -0.333994 -0.892880 -0.302016
vn -0.728967 -0.450042 0.515819
vn -0.236741 -0.650102 -0.722025
vn -0.025300 -0.431187 -0.901908
vn -0.090810 -0.059234 -0.994105
vn -0.263393 -0.432679 -0.862214
vn 0.034230 -0.220807 -0.974717
vn -0.215590 -0.024976 -0.976164
vn -0.890655 -0.454433 0.015005
vn -0.971404 -0.051956 0.231679
vn -0.410917 -0.581907 -0.701806
vn -0.759203 -0.249765 -0.601023
vn -0.633073 -0.115865 -0.765372
vn -0.582417 -0.081569 -0.808787
vn -0.562228 -0.032621 -0.826339
vn -0.387752 -0.317270 -0.865441
vn -0.421216 -0.196478 -0.885423
vn -0.047049 -0.000359 -0.998893
vn -0.387487 -0.037231 -0.921123
vn -0.268038 -0.342497 -0.900473
vn -0.201000 -0.140333 -0.969487
vn -0.404684 -0.074171 -0.911444
vn -0.128732 -0.027222 -0.991306
vn -0.505717 -0.008714 -0.862656
vn -0.570726 0.042372 -0.820047
vn -0.388236 0.027496 -0.921150
vn -0.128345 0.027119 -0.991359
vn -0.157359 -0.000784 -0.987541
vn -0.492048 0.099891 -0.864818
vn -0.126964 0.003111 -0.991902
vn -0.597622 0.082644 -0.797507
vn -0.163506 0.087142 -0.982686
vn -0.454938 0.047397 -0.889261
vn -0.465510 0.026664 -0.884641
vn -0.153133 -0.004896 -0.988193
vn -0.161655 -0.004972 -0.986835
vn -0.415738 0.001494 -0.909483
vn -0.362616 -0.051803 -0.930498
vn -0.474871 0.064006 -0.877725
vn -0.158852 0.095002 -0.982721
vn -0.120940 -0.014500 -0.992554
vn -0.442473 0.282450 -0.851140
vn -0.471007 0.109422 -0.875317
vn -0.181626 -0.016450 -0.983230
vn -0.077710 0.311709 -0.946994
vn -0.368000 0.666181 0.648675
vn -0.221419 -0.028290 -0.974768
vn 0.176699 0.892856 0.414229
vn -0.130835 0.328759 0.935307
vn -0.197384 0.274872 -0.941002
vn -0.332778 0.315241 -0.888753
vn -0.427699 -0.032493 -0.903337
vn -0.445838 -0.057826 -0.893244
vn 0.349837 0.334049 0.875228
vn -0.035283 0.175536 0.983841
vn -0.291410 0.023936 -0.956299
vn -0.333953 0.037718 -0.941835
vn 0.016708 -0.258806 -0.965785
vn -0.424523 0.298233 -0.854890
vn 0.090880 0.128364 -0.987554
vn 0.398965 0.911474 0.100216
vn 0.348321 0.196723 0.916500
vn 0.019044 0.105316 0.994256
vn -0.169867 -0.063259 -0.983434
vn 0.021128 0.389930 -0.920602
vn -0.531251 0.721069 0.444782
vn 0.266824 0.400190 0.876728
vn -0.846049 0.405602 -0.345958
vn -0.723887 0.056061 0.687637
vn -0.679365 0.053802 0.731826
vn -0.738167 0.597444 0.313320
vn -0.432445 0.145924 0.889774
vn -0.353845 0.077335 0.932101
vn 0.325034 0.217502 0.920351
vn -0.465804 0.136049 0.874367
vn -0.227468 0.086818 0.969908
vn 0.422869 0.147533 0.894101
vn -0.267864 0.089731 0.959269
vn -0.054055 0.059206 0.996781
vn 0.344658 0.162008 0.924643
vn 0.089118 0.015280 0.995904
vn 0.458840 0.160316 0.873936
vn 0.335149 0.150030 0.930143
vn 0.050171 -0.119345 0.991584
vn -0.152844 -0.029866 0.987799
vn 0.107222 0.035751 0.993592
vn 0.263438 -0.081516 0.961226
vn 0.006687 -0.553719 0.832677
vn 0.510040 0.137134 0.849149
vn 0.131507 -0.609221 0.782020
vn 0.201954 -0.610714 0.765665
vn -0.085909 0.023655 0.996022
vn 0.059787 -0.098840 0.993306
vn 0.277899 -0.669821 0.688558
vn 0.044218 -0.917005 0.396417
vn 0.180219 -0.318568 0.930610
vn -0.148020 -0.036481 0.988311
vn 0.098892 -0.935761 0.338485
vn -0.124008 -0.991719 -0.033405
vn -0.057544 -0.997983 -0.026805
vn 0.110562 -0.250072 0.961894
vn -0.483529 -0.279184 0.829612
vn -0.728967 -0.450042 0.515819
vn 0.268037 -0.430486 0.861880
vn 0.086468 -0.834560 0.544090
vn -0.070424 -0.992755 0.097357
vn -0.235846 -0.948313 0.212319
vn -0.066975 -0.698861 0.712115
vn 0.101453 0.060635 0.992991
vn 0.151749 -0.031410 0.987920
vn 0.063100 -0.082973 0.994552
vn 0.380432 0.070911 0.922086
vn 0.401016 0.203886 0.893094
vn 0.306789 0.078513 0.948534
vn 0.027983 0.008746 0.999570
vn -0.017147 0.123882 0.992149
vn 0.311563 0.228988 0.922222
vn 0.026326 0.313330 0.949279
vn -0.066246 0.344514 0.936441
vn 0.074515 0.477857 0.875271
vn -0.050844 0.486765 0.872052
vn 0.015083 0.683320 0.729963
vn -0.062705 0.636574 0.768662
vn 0.103230 0.846327 0.522564
vn 0.082825 0.850667 0.519140
vn 0.198824 0.885668 0.419597
vn 0.145344 0.886533 0.439242
vn 0.275930 0.938693 0.206682
vn 0.352808 0.283482 0.891720
vn 0.251293 0.435692 0.864305
vn -0.005708 0.446415 0.894808
vn -0.001418 0.584107 0.811675
vn -0.099164 0.695376 0.711771
vn -0.019885 0.710927 0.702984
vn 0.442081 0.538137 0.717617
vn 0.216412 0.412741 0.884766
vn 0.041426 -0.040442 0.998323
vn -0.047995 0.154891 0.986765
vn -0.041317 -0.027625 0.998764
vn -0.027901 -0.071904 0.997021
vn -0.111141 -0.044193 0.992822
vn 0.162085 0.456109 0.875039
vn -0.153942 -0.016550 0.987941
vn -0.124675 0.315062 0.940846
vn -0.144604 0.012814 0.989407
vn 0.042772 0.081785 0.995732
vn -0.157266 -0.006797 0.987533
vn -0.158618 0.110659 0.981119
vn -0.083453 0.119680 0.989299
vn -0.018560 0.329753 0.943885
vn -0.157830 0.406538 0.899898
vn -0.039222 0.419519 0.906899
vn 0.078529 0.687456 0.721968
vn 0.167616 0.599518 0.782613
vn 0.035539 0.659391 0.750960
vn 0.080019 0.664764 0.742755
vn 0.188291 0.651189 0.735187
vn 0.110740 0.810404 0.575310
vn 0.144304 0.785452 0.601865
vn -0.014166 0.860069 0.509981
vn -0.015537 0.848335 0.529232
vn -0.128251 0.647900 0.750851
vn 0.072446 0.832577 0.549152
vn -0.159042 0.884852 0.437884
vn -0.109593 0.885616 0.451301
vn -0.275923 0.938689 0.206710
vn -0.227556 0.652252 0.723039
vn -0.094764 0.742373 0.663252
vn 0.037211 0.639754 0.767678
vn -0.111609 0.860616 0.496873
vn -0.423793 0.619999 0.660303
vn -0.086778 0.810594 0.579144
vn 0.182369 0.661611 0.727333
vn 0.041869 0.840497 0.540196
vn 0.302131 0.829274 0.470130
vn 0.420038 0.639407 0.643993
vn -0.081449 0.734132 0.674104
vn -0.120492 0.816750 0.564271
vn 0.543020 0.804077 0.242053
vn 0.653512 0.602967 0.457552
vn 0.043403 0.827026 0.560485
vn 0.389759 0.903301 0.179262
vn 0.494158 0.812169 -0.310145
vn 0.357064 0.898412 -0.255659
vn 0.649044 0.731851 -0.207691
vn 0.850989 0.517493 0.089544
vn 0.282948 0.706973 -0.648174
vn 0.212476 0.742525 -0.635225
vn 0.409103 0.608103 -0.680328
vn -0.002518 0.545592 -0.838047
vn -0.000000 0.679953 -0.733256
vn -0.000000 0.664749 -0.747067
vn -0.212478 0.742525 -0.635224
vn -0.282948 0.706973 -0.648174
vn -0.357050 0.898420 -0.255651
vn 0.786359 0.417311 -0.455511
vn 0.210437 0.838382 0.502823
vn -0.494164 0.812164 -0.310148
vn -0.406695 0.630186 -0.661411
vn -0.389758 0.903306 0.179242
vn -0.639480 0.736985 -0.218903
vn -0.475426 0.836124 0.273618
vn -0.647106 0.576816 0.498535
vn -0.854574 0.507609 0.109708
vn -0.791179 0.421608 -0.443038
vn -0.299866 0.706275 0.641292
vn -0.422891 0.722549 0.546888
vn -0.388591 0.329921 -0.860319
vn -0.499086 0.812005 0.302591
vn -0.524439 0.842771 -0.121244
vn 0.803793 0.567914 -0.177174
vn 0.853917 0.520199 -0.014793
vn 0.726517 0.669580 -0.154388
vn 0.791616 0.528117 0.307305
vn 0.566482 0.557188 0.607158
vn 0.013914 0.994219 -0.106465
vn -0.711628 0.689701 -0.133781
vn -0.812995 0.560060 -0.159286
vn -0.856939 0.515417 -0.000753
vn 0.223835 0.603119 0.765601
vn -0.792020 0.527634 0.307093
vn -0.274081 0.838364 -0.471196
vn -0.000014 0.643232 0.765672
vn 0.443850 0.845773 0.296082
vn -0.566893 0.556754 0.607172
vn 0.520600 0.848790 -0.092363
vn -0.224024 0.602912 0.765709
vn -0.000944 0.279601 -0.960116
vn -0.003416 0.833534 -0.552458
vn 0.260654 0.852000 -0.454044
vn 0.389462 0.329332 -0.860151
vn -0.143626 -0.617144 0.773631
vn 0.000000 -0.637917 0.770105
vn -0.000000 -0.357663 0.933851
vn -0.123735 -0.279160 0.952239
vn -0.258625 -0.579699 0.772698
vn -0.000000 -0.577201 0.816603
vn -0.000001 -0.116311 0.993213
vn -0.405050 -0.097298 0.909102
vn -0.288952 -0.530250 0.797083
vn -0.522498 -0.084639 0.848429
vn -0.331604 -0.476726 0.814107
vn -0.346844 -0.419884 0.838688
vn -0.659529 -0.223721 0.717614
vn -0.406918 -0.339319 0.848104
vn -0.535167 0.053142 0.843073
vn -0.520593 -0.143397 0.841677
vn -0.482014 -0.058240 0.874226
vn -0.566923 -0.068248 0.820939
vn -0.769201 -0.179447 0.613294
vn -0.586548 0.328169 0.740450
vn -0.000001 0.415889 0.909415
vn -0.757675 0.234877 0.608902
vn -0.453069 0.129380 0.882037
vn -0.000000 0.257303 0.966331
vn -0.078240 0.084033 0.993387
vn 0.000000 0.072527 0.997366
vn -0.042058 0.167734 0.984935
vn 0.000000 0.145474 0.989362
vn -0.182481 0.187475 0.965170
vn -0.188507 0.233776 0.953842
vn -0.355040 -0.440970 0.824313
vn -0.295208 0.249169 0.922370
vn -0.299767 0.283181 0.911015
vn -0.656496 0.006941 0.754298
vn -0.403141 -0.562632 0.721749
vn -0.205108 -0.367765 0.907017
vn -0.424650 0.298876 0.854603
vn -0.426175 0.325826 0.843926
vn -0.635356 0.295057 0.713628
vn -0.613685 0.348287 0.708581
vn -0.776457 0.244929 0.580624
vn -0.750297 0.310153 0.583832
vn -0.846780 0.227061 0.481047
vn -0.853743 0.200919 0.480370
vn -0.888613 0.095439 0.448619
vn -0.926986 -0.016237 0.374745
vn -0.933374 -0.008264 0.358811
vn -0.890349 -0.184985 0.416004
vn -0.939158 -0.017134 0.343058
vn -0.793086 -0.369096 0.484543
vn -0.751379 -0.173011 0.636787
vn -0.937980 -0.068414 0.339871
vn -0.520721 -0.140500 0.842087
vn -0.710560 -0.371615 0.597501
vn -0.288979 -0.266085 0.919614
vn -0.396881 -0.547564 0.736654
vn -0.185455 -0.622523 0.760310
vn -0.312438 -0.210267 0.926375
vn -0.329893 -0.850363 0.409943
vn -0.118801 -0.795462 0.594244
vn -0.375654 -0.672983 0.637164
vn -0.269493 -0.205626 0.940793
vn -0.442421 0.104416 0.890708
vn -0.199948 0.335368 0.920624
vn -0.325887 0.362916 0.872977
vn -0.659075 0.279995 0.698014
vn -0.355780 0.124775 0.926203
vn -0.336748 0.259925 0.905008
vn -0.746765 0.126897 0.652870
vn -0.467267 0.246899 0.848942
vn -0.520690 0.202484 0.829386
vn -0.578595 0.585404 0.567918
vn -0.731531 -0.271663 0.625349
vn -0.679796 0.406585 0.610382
vn -0.536712 0.173167 0.825805
vn -0.734280 0.387992 0.557042
vn -0.809233 0.242252 0.535216
vn -0.815364 0.158003 0.556970
vn -0.871541 0.270628 0.408872
vn -0.502484 -0.193649 0.842621
vn -0.728819 -0.212088 0.651032
vn -0.846954 -0.276171 0.454310
vn -0.935158 -0.114157 0.335331
vn -0.975431 0.031730 0.218009
vn -0.445276 -0.174722 0.878181
vn -0.968213 0.002714 0.250111
vn -0.739451 -0.348781 0.575816
vn -0.972858 -0.166081 0.161137
vn -0.904629 -0.357239 0.232436
vn -0.827979 -0.045027 0.558948
vn -0.714790 -0.215261 0.665385
vn -0.171337 -0.941627 0.289798
vn -0.866248 -0.434798 0.246101
vn -0.769902 -0.194668 0.607746
vn -0.898728 -0.273095 0.343085
vn -0.899757 -0.285283 0.330230
vn -0.877338 -0.403471 0.259787
vn -0.853699 -0.236608 0.463913
vn -0.950068 -0.242121 0.196847
vn -0.935652 -0.261905 0.236559
vn -0.717609 -0.246175 0.651487
vn -0.902177 -0.291402 0.318059
vn -0.977999 -0.173579 0.115707
vn -0.966148 -0.236870 0.102229
vn -0.982176 -0.095392 0.161957
vn -0.959690 -0.176882 0.218423
vn -0.921507 -0.124513 0.367861
vn -0.946390 -0.055829 0.318164
vn -0.961981 -0.004718 0.273075
vn -0.942775 0.001648 0.333426
vn -0.959684 0.051719 0.276282
vn -0.994060 -0.019698 0.107039
vn -0.988054 -0.148652 0.040648
vn -0.972280 -0.222648 -0.071415
vn -0.944969 -0.184876 -0.269916
vn -0.981183 -0.159715 -0.108498
vn -0.965979 -0.255369 -0.040875
vn -0.948300 -0.316840 -0.018397
vn -0.976851 -0.198671 -0.079326
vn -0.958568 -0.265817 0.102417
vn -0.997213 -0.022862 0.071017
vn -0.974706 -0.222794 0.017617
vn -0.979188 -0.179364 -0.094970
vn -0.956774 -0.201279 -0.209930
vn -0.604638 0.671792 0.427913
vn -0.956545 -0.120417 0.265559
vn -0.943800 -0.322930 -0.070412
vn -0.587222 -0.302721 0.750687
vn -0.960860 -0.033763 -0.274968
vn -0.947125 -0.105986 -0.302854
vn -0.844276 -0.033758 -0.534845
vn -0.829848 -0.014270 -0.557808
vn -0.595814 0.119850 -0.794129
vn -0.945367 -0.069680 -0.318476
vn -0.580817 0.064143 -0.811503
vn -0.190165 0.185808 -0.964009
vn -0.824642 -0.069069 -0.561422
vn -0.182252 0.103636 -0.977775
vn 0.000000 0.172855 -0.984947
vn 0.000000 0.098348 -0.995152
vn -0.553947 -0.085612 -0.828138
vn -0.172989 -0.090142 -0.980790
vn 0.000000 -0.090732 -0.995875
vn -0.154170 -0.191051 -0.969397
vn 0.000000 -0.189990 -0.981786
vn -0.495885 -0.165308 -0.852509
vn -0.140255 -0.129798 -0.981571
vn 0.000000 -0.134533 -0.990909
vn 0.000000 0.058252 -0.998302
vn -0.812839 -0.137672 -0.565984
vn -0.473002 -0.116273 -0.873355
vn -0.135807 0.056415 -0.989128
vn -0.943188 -0.154304 -0.294255
vn -0.837758 -0.121859 -0.532271
vn -0.130358 0.213182 -0.968277
vn 0.000000 0.206619 -0.978421
vn -0.493855 0.028695 -0.869071
vn -0.869632 -0.000466 -0.493700
vn -0.499138 0.185465 -0.846442
vn -0.084643 0.304717 -0.948674
vn 0.000000 0.273007 -0.962012
vn -0.172855 0.530569 -0.829830
vn -0.467757 0.342599 -0.814757
vn -0.016918 0.327483 -0.944705
vn -0.000000 0.276474 -0.961021
vn -0.000000 0.270132 -0.962823
vn 0.029210 0.326562 -0.944724
vn -0.271970 0.461437 -0.844457
vn -0.372146 0.441280 -0.816566
vn -0.500010 0.638032 -0.585581
vn -0.608289 0.604206 -0.514703
vn -0.546157 0.818516 -0.178168
vn -0.802316 0.383685 -0.457247
vn -0.932836 0.354850 0.062445
vn -0.675951 0.734258 -0.062893
vn -0.441138 0.878647 0.182694
vn -0.876576 0.134931 -0.461962
vn -0.534693 0.784691 0.313630
vn -0.991468 0.104006 -0.078580
vn -0.880535 -0.013806 -0.473779
vn -0.307328 0.831655 0.462493
vn -0.283114 0.890929 0.355095
vn -0.103053 0.881780 0.460266
vn -0.967612 -0.171507 -0.185235
vn -0.790889 0.469163 0.392913
vn -0.114361 0.813902 0.569636
vn 0.001201 0.862396 0.506233
vn -0.993277 -0.042383 -0.107722
vn -0.835043 -0.475723 -0.276389
vn -0.848714 -0.211590 -0.484679
vn -0.995270 -0.091891 0.031531
vn -0.982663 0.022763 0.183997
vn -0.541091 0.617406 0.570991
vn 0.022793 0.841573 0.539662
vn -0.007664 0.885655 0.464280
vn -0.948608 0.107313 0.297704
vn -0.876983 0.237503 0.417724
vn -0.342587 0.647568 0.680654
vn 0.065434 0.885679 0.459665
vn -0.119894 0.813648 0.568861
vn -0.758109 0.358770 0.544569
vn -0.133800 0.774418 0.618364
vn -0.634391 0.423128 0.646924
vn -0.936823 -0.134714 0.322823
vn -0.877978 0.005775 0.478667
vn -0.785298 0.134630 0.604303
vn -0.683983 0.243389 0.687698
vn -0.957011 -0.220478 0.188468
vn -0.889792 -0.454765 0.038198
vn -0.956384 -0.269031 -0.113808
vn -0.902519 -0.391962 0.178396
vn -0.853810 -0.163989 0.494081
vn -0.771880 -0.071963 0.631682
vn -0.584912 0.324964 0.743153
vn -0.464988 0.592870 0.657488
vn 0.023634 0.897469 0.440445
vn -0.040411 0.815058 0.577968
vn -0.152225 0.666515 0.729785
vn -0.212816 0.687371 0.694428
vn -0.030144 0.824040 0.565729
vn -0.135795 0.665655 0.733800
vn -0.129195 0.855855 0.500821
vn -0.149665 0.701717 0.696558
vn -0.261076 0.839241 0.476985
vn -0.090723 0.804211 0.587379
vn -0.025038 0.690597 0.722806
vn 0.180832 0.614749 0.767713
vn -0.471690 0.452341 0.756899
vn -0.289070 0.727610 0.622111
vn 0.109470 0.644792 0.756478
vn 0.214540 0.536763 0.816001
vn -0.114216 0.516200 0.848818
vn 0.154225 0.525096 0.836952
vn 0.000000 0.508454 0.861089
vn 0.000000 0.461537 0.887121
vn -0.070729 0.342979 0.936677
vn -0.000000 0.259658 0.965701
vn -0.000001 0.044432 0.999012
vn -0.312930 0.343215 0.885595
vn -0.238049 0.194051 0.951671
vn -0.499790 0.222202 0.837160
vn -0.542714 0.076881 0.836392
vn -0.380540 -0.078561 0.921421
vn -0.447607 -0.178994 0.876133
vn 0.000010 -0.202372 0.979309
vn 0.000057 -0.760137 0.649762
vn -0.637918 0.104501 0.762981
vn -0.657022 -0.066793 0.750906
vn -0.417434 -0.707835 0.569841
vn 0.000012 -0.998622 -0.052471
vn -0.721443 -0.454306 0.522614
vn -0.753229 -0.646361 0.121918
vn -0.523364 -0.850640 0.050014
vn -0.193679 -0.978797 -0.066671
vn -0.803656 -0.593327 -0.045821
vn 0.002119 -0.980667 -0.195673
vn 0.000000 -0.978358 -0.206919
vn 0.012970 -0.966055 0.258012
vn 0.000000 -0.951407 0.307935
vn 0.000000 -0.611368 0.791346
vn 0.108661 -0.581051 0.806581
vn 0.434179 -0.415960 0.799041
vn -0.543210 -0.835027 -0.087487
vn -0.630212 -0.773738 -0.064517
vn -0.628029 -0.770283 -0.110650
vn -0.729712 -0.674253 -0.113597
vn -0.757390 -0.652654 -0.020074
vn -0.944392 -0.322956 0.061834
vn -0.222886 -0.951391 -0.212547
vn -0.806150 -0.582582 0.103538
vn -0.921048 -0.326365 0.212501
vn 0.066837 -0.973759 -0.217544
vn -0.823829 -0.547970 0.145032
vn -0.575430 -0.812234 -0.095691
vn -0.831949 -0.526222 0.175929
vn -0.122593 -0.976075 -0.179581
vn -0.877000 -0.380149 0.293867
vn -0.472071 -0.880278 0.047537
vn -0.232083 -0.963788 0.131339
vn -0.708686 -0.617922 0.340494
vn -0.788940 -0.413200 0.454795
vn -0.465812 -0.670958 0.576917
vn 0.264271 -0.608494 0.748262
vn -0.429443 -0.458871 0.777828
vn -0.788940 -0.413200 0.454795
vn -0.827702 -0.089038 0.554059
vn -0.806625 -0.157899 0.569583
vn -0.785896 0.000054 0.618358
vn -0.675324 -0.082058 0.732942
vn -0.739461 -0.114288 0.663427
vn -0.788515 0.040634 0.613672
vn -0.475911 0.036550 0.878734
vn -0.617625 0.014292 0.786343
vn -0.532127 0.787312 0.311417
vn -0.574034 0.728002 0.374830
vn -0.635479 -0.054981 0.770158
vn -0.440590 -0.044996 0.896580
vn -0.313193 0.069638 0.947133
vn -0.523366 0.192390 0.830105
vn -0.382952 0.612604 0.691422
vn -0.219832 -0.131385 0.966650
vn 0.041305 0.101455 0.993982
vn 0.015061 -0.191398 0.981397
vn -0.000001 -0.050930 0.998702
vn -0.512983 -0.258219 0.818640
vn -0.189431 -0.170763 0.966931
vn -0.124928 0.520541 0.844648
vn -0.000001 0.522513 0.852632
vn 0.026389 0.145947 0.988940
vn 0.041305 0.101455 0.993982
vn -0.313193 0.069638 0.947133
vn -0.353677 0.115324 0.928231
vn -0.000001 0.077310 0.997007
vn -0.475911 0.036550 0.878734
vn -0.563848 0.100539 0.819736
vn -0.788515 0.040634 0.613672
vn -0.785896 0.000054 0.618358
vn -0.302186 0.101010 0.947882
vn -0.000000 -0.122740 0.992439
vn -0.096059 -0.073891 0.992629
vn -0.572729 0.125449 0.810089
vn -0.472300 0.029865 0.880932
vn -0.778144 -0.057823 0.625419
vn -0.773554 0.040124 0.632459
vn -0.791573 0.068401 0.607234
vn -0.827702 -0.089038 0.554059
vn -0.811926 0.072551 0.579234
vn -0.882370 -0.017489 0.470230
vn -0.852608 0.023274 0.522033
vn 0.026389 0.145947 0.988940
vn 0.258686 0.092330 0.961539
vn 0.041305 0.101455 0.993982
vn 0.257524 0.132424 0.957155
vn -0.000001 0.077310 0.997007
vn 0.470878 0.038178 0.881372
vn 0.557627 0.108346 0.822990
vn 0.701842 0.022875 0.711966
vn 0.743029 0.006757 0.669226
vn 0.198881 0.112469 0.973549
vn -0.000000 -0.122740 0.992439
vn -0.009684 -0.110631 0.993814
vn 0.558144 0.097199 0.824031
vn 0.337805 -0.066305 0.938878
vn 0.810408 -0.060063 0.582779
vn 0.706028 0.097405 0.701453
vn 0.720553 0.090355 0.687488
vn 0.827341 -0.118341 0.549093
vn 0.908142 -0.024078 0.417970
vn 0.902932 -0.044809 0.427442
vn 0.143628 -0.617144 0.773631
vn -0.000000 -0.357663 0.933851
vn 0.000000 -0.637917 0.770105
vn 0.151910 -0.232829 0.960580
vn 0.357657 -0.533951 0.766144
vn -0.000000 -0.577201 0.816603
vn -0.000001 -0.116311 0.993213
vn 0.374974 -0.227381 0.898717
vn 0.364742 -0.501564 0.784472
vn 0.425414 0.014808 0.904878
vn 0.545716 -0.006580 0.837944
vn 0.253476 -0.397418 0.881935
vn 0.301929 -0.472568 0.827961
vn 0.414429 -0.222389 0.882492
vn 0.417278 -0.393368 0.819232
vn 0.547825 -0.401498 0.733953
vn 0.527413 -0.134217 0.838940
vn 0.763507 -0.176651 0.621169
vn 0.539069 0.359595 0.761640
vn -0.000001 0.415889 0.909415
vn 0.721795 0.290829 0.628038
vn 0.504138 0.159822 0.848706
vn -0.000000 0.257303 0.966331
vn 0.071487 0.078945 0.994312
vn 0.000000 0.072527 0.997366
vn 0.042058 0.167734 0.984935
vn 0.000000 0.145474 0.989362
vn 0.181601 0.161405 0.970036
vn 0.188508 0.233777 0.953841
vn 0.445099 -0.447207 0.775818
vn 0.295210 0.249170 0.922369
vn 0.299769 0.283182 0.911014
vn 0.714763 0.104973 0.691444
vn 0.342824 -0.557475 0.756104
vn 0.167564 -0.420511 0.891680
vn 0.424651 0.298878 0.854602
vn 0.426177 0.325828 0.843925
vn 0.635357 0.295057 0.713626
vn 0.613685 0.348288 0.708580
vn 0.793297 0.238636 0.560119
vn 0.889643 -0.190086 0.415213
vn 0.919088 0.017277 0.393674
vn 0.783215 0.284483 0.552851
vn 0.846871 0.224045 0.482300
vn 0.891671 0.082956 0.445018
vn 0.933374 -0.008264 0.358811
vn 0.751381 -0.173011 0.636784
vn 0.507485 -0.163487 0.846009
vn 0.313324 -0.214900 0.925012
vn 0.154847 -0.664566 0.731009
vn 0.292537 -0.541415 0.788221
vn 0.516514 -0.361393 0.776279
vn 0.647807 -0.492038 0.581588
vn 0.339222 -0.385482 0.858098
vn 0.674324 -0.548536 0.494363
vn 0.796853 -0.461564 0.389851
vn 0.267329 -0.692806 0.669743
vn 0.213436 -0.034527 0.976347
vn 0.307650 0.203534 0.929476
vn 0.199953 0.335374 0.920621
vn 0.495377 0.405636 0.768155
vn 0.436902 0.141906 0.888245
vn 0.339079 0.264414 0.902835
vn 0.467267 0.246899 0.848942
vn 0.520694 0.202488 0.829383
vn 0.578576 0.585393 0.567949
vn 0.727641 0.072613 0.682105
vn 0.679795 0.406584 0.610384
vn 0.536709 0.173169 0.825806
vn 0.727984 0.402632 0.554912
vn 0.809225 0.242269 0.535221
vn 0.771851 -0.250404 0.584418
vn 0.416118 -0.136654 0.898984
vn 0.869253 -0.065131 0.490059
vn 0.871540 0.270639 0.408868
vn 0.938826 -0.027248 0.343311
vn 0.939016 -0.090341 0.331795
vn 0.487750 -0.162548 0.857717
vn 0.975433 0.031738 0.218000
vn 0.937980 -0.068414 0.339871
vn 0.968213 0.002715 0.250112
vn 0.972859 -0.166087 0.161124
vn 0.946390 -0.055829 0.318164
vn 0.961981 -0.004718 0.273075
vn 0.921506 -0.124513 0.367862
vn 0.955959 0.000619 0.293498
vn 0.969909 0.050645 0.238141
vn 0.999356 -0.018982 0.030448
vn 0.959689 -0.176882 0.218426
vn 0.894650 -0.372910 0.246046
vn 0.991404 -0.130664 -0.006777
vn 0.982176 -0.095392 0.161957
vn 0.977999 -0.173579 0.115707
vn 0.969975 -0.240807 -0.034054
vn 0.962703 -0.177543 -0.204162
vn 0.985754 -0.159125 -0.054481
vn 0.964703 -0.254102 0.069144
vn 0.974613 -0.203362 0.093670
vn 0.950068 -0.242121 0.196847
vn 0.982911 -0.087340 -0.162045
vn 0.956173 -0.289490 0.043920
vn 0.959212 -0.282635 -0.005438
vn 0.894538 0.199950 0.399778
vn 0.913837 -0.298303 0.275530
vn 0.633819 0.696723 0.335932
vn 0.986829 -0.049635 0.153967
vn 0.985763 -0.166284 0.024902
vn 0.990012 -0.110460 -0.087601
vn 0.968690 -0.147298 -0.199858
vn 0.321492 0.883599 -0.340435
vn 0.171717 0.532214 -0.829012
vn 0.968418 -0.008306 -0.249194
vn 0.954859 -0.079920 -0.286106
vn 0.853220 -0.016930 -0.521276
vn 0.833316 -0.007937 -0.552740
vn 0.595815 0.119850 -0.794129
vn 0.945367 -0.069680 -0.318474
vn 0.881272 -0.012659 -0.472440
vn 0.580837 0.064191 -0.811485
vn 0.190165 0.185808 -0.964009
vn 0.824583 -0.069145 -0.561499
vn 0.182178 0.103677 -0.977784
vn 0.000000 0.172855 -0.984947
vn 0.000000 0.098348 -0.995152
vn 0.554002 -0.085525 -0.828110
vn 0.173005 -0.090265 -0.980776
vn 0.000000 -0.090732 -0.995875
vn 0.943188 -0.154304 -0.294255
vn 0.224649 0.233296 -0.946100
vn 0.812695 -0.137631 -0.566202
vn 0.154369 -0.190995 -0.969377
vn 0.000000 -0.189990 -0.981786
vn 0.495964 -0.165224 -0.852479
vn 0.140355 -0.129768 -0.981560
vn 0.000000 -0.134533 -0.990909
vn 0.000000 0.058252 -0.998302
vn 0.473031 -0.116216 -0.873347
vn 0.135809 0.056415 -0.989127
vn 0.838358 -0.121408 -0.531428
vn 0.130358 0.213181 -0.968277
vn 0.000000 0.206619 -0.978421
vn 0.493804 0.028699 -0.869100
vn 0.499129 0.185492 -0.846442
vn 0.084643 0.304717 -0.948674
vn 0.000000 0.273007 -0.962012
vn 0.467793 0.342548 -0.814758
vn 0.016918 0.327483 -0.944706
vn -0.000000 0.276474 -0.961021
vn -0.000000 0.270132 -0.962823
vn -0.029210 0.326561 -0.944725
vn 0.271970 0.461437 -0.844457
vn 0.372143 0.441291 -0.816561
vn 0.475547 0.661506 -0.579883
vn 0.591712 0.619449 -0.515907
vn 0.515234 0.841419 -0.162934
vn 0.801797 0.385116 -0.456955
vn 0.931441 0.358416 0.062898
vn 0.656276 0.752586 -0.053997
vn 0.453004 0.874425 0.173688
vn 0.876760 0.134914 -0.461617
vn 0.532140 0.789817 0.304985
vn 0.991248 0.106189 -0.078426
vn 0.881229 -0.014625 -0.472463
vn 0.362781 0.806080 0.467573
vn 0.348827 0.876386 0.332066
vn 0.299371 0.808858 0.506088
vn 0.968344 -0.168405 -0.184257
vn 0.789078 0.471675 0.393548
vn 0.298040 0.742548 0.599829
vn 0.199957 0.811720 0.548750
vn 0.993214 -0.041344 -0.108703
vn 0.845077 -0.462567 -0.268097
vn 0.851558 -0.215757 -0.477805
vn 0.995519 -0.088341 0.033723
vn 0.794550 -0.395509 -0.460719
vn 0.161165 -0.155029 -0.974675
vn 0.018646 -0.489762 -0.871657
vn 0.922754 -0.183735 -0.338771
vn 0.982512 0.022807 0.184795
vn 0.990933 0.103262 -0.085958
vn 0.948094 0.109906 0.298394
vn 0.956317 -0.217291 0.195556
vn 0.891700 -0.450096 0.047804
vn 0.935088 -0.130798 0.329398
vn 0.943728 -0.305188 -0.127430
vn 0.866547 -0.143288 0.478085
vn 0.849869 0.036248 0.525746
vn 0.720329 -0.467888 0.512062
vn 0.831402 0.105229 0.545617
vn 0.902636 -0.371693 -0.217009
vn 0.853690 -0.514453 0.080939
vn 0.998985 -0.035886 0.027234
vn 0.885909 -0.083589 0.456265
vn 0.937629 -0.163594 0.306740
vn 0.939748 -0.006103 0.341814
vn 0.883708 -0.072464 0.462396
vn 0.761513 -0.182284 0.621989
vn 0.836396 0.272564 0.475554
vn 0.843581 0.096117 0.528330
vn 0.886081 0.073215 0.457712
vn 0.950347 -0.308911 0.037614
vn 0.885377 0.245346 0.394857
vn -0.058156 -0.651561 -0.756364
vn 0.804520 -0.407366 0.432205
vn -0.066812 -0.973760 -0.217548
vn 0.273295 -0.530241 0.802592
vn 0.932390 -0.354333 -0.071391
vn 0.964764 -0.258677 0.048140
vn 0.936415 -0.239962 0.256019
vn 0.874658 -0.398326 0.276243
vn 0.835455 -0.395382 0.381691
vn 0.892131 -0.311668 0.327056
vn 0.851906 -0.302829 0.427259
vn 0.697647 -0.305612 0.647989
vn 0.360040 -0.071037 0.930228
vn 0.612122 -0.082785 0.786418
vn 0.928590 -0.272685 0.251722
vn 0.905504 -0.257244 0.337473
vn 0.906023 -0.246657 0.343922
vn 0.900587 -0.286537 0.326864
vn 0.751976 -0.144242 0.643216
vn 0.850003 -0.277372 0.447839
vn 0.914071 -0.405501 0.006476
vn 0.903626 -0.307028 0.298654
vn 0.619361 -0.231916 0.750071
vn 0.878551 -0.464953 0.109398
vn 0.915532 -0.334977 0.222689
vn 0.759618 -0.650154 -0.016756
vn 0.681487 -0.727061 -0.083419
vn 0.875532 0.006828 0.483112
vn 0.878382 -0.248011 0.408577
vn 0.875967 0.240227 0.418297
vn 0.783317 0.136743 0.606395
vn 0.567107 0.594467 0.570086
vn 0.757250 0.360329 0.544735
vn 0.436036 0.596193 0.674111
vn 0.181802 0.800073 0.571691
vn 0.068482 0.901832 0.426626
vn 0.028289 0.908080 0.417840
vn 0.125202 0.869024 0.478667
vn 0.244042 0.762665 0.598988
vn 0.634390 0.423128 0.646925
vn 0.683058 0.245004 0.688044
vn 0.782014 -0.099330 0.615295
vn 0.769518 -0.627213 0.120191
vn 0.630466 -0.773830 -0.060826
vn 0.811054 -0.574253 0.111465
vn 0.832174 -0.532917 0.153250
vn 0.536871 -0.839333 -0.085377
vn 0.514581 -0.855751 0.053817
vn 0.722001 -0.451106 0.524613
vn 0.637325 0.105970 0.763274
vn 0.417388 -0.707748 0.569982
vn 0.658282 -0.067303 0.749757
vn 0.499259 0.223353 0.837170
vn 0.218809 -0.973864 -0.060915
vn 0.584673 0.326109 0.742840
vn 0.464988 0.592870 0.657489
vn 0.042371 0.912362 0.407185
vn 0.133827 0.855152 0.500805
vn 0.366070 0.659850 0.656195
vn 0.275231 0.725172 0.631168
vn 0.201761 0.812452 0.547004
vn 0.283704 0.664598 0.691247
vn 0.129196 0.855855 0.500820
vn 0.149667 0.701715 0.696560
vn 0.261077 0.839242 0.476982
vn 0.471690 0.452341 0.756899
vn 0.090724 0.804214 0.587375
vn 0.025038 0.690591 0.722812
vn -0.180833 0.614746 0.767715
vn 0.289072 0.727617 0.622102
vn -0.109472 0.644794 0.756476
vn -0.214540 0.536764 0.816001
vn 0.312903 0.343248 0.885592
vn 0.114215 0.516203 0.848816
vn -0.154225 0.525096 0.836952
vn 0.000000 0.508454 0.861089
vn 0.000000 0.461537 0.887121
vn 0.070728 0.342978 0.936677
vn -0.000000 0.259658 0.965701
vn -0.000001 0.044432 0.999012
vn 0.238006 0.194069 0.951678
vn 0.542635 0.077126 0.836420
vn 0.380548 -0.078560 0.921418
vn 0.447561 -0.178999 0.876156
vn 0.000010 -0.202372 0.979309
vn 0.000057 -0.760137 0.649762
vn 0.000012 -0.998622 -0.052471
vn -0.002119 -0.980667 -0.195671
vn 0.000000 -0.978358 -0.206919
vn -0.012970 -0.966056 0.258008
vn 0.000000 -0.951407 0.307935
vn 0.000000 -0.611368 0.791346
vn -0.108662 -0.581056 0.806577
vn -0.434179 -0.415960 0.799040
vn 0.255003 -0.942541 -0.215846
vn 0.583455 -0.806531 -0.095330
vn 0.122599 -0.976075 -0.179573
vn 0.824583 -0.543476 0.157149
vn 0.232087 -0.963790 0.131321
vn 0.472064 -0.880281 0.047537
vn 0.708693 -0.617914 0.340495
vn 0.876998 -0.380137 0.293887
vn 0.788951 -0.413147 0.454825
vn 0.465832 -0.670946 0.576916
vn -0.264271 -0.608493 0.748263
vn 0.429468 -0.458840 0.777833
vn 0.788951 -0.413147 0.454825
vn 0.856547 -0.247212 0.453005
vn 0.827341 -0.118341 0.549093
vn 0.690301 -0.315307 0.651204
vn 0.806617 -0.157901 0.569594
vn 0.743029 0.006757 0.669226
vn 0.716913 -0.236280 0.655902
vn 0.688381 -0.084259 0.720439
vn 0.739459 -0.114285 0.663430
vn 0.701842 0.022875 0.711966
vn 0.470878 0.038178 0.881372
vn 0.658940 0.053618 0.750282
vn -0.670617 -0.559027 -0.487608
vn 0.646327 0.441713 0.622214
vn 0.636815 -0.063474 0.768399
vn 0.409820 -0.092268 0.907488
vn 0.258686 0.092330 0.961539
vn 0.508569 -0.071695 0.858031
vn 0.478264 0.402298 0.780654
vn 0.209148 -0.177030 0.961726
vn 0.041305 0.101455 0.993982
vn 0.015061 -0.191398 0.981397
vn -0.000001 -0.050930 0.998702
vn 0.215575 -0.128365 0.968013
vn 0.212205 0.465612 0.859171
vn -0.000001 0.522513 0.852632
vn 0.569235 -0.125129 -0.812598
vn 0.612457 -0.011233 -0.790424
vn 0.616071 -0.070822 -0.784501
vn 0.647293 -0.137392 -0.749757
vn 0.580396 -0.303747 -0.755565
vn 0.814553 0.008673 -0.580024
vn 0.613390 -0.274789 -0.740435
vn 0.622677 -0.242659 -0.743902
vn 0.826268 -0.044912 -0.561484
vn 0.940516 0.037058 -0.337722
vn 0.936543 0.046914 -0.347398
vn 0.988353 0.057678 -0.140825
vn 0.510413 -0.354555 -0.783434
vn 0.642978 -0.148975 -0.751256
vn 0.760798 -0.040504 -0.647724
vn 0.834309 -0.095357 -0.542987
vn 0.673071 -0.240624 -0.699340
vn 0.988938 0.081373 -0.124016
vn 0.996196 0.046713 -0.073566
vn 0.867244 -0.048335 -0.495532
vn 0.947829 0.038956 -0.316389
vn 0.995414 0.071549 -0.063488
vn 0.996056 0.078447 0.041447
vn 0.987585 0.125408 -0.094599
vn 0.995135 0.085078 0.049670
vn 0.855529 0.259327 0.448129
vn 0.856564 -0.027844 -0.515289
vn 0.867931 0.030937 -0.495721
vn 0.952118 0.077100 -0.295851
vn 0.991125 0.125613 -0.043496
vn 0.863531 0.268492 0.426880
vn 0.542484 0.394475 0.741687
vn 0.869970 0.112707 -0.480051
vn 0.862217 0.222320 -0.455144
vn 0.908808 0.216286 -0.356775
vn 0.938073 0.130105 -0.321078
vn 0.980029 0.170305 -0.102664
vn 0.952452 0.259095 -0.160330
vn 0.909552 0.352060 -0.220838
vn 0.979347 0.194341 -0.055782
vn 0.944141 0.304196 -0.126741
vn 0.894817 0.399044 -0.200167
vn 0.988636 0.142081 0.049114
vn 0.968212 0.250127 -0.001525
vn 0.927597 0.362131 -0.091792
vn 0.867795 0.464888 -0.175533
vn 0.856173 0.372458 0.358110
vn 0.851454 0.468917 0.234824
vn 0.826752 0.542503 0.148900
vn 0.775785 0.630981 -0.004475
vn 0.547701 0.808124 0.216700
vn 0.583505 0.707141 0.399341
vn 0.233586 0.910753 0.340539
vn 0.557163 0.443765 0.701884
vn 0.280526 0.464729 0.839841
vn 0.568310 0.577793 0.585815
vn 0.573752 0.669906 0.471205
vn 0.245357 0.810975 0.531150
vn 0.000000 0.913649 0.406503
vn 0.254589 0.778528 0.573654
vn 0.270066 0.671145 0.690383
vn 0.285702 0.513532 0.809110
vn 0.000000 0.819279 0.573395
vn 0.000000 0.514060 0.857754
vn 0.000000 0.482009 0.876166
vn -0.280527 0.464730 0.839840
vn 0.000000 0.793012 0.609206
vn 0.000000 0.677600 0.735431
vn -0.245357 0.810975 0.531150
vn -0.233586 0.910753 0.340539
vn -0.285703 0.513533 0.809109
vn -0.254589 0.778527 0.573655
vn -0.270067 0.671145 0.690382
vn -0.567049 0.449693 0.690096
vn -0.554817 0.387872 0.736025
vn -0.583505 0.707141 0.399342
vn -0.547701 0.808124 0.216700
vn -0.573752 0.669906 0.471206
vn -0.569774 0.586275 0.575882
vn -0.850826 0.295455 0.434514
vn -0.856199 0.240161 0.457435
vn -0.826752 0.542503 0.148899
vn -0.775785 0.630981 -0.004476
vn -0.867795 0.464888 -0.175534
vn -0.851454 0.468917 0.234823
vn -0.857922 0.388152 0.336612
vn -0.927597 0.362131 -0.091793
vn -0.894817 0.399043 -0.200167
vn -0.990732 0.108775 0.081357
vn -0.992701 0.084332 0.086217
vn -0.984494 0.166456 0.055346
vn -0.968212 0.250127 -0.001525
vn -0.944141 0.304196 -0.126741
vn -0.909552 0.352060 -0.220838
vn -0.995414 0.071549 -0.063488
vn -0.996196 0.046713 -0.073566
vn -0.991125 0.125613 -0.043496
vn -0.979347 0.194341 -0.055781
vn -0.952452 0.259095 -0.160330
vn -0.908808 0.216285 -0.356775
vn -0.988938 0.081373 -0.124016
vn -0.988353 0.057678 -0.140825
vn -0.980029 0.170305 -0.102664
vn -0.987585 0.125408 -0.094598
vn -0.938073 0.130105 -0.321078
vn -0.940516 0.037058 -0.337723
vn -0.936543 0.046914 -0.347399
vn -0.814553 0.008673 -0.580025
vn -0.947829 0.038956 -0.316389
vn -0.952118 0.077100 -0.295850
vn -0.856564 -0.027844 -0.515288
vn -0.869970 0.112707 -0.480051
vn -0.867244 -0.048335 -0.495531
vn -0.867931 0.030937 -0.495720
vn -0.862217 0.222325 -0.455141
vn -0.760796 -0.040504 -0.647726
vn -0.834309 -0.095357 -0.542987
vn -0.673071 -0.240624 -0.699340
vn -0.826267 -0.044912 -0.561485
vn -0.510413 -0.354556 -0.783434
vn -0.642978 -0.148975 -0.751256
vn -0.622678 -0.242660 -0.743901
vn -0.613389 -0.274789 -0.740435
vn -0.580395 -0.303747 -0.755565
vn -0.647292 -0.137392 -0.749757
vn -0.616070 -0.070822 -0.784501
vn -0.569234 -0.125128 -0.812598
vn -0.612457 -0.011232 -0.790424
vn -0.366160 0.208865 0.906809
vn 0.612457 -0.011233 -0.790424
vn 0.569235 -0.125129 -0.812598
vn -0.395504 0.232132 0.888646
vn -0.618300 0.070486 0.782775
vn 0.580396 -0.303747 -0.755565
vn -0.648082 0.137771 0.749005
vn -0.814124 -0.007604 0.580642
vn -0.331198 0.393473 0.857605
vn 0.622677 -0.242659 -0.743902
vn -0.287121 0.494290 0.820512
vn 0.642978 -0.148975 -0.751256
vn -0.613919 0.273061 0.740636
vn -0.825929 0.045098 0.561967
vn -0.412735 0.543255 0.731111
vn 0.760798 -0.040504 -0.647724
vn -0.482936 0.439800 0.757198
vn 0.867931 0.030937 -0.495721
vn -0.512614 0.353102 0.782653
vn -0.939909 -0.036511 0.339468
vn -0.936085 -0.046472 0.348691
vn -0.988010 -0.057939 0.143109
vn -0.834818 0.095098 0.542251
vn -0.675922 0.239094 0.697111
vn -0.988666 -0.080886 0.126481
vn -0.996210 -0.046795 0.073327
vn -0.868346 0.046378 0.493786
vn -0.946916 -0.037407 0.319297
vn -0.995434 -0.071652 0.063067
vn -0.992296 -0.085299 -0.089853
vn -0.987451 -0.124720 0.096880
vn -0.990464 -0.109467 -0.083651
vn -0.856929 -0.239287 -0.456524
vn -0.950610 -0.073872 0.301469
vn -0.991148 -0.125527 0.043239
vn -0.852973 -0.293262 -0.431781
vn -0.555235 -0.387607 -0.735850
vn -0.980043 -0.169023 0.104628
vn -0.936936 -0.127039 0.325594
vn -0.984177 -0.167608 -0.057470
vn -0.569699 -0.447511 -0.689331
vn -0.279693 -0.464350 -0.840328
vn -0.979417 -0.194036 0.055611
vn -0.858631 -0.387182 -0.335921
vn -0.857944 0.024895 0.513140
vn -0.952318 -0.258349 0.162314
vn -0.967871 -0.251447 0.000047
vn -0.521348 0.399279 0.754170
vn 0.862217 0.222320 -0.455144
vn -0.942776 -0.111317 0.314295
vn -0.943888 -0.304689 0.127432
vn -0.902539 0.025937 0.429825
vn -0.326871 0.629679 0.704741
vn 0.869970 0.112707 -0.480051
vn 0.908808 0.216286 -0.356775
vn 0.909552 0.352060 -0.220838
vn -0.953493 -0.256779 0.157849
vn 0.894817 0.399044 -0.200167
vn -0.945383 -0.300028 0.127415
vn 0.867795 0.464888 -0.175533
vn -0.926983 -0.363818 0.091319
vn -0.933940 -0.348354 0.080030
vn 0.775785 0.630981 -0.004475
vn -0.851150 -0.468968 -0.235822
vn -0.826280 -0.543059 -0.149493
vn -0.858784 -0.477972 -0.184478
vn 0.547701 0.808124 0.216700
vn -0.605694 -0.634394 -0.480291
vn 0.233586 0.910753 0.340539
vn -0.584342 -0.706779 -0.398757
vn -0.244174 -0.730122 -0.638201
vn 0.000000 0.913649 0.406503
vn -0.572168 -0.585521 -0.574273
vn -0.575181 -0.669491 -0.470051
vn -0.246147 -0.810880 -0.530928
vn 0.000000 -0.718200 -0.695837
vn -0.233586 0.910753 0.340539
vn -0.255376 -0.779094 -0.572534
vn -0.271265 -0.671480 -0.689587
vn 0.000000 -0.819342 -0.573305
vn 0.244174 -0.730122 -0.638202
vn -0.547701 0.808124 0.216700
vn -0.286207 -0.511686 -0.810100
vn 0.000000 -0.794081 -0.607812
vn 0.246147 -0.810880 -0.530929
vn 0.605693 -0.634393 -0.480294
vn -0.775785 0.630981 -0.004476
vn 0.000000 -0.512327 -0.858790
vn 0.000000 -0.481700 -0.876336
vn 0.279692 -0.464350 -0.840328
vn 0.000000 -0.678697 -0.734418
vn 0.255376 -0.779094 -0.572534
vn 0.584342 -0.706779 -0.398758
vn 0.858784 -0.477972 -0.184480
vn -0.867795 0.464888 -0.175534
vn 0.286206 -0.511686 -0.810101
vn 0.271265 -0.671479 -0.689588
vn 0.569699 -0.447511 -0.689331
vn 0.555235 -0.387606 -0.735850
vn 0.575181 -0.669491 -0.470052
vn 0.572168 -0.585521 -0.574273
vn 0.933940 -0.348354 0.080029
vn -0.894817 0.399043 -0.200167
vn 0.852973 -0.293263 -0.431781
vn 0.856929 -0.239287 -0.456524
vn 0.851150 -0.468968 -0.235823
vn 0.858631 -0.387182 -0.335921
vn 0.990464 -0.109467 -0.083651
vn 0.992296 -0.085299 -0.089854
vn 0.984177 -0.167608 -0.057469
vn 0.995434 -0.071652 0.063067
vn 0.996210 -0.046796 0.073327
vn 0.826280 -0.543059 -0.149494
vn 0.967871 -0.251447 0.000047
vn 0.926983 -0.363818 0.091319
vn 0.991148 -0.125527 0.043239
vn 0.988666 -0.080886 0.126480
vn 0.988010 -0.057939 0.143110
vn 0.945383 -0.300028 0.127415
vn -0.909552 0.352060 -0.220838
vn 0.943888 -0.304689 0.127432
vn 0.979417 -0.194036 0.055611
vn 0.953493 -0.256779 0.157850
vn -0.908808 0.216285 -0.356775
vn 0.987451 -0.124720 0.096880
vn 0.939909 -0.036511 0.339467
vn 0.936085 -0.046472 0.348690
vn 0.814124 -0.007604 0.580641
vn 0.952318 -0.258348 0.162314
vn 0.942775 -0.111317 0.314298
vn -0.869970 0.112707 -0.480051
vn 0.980043 -0.169022 0.104628
vn 0.946916 -0.037407 0.319297
vn 0.936935 -0.127039 0.325597
vn 0.950610 -0.073872 0.301469
vn 0.902538 0.025938 0.429829
vn -0.862217 0.222325 -0.455141
vn 0.868346 0.046378 0.493785
vn 0.857943 0.024895 0.513142
vn 0.482938 0.439800 0.757196
vn 0.834818 0.095098 0.542251
vn 0.326875 0.629682 0.704736
vn -0.867931 0.030937 -0.495720
vn 0.521348 0.399279 0.754170
vn -0.760796 -0.040504 -0.647726
vn -0.642978 -0.148975 -0.751256
vn 0.825929 0.045098 0.561967
vn 0.675923 0.239094 0.697110
vn 0.412736 0.543255 0.731111
vn -0.622678 -0.242660 -0.743901
vn 0.648082 0.137771 0.749005
vn 0.618300 0.070486 0.782775
vn 0.613919 0.273061 0.740636
vn 0.512614 0.353102 0.782653
vn 0.287121 0.494290 0.820512
vn -0.580395 -0.303747 -0.755565
vn 0.331199 0.393473 0.857605
vn -0.569234 -0.125128 -0.812598
vn 0.395504 0.232132 0.888646
vn 0.366159 0.208866 0.906809
vn -0.612457 -0.011232 -0.790424
vn -0.628704 0.076537 0.773869
vn -0.629508 0.075414 0.773326
vn -0.646217 0.051548 0.761411
vn -0.582134 0.094511 0.807582
vn -0.575527 0.095661 0.812168
vn -0.492141 0.118483 0.862414
vn -0.479258 0.122635 0.869064
vn -0.369268 0.126759 0.920637
vn -0.394755 0.129542 0.909608
vn -0.312000 0.125775 0.941720
vn -0.331744 0.123679 0.935227
vn -0.328147 0.129117 0.935761
vn -0.344426 0.126265 0.930284
vn -0.415795 0.112939 0.902419
vn -0.423719 0.115708 0.898373
vn -0.534715 0.095987 0.839563
vn -0.527177 0.092318 0.844726
vn -0.601282 0.100449 0.792698
vn -0.585554 0.097444 0.804755
vn -0.650472 0.099918 0.752929
vn -0.456908 0.094539 0.884476
vn -0.435643 0.116823 0.892507
vn -0.482270 0.139743 0.864805
vn -0.560660 0.126536 0.818321
vn -0.635932 0.107781 0.764182
vn -0.704916 0.086597 0.703984
vn -0.607451 0.104881 0.787403
vn -0.705580 0.086371 0.703347
vn -0.778251 0.061540 0.624931
vn -0.777841 0.061633 0.625431
vn -0.807817 0.054568 0.586902
vn 0.778248 0.061542 0.624934
vn 0.777839 0.061634 0.625434
vn 0.807810 0.054569 0.586911
vn 0.705581 0.086373 0.703346
vn 0.704917 0.086599 0.703984
vn 0.789257 0.175819 0.588355
vn 0.703016 0.279601 0.653906
vn 0.602207 0.434271 0.669893
vn 0.588761 -0.033835 0.807599
vn 0.803062 0.205525 0.559330
vn 0.765892 -0.042591 0.641557
vn 0.890343 -0.193335 0.412203
vn 0.626239 -0.141417 0.766698
vn 0.638186 -0.396029 0.660212
vn 0.369011 -0.109443 0.922959
vn 0.231889 -0.384661 0.893456
vn 0.157669 -0.005135 0.987479
vn -0.109398 -0.176536 0.978196
vn 0.066981 0.180050 0.981374
vn -0.288150 0.187036 0.939142
vn 0.226687 0.272920 0.934948
vn -0.128829 0.532364 0.836655
vn 0.585961 0.076808 0.806691
vn 0.545693 0.287201 0.787232
vn 0.491074 0.380890 0.783434
vn 0.388000 0.388274 0.835882
vn 0.494284 0.128611 0.859734
vn 0.100730 0.623448 0.775349
vn 0.678926 -0.410358 0.608823
vn 0.826200 -0.366362 0.427986
vn 0.686526 0.037883 0.726117
vn 0.149723 0.549093 0.822241
vn 0.953898 -0.195524 0.227704
vn 0.756182 0.110083 0.645035
vn 0.144594 0.432833 0.889802
vn 0.643453 0.224853 0.731717
vn 0.529567 -0.345693 0.774632
vn 0.190897 0.343258 0.919637
vn 0.144036 -0.099333 0.984574
vn 0.192980 -0.086733 0.977362
vn 0.235158 -0.360617 0.902583
vn 0.107768 0.216140 0.970397
vn 0.306646 0.460181 0.833187
vn 0.644124 -0.429588 0.632897
vn 0.869458 -0.129904 0.476620
vn 0.834071 0.326961 0.444323
vn 0.673308 0.504055 0.540911
vn -0.308674 0.110151 -0.944768
vn 0.130248 -0.160552 -0.978396
vn -0.002210 -0.686953 -0.726698
vn -0.575796 -0.499370 -0.647371
vn -0.498690 -0.861781 -0.092963
vn -0.058335 -0.968546 -0.241902
vn -0.509765 -0.860310 0.002540
vn -0.620503 -0.516312 -0.590252
vn -0.369953 0.106598 -0.922915
vn -0.170680 -0.980657 0.095815
vn -0.230038 -0.689122 -0.687164
vn -0.318455 0.022910 -0.947661
vn 0.983123 0.165916 0.077077
vn 0.076192 -0.123977 -0.989356
vn 0.245345 0.633233 -0.734044
vn 0.480926 0.154623 -0.863019
vn 0.843069 0.535399 -0.050819
vn 0.005548 0.123887 -0.992281
vn 0.548490 0.505815 -0.665815
vn 0.747915 0.663051 0.031412
vn -0.065923 0.356314 -0.932038
vn 0.097788 0.157302 -0.982697
vn 0.183196 0.672912 -0.716679
vn 0.182953 0.034559 -0.982514
vn 0.349899 0.703900 -0.618139
vn 0.753808 0.651445 0.085975
vn -0.043946 0.709885 -0.702945
vn 0.125392 0.829477 -0.544283
vn 0.453097 0.852957 -0.259166
vn -0.032372 0.279915 -0.959479
vn -0.033534 0.613814 -0.788738
vn 0.171617 0.686265 -0.706815
vn 0.219535 0.425704 -0.877827
vn 0.206955 0.219548 -0.953398
vn 0.287771 0.792190 -0.538166
vn 0.803995 0.591344 0.062479
vn -0.107965 0.371187 -0.922260
vn 0.352799 0.193344 -0.915506
vn 0.262534 0.217403 -0.940113
vn 0.313910 0.301949 -0.900160
vn -0.525667 -0.187850 -0.829691
vn -0.235044 0.528613 -0.815673
vn 0.305774 0.810063 -0.500299
vn 0.387094 0.753744 -0.531064
vn 0.903062 0.427919 -0.036932
vn -0.234527 0.596464 -0.767612
vn -0.101203 0.526193 -0.844322
vn 0.526195 -0.411718 -0.744047
vn -0.692471 -0.031805 -0.720745
vn -0.599460 0.025253 -0.800006
vn -0.582688 -0.696221 -0.419228
vn -0.729962 -0.627188 -0.271645
vn -0.686583 0.024806 -0.726628
vn -0.765536 -0.599168 -0.234418
vn -0.667801 -0.680618 -0.301331
vn 0.796671 -0.510175 -0.324094
vn 0.928205 0.311131 0.204043
vn 0.709172 0.586730 -0.390926
vn 0.620543 0.733272 -0.277919
vn 0.881530 0.371045 0.291943
vn 0.889693 0.373357 0.262776
vn 0.570232 0.766370 -0.295825
vn 0.996992 0.062114 -0.046360
vn 0.044301 0.688841 -0.723558
vn 0.211079 0.521249 -0.826889
vn 0.351933 0.311053 -0.882830
vn 0.676867 0.548179 -0.491275
vn 0.207014 0.362855 -0.908560
vn 0.526169 -0.574486 -0.626986
vn -0.458338 -0.644879 -0.611603
vn -0.015105 0.704693 -0.709351
vn -0.578731 0.222994 -0.784439
vn -0.587424 0.245397 -0.771177
vn -0.373475 0.038188 -0.926854
vn -0.820686 -0.377407 -0.428997
vn -0.837838 -0.353378 -0.416116
vn -0.398569 0.104891 -0.911120
vn -0.791610 -0.405248 -0.457305
vn 0.444649 0.359476 -0.820405
vn 0.388912 -0.777349 -0.494446
vn 0.936582 0.024729 0.349574
vn 0.389354 0.367140 -0.844755
vn 0.818228 0.562711 -0.117723
vn 0.913281 0.090560 0.397136
vn 0.311367 0.354886 -0.881536
vn 0.757446 0.652735 -0.014613
vn 0.956884 0.070502 0.281785
vn 0.403218 0.441951 -0.801308
vn 0.342505 0.389338 -0.855048
vn 0.292569 0.392896 -0.871800
vn 0.197527 0.477064 -0.856384
vn 0.352175 0.713101 -0.606185
vn 0.428441 0.620248 -0.657062
vn 0.153502 0.351966 -0.923340
vn 0.024909 0.316193 -0.948368
vn -0.140380 0.378032 -0.915088
vn 0.741127 0.666917 -0.077155
vn 0.226239 0.855207 -0.466302
vn 0.204786 0.834979 -0.510757
vn 0.451120 -0.409439 -0.793001
vn -0.768413 -0.031471 -0.639180
vn -0.414871 0.591173 -0.691662
vn -0.419888 0.580433 -0.697704
vn -0.832954 -0.018838 -0.553021
vn -0.284460 0.427316 -0.858186
vn -0.799345 -0.164349 -0.577959
vn 0.970206 -0.240068 -0.032669
vn 0.636547 0.771189 -0.008705
vn 0.951540 0.002716 0.307512
vn 0.909426 0.401478 0.108443
vn 0.167893 0.909253 -0.380883
vn -0.042805 0.679466 -0.732457
vn 0.055004 0.943877 -0.325685
vn -0.572617 0.624947 -0.530613
vn -0.660445 0.422208 -0.620929
vn -0.178982 0.245267 -0.952790
vn -0.671053 0.255278 -0.696075
vn -0.335267 0.179775 -0.924812
vn -0.642553 -0.073518 -0.762706
vn -0.488912 0.206475 -0.847546
vn -0.714198 -0.105023 -0.692020
vn -0.807795 -0.079944 -0.584017
vn -0.876466 -0.142500 -0.459893
vn -0.869889 -0.312644 -0.381506
vn -0.841952 -0.417132 -0.342226
vn -0.863023 -0.418030 -0.283624
vn -0.675481 -0.705664 -0.213926
vn -0.633001 -0.655088 -0.412516
vn -0.701395 -0.712584 -0.016409
vn -0.086791 -0.990551 0.106187
vn -0.750619 -0.655617 0.082076
vn -0.909250 -0.351884 -0.222354
vn -0.944429 -0.246693 -0.217245
vn 0.050058 -0.992563 -0.110962
vn -0.660445 0.422208 -0.620929
vn 0.167893 0.909253 -0.380883
vn 0.909426 0.401478 0.108443
vn 0.713981 -0.661191 0.230344
vn 0.613531 -0.722703 0.318245
vn 0.951540 0.002716 0.307512
vn -0.196225 -0.933681 0.299558
vn 0.970206 -0.240068 -0.032669
vn -0.799345 -0.164349 -0.577959
vn -0.260378 -0.922668 0.284408
vn -0.455430 -0.789149 0.412102
vn -0.767004 -0.632472 0.108096
vn -0.526965 -0.732422 0.431122
vn -0.818271 -0.558622 0.135551
vn -0.371822 -0.799392 0.471934
vn -0.306174 -0.774413 0.553661
vn -0.373489 -0.730384 0.571878
vn -0.860732 -0.488286 0.143933
vn -0.578741 -0.668739 0.466741
vn -0.652594 -0.606891 0.453656
vn -0.379407 -0.672204 0.635760
vn -0.288054 -0.699791 0.653696
vn -0.417220 -0.639724 0.645508
vn -0.247595 -0.636021 0.730872
vn -0.200061 -0.649704 0.733389
vn -0.784630 -0.580661 0.217229
vn -0.428895 -0.684564 0.589424
vn -0.216682 -0.616625 0.756850
vn -0.148268 -0.581590 0.799856
vn -0.912583 -0.387732 0.129829
vn -0.026816 -0.584708 0.810801
vn -0.067445 -0.523249 0.849507
vn 0.382731 -0.219026 0.897521
vn 0.026393 -0.602485 0.797694
vn 0.003218 -0.459734 0.888051
vn -0.427190 -0.727684 0.536641
vn -0.010165 -0.503853 0.863729
vn -0.043178 -0.552009 0.832720
vn -0.785920 -0.617450 0.032941
vn 0.206178 -0.334975 0.919392
vn -0.489344 -0.773468 0.402852
vn -0.759834 -0.631706 -0.153625
vn -0.800067 -0.321827 -0.506281
vn -0.709059 -0.309886 -0.633408
vn -0.891668 -0.224758 -0.392953
vn -0.976430 -0.112272 -0.184336
vn -0.867354 0.153362 -0.473473
vn -0.612056 0.226008 -0.757831
vn -0.465984 0.064362 -0.882449
vn -0.750674 0.257708 -0.608338
vn -0.341605 0.110782 -0.933291
vn -0.864407 -0.035791 -0.501517
vn -0.570616 0.260069 -0.778949
vn -0.283723 0.457235 -0.842874
vn -0.481945 0.491031 -0.725684
vn 0.034018 0.564485 -0.824742
vn -0.168418 0.614253 -0.770927
vn 0.121189 0.546200 -0.828842
vn 0.049196 0.623524 -0.780255
vn -0.152432 0.486052 -0.860533
vn -0.009188 0.410141 -0.911976
vn 0.168697 0.461811 -0.870788
vn 0.371027 0.522949 -0.767374
vn -0.168685 0.203599 -0.964413
vn -0.064057 0.361783 -0.930059
vn 0.549377 0.578781 -0.602660
vn -0.595582 -0.212984 -0.774545
vn -0.567319 -0.009914 -0.823438
vn -0.737631 -0.572796 -0.357497
vn 0.006190 0.522759 -0.852458
vn 0.649315 0.629740 -0.426401
vn 0.639427 0.707421 -0.301144
vn -0.520882 0.184178 -0.833523
vn -0.783622 -0.393311 -0.480876
vn -0.579107 -0.785790 0.217182
vn -0.045027 -0.671039 0.740054
vn 0.108965 0.664399 -0.739392
vn -0.359531 0.287020 -0.887895
vn 0.570644 0.576579 -0.584741
vn 0.906717 0.403032 -0.124218
vn -0.133782 0.367917 -0.920184
vn 0.610421 -0.616848 -0.496876
vn 0.816222 -0.548351 -0.181914
vn 0.206192 -0.249467 -0.946177
vn 0.672972 -0.495378 -0.549280
vn 0.847330 -0.521783 -0.098860
vn 0.687333 -0.376145 -0.621360
vn 0.887176 -0.445432 -0.120452
vn 0.215101 -0.305340 -0.927631
vn 0.709732 -0.282827 -0.645205
vn 0.926540 -0.356097 -0.121317
vn 0.766488 -0.184611 -0.615154
vn 0.968244 -0.236080 -0.082277
vn 0.994377 -0.102853 -0.025215
vn -0.544959 0.206544 -0.812625
vn -0.399841 -0.081535 -0.912951
vn -0.712823 0.221267 -0.665525
vn -0.757276 0.019327 -0.652810
vn -0.813573 -0.171198 -0.555689
vn -0.713590 -0.697050 0.070070
vn -0.878940 -0.475146 -0.041246
vn -0.188789 -0.743225 0.641854
vn -0.367090 -0.753227 0.545796
vn 0.414420 -0.370092 0.831438
vn 0.297374 -0.486655 0.821423
vn 0.458112 -0.284452 0.842153
vn 0.795409 0.119146 0.594246
vn 0.803786 0.233138 0.547334
vn -0.975218 -0.179830 -0.128883
vn -0.617568 -0.611687 0.494418
vn 0.098157 -0.587528 0.803228
vn -0.974462 0.121161 -0.189060
vn -0.834791 -0.316438 0.450546
vn -0.923245 0.220891 -0.314364
vn 0.735699 -0.011297 0.677214
vn -0.163614 -0.549230 0.819498
vn -0.940092 0.062185 0.335202
vn -0.889764 0.074895 -0.450234
vn 0.613647 -0.169443 0.771185
vn 0.864479 0.448042 0.227893
vn -0.431137 -0.337522 0.836779
vn -0.950100 0.206689 0.233643
vn 0.393765 -0.250115 0.884529
vn -0.620260 0.065763 0.781635
vn -0.397157 -0.143326 -0.906490
vn 0.850260 0.525068 0.036901
vn 0.858599 0.329500 0.392731
vn 0.129074 -0.178594 0.975420
vn 0.216127 -0.264739 -0.939789
vn 0.235320 -0.191381 -0.952889
vn 0.285492 -0.059307 -0.956544
vn -0.393326 -0.103234 -0.913585
vn 0.811538 0.264400 0.521056
vn -0.899959 0.006384 -0.435927
vn -0.980763 0.132805 0.143061
vn -0.935213 0.048980 -0.350683
vn -0.406294 0.096456 -0.908637
vn -0.378268 0.169019 -0.910135
vn 0.332777 0.048241 -0.941771
vn -0.994339 0.052899 0.092150
vn -0.947398 0.180643 -0.264207
vn 0.834369 -0.080931 -0.545232
vn 0.831858 0.058390 -0.551909
vn 0.987110 0.022458 -0.158461
vn 0.984208 0.042436 0.171856
vn 0.696076 0.076093 -0.713924
vn 0.262366 0.096091 -0.960172
vn -0.407634 0.116577 -0.905673
vn -0.926492 0.050296 -0.372938
vn -0.944272 0.177764 -0.277040
vn -0.984994 0.124873 0.119139
vn -0.979542 0.100489 0.174356
vn -0.988939 -0.024184 0.146335
vn -0.743648 -0.111567 0.659197
vn -0.967938 0.192022 0.161940
vn -0.768902 0.051643 0.637278
vn -0.256146 -0.186123 0.948550
vn -0.790131 0.140091 0.596714
vn -0.289127 -0.026506 0.956924
vn 0.393149 -0.123875 0.911092
vn -0.813312 0.017795 0.581555
vn -0.307183 0.018718 0.951466
vn 0.395554 -0.080156 0.914938
vn -0.805714 -0.075078 0.587528
vn -0.337602 -0.150458 0.929186
vn -0.754027 0.069572 0.653149
vn 0.891034 -0.111574 0.440011
vn 0.853272 -0.014380 0.521268
vn 0.411431 -0.163145 0.896721
vn -0.387278 -0.220965 0.895092
vn -0.692661 0.225430 0.685129
vn 0.994377 -0.102853 -0.025215
vn 0.984208 0.042436 0.171856
vn 0.968244 -0.236080 -0.082277
vn 0.885109 -0.242318 0.397320
vn 0.926540 -0.356097 -0.121317
vn 0.399829 -0.302582 0.865206
vn 0.862590 -0.354137 0.361282
vn 0.334107 -0.364027 0.869400
vn 0.836163 -0.425674 0.345881
vn 0.887176 -0.445432 -0.120452
vn -0.397712 -0.083558 0.913698
vn 0.787189 -0.470766 0.398388
vn 0.847330 -0.521783 -0.098860
vn 0.162757 -0.290552 0.942915
vn -0.294552 0.157506 0.942566
vn 0.811896 -0.435493 0.388807
vn 0.816222 -0.548351 -0.181914
vn 0.255580 -0.110139 0.960494
vn 0.925642 0.217138 0.309899
vn 0.906717 0.403032 -0.124218
vn -0.094103 0.108753 0.989605
vn 0.582843 0.150090 0.798603
vn 0.829931 0.507910 0.230741
vn 0.639427 0.707421 -0.301144
vn 0.649315 0.629740 -0.426401
vn 0.721623 0.220293 0.656301
vn 0.857683 0.498159 0.127347
vn 0.832404 0.552962 -0.036552
vn 0.549377 0.578781 -0.602660
vn 0.371027 0.522949 -0.767374
vn 0.723147 0.621306 -0.301724
vn 0.168697 0.461811 -0.870788
vn 0.579677 0.621576 -0.526894
vn 0.382530 0.625701 -0.679830
vn -0.009188 0.410141 -0.911976
vn 0.742693 0.650605 -0.158496
vn 0.171617 0.686265 -0.706815
vn -0.152432 0.486052 -0.860533
vn 0.453097 0.852957 -0.259166
vn 0.647053 0.371154 0.666009
vn 0.335354 0.940924 0.046900
vn 0.125392 0.829477 -0.544283
vn 0.183196 0.672912 -0.716679
vn 0.492981 0.863783 -0.104154
vn 0.245345 0.633233 -0.734044
vn 0.457668 0.761198 0.459476
vn 0.620958 0.538898 0.569210
vn 0.512728 0.209679 0.832553
vn 0.566976 0.820873 -0.068600
vn 0.394174 0.024409 0.918711
vn 0.295077 0.760808 -0.578014
vn -0.318455 0.022910 -0.947661
vn 0.668637 0.442465 0.597620
vn 0.600634 0.796316 0.071552
vn 0.229426 0.722037 -0.652706
vn -0.369953 0.106598 -0.922915
vn 0.247696 0.649821 -0.718595
vn -0.308674 0.110151 -0.944768
vn 0.684177 0.726043 0.069020
vn 0.647766 0.390883 0.653919
vn 0.647598 0.315320 -0.693678
vn 0.130248 -0.160552 -0.978396
vn -0.002210 -0.686953 -0.726698
vn 0.609030 0.020112 0.792892
vn 0.461535 -0.156636 0.873184
vn 0.729466 0.312188 0.608620
vn 0.754641 0.655896 -0.017810
vn 0.847533 0.527216 0.061074
vn 0.876667 0.176958 0.447372
vn 0.835661 -0.468053 -0.287397
vn 0.383628 -0.858044 0.341452
vn -0.058335 -0.968546 -0.241902
vn -0.498690 -0.861781 -0.092963
vn 0.823147 0.238909 0.515123
vn 0.448329 -0.271239 0.851722
vn 0.552827 -0.339609 0.760952
vn 0.670762 -0.217407 0.709092
vn -0.076057 -0.860351 0.503995
vn -0.128041 -0.808280 0.574708
vn -0.509765 -0.860310 0.002540
vn 0.169520 -0.717189 0.675946
vn -0.170680 -0.980657 0.095815
vn 0.621785 -0.355814 0.697696
vn 0.983123 0.165916 0.077077
vn 0.543515 -0.086225 0.834959
vn 0.629798 -0.055544 0.774770
vn 0.339573 -0.237764 0.910032
vn 0.144812 -0.410477 0.900299
vn 0.354137 -0.239726 0.903946
vn 0.132751 -0.426932 0.894487
vn 0.767069 0.189784 0.612852
vn 0.360108 -0.316859 0.877452
vn 0.782578 0.153048 0.603447
vn 0.843069 0.535399 -0.050819
vn 0.153143 -0.513202 0.844495
vn 0.714531 0.087242 0.694143
vn 0.747915 0.663051 0.031412
vn 0.342122 -0.451997 0.823803
vn 0.241173 -0.634470 0.734360
vn 0.270743 -0.509825 0.816564
vn -0.005239 -0.721426 0.692471
vn -0.037302 -0.636801 0.770126
vn 0.729826 0.006224 0.683605
vn 0.753808 0.651445 0.085975
vn -0.225580 -0.733577 0.641076
vn -0.200477 -0.844684 0.496303
vn -0.283955 -0.865586 0.412468
vn 0.800458 -0.110206 0.589170
vn 0.803995 0.591344 0.062479
vn 0.903062 0.427919 -0.036932
vn 0.278984 -0.547305 0.789066
vn -0.707299 -0.703851 -0.065736
vn -0.223463 -0.913314 0.340473
vn -0.712092 -0.692381 -0.116331
vn -0.832954 -0.018838 -0.553021
vn -0.140915 -0.933316 0.330248
vn -0.642622 -0.737199 -0.208747
vn -0.768413 -0.031471 -0.639180
vn -0.025711 -0.976535 0.213816
vn 0.451120 -0.409439 -0.793001
vn 0.956884 0.070502 0.281785
vn 0.443304 -0.725185 0.526866
vn 0.536136 -0.640070 0.550335
vn 0.604644 -0.653210 0.455767
vn 0.913281 0.090560 0.397136
vn 0.936582 0.024729 0.349574
vn 0.388912 -0.777349 -0.494446
vn -0.791610 -0.405248 -0.457305
vn -0.577865 -0.785837 0.220299
vn -0.837838 -0.353378 -0.416116
vn 0.000027 -0.724820 0.688938
vn -0.532513 -0.810963 0.242422
vn -0.429049 -0.870140 0.242431
vn -0.820686 -0.377407 -0.428997
vn -0.458338 -0.644879 -0.611603
vn 0.051126 -0.759409 0.648601
vn 0.633774 -0.317405 0.705397
vn 0.129504 -0.794185 0.593717
vn 0.615553 -0.340690 0.710651
vn 0.928205 0.311131 0.204043
vn 0.796671 -0.510175 -0.324094
vn 0.881530 0.371045 0.291943
vn -0.667801 -0.680618 -0.301331
vn 0.638885 -0.394295 0.660573
vn 0.889693 0.373357 0.262776
vn 0.996992 0.062114 -0.046360
vn 0.289853 -0.854444 0.431175
vn 0.648309 -0.513778 0.561897
vn 0.526169 -0.574486 -0.626986
vn -0.156050 -0.955700 0.249569
vn -0.272356 -0.847150 0.456244
vn -0.341122 -0.840365 0.421216
vn -0.765536 -0.599168 -0.234418
vn 0.349457 -0.678706 0.645940
vn -0.277714 -0.912224 0.301202
vn -0.729962 -0.627188 -0.271645
vn -0.582688 -0.696221 -0.419228
vn 0.845794 -0.229717 0.481522
vn 0.424362 -0.783930 0.453179
vn 0.526195 -0.411718 -0.744047
vn -0.180327 -0.967357 0.178054
vn 0.490685 0.143147 0.859499
vn 0.820215 -0.274666 0.501802
vn 0.873967 0.031723 0.484949
vn -0.091328 -0.995793 0.007401
vn -0.230059 0.237524 -0.943745
vn -0.950698 0.151643 0.270514
vn -0.296871 0.877620 -0.376366
vn -0.896000 -0.241794 0.372452
vn -0.149431 -0.149587 -0.977392
vn -0.794394 -0.395424 -0.461062
vn -0.018261 -0.489368 -0.871886
vn -0.935452 -0.198577 -0.292397
vn -0.993683 0.109528 0.024440
vn 0.058163 -0.651560 -0.756364
vn -0.798245 -0.384295 0.463814
vn -0.937057 -0.349138 0.005112
vn -0.903086 -0.371450 -0.215545
vn -0.871879 0.003798 0.489707
vn -0.935411 -0.135596 0.326527
vn -0.825967 0.090876 0.556346
vn -0.928197 -0.144296 0.342970
vn -0.828191 0.023650 0.559947
vn -0.882219 -0.099697 0.460163
vn -0.838009 -0.097229 0.536925
vn -0.682543 -0.499884 0.533152
vn -0.678900 -0.016985 0.734035
vn -0.899568 -0.164376 0.404670
vn -0.740801 -0.008956 0.671665
vn -0.958440 0.209481 0.193674
vn -0.967624 -0.075700 0.240778
vn -0.825087 0.483082 0.293023
vn -0.508393 -0.861114 0.004374
vn -0.008310 0.277746 -0.960618
vn -0.241699 -0.288068 -0.926606
vn -0.397376 -0.414080 -0.818920
vn -0.306920 0.312897 -0.898830
vn -0.431212 -0.398986 -0.809238
vn 0.139228 0.697700 -0.702731
vn -0.084726 0.895478 -0.436967
vn -0.443406 0.378912 -0.812291
vn 0.170514 0.977219 -0.126362
vn -0.372029 -0.230594 -0.899122
vn 0.082615 -0.954101 -0.287864
vn -0.286773 0.912185 -0.292710
vn -0.488348 0.471001 -0.734625
vn -0.338069 -0.328344 -0.881986
vn 0.113361 -0.925896 -0.360370
vn -0.382854 -0.402173 -0.831673
vn 0.040622 -0.926420 -0.374293
vn -0.571580 0.466694 -0.674902
vn -0.409865 0.890531 -0.197397
vn -0.781891 -0.361866 -0.507641
vn -0.392971 -0.910400 -0.129403
vn -0.234669 -0.861741 0.449814
vn -0.259276 0.909160 0.325889
vn -0.508130 0.850895 -0.133349
vn -0.668273 0.391298 -0.632690
vn -0.745450 0.454385 -0.487686
vn -0.695371 0.717556 -0.039665
vn -0.918963 -0.150691 0.364417
vn -0.337295 0.177381 0.924537
vn -0.068400 -0.514447 0.854790
vn 0.376360 -0.461977 0.803076
vn -0.623785 0.777029 -0.084367
vn -0.241658 0.843973 0.478864
vn -0.364909 0.766293 0.528806
vn -0.462284 0.785951 0.410578
vn 0.130279 0.197430 0.971622
vn 0.189517 0.269457 0.944180
vn 0.401003 -0.383504 0.831938
vn -0.167298 0.582217 0.795635
vn 0.114765 -0.281651 0.952629
vn -0.210950 0.973625 0.086914
vn -0.393944 0.867121 0.304811
vn -0.777905 0.499313 -0.381511
vn -0.027985 0.987671 0.154025
vn -0.127526 0.988017 0.086940
vn 0.347220 0.936696 0.045163
vn 0.234411 0.911192 0.338791
vn 0.432760 0.842070 0.321926
vn 0.528184 0.714645 0.458590
vn 0.475065 0.678540 0.560264
vn 0.365380 0.790698 0.491216
vn 0.200755 0.906482 0.371467
vn -0.250209 0.958881 -0.133952
vn 0.319026 0.784200 0.532215
vn 0.531709 0.561843 0.633734
vn -0.433147 0.901229 0.013029
vn -0.456867 0.555627 -0.694660
vn 0.068060 0.856891 0.510985
vn 0.406152 0.633717 0.658364
vn 0.512204 0.493869 0.702666
vn -0.703665 0.703073 0.102683
vn -0.074957 0.662548 -0.745259
vn 0.135872 0.731539 0.668123
vn 0.494503 0.386181 0.778673
vn 0.527353 0.368976 0.765347
vn -0.252003 0.696230 0.672130
vn -0.241360 0.597064 0.765023
vn -0.740479 0.329378 0.585833
vn -0.115398 0.343209 0.932143
vn 0.184403 0.527055 0.829584
vn 0.492549 0.295120 0.818719
vn 0.318908 0.115838 0.940680
vn 0.473705 0.202727 0.857033
vn 0.264180 0.201892 0.943106
vn -0.108639 -0.087718 0.990204
vn -0.323444 -0.501963 0.802133
vn 0.256121 -0.012695 0.966561
vn -0.387878 -0.391632 0.834371
vn -0.132576 -0.169133 0.976636
vn 0.309068 -0.102021 0.945552
vn 0.418908 -0.402573 0.813911
vn -0.590442 0.023851 0.806727
vn -0.525072 -0.464016 0.713434
vn 0.393086 -0.787445 0.474778
vn -0.190905 -0.728305 0.658124
vn 0.648958 -0.687512 -0.325855
vn 0.217829 -0.922907 0.317479
vn 0.774296 0.588917 0.231606
vn 0.958428 -0.186402 0.216031
vn 0.159456 0.986300 0.042266
vn 0.438149 -0.895741 0.075322
vn 0.443172 0.524737 0.726808
vn 0.779379 -0.298196 0.551043
vn -0.215276 0.964682 0.151804
vn -0.627698 0.701092 -0.338327
vn -0.901938 0.378363 -0.208206
vn 0.261112 -0.964617 0.036537
vn 0.486227 -0.137014 -0.863024
vn 0.513315 -0.855013 0.073900
vn 0.939674 -0.177479 0.292428
vn 0.728707 -0.674697 0.117347
vn 0.738606 0.606785 0.293721
vn 0.778217 -0.032699 0.627144
vn 0.622553 0.448235 0.641493
vn 0.635099 0.280638 -0.719647
vn 0.200465 0.882825 0.424776
vn -0.274276 -0.961529 -0.015299
vn -0.749474 -0.649685 -0.127269
vn 0.248139 -0.764534 -0.594907
vn -0.206008 -0.347653 -0.914712
vn 0.443172 0.524737 0.726808
vn -0.215276 0.964682 0.151804
vn -0.978639 -0.166633 -0.120414
vn -0.519455 0.179863 -0.835354
vn -0.627698 0.701092 -0.338327
vn -0.901938 0.378363 -0.208206
vn 0.261112 -0.964617 0.036537
vn -0.349549 -0.773002 0.529418
vn -0.351773 -0.931587 -0.091655
vn 0.513315 -0.855013 0.073900
vn -0.646580 -0.455056 0.612257
vn -0.774099 -0.588998 -0.232062
vn -0.017688 -0.816821 -0.576620
vn 0.728707 -0.674697 0.117347
vn -0.438367 -0.406259 -0.801741
vn 0.635099 0.280638 -0.719647
vn -0.396450 0.872505 -0.285591
vn -0.863730 -0.079444 0.497653
vn -0.966406 -0.018070 -0.256383
vn -0.654441 0.153813 -0.740303
vn -0.644053 0.748334 -0.158717
vn -0.654965 0.741571 -0.145237
vn -0.709914 -0.699525 0.081768
vn 0.178995 -0.936395 0.301871
vn 0.118628 -0.976690 0.178898
vn -0.662173 -0.700828 0.265266
vn -0.572942 -0.692366 -0.438596
vn 0.259861 -0.965633 -0.004975
vn 0.494999 -0.773778 -0.395277
vn -0.959633 -0.208598 0.188655
vn -0.801404 -0.264530 -0.536447
vn -0.705952 0.545336 0.451929
vn -0.929161 0.369614 0.006684
vn -0.368849 0.827799 -0.422728
vn -0.970232 -0.157611 -0.183874
vn -0.357860 0.889239 -0.284938
vn -0.004311 -0.824866 0.565312
vn -0.805482 0.282371 -0.521023
vn -0.185904 0.976788 -0.106421
vn 0.067861 0.890991 -0.448921
vn -0.559910 -0.131503 -0.818051
vn -0.628693 0.362863 -0.687805
vn 0.530774 0.110917 -0.840224
vn -0.403472 -0.583185 -0.705057
vn -0.581553 -0.102580 0.807015
vn -0.718680 -0.457316 0.523794
vn 0.086177 -0.819773 0.566168
vn -0.960352 0.045652 0.275026
vn -0.442693 -0.885055 -0.143876
vn 0.205522 -0.925831 0.317172
vn 0.418774 -0.883978 0.207874
vn -0.889866 0.435486 -0.135982
vn -0.209365 0.788391 -0.578452
vn -0.672226 0.179829 -0.718174
vn -0.115806 0.880793 -0.459122
vn 0.024245 0.831902 -0.554393
vn -0.710317 -0.441158 -0.548479
vn -0.442651 0.207792 -0.872286
vn -0.384042 -0.480743 -0.788288
vn 0.785412 -0.089778 -0.612428
vn -0.105036 -0.943795 -0.313399
vn 0.965656 0.065279 0.251489
vn 0.801006 0.162156 0.576276
vn 0.800328 0.117472 0.587942
vn 0.761431 0.231033 0.605679
vn 0.961513 0.064980 0.266967
vn 0.977632 0.037693 0.206916
vn 0.751797 0.272910 0.600267
vn 0.995777 0.038640 0.083278
vn 0.995471 0.042170 0.085206
vn 0.994153 -0.016321 -0.106736
vn 0.997275 0.017291 0.071712
vn 0.993883 -0.019310 -0.108736
vn 0.853648 -0.117566 -0.507408
vn 0.847112 -0.159727 -0.506842
vn 0.994811 -0.047326 -0.090059
vn 0.857609 -0.251346 -0.448700
vn 0.992995 -0.114410 -0.029526
vn 0.832135 -0.382582 -0.401475
vn 0.984665 -0.018977 0.173422
vn 0.737786 0.353043 0.575354
vn 0.710282 0.457323 0.535122
vn 0.996807 -0.037689 0.070396
vn 0.987963 -0.080137 0.132313
vn 0.741130 0.637462 0.210640
vn 0.989627 -0.141213 0.026398
vn 0.811372 -0.466467 -0.352255
vn 0.994189 -0.083947 0.067395
vn 0.899283 0.379970 -0.216595
vn 0.056498 0.952515 -0.299205
vn 0.710282 0.457323 0.535122
vn 0.416214 0.759202 -0.500377
vn 0.893778 0.358345 -0.269722
vn 0.769729 -0.189949 -0.609456
vn 0.094607 0.624542 -0.775240
vn 0.000000 0.705093 -0.709115
vn 0.811372 -0.466467 -0.352255
vn 0.315199 -0.649784 -0.691687
vn 0.832135 -0.382582 -0.401475
vn 0.182245 0.740396 0.646994
vn 0.737786 0.353043 0.575354
vn 0.367096 -0.528357 -0.765558
vn 0.857609 -0.251346 -0.448700
vn 0.000000 -0.645266 -0.763958
vn 0.436805 -0.359217 -0.824721
vn 0.847112 -0.159727 -0.506842
vn 0.000000 0.921902 -0.387422
vn -0.056498 0.952515 -0.299206
vn 0.214835 0.625939 0.749697
vn 0.751797 0.272910 0.600267
vn 0.000000 0.770028 0.638010
vn 0.276263 0.511421 0.813712
vn 0.761431 0.231033 0.605679
vn 0.000000 -0.506023 -0.862520
vn 0.475123 -0.200934 -0.856670
vn 0.853648 -0.117566 -0.507408
vn 0.482835 -0.115552 -0.868054
vn 0.000000 -0.307970 -0.951396
vn -0.000202 -0.141547 -0.989931
vn -0.000712 -0.039497 -0.999219
vn -0.477325 -0.123272 -0.870037
vn -0.468490 -0.209640 -0.858235
vn -0.837988 -0.144070 -0.526327
vn -0.830947 -0.191750 -0.522264
vn -0.429206 -0.370636 -0.823657
vn -0.834949 -0.297424 -0.463032
vn -0.360646 -0.537896 -0.761973
vn -0.792833 -0.439887 -0.421800
vn -0.313036 -0.645555 -0.696611
vn -0.816698 -0.421178 -0.394478
vn -0.099248 0.612074 -0.784548
vn -0.713226 -0.185047 -0.676067
vn -0.810953 0.476615 -0.339401
vn -0.816698 -0.421178 -0.394478
vn -0.392917 0.778123 -0.490042
vn -0.997358 -0.069613 -0.020753
vn -0.792833 -0.439887 -0.421800
vn -0.984933 -0.172936 -0.000359
vn -0.834949 -0.297424 -0.463032
vn -0.994613 0.026505 0.100207
vn -0.859284 0.470999 -0.199476
vn -0.992999 -0.094280 -0.071167
vn -0.830947 -0.191750 -0.522264
vn -0.993745 -0.058232 -0.095283
vn -0.837988 -0.144070 -0.526327
vn -0.994030 -0.051446 -0.096218
vn -0.993504 -0.001195 0.113793
vn -0.991565 -0.005032 0.129513
vn -0.990744 0.025185 0.133389
vn -0.951614 0.063788 0.300604
vn -0.952239 0.026855 0.304170
vn -0.800328 0.117472 0.587942
vn -0.792075 0.145844 0.592745
vn -0.742229 0.214918 0.634749
vn -0.964139 0.050321 0.260585
vn -0.733806 0.307275 0.605896
vn -0.989153 -0.010213 0.146535
vn -0.972478 0.047494 0.228104
vn -0.729403 0.374411 0.572528
vn -0.710282 0.457323 0.535121
vn -0.982647 -0.007121 0.185350
vn -0.741130 0.637462 0.210640
vn -0.710282 0.457323 0.535121
vn -0.182246 0.740396 0.646993
vn -0.729403 0.374411 0.572528
vn -0.214835 0.625939 0.749697
vn -0.733806 0.307275 0.605896
vn 0.000000 0.669960 0.742397
vn -0.276263 0.511421 0.813712
vn -0.742229 0.214918 0.634749
vn 0.000000 0.576894 0.816819
vn -0.340529 0.426687 0.837841
vn -0.792075 0.145844 0.592745
vn 0.340529 0.426687 0.837841
vn 0.801006 0.162156 0.576276
vn -0.413901 0.310669 0.855670
vn -0.800328 0.117472 0.587942
vn -0.444387 0.229699 0.865886
vn 0.000000 0.499957 0.866050
vn 0.413901 0.310668 0.855670
vn 0.800328 0.117472 0.587942
vn 0.444387 0.229699 0.865886
vn 0.000000 0.388205 0.921573
vn -0.000000 0.302540 0.953137
vn 0.797178 0.077197 0.598789
vn 0.724981 0.196757 0.660067
vn 0.254308 0.522146 0.814058
vn 0.925067 -0.287593 0.248075
vn 0.336814 0.610613 0.716735
vn 0.770011 0.010661 0.637941
vn 0.810422 -0.434681 0.392771
vn 0.406056 0.650376 0.641974
vn 0.705222 0.102349 0.701560
vn 0.722000 -0.479507 0.498787
vn 0.337829 0.563286 0.754043
vn 0.608577 0.262097 0.748959
vn 0.264172 0.278356 0.923434
vn 0.798933 -0.112422 0.590819
vn 0.535204 0.197044 0.821419
vn 0.314858 -0.065228 0.946895
vn 0.554111 0.020570 0.832189
vn 0.446834 -0.326019 0.833097
vn 0.847971 -0.012414 0.529897
vn 0.617091 -0.102061 0.780245
vn 0.684527 -0.416448 0.598326
vn 0.840807 0.201140 0.502580
vn 0.731423 -0.164555 0.661772
vn 0.904610 -0.232021 0.357557
vn 0.764864 0.329663 0.553448
vn 0.835569 -0.068684 0.545076
vn 0.956226 0.136755 0.258707
vn 0.610637 0.385335 0.691838
vn 0.874600 0.143311 0.463181
vn 0.773404 0.521434 0.360491
vn 0.755533 0.384650 0.530295
vn 0.580164 0.432855 0.689961
vn 0.434224 0.262904 0.861586
vn 0.453062 -0.037068 0.890708
vn 0.340936 0.378302 0.860611
vn 0.629427 -0.383967 0.675567
vn 0.275937 0.071769 0.958493
vn 0.401647 -0.311446 0.861209
vn 0.687150 -0.495172 0.531630
vn 0.931030 -0.265140 0.250768
vn 0.967646 0.173547 0.183149
vn 0.855331 0.413544 0.312074
vn -0.207242 0.401109 0.892279
vn 0.185619 0.441378 0.877913
vn 0.574809 0.812677 0.095663
vn -0.560145 -0.677865 0.476169
vn 0.796989 0.585769 0.147249
vn 0.368549 0.384943 0.846162
vn -0.671425 -0.450419 0.588482
vn 0.909988 0.317125 0.267122
vn 0.424252 0.280400 0.861038
vn -0.692905 -0.125039 0.710104
vn 0.913913 0.042111 0.403719
vn 0.497917 0.175347 0.849312
vn -0.596900 0.184880 0.780724
vn 0.799875 -0.203772 0.564514
vn 0.479159 0.076861 0.874356
vn -0.448978 0.443137 0.775918
vn 0.584994 -0.383736 0.714513
vn 0.333660 0.009072 0.942650
vn -0.296039 0.622334 0.724611
vn 0.321831 -0.501784 0.802893
vn 0.179613 -0.026979 0.983367
vn -0.151412 0.711023 0.686674
vn -0.000000 -0.551444 0.834212
vn -0.000000 -0.058181 0.998306
vn -0.000000 0.735336 0.677703
vn 0.151413 0.711022 0.686674
vn -0.179614 -0.026982 0.983367
vn -0.321832 -0.501785 0.802892
vn 0.296038 0.622335 0.724611
vn -0.333661 0.009069 0.942650
vn -0.584990 -0.383735 0.714517
vn 0.448979 0.443138 0.775917
vn -0.479164 0.076859 0.874354
vn -0.799876 -0.203774 0.564513
vn 0.596901 0.184882 0.780722
vn -0.497918 0.175349 0.849312
vn -0.913914 0.042111 0.403717
vn 0.692902 -0.125038 0.710107
vn -0.424251 0.280398 0.861039
vn -0.909987 0.317124 0.267126
vn 0.671427 -0.450421 0.588478
vn -0.368551 0.384942 0.846162
vn -0.796989 0.585768 0.147254
vn 0.560141 -0.677860 0.476179
vn -0.185624 0.441391 0.877905
vn -0.574810 0.812679 0.095640
vn 0.207222 0.401135 0.892272
vn 0.516472 0.390843 0.761904
vn 0.282410 0.165399 0.944927
vn -0.036247 0.559043 0.828346
vn 0.307454 0.293401 0.905200
vn 0.291346 0.469765 0.833330
vn 0.180554 0.690501 0.700435
vn -0.097550 0.859017 0.502567
vn 0.657814 0.246077 0.711847
vn -0.519867 0.753426 0.402602
vn 0.521278 0.263313 0.811749
vn -0.686007 0.530595 0.497859
vn 0.252196 -0.253327 0.933929
vn 0.480751 -0.644965 0.594053
vn -0.719406 0.544105 0.431747
vn 0.168834 -0.772966 0.611571
vn -0.741567 0.234652 0.628504
vn -0.848599 0.235052 0.473951
vn 0.090205 -0.329231 0.939931
vn -0.168828 -0.772959 0.611581
vn -0.660631 -0.030191 0.750104
vn -0.848595 -0.099420 0.519617
vn -0.095220 -0.356134 0.929571
vn -0.480743 -0.644946 0.594080
vn -0.494937 -0.218908 0.840902
vn -0.719430 -0.408429 0.561788
vn -0.295731 -0.323912 0.898679
vn -0.797181 0.077198 0.598784
vn -0.254312 0.522155 0.814051
vn -0.724988 0.196754 0.660061
vn -0.925065 -0.287597 0.248077
vn -0.336821 0.610631 0.716716
vn -0.770016 0.010663 0.637935
vn -0.810418 -0.434683 0.392776
vn -0.406063 0.650375 0.641970
vn -0.705222 0.102347 0.701561
vn -0.721996 -0.479512 0.498789
vn -0.337931 0.563250 0.754024
vn -0.608618 0.262073 0.748933
vn -0.264341 0.278274 0.923411
vn -0.798930 -0.112388 0.590830
vn -0.535293 0.196997 0.821373
vn -0.314931 -0.065274 0.946867
vn -0.554148 0.020528 0.832165
vn -0.446835 -0.326012 0.833100
vn -0.847952 -0.012423 0.529927
vn -0.617082 -0.102068 0.780251
vn -0.684526 -0.416434 0.598336
vn -0.840798 0.201144 0.502593
vn -0.731427 -0.164531 0.661773
vn -0.904605 -0.232016 0.357572
vn -0.764849 0.329656 0.553473
vn -0.835573 -0.068687 0.545069
vn -0.956221 0.136761 0.258725
vn -0.610646 0.385378 0.691805
vn -0.874595 0.143305 0.463193
vn -0.773389 0.521474 0.360463
vn -0.755546 0.384682 0.530255
vn -0.580137 0.432875 0.689971
vn -0.434124 0.262851 0.861653
vn -0.453048 -0.037067 0.890715
vn -0.340944 0.378332 0.860594
vn -0.629434 -0.383965 0.675562
vn -0.275939 0.071765 0.958492
vn -0.401706 -0.311551 0.861144
vn -0.687086 -0.495320 0.531573
vn -0.931007 -0.265205 0.250784
vn -0.967641 0.173555 0.183165
vn -0.855327 0.413561 0.312062
vn 0.834907 -0.508691 0.210153
vn 0.817311 0.570696 0.079430
vn 0.789348 0.564015 0.242522
vn 0.027571 0.998651 0.043991
vn 0.806699 -0.471299 0.356530
vn -0.016822 -0.944485 0.328125
vn 0.040912 0.973465 0.225151
vn -0.841598 0.522668 0.136128
vn -0.008537 -0.893043 0.449891
vn -0.779684 -0.546735 0.305243
vn 0.527438 0.414867 0.741414
vn -0.758490 -0.483307 0.437159
vn 0.612733 -0.333184 0.716622
vn -0.000566 -0.577963 0.816063
vn -0.779398 0.545511 0.308151
vn 0.066279 0.659804 0.748509
vn -0.524290 -0.346798 0.777722
vn -0.459908 0.377984 0.803501
vn -0.834907 -0.508691 0.210152
vn -0.789348 0.564016 0.242519
vn -0.817311 0.570696 0.079427
vn -0.027570 0.998652 0.043985
vn -0.806701 -0.471299 0.356527
vn -0.470551 -0.840731 0.267869
vn -0.040914 0.973465 0.225149
vn 0.841598 0.522668 0.136124
vn -0.377708 -0.805662 0.456338
vn 0.508825 -0.795040 0.330164
vn -0.524165 0.412226 0.745199
vn 0.472373 -0.741264 0.476856
vn 0.846733 -0.442327 0.295618
vn 0.834506 -0.361454 0.415874
vn 0.466890 -0.162700 0.869219
vn 0.779398 0.545510 0.308153
vn -0.540330 -0.280301 0.793394
vn -0.162015 -0.529464 0.832718
vn -0.067049 0.671116 0.738314
vn 0.544244 0.428132 0.721458
f 65537//65537 3//3 65540//65540
f 196613//196613 262145//262145 196614//196614
f 196615//196615 393222//393222 458758//458758
f 65545//65545 524292//524292 393220//393220
f 589832//589832 458759//458759 589835//589835
f 589836//589836 786443//786443 524290//524290
f 851981//851981 917506//917506 786446//786446
f 983047//983047 393225//393225 983050//983050
f 786447//786447 1114129//1114129 1048591//1048591
f 1048594//1048594 524307//524307 786452//786452
f 786449//786449 524308//524308 1245200//1245200
f 1048595//1048595 1048597//1048597 1310740//1310740
f 1310739//1310739 1441814//1441814 983060//983060
f 1245205//1245205 1376279//1376279 1507349//1507349
f 1441813//1441813 1376280//1376280 1572888//1572888
f 983066//983066 1441802//1441802 1638416//1638416
f 1441816//1441816 1638427//1638427 1441819//1441819
f 1507353//1507353 1507356//1507356 1769499//1769499
f 1769497//1769497 1638429//1638429 1900554//1900554
f 1900556//1900556 1835018//1835018 1966108//1966108
f 1966109//1966109 1900576//1900576 1638433//1638433
f 2097178//2097178 720923//720923 1900578//1900578
f 2162718//2162718 720929//720929 2162723//2162723
f 2228258//2228258 1769508//1769508 2359323//2359323
f 2359324//2359324 1703967//1703967 2424865//2424865
f 2097190//2097190 1703970//1703970 2359334//2359334
f 2293794//2293794 2424871//2424871 2490402//2490402
f 2293799//2293799 2031656//2031656 2621471//2621471
f 2621472//2621472 2359338//2359338 2752550//2752550
f 2424875//2424875 2490407//2490407 2818088//2818088
f 2490411//2490411 2818092//2818092 2883624//2883624
f 2359327//2359327 2359342//2359342 2949163//2949163
f 2949151//2949151 2687017//2687017 3014697//3014697
f 3014698//3014698 2818096//2818096 3145773//3145773
f 2883633//2883633 3276850//3276850 2818091//2818091
f 2752558//2752558 3276851//3276851 3145772//3145772
f 2949161//2949161 2949172//2949172 3342387//3342387
f 3342377//3342377 3080239//3080239 3407919//3407919
f 3407920//3407920 3538998//3538998 3145779//3145779
f 3538995//3538995 3014708//3014708 3604532//3604532
f 3604527//3604527 3604533//3604533 3538996//3538996
f 3211313//3211313 3539001//3539001 3670065//3670065
f 3407926//3407926 3473466//3473466 3801146//3801146
f 3670076//3670076 3866674//3866674 3932210//3932210
f 3932220//3932220 4063294//4063294 3670071//3670071
f 3539000//3539000 4063295//4063295 3866681//3866681
f 4063288//4063288 4128832//4128832 3866687//3866687
f 3604533//3604533 3407937//3407937 3735617//3735617
f 4128824//4128824 3866689//3866689 4259902//4259902
f 3866688//3866688 4325442//4325442 3997762//3997762
f 4390979//4390979 4390978//4390978 4259904//4259904
f 4390981//4390981 3735619//3735619 4522049//4522049
f 4522048//4522048 4456513//4456513 4390983//4390983
f 4587592//4587592 4390981//4390981 4128841//4128841
f 4718656//4718656 3735622//3735622 4784198//4784198
f 3735611//3735611 3801162//3801162 4849738//4849738
f 4915268//4915268 4390985//4390985 4915271//4915271
f 4980809//4980809 4784198//4784198 4980806//4980806
f 4915273//4915273 4849741//4849741 5046346//5046346
f 4980810//4980810 4849742//4849742 5111886//5111886
f 5177416//5177416 5242951//5242951 4653136//4653136
f 5308487//5308487 5308492//5308492 4915277//4915277
f 5177415//5177415 5046354//5046354 5374029//5374029
f 5374034//5374034 5111885//5111885 5439566//5439566
f 5374030//5374030 5111892//5111892 5505108//5505108
f 5570641//5570641 5636176//5636176 5242966//5242966
f 5701712//5701712 5177426//5177426 5701718//5701718
f 5767250//5767250 5439571//5439571 5767251//5767251
f 5701714//5701714 5505113//5505113 5832788//5832788
f 5767252//5767252 5505114//5505114 5898330//5898330
f 5963863//5963863 6029398//6029398 5636188//5636188
f 6094934//6094934 5570648//5570648 6094940//6094940
f 6160472//6160472 5832793//5832793 6160473//6160473
f 6094936//6094936 5898335//5898335 6226010//6226010
f 6160474//6160474 5898336//5898336 6291552//6291552
f 6357085//6357085 6422620//6422620 6029410//6029410
f 6488156//6488156 5963870//5963870 6488162//6488162
f 6553694//6553694 6226015//6226015 6553695//6553695
f 6488158//6488158 6291557//6291557 6619232//6619232
f 6553696//6553696 6291558//6291558 6684774//6684774
f 6750307//6750307 6750306//6750306 6815843//6815843
f 6881378//6881378 6357092//6357092 6881384//6881384
f 6946916//6946916 6619237//6619237 6946917//6946917
f 6881380//6881380 6684779//6684779 7012454//7012454
f 6946918//6946918 6684780//6684780 7077996//7077996
f 6815848//6815848 6881390//6881390 7143528//7143528
f 6815854//6815854 6946927//6946927 7274602//7274602
f 7143530//7143530 7143536//7143536 7340143//7340143
f 7143536//7143536 7340145//7340145 7405679//7405679
f 7405681//7405681 7536755//7536755 7471217//7471217
f 7340144//7340144 7536756//7536756 7602291//7602291
f 7274603//7274603 7012470//7012470 7667819//7667819
f 7274614//7274614 7078004//7078004 7733356//7733356
f 7667820//7667820 7078007//7078007 7798903//7798903
f 7536761//7536761 7667829//7667829 7864436//7864436
f 7667831//7667831 7864441//7864441 7929973//7929973
f 7733368//7733368 7733371//7733371 7995513//7995513
f 7864443//7864443 7798906//7798906 8061051//8061051
f 7929979//7929979 8061053//8061053 8126587//8126587
f 8126588//8126588 8257662//8257662 8388736//8388736
f 8388735//8388735 8519810//8519810 8454271//8454271
f 8454275//8454275 8650884//8650884 8454276//8454276
f 8716421//8716421 8781956//8781956 8388738//8388738
f 8650887//8650887 8716418//8716418 8847493//8847493
f 8847494//8847494 8978569//8978569 8847497//8847497
f 8781963//8781963 9044097//9044097 9109633//9109633
f 9044109//9044109 8650892//8650892 9240711//9240711
f 9240709//9240709 9175176//9175176 9044111//9044111
f 9306256//9306256 9371789//9371789 9306257//9306257
f 9044103//9044103 9306258//9306258 9044114//9044114
f 9502855//9502855 9437326//9437326 9306259//9306259
f 9568399//9568399 9437330//9437330 9568404//9568404
f 9240725//9240725 9568402//9568402 9502869//9502869
f 9765012//9765012 9568403//9568403 9699478//9699478
f 9830548//9830548 9896086//9896086 9240712//9240712
f 9896085//9896085 9830542//9830542 9765017//9765017
f 10027159//10027159 9765017//9765017 9699483//9699483
f 9699480//9699480 9765019//9765019 10092697//10092697
f 10158232//10158232 8978568//8978568 10158216//10158216
f 10223770//10223770 10027161//10027161 10223774//10223774
f 9896092//9896092 9896095//9896095 10354843//10354843
f 10158218//10158218 10158240//10158240 10420383//10420383
f 10420362//10420362 10420385//10420385 10485922//10485922
f 10616985//10616985 9961627//9961627 10616989//10616989
f 10682523//10682523 10682527//10682527 10354848//10354848
f 10616987//10616987 10420388//10420388 10551461//10551461
f 10748068//10748068 10748064//10748064 10551462//10551462
f 10879134//10879134 10289309//10289309 10879144//10879144
f 11010211//11010211 11010212//11010212 10682533//10682533
f 11075749//11075749 11010214//11010214 10748074//10748074
f 11141290//11141290 10223782//10223782 10617004//10617004
f 11206819//11206819 10223785//10223785 11206823//11206823
f 11272360//11272360 10944679//10944679 11272366//11272366
f 11403434//11403434 11403435//11403435 11141296//11141296
f 11075761//11075761 11206825//11206825 11010225//11010225
f 11403441//11403441 10879146//10879146 11206834//11206834
f 11600044//11600044 10879153//10879153 11600045//11600045
f 11665582//11665582 11337901//11337901 11665588//11665588
f 11403445//11403445 11534513//11534513 11796658//11796658
f 11862189//11862189 11272370//11272370 11862195//11862195
f 11796662//11796662 11403442//11403442 11468983//11468983
f 11927733//11927733 11731119//11731119 11665592//11665592
f 12058804//12058804 12124344//12124344 11927728//11927728
f 12189882//12189882 12124336//12124336 12189884//12189884
f 11927741//11927741 11862197//11862197 11796669//11796669
f 12124349//12124349 11862199//11862199 12320958//12320958
f 12124350//12124350 11665597//11665597 11862207//11862207
f 11993267//11993267 11862207//11862207 12386495//12386495
f 12517562//12517562 12386492//12386492 12124352//12124352
f 12255425//12255425 12583104//12583104 12648640//12648640
f 12517570//12517570 12714174//12714174 12648641//12648641
f 12779704//12779704 12386495//12386495 12779711//12779711
f 12648643//12648643 12910789//12910789 12845251//12845251
f 12386498//12386498 12386503//12386503 12976324//12976324
f 13041848//13041848 12058820//12058820 11993288//11993288
f 13107385//13107385 12648648//12648648 13172935//13172935
f 13172930//13172930 12976325//12976325 13238468//13238468
f 13238472//13238472 12976324//12976324 13172939//13172939
f 13304009//13304009 13041864//13041864 13238476//13238476
f 13369545//13369545 12910796//12910796 13435077//13435077
f 12910799//12910799 12845262//12845262 13566154//13566154
f 13172944//13172944 12845259//12845259 13435088//13435088
f 13631693//13631693 13369548//13369548 13631698//13631698
f 13762764//13762764 13566155//13566155 13762763//13762763
f 13631692//13631692 13500627//13500627 13828302//13828302
f 13500629//13500629 13697236//13697236 13631702//13631702
f 14024914//14024914 13631702//13631702 13762776//13762776
f 13762768//13762768 13631704//13631704 14090454//14090454
f 13566158//13566158 13566169//13566169 14155992//14155992
f 14155982//14155982 13893844//13893844 14221524//14221524
f 13893851//13893851 14024922//14024922 13959388//13959388
f 14418135//14418135 13959388//13959388 14090462//14090462
f 14090457//14090457 13959390//13959390 14483676//14483676
f 14155988//14155988 14155999//14155999 14549214//14549214
f 14549204//14549204 14287066//14287066 14614746//14614746
f 14287073//14287073 14418144//14418144 14352610//14352610
f 14811357//14811357 14352610//14352610 14483684//14483684
f 14483679//14483679 14352612//14352612 14876898//14876898
f 14549210//14549210 14549221//14549221 14942436//14942436
f 14942426//14942426 14680288//14680288 15007968//15007968
f 15073510//15073510 14811361//14811361 14745832//14745832
f 15204579//15204579 14745832//14745832 14876906//14876906
f 14876901//14876901 14745834//14745834 15270120//15270120
f 14942432//14942432 14614763//14614763 15007979//15007979
f 15270117//15270117 15007979//15007979 15073516//15073516
f 15401195//15401195 15401190//15401190 15073517//15073517
f 15532265//15532265 15204584//15204584 15532271//15532271
f 15663338//15663338 15335659//15335659 15401200//15401200
f 15728876//15728876 15663341//15663341 15401201//15401201
f 15794417//15794417 15728877//15728877 15794419//15794419
f 15925480//15925480 15270122//15270122 15663348//15663348
f 15532264//15532264 15991028//15991028 15728883//15728883
f 15991024//15991024 15925489//15925489 15663349//15663349
f 16056565//16056565 15925491//15925491 15991031//15991031
f 16056567//16056567 15532277//15532277 15925495//15925495
f 16187639//16187639 15597814//15597814 15532281//15532281
f 16253166//16253166 16253175//16253175 16122104//16122104
f 16318703//16318703 16253177//16253177 16187643//16187643
f 16384250//16384250 16318713//16318713 16384252//16384252
f 16580861//16580861 16646399//16646399 16711934//16711934
f 16711935//16711935 16580865//16580865 16711938//16711938
f 16908542//16908542 16974082//16974082 16908546//16908546
f 16711937//16711937 17105157//17105157 17039617//17039617
f 16843008//16843008 16711943//16711943 17039623//17039623
f 16843016//16843016 17236228//17236228 16843015//16843015
f 17236231//17236231 17105161//17105161 17367301//17367301
f 17432842//17432842 17039622//17039622 17498375//17498375
f 17301767//17301767 17498380//17498380 17039626//17039626
f 17563908//17563908 16974088//16974088 17563918//17563918
f 17629453//17629453 17367311//17367311 17432848//17432848
f 17826064//17826064 17367307//17367307 17891596//17891596
f 17760530//17760530 17760522//17760522 17957138//17957138
f 17891604//17891604 17498380//17498380 18022665//18022665
f 17891603//17891603 18088212//18088212 17760529//17760529
f 18153749//18153749 18219281//18219281 18088214//18088214
f 17760533//17760533 17760536//17760536 18284819//18284819
f 18088215//18088215 18088217//18088217 18350360//18350360
f 18350359//18350359 18415898//18415898 18284825//18284825
f 18415895//18415895 18415899//18415899 18546968//18546968
f 17957144//17957144 18612508//18612508 18415899//18415899
f 18612508//18612508 18612506//18612506 18481438//18481438
f 18743561//18743561 18743572//18743572 18022675//18022675
f 18612512//18612512 18612508//18612508 18678049//18678049
f 18874656//18874656 18940189//18940189 17957148//17957148
f 18809122//18809122 18743580//18743580 17957155//17957155
f 18940195//18940195 18678035//18678035 19071265//19071265
f 19071262//19071262 18809125//18809125 18874662//18874662
f 18940192//18940192 19071270//19071270 19202337//19202337
f 19202343//19202343 19267874//19267874 19005730//19005730
f 19333385//19333385 19005727//19005727 19333407//19333407
f 19071269//19071269 19136809//19136809 19464489//19464489
f 19398954//19398954 19464491//19464491 19595563//19595563
f 19530028//19530028 19071277//19071277 19726630//19726630
f 19726631//19726631 19792166//19792166 19071273//19071273
f 19071279//19071279 19398958//19398958 19530031//19530031
f 19857707//19857707 19661101//19661101 19923248//19923248
f 19988775//19988775 19726638//19726638 19792178//19792178
f 19857713//19857713 19923251//19923251 20119859//20119859
f 20119861//20119861 20250931//20250931 20185396//20185396
f 20250935//20250935 20382005//20382005 19792171//19792171
f 19792185//19792185 19792178//19792178 20382009//20382009
f 20513063//20513063 20447538//20447538 20513074//20513074
f 19530043//19530043 19857720//19857720 20578603//20578603
f 20382012//20382012 20644153//20644153 20382011//20382011
f 19857725//19857725 20709691//20709691 20644155//20644155
f 19857715//19857715 20775230//20775230 20709680//20709680
f 20840766//20840766 20185395//20185395 20840755//20840755
f 20775232//20775232 20775229//20775229 20840768//20840768
f 20971839//20971839 20906293//20906293 20840769//20840769
f 20709696//20709696 21037378//21037378 20644157//20644157
f 20447548//20447548 21102915//21102915 20513081//20513081
f 20971829//20971829 20316484//20316484 21168437//21168437
f 20316485//20316485 21233988//21233988 20316486//20316486
f 21233991//21233991 21365060//21365060 20971844//20971844
f 21233990//21233990 21365064//21365064 21233992//21233992
f 21430598//21430598 20906313//20906313 20971850//20971850
f 21561666//21561666 21037376//21037376 21627196//21627196
f 21627203//21627203 21496124//21496124 21692744//21692744
f 21692745//21692745 21758285//21758285 21823820//21823820
f 21692751//21692751 21365064//21365064 21430607//21430607
f 21823824//21823824 21889356//21889356 21692752//21692752
f 22020432//22020432 20971854//20971854 21365074//21365074
f 22085962//22085962 22151489//22151489 21365071//21365071
f 21889360//21889360 22151507//22151507 22085959//22085959
f 22020436//22020436 21954896//21954896 22217043//22217043
f 22282580//22282580 22282577//22282577 22348116//22348116
f 22348115//22348115 22282580//22282580 22413654//22413654
f 22151512//22151512 22151506//22151506 22348120//22348120
f 22348119//22348119 22544729//22544729 22479190//22479190
f 22544727//22544727 22085978//22085978 22675786//22675786
f 22085976//22085976 22675803//22675803 22741322//22741322
f 21037386//21037386 22741340//22741340 21627202//21627202
f 22675800//22675800 22675805//22675805 22806876//22806876
f 22741342//22741342 22872395//22872395 22741341//22741341
f 22937949//22937949 22937944//22937944 22479193//22479193
f 22544730//22544730 23069024//23069024 23003482//23003482
f 22937954//22937954 22872413//22872413 22806882//22806882
f 22544739//22544739 23200095//23200095 22544736//22544736
f 23200098//23200098 22872415//22872415 23265611//23265611
f 23265603//23265603 23331147//23331147 23003489//23003489
f 23396709//23396709 23134561//23134561 23462238//23462238
f 22872423//22872423 23134564//23134564 23200104//23200104
f 23462242//23462242 23593320//23593320 23462248//23462248
f 23200096//23200096 23331178//23331178 23658848//23658848
f 23527779//23527779 23527786//23527786 23658853//23658853
f 23396715//23396715 23789925//23789925 23724390//23724390
f 23331181//23331181 23593320//23593320 23527789//23527789
f 23331179//23331179 23593325//23593325 23855467//23855467
f 23724396//23724396 23593326//23593326 23724398//23724398
f 23921004//23921004 24052079//24052079 23921007//23921007
f 23265639//23265639 24117617//24117617 23462249//23462249
f 23921008//23921008 24183154//24183154 23593326//23593326
f 24117619//24117619 24248676//24248676 21102948//21102948
f 24314225//24314225 24183145//24183145 24314217//24314217
f 24248693//24248693 21102915//21102915 24379706//24379706
f 24248689//24248689 24117622//24117622 24314230//24314230
f 24248694//24248694 24510837//24510837 24183152//24183152
f 24510832//24510832 17563919//17563919 24510735//24510735
f 24314226//24314226 24314232//24314232 24576374//24576374
f 24183159//24183159 24641913//24641913 24510733//24510733
f 24576370//24576370 24707449//24707449 24445304//24445304
f 24641914//24641914 24641912//24641912 17564027//17564027
f 24772986//24772986 17564025//17564025 17236347//17236347
f 17301883//17301883 24707336//24707336 24772873//24772873
f 19333498//19333498 24707337//24707337 24838518//24838518
f 24707368//24707368 24445308//24445308 24838517//24838517
f 24838440//24838440 24904061//24904061 24379772//24379772
f 19333411//19333411 24904061//24904061 24969589//24969589
f 24903971//24903971 20513150//20513150 24379774//24379774
f 24969507//24969507 19267879//19267879 20513150//20513150
f 25100671//25100671 25100673//25100673 25166210//25166210
f 25297280//25297280 25166210//25166210 25362818//25362818
f 25362817//25362817 25493893//25493893 25362821//25362821
f 25559427//25559427 25624962//25624962 25297287//25297287
f 25690498//25690498 25231748//25231748 25690503//25690503
f 25493898//25493898 25756036//25756036 25690500//25690500
f 25821577//25821577 25624970//25624970 25559436//25559436
f 25624972//25624972 25559437//25559437 25690510//25690510
f 26018185//26018185 26018187//26018187 25887111//25887111
f 25756038//25756038 25493903//25493903 26149263//26149263
f 26214799//26214799 25887120//25887120 26280333//26280333
f 25952658//25952658 25887123//25887123 26018196//26018196
f 25887124//25887124 26280338//26280338 26411413//26411413
f 26018198//26018198 26018196//26018196 25821590//25821590
f 26542485//26542485 26608020//26608020 26345874//26345874
f 26345879//26345879 26739096//26739096 26673559//26673559
f 26804631//26804631 26280338//26280338 26476954//26476954
f 26870169//26870169 26608023//26608023 26804635//26804635
f 26935705//26935705 26935707//26935707 26870170//26870170
f 27001241//27001241 26935708//26935708 27066781//27066781
f 26542475//26542475 27132319//27132319 26476950//26476950
f 27197852//27197852 26804634//26804634 26476960//26476960
f 26476959//26476959 27328929//27328929 27197845//27197845
f 26476961//26476961 27394466//27394466 26935712//26935712
f 27197858//27197858 26935715//26935715 27459998//27459998
f 26935715//26935715 27066788//27066788 27460005//27460005
f 27394469//27394469 27394468//27394468 27328934//27328934
f 27591077//27591077 27066787//27066787 27525543//27525543
f 27591079//27591079 27066789//27066789 27656616//27656616
f 27328937//27328937 27787686//27787686 27328929//27328929
f 27853217//27853217 25821599//25821599 27853215//27853215
f 27918760//27918760 27722151//27722151 27918764//27918764
f 28049831//28049831 27787686//27787686 28049830//28049830
f 28115372//28115372 27984299//27984299 28115375//28115375
f 28246447//28246447 28311982//28311982 27918759//27918759
f 28049841//28049841 27918759//27918759 28311982//28311982
f 28246446//28246446 28246450//28246450 28377523//28377523
f 28049833//28049833 28049844//28049844 28508593//28508593
f 28311989//28311989 28377518//28377518 28115381//28115381
f 28508598//28508598 28574129//28574129 28311990//28311990
f 28508585//28508585 28639671//28639671 28508599//28508599
f 28770739//28770739 28443058//28443058 28770745//28770745
f 28705193//28705193 27263418//27263418 28901801//28901801
f 28901793//28901793 27263419//27263419 27853243//27853243
f 29032887//29032887 28967354//28967354 29032890//29032890
f 28705213//28705213 29098422//29098422 28705212//28705212
f 29163957//29163957 29163958//29163958 28639677//28639677
f 28574143//28574143 29229490//29229490 28574142//28574142
f 28967338//28967338 28967360//28967360 29295036//29295036
f 29295018//29295018 29360577//29360577 27853195//27853195
f 29295042//29295042 29360572//29360572 29426112//29426112
f 29098428//29098428 29426115//29426115 29491644//29491644
f 29229508//29229508 28770738//28770738 28377540//28377540
f 29622721//29622721 29622667//29622667 25821578//25821578
f 25756047//25756047 29360581//29360581 29622726//29622726
f 26083782//26083782 29360581//29360581 29753794//29753794
f 29753793//29753793 29688262//29688262 26083784//26083784
f 29819279//29819279 29884817//29884817 29819281//29819281
f 29688264//29688264 29950410//29950410 29753798//29753798
f 29950408//29950408 30015945//30015945 29426119//29426119
f 29753802//29753802 30081483//30081483 30015946//30015946
f 29884877//29884877 30081482//30081482 29950413//29950413
f 30212557//30212557 30278089//30278089 30147022//30147022
f 30015952//30015952 30081474//30081474 30343627//30343627
f 29426128//29426128 30278083//30278083 30409165//30409165
f 30147025//30147025 30278092//30278092 30474705//30474705
f 30540227//30540227 29491664//29491664 30540221//30540221
f 30605777//30605777 30605778//30605778 30474709//30474709
f 30343628//30343628 30540246//30540246 30343638//30343638
f 30802365//30802365 29098451//29098451 30802366//30802366
f 30081489//30081489 30409176//30409176 30605784//30605784
f 30867929//30867929 30933452//30933452 30736844//30736844
f 30933464//30933464 30605780//30605780 30671322//30671322
f 30998997//30998997 30540251//30540251 30736860//30736860
f 30540252//30540252 31195607//31195607 29163991//29163991
f 29163997//29163997 31261119//31261119 30736857//30736857
f 30736862//30736862 30933468//30933468 30605791//30605791
f 31326676//31326676 30933466//30933466 31326688//31326688
f 31326682//31326682 30933472//30933472 31392222//31392222
f 30999003//30999003 31392225//31392225 30999009//30999009
f 31064546//31064546 31130081//31130081 31588823//31588823
f 30802403//30802403 31654365//31654365 29229533//29229533
f 29229540//29229540 31719876//31719876 31130078//31130078
f 31130085//31130085 31261155//31261155 31392230//31392230
f 31785440//31785440 31261153//31261153 31785445//31785445
f 31457762//31457762 31916519//31916519 31850978//31850978
f 31982054//31982054 31982049//31982049 31719910//31719910
f 31850985//31850985 32047585//32047585 31195619//31195619
f 31654365//31654365 31588842//31588842 31719915//31719915
f 31719913//31719913 31588843//31588843 32113130//32113130
f 32178628//32178628 29557220//29557220 32178616//32178616
f 31850984//31850984 32309741//32309741 32244200//32244200
f 31850991//31850991 32375273//32375273 31850989//31850989
f 32113129//32113129 32440816//32440816 32047595//32047595
f 32440809//32440809 31654383//31654383 32047601//32047601
f 32178660//32178660 32047601//32047601 32440817//32440817
f 32178674//32178674 32178616//32178616 32506354//32506354
f 28770802//28770802 32637369//32637369 28836338//28836338
f 32571892//32571892 32375283//32375283 32768496//32768496
f 32768497//32768497 32571888//32571888 32506358//32506358
f 32834036//32834036 32768498//32768498 32834033//32834033
f 32834039//32834039 32768500//32768500 32899574//32899574
f 32702967//32702967 32965112//32965112 32899577//32899577
f 32899573//32899573 32965113//32965113 33030650//33030650
f 33096185//33096185 32375291//32375291 33227253//33227253
f 33030645//33030645 33227260//33227260 32375277//32375277
f 33161721//33161721 33227261//33227261 33292793//33292793
f 33292798//33292798 33227259//33227259 32244223//32244223
f 33292796//33292796 33358335//33358335 33292799//33292799
f 32244206//32244206 33358335//33358335 33423854//33423854
f 33554944//33554944 33489410//33489410 33686018//33686018
f 33489412//33489412 33620483//33620483 33686021//33686021
f 33882626//33882626 33751557//33751557 33948163//33948163
f 33751560//33751560 33686023//33686023 34079237//34079237
f 34079235//34079235 34013703//34013703 34144775//34144775
f 34013707//34013707 33948170//33948170 34275849//34275849
f 34275847//34275847 34210314//34210314 34341386//34341386
f 34210318//34210318 34472461//34472461 34275850//34275850
f 34341391//34341391 34537994//34537994 34472461//34472461
f 34341390//34341390 34538001//34538001 34341393//34341393
f 34406930//34406930 34669073//34669073 34734609//34734609
f 34603539//34603539 34800144//34800144 34734610//34734610
f 34275855//34275855 34865685//34865685 34472464//34472464
f 34931209//34931209 34865676//34865676 34931212//34931212
f 34996745//34996745 34996758//34996758 33817097//33817097
f 33817111//33817111 35062296//35062296 33882629//33882629
f 33882648//33882648 33882649//33882649 35127834//35127834
f 35258886//35258886 35258906//35258906 35193372//35193372
f 35389979//35389979 35455516//35455516 35389980//35389980
f 35521054//35521054 35455516//35455516 35586589//35586589
f 35455519//35455519 35521057//35521057 35717665//35717665
f 35783198//35783198 35455521//35455521 35848736//35848736
f 35848734//35848734 35914275//35914275 35586596//35586596
f 35979813//35979813 35979812//35979812 35848739//35848739
f 36045350//36045350 36110883//36110883 36241961//36241961
f 36307496//36307496 36373033//36373033 36307497//36307497
f 36438572//36438572 36373033//36373033 36438574//36438574
f 36569644//36569644 36635182//36635182 36569646//36569646
f 36700720//36700720 36635182//36635182 36700722//36700722
f 36831792//36831792 36897330//36897330 36831794//36831794
f 36962868//36962868 36962866//36962866 37028404//37028404
f 37028405//37028405 37159479//37159479 37028407//37028407
f 37225016//37225016 37290551//37290551 37159481//37159481
f 37356090//37356090 37421625//37421625 37290555//37290555
f 37421627//37421627 37421629//37421629 37552698//37552698
f 37683775//37683775 37618241//37618241 37814849//37814849
f 37814851//37814851 37618241//37618241 37945922//37945922
f 37945919//37945919 37880389//37880389 37814854//37814854
f 37945926//37945926 38142530//38142530 37880390//37880390
f 38208071//38208071 38208070//38208070 38077001//38077001
f 38273606//38273606 38208068//38208068 38273610//38273610
f 38011467//38011467 38470212//38470212 38404677//38404677
f 38535754//38535754 38339145//38339145 38535758//38535758
f 37945935//37945935 38666825//38666825 38535753//38535753
f 37945931//37945931 38601295//38601295 38535760//38535760
f 38535759//38535759 38601296//38601296 38732369//38732369
f 38863441//38863441 38797904//38797904 38863443//38863443
f 38994515//38994515 38928978//38928978 38994517//38994517
f 39125589//39125589 39060052//39060052 39125591//39125591
f 38863448//38863448 39125588//39125588 38994520//38994520
f 38732377//38732377 39256658//39256658 38863449//38863449
f 38732367//38732367 39322202//39322202 38732378//38732378
f 39453263//39453263 38666827//38666827 39453274//39453274
f 39322202//39322202 39387740//39387740 39453276//39453276
f 39256665//39256665 39322205//39322205 39518813//39518813
f 39649879//39649879 39191126//39191126 39649887//39649887
f 39649888//39649888 39125599//39125599 39256673//39256673
f 39256669//39256669 39125601//39125601 39846498//39846498
f 39649878//39649878 39780962//39780962 39649891//39649891
f 39977572//39977572 39584352//39584352 40108641//40108641
f 40108642//40108642 40174177//40174177 39584348//39584348
f 39584358//39584358 40239717//40239717 39649890//39649890
f 39649895//39649895 40043107//40043107 39977576//39977576
f 40305257//40305257 39912036//39912036 40108650//40108650
f 39912042//39912042 40501863//40501863 39977575//39977575
f 39977579//39977579 40370792//40370792 40305260//40305260
f 40501868//40501868 40632936//40632936 40370796//40370796
f 40108654//40108654 40174186//40174186 40698469//40698469
f 40436335//40436335 40764007//40764007 40501863//40501863
f 40436334//40436334 40567407//40567407 40501872//40501872
f 40501871//40501871 40632944//40632944 40567409//40567409
f 40829553//40829553 40698476//40698476 40960623//40960623
f 40829551//40829551 40698482//40698482 41026162//41026162
f 40698470//40698470 40829555//40829555 40960628//40960628
f 41091697//41091697 41091696//41091696 40960627//40960627
f 41157229//41157229 40632945//40632945 41157238//41157238
f 41288305//41288305 41091700//41091700 41026167//41026167
f 41157233//41157233 41222775//41222775 41157240//41157240
f 41288312//41288312 41222773//41222773 41353849//41353849
f 41026150//41026150 41484922//41484922 41288307//41288307
f 41550457//41550457 41419384//41419384 41550356//41550356
f 34734612//34734612 41353851//41353851 41288316//41288316
f 41615995//41615995 41484920//41484920 41615991//41615991
f 41681531//41681531 34734716//34734716 41550461//41550461
f 41484925//41484925 41747068//41747068 41484902//41484902
f 41747046//41747046 39453276//39453276 41747036//41747036
f 41812499//41812499 34734717//34734717 41812496//41812496
f 41878141//41878141 41747066//41747066 41878138//41878138
f 41878143//41878143 39453309//39453309 41943678//41943678
f 41747073//41747073 41812608//41812608 41878146//41878146
f 42009104//42009104 41943679//41943679 42009216//42009216
f 39453315//39453315 42074753//42074753 42009217//42009217
f 38404739//38404739 38470235//38470235 42074699//42074699
f 42140176//42140176 42074754//42074754 42140290//42140290
f 38470276//38470276 34865795//34865795 34538116//34538116
f 34865796//34865796 42205772//42205772 42336902//42336902
f 42402437//42402437 42205830//42205830 42402441//42402441
f 42533509//42533509 42599049//42599049 42402438//42402438
f 42664587//42664587 42730118//42730118 42533513//42533513
f 42533517//42533517 42402446//42402446 42861193//42861193
f 42861192//42861192 42926731//42926731 42599052//42599052
f 42992272//42992272 43057804//43057804 42795661//42795661
f 42795666//42795666 43188883//43188883 42730121//42730121
f 42861204//42861204 43188873//43188873 43057805//43057805
f 42861195//42861195 42599061//42599061 42926741//42926741
f 42926737//42926737 42992278//42992278 43385494//43385494
f 43319959//43319959 43319960//43319960 43451033//43451033
f 43582096//43582096 43319958//43319958 43516570//43516570
f 43254416//43254416 43582106//43582106 43516571//43516571
f 43713178//43713178 43254427//43254427 43582108//43582108
f 43778716//43778716 42861211//42861211 43254430//43254430
f 43844245//43844245 42861212//42861212 43844244//43844244
f 43909788//43909788 43909789//43909789 43778720//43778720
f 43188894//43188894 43188897//43188897 44040850//44040850
f 43844252//43844252 43844258//43844258 44106401//44106401
f 44106396//44106396 43909791//43909791 43975331//43975331
f 44237475//44237475 44303008//44303008 43057825//43057825
f 44040866//44040866 43909797//43909797 44368546//44368546
f 44368543//44368543 44106403//44106403 44368549//44368549
f 44434083//44434083 44434084//44434084 44237480//44237480
f 43057829//43057829 44565161//44565161 43123346//43123346
f 43123369//43123369 44171946//44171946 44696230//44696230
f 44696227//44696227 44434087//44434087 44499628//44499628
f 44761771//44761771 44761767//44761767 44499629//44499629
f 44303014//44303014 44892846//44892846 44565157//44565157
f 44892838//44892838 44958379//44958379 44630697//44630697
f 44565166//44565166 44958383//44958383 45023914//45023914
f 45089451//45089451 45089452//45089452 44892843//44892843
f 45154988//45154988 45154989//45154989 45089452//45089452
f 45220530//45220530 45286061//45286061 44958382//44958382
f 44892849//44892849 45351604//45351604 45023919//45023919
f 44958388//44958388 45351605//45351605 45417136//45417136
f 45286065//45286065 45482679//45482679 45351604//45351604
f 45351608//45351608 45482678//45482678 45548213//45548213
f 45417144//45417144 45679289//45679289 45613752//45613752
f 45548215//45548215 45679290//45679290 45744825//45744825
f 45155004//45155004 45089457//45089457 45810359//45810359
f 45875890//45875890 45810355//45810355 45155005//45155005
f 45220542//45220542 45810365//45810365 45875902//45875902
f 46006974//46006974 45941427//45941427 46006976//46006976
f 45679297//45679297 46138043//46138043 46203579//46203579
f 45679287//45679287 46269123//46269123 45482684//45482684
f 45679299//45679299 45810369//45810369 45941444//45941444
f 46334659//46334659 46400188//46400188 46334654//46334654
f 46269124//46269124 45941445//45941445 46072518//46072518
f 46465733//46465733 46400190//46400190 46531267//46531267
f 46138051//46138051 46596807//46596807 46465728//46465728
f 46662344//46662344 46596800//46596800 46662346//46662346
f 46400198//46400198 46465739//46465739 46596811//46596811
f 46531269//46531269 46793419//46793419 46858951//46858951
f 46596813//46596813 46596811//46596811 46727885//46727885
f 46924492//46924492 46858955//46858955 46924490//46924490
f 46990028//46990028 46858954//46858954 46990031//46990031
f 47121089//47121089 46531271//46531271 46858960//46858960
f 47186636//47186636 46858959//46858959 47186640//47186640
f 47252177//47252177 46138063//46138063 47121107//47121107
f 47121105//47121105 47317715//47317715 46203585//46203585
f 47383249//47383249 47186642//47186642 47383251//47383251
f 47448788//47448788 47317714//47317714 47514306//47514306
f 47317716//47317716 46203606//46203606 47514327//47514327
f 47645396//47645396 47383253//47383253 47645398//47645398
f 47514328//47514328 47645399//47645399 47448793//47448793
f 47579864//47579864 47645402//47645402 47710938//47710938
f 47907547//47907547 47842013//47842013 48038621//48038621
f 48038619//48038619 47842015//47842015 48169695//48169695
f 48038625//48038625 48235229//48235229 48300765//48300765
f 48169699//48169699 48366303//48366303 48169700//48169700
f 48497374//48497374 48038623//48038623 48497377//48497377
f 48235238//48235238 48562914//48562914 48628450//48628450
f 48431848//48431848 48693987//48693987 48431849//48431849
f 48366314//48366314 48825055//48825055 48497375//48497375
f 48693994//48693994 48235235//48235235 48497387//48497387
f 48562913//48562913 48628459//48628459 48562924//48562924
f 49021671//49021671 49021676//49021676 48956142//48956142
f 49087212//49087212 48562927//48562927 49218284//49218284
f 49152748//49152748 48562928//48562928 48890608//48890608
f 49152752//49152752 49218289//49218289 49349361//49349361
f 49218283//49218283 49349362//49349362 49414897//49414897
f 48890597//48890597 48890612//48890612 49480434//49480434
f 49480421//49480421 49349354//49349354 49545971//49545971
f 49414901//49414901 49349366//49349366 49480439//49480439
f 49545970//49545970 49480439//49480439 48825080//48825080
f 49677044//49677044 48825080//48825080 48694008//48694008
f 49611509//49611509 49808121//49808121 49873654//49873654
f 49939189//49939189 49545975//49545975 49939193//49939193
f 50004727//50004727 50004728//50004728 49742568//49742568
f 49939191//49939191 49808124//49808124 50070266//50070266
f 49873661//49873661 50004734//50004734 48694015//48694015
f 48759551//48759551 50201320//50201320 48759552//48759552
f 50332409//50332409 49808123//49808123 50332413//50332413
f 50135805//50135805 50332418//50332418 50397949//50397949
f 50135810//50135810 49939203//49939203 50004740//50004740
f 50201348//50201348 49939196//49939196 50529025//50529025
f 50266885//50266885 50529023//50529023 50201349//50201349
f 50660101//50660101 50332416//50332416 50725634//50725634
f 50529031//50529031 50397953//50397953 50791171//50791171
f 50725640//50725640 50791170//50791170 50856707//50856707
f 50594570//50594570 50725636//50725636 50529034//50529034
f 50660107//50660107 50922245//50922245 50594571//50594571
f 51053323//51053323 50725638//50725638 50922253//50922253
f 50987789//50987789 51184394//51184394 50987788//50987788
f 51184397//51184397 51184395//51184395 51053327//51053327
f 51249936//51249936 51118862//51118862 51184400//51184400
f 51381008//51381008 51446543//51446543 50791175//50791175
f 51446535//51446535 50791181//50791181 51512073//51512073
f 50791186//50791186 51577619//51577619 50856723//50856723
f 51512082//51512082 51577620//51577620 51643145//51643145
f 51643156//51643156 51774230//51774230 51315473//51315473
f 51839767//51839767 51118865//51118865 51315481//51315481
f 51118873//51118873 51905298//51905298 51315479//51315479
f 51577618//51577618 51905306//51905306 51970834//51970834
f 51970843//51970843 51970836//51970836 51905307//51905307
f 51708692//51708692 52036380//52036380 52101908//52101908
f 52167451//52167451 51905305//51905305 51774237//51774237
f 52101918//52101918 52232982//52232982 52298518//52298518
f 52298526//52298526 52101920//52101920 52036385//52036385
f 52232988//52232988 52036385//52036385 52167457//52167457
f 52495137//52495137 52560669//52560669 52232993//52232993
f 52364062//52364062 52495139//52495139 52560673//52560673
f 52560674//52560674 52495136//52495136 52626208//52626208
f 52626210//52626210 51774245//51774245 52757277//52757277
f 52495133//52495133 52495142//52495142 52822821//52822821
f 52495142//52495142 52822823//52822823 52888357//52888357
f 52757271//52757271 52822825//52822825 52757289//52757289
f 51839785//51839785 52822807//52822807 53019432//53019432
f 53019431//53019431 53019433//53019433 53084968//53084968
f 53150505//53150505 53019416//53019416 52953900//52953900
f 53150488//53150488 53019437//53019437 53281579//53281579
f 53281578//53281578 53281580//53281580 53150509//53150509
f 53084974//53084974 53281583//53281583 53216048//53216048
f 53347118//53347118 53478192//53478192 53609266//53609266
f 53674801//53674801 53478194//53478194 53674805//53674805
f 53805873//53805873 53871413//53871413 53674802//53674802
f 53936951//53936951 54002482//54002482 53805877//53805877
f 53805881//53805881 53674810//53674810 54133557//54133557
f 54133556//54133556 53936951//53936951 54199095//54199095
f 54199096//54199096 54330173//54330173 53740347//53740347
f 53740350//53740350 53871417//53871417 54395707//54395707
f 54395703//54395703 54330172//54330172 54133567//54133567
f 54002496//54002496 54461242//54461242 54526778//54526778
f 54461250//54461250 54264641//54264641 54657852//54657852
f 54657853//54657853 54788932//54788932 54657860//54657860
f 54395708//54395708 54199110//54199110 54657862//54657862
f 54657861//54657861 54920007//54920007 54854467//54854467
f 54985534//54985534 54985535//54985535 54395718//54395718
f 54330185//54330185 55051065//55051065 54461241//54461241
f 54788938//54788938 55116615//55116615 54788939//54788939
f 55182156//55182156 55247690//55247690 55313226//55313226
f 55116621//55116621 55378766//55378766 54920010//54920010
f 55378765//55378765 54920015//54920015 55509830//55509830
f 54920014//54920014 55444304//55444304 55575374//55575374
f 55378769//55378769 55444304//55444304 55640913//55640913
f 54854480//54854480 54985555//54985555 54854483//54854483
f 55509841//55509841 55509844//55509844 55771987//55771987
f 55575378//55575378 55837525//55837525 55771985//55771985
f 55837522//55837522 55968598//55968598 54985555//54985555
f 55706452//55706452 55837527//55837527 56034132//56034132
f 55968596//55968596 55903064//55903064 56099669//56099669
f 55837529//55837529 55903064//55903064 56165209//56165209
f 56230745//56230745 55968602//55968602 56296264//56296264
f 56296254//56296254 54330184//54330184 56296265//56296265
f 55968600//55968600 55968605//55968605 56361820//56361820
f 56034137//56034137 56034142//56034142 56427357//56427357
f 56492889//56492889 56492891//56492891 56427353//56427353
f 55051100//55051100 56296288//56296288 56361824//56361824
f 56623965//56623965 56361822//56361822 56623968//56623968
f 56427359//56427359 56558433//56558433 56689481//56689481
f 56558433//56558433 56689506//56689506 54461257//54461257
f 56492891//56492891 56230755//56230755 56820579//56820579
f 56886115//56886115 56492900//56492900 56951649//56951649
f 56951647//56951647 56623971//56623971 56951650//56951650
f 57017187//57017187 57017189//57017189 56951651//56951651
f 57082727//57082727 57017189//57017189 57082729//57082729
f 56951655//56951655 57148266//57148266 57213799//57213799
f 57213794//57213794 57148262//57148262 57279338//57279338
f 54592362//54592362 54592363//54592363 54461292//54461292
f 54461282//54461282 57213804//57213804 54592364//54592364
f 57344866//57344866 57410410//57410410 57541486//57541486
f 57541485//57541485 57410416//57410416 57672560//57672560
f 57672557//57672557 57803634//57803634 57541488//57541488
f 57541491//57541491 57934708//57934708 57672562//57672562
f 58000245//58000245 57607026//57607026 57672567//57672567
f 57803632//57803632 57869175//57869175 57803640//57803640
f 58196852//58196852 58262392//58262392 58065777//58065777
f 57934714//57934714 57803633//57803633 58065787//58065787
f 58131315//58131315 58262395//58262395 58327927//58327927
f 58000252//58000252 58393461//58393461 58000253//58000253
f 58459006//58459006 58196860//58196860 58131327//58131327
f 58655609//58655609 58721151//58721151 58655615//58655615
f 58786680//58786680 58131323//58131323 58786687//58786687
f 58852225//58852225 58852223//58852223 58590082//58590082
f 58327930//58327930 58917764//58917764 58786683//58786683
f 57934725//57934725 58983290//58983290 57934716//57934716
f 58852230//58852230 59048833//59048833 59114369//59114369
f 59048840//59048840 59179911//59179911 59048841//59048841
f 59310985//59310985 59310982//59310982 59048835//59048835
f 59376521//59376521 58852234//58852234 58786700//58786700
f 59442058//59442058 59376515//59376515 59310989//59310989
f 59442061//59442061 59376522//59376522 59507598//59507598
f 59638668//59638668 58917762//58917762 59638658//59638658
f 59704206//59704206 59573133//59573133 59704209//59704209
f 59835277//59835277 59442060//59442060 59638674//59638674
f 59835280//59835280 59900813//59900813 59638660//59638660
f 59900818//59900818 59769743//59769743 59704212//59704212
f 60031889//60031889 59966356//59966356 60097429//60097429
f 60162960//60162960 59835282//59835282 59900823//59900823
f 60162964//60162964 59900816//59900816 58917784//58917784
f 58917754//58917754 58262424//58262424 58983320//58983320
f 60294039//60294039 59900819//59900819 60228505//60228505
f 60359572//60359572 60162967//60162967 60294042//60294042
f 60097428//60097428 60425115//60425115 59966362//59966362
f 60490648//60490648 60228485//60228485 60490649//60490649
f 60359577//60359577 60294045//60294045 60490653//60490653
f 60556187//60556187 58983322//58983322 60621724//60621724
f 60621725//60621725 60621724//60621724 58983292//58983292
f 60687254//60687254 60097435//60097435 60687264//60687264
f 60752799//60752799 60425121//60425121 60556194//60556194
f 60687259//60687259 60556194//60556194 60621730//60621730
f 60818335//60818335 60949411//60949411 60687266//60687266
f 60818339//60818339 60949412//60949412 61080484//61080484
f 61146019//61146019 61080482//61080482 60949414//60949414
f 60883870//60883870 61080486//61080486 61146023//61146023
f 61211558//61211558 58524542//58524542 61277052//61277052
f 61277086//61277086 61145980//61145980 61277054//61277054
f 61146014//61146014 61342632//61342632 61473706//61473706
f 61539241//61539241 61604778//61604778 61342636//61342636
f 61670316//61670316 61604778//61604778 61539247//61539247
f 61735856//61735856 61539245//61539245 61670321//61670321
f 61866927//61866927 61932460//61932460 61866926//61866926
f 61998000//61998000 62063535//62063535 61801395//61801395
f 62129071//62129071 61998001//61998001 61735861//61735861
f 62194612//62194612 62260147//62260147 62063542//62063542
f 62325683//62325683 62194613//62194613 61998008//61998008
f 62391223//62391223 62456758//62456758 62260153//62260153
f 62522294//62522294 62391224//62391224 62194619//62194619
f 62587834//62587834 62653369//62653369 62456764//62456764
f 62718905//62718905 62587835//62587835 62391230//62391230
f 62129073//62129073 62129087//62129087 62849976//62849976
f 62849973//62849973 62325695//62325695 62915515//62915515
f 62915512//62915512 62522304//62522304 62981054//62981054
f 62981051//62981051 61866945//61866945 63046591//63046591
f 61866930//61866930 61932483//61932483 63112131//63112131
f 63112114//63112114 63243205//63243205 63112133//63112133
f 63308742//63308742 63243205//63243205 63308744//63308744
f 63439811//63439811 63046596//63046596 63439807//63439807
f 63243209//63243209 62784452//62784452 63505344//63505344
f 63505343//63505343 62849993//62849993 63570881//63570881
f 63570880//63570880 62915530//62915530 63636418//63636418
f 63636417//63636417 63439819//63439819 63243213//63243213
f 63701962//63701962 63243209//63243209 63374286//63374286
f 63243215//63243215 63833037//63833037 63243214//63243214
f 63767496//63767496 63374288//63374288 63964112//63964112
f 63767506//63767506 64029647//64029647 63767504//63767504
f 64095184//64095184 64160721//64160721 64095185//64095185
f 64226259//64226259 63505364//63505364 64291787//64291787
f 64357322//64357322 63505357//63505357 64357334//64357334
f 63701976//63701976 64422871//64422871 63701967//63701967
f 64357336//64357336 64488406//64488406 63570902//63570902
f 63570905//63570905 64553932//64553932 63833042//63833042
f 63833050//63833050 64422872//64422872 64619478//64619478
f 64291803//64291803 64422873//64422873 64553948//64553948
f 64619480//64619480 64750556//64750556 64553938//64553938
f 64553949//64553949 64750556//64750556 64029662//64029662
f 64816095//64816095 64816093//64816093 64029648//64029648
f 64947166//64947166 64947152//64947152 64881630//64881630
f 64947152//64947152 64947155//64947155 64095201//64095201
f 65012691//65012691 64947157//64947157 65078239//65078239
f 65078240//65078240 64226273//64226273 65143777//65143777
f 65143765//65143765 65012708//65012708 65274850//65274850
f 65274847//65274847 65012706//65012706 65143781//65143781
f 65209318//65209318 65340387//65340387 65209319//65209319
f 65471462//65471462 65536999//65536999 65274851//65274851
f 65340393//65340393 65340387//65340387 65602537//65602537
f 65471467//65471467 65340390//65340390 65668074//65668074
f 65668072//65668072 65733612//65733612 65602539//65602539
f 65733608//65733608 65864685//65864685 65733613//65733613
f 65537007//65537007 64881637//64881637 65274863//65274863
f 65733614//65733614 65995760//65995760 65864689//65864689
f 65602540//65602540 65995762//65995762 66126828//66126828
f 66192368//66192368 66192369//66192369 66061300//66061300
f 66126832//66126832 66323445//66323445 65995763//65995763
f 66388979//66388979 66454516//66454516 66388980//66388980
f 65602552//65602552 65930217//65930217 65537016//65537016
f 66126841//66126841 66323434//66323434 66585586//66585586
f 66651125//66651125 66651123//66651123 66192374//66192374
f 66388983//66388983 66782203//66782203 66716663//66716663
f 66716668//66716668 66716669//66716669 66913270//66913270
f 66913274//66913274 66847734//66847734 66978811//66978811
f 66913275//66913275 66847743//66847743 67044351//67044351
f 66651137//66651137 66323445//66323445 67109881//67109881
f 65602553//65602553 66520066//66520066 65602562//65602562
f 66913283//66913283 67109882//67109882 66651139//66651139
f 66913279//66913279 67240964//67240964 66913284//66913284
f 66978816//66978816 66978821//66978821 67372036//67372036
f 67372032//67372032 67503110//67503110 67175417//67175417
f 66585601//66585601 67568647//67568647 66520066//66520066
f 67175431//67175431 67634184//67634184 67109891//67109891
f 67503105//67503105 67699721//67699721 67240964//67240964
f 67699721//67699721 67372035//67372035 67765252//67765252
f 67765258//67765258 67437572//67437572 67830789//67830789
f 67765253//67765253 67437580//67437580 67896332//67896332
f 67503113//67503113 67568654//67568654 67503118//67503118
f 67699727//67699727 67634185//67634185 68027406//68027406
f 67765264//67765264 68027402//68027402 67699728//67699728
f 67765260//67765260 68092945//68092945 67765265//67765265
f 67830797//67830797 67830802//67830802 68224017//68224017
f 68224013//68224013 68289555//68289555 68355090//68355090
f 68355091//68355091 68224021//68224021 68486161//68486161
f 68486162//68486162 68551700//68551700 68092945//68092945
f 68486167//68486167 68420625//68420625 68617236//68617236
f 68617237//68617237 68355097//68355097 68748310//68748310
f 68748308//68748308 68682776//68682776 68813848//68813848
f 68813849//68813849 68486172//68486172 68748317//68748317
f 68551702//68551702 68617245//68617245 69010458//69010458
f 69010456//69010456 69010459//69010459 68944922//68944922
f 68551711//68551711 69075984//69075984 68027408//68027408
f 68813852//68813852 68879392//68879392 69207072//69207072
f 69272599//69272599 68551709//68551709 69272607//69272607
f 68944926//68944926 69338147//69338147 69272605//69272605
f 69010459//69010459 68813860//68813860 69141540//69141540
f 69141537//69141537 69207077//69207077 69534757//69534757
f 69010471//69010471 69600291//69600291 69010468//69010468
f 69141544//69141544 69665828//69665828 69141541//69141541
f 69469222//69469222 69534761//69534761 69796905//69796905
f 69338151//69338151 69862443//69862443 69272611//69272611
f 69403692//69403692 69927975//69927975 69403688//69403688
f 69600300//69600300 69469227//69469227 69993512//69993512
f 69993509//69993509 69796905//69796905 70059049//70059049
f 70059050//70059050 70190127//70190127 70059055//70059055
f 70059056//70059056 70059057//70059057 70255666//70255666
f 70386729//70386729 70059054//70059054 70321203//70321203
f 69993513//69993513 70321203//70321203 70452275//70452275
f 70452269//70452269 70321203//70321203 70517812//70517812
f 69993526//69993526 69993512//69993512 70452278//70452278
f 69665846//69665846 70648876//70648876 70452277//70452277
f 70452279//70452279 70648886//70648886 70517816//70517816
f 70779959//70779959 69927992//69927992 70583354//70583354
f 70583351//70583351 70648890//70648890 70779963//70779963
f 70845495//70845495 70845499//70845499 70911020//70911020
f 70779964//70779964 69927995//69927995 70911019//70911019
f 70911036//70911036 71042109//71042109 69862459//69862459
f 71042108//71042108 70976574//70976574 71173182//71173182
f 69862461//69862461 71238720//71238720 71042110//71042110
f 69862464//69862464 71238690//71238690 71304226//71304226
f 69272641//69272641 71369759//71369759 71107647//71107647
f 71435330//71435330 71435327//71435327 71500866//71500866
f 71566400//71566400 71304254//71304254 71238725//71238725
f 69076033//69076033 68027462//68027462 69076038//69076038
f 71107655//71107655 71697477//71697477 71107650//71107650
f 71763009//71763009 71631941//71631941 71304264//71304264
f 71697480//71697480 68027461//68027461 71631945//71631945
f 71828550//71828550 68027464//68027464 71828494//71828494
f 71828554//71828554 67568654//67568654 67961930//67961930
f 71763019//71763019 71894089//71894089 71828555//71828555
f 72025160//72025160 71959623//71959623 71763020//71763020
f 71369805//71369805 72090695//72090695 72025159//72025159
f 72156168//72156168 72156234//72156234 71894091//71894091
f 72025167//72025167 72090699//72090699 72221772//72221772
f 72287309//72287309 71500866//71500866 72287298//72287298
f 72287300//72287300 71500881//71500881 72418385//72418385
f 72090704//72090704 72287315//72287315 72352851//72352851
f 72418388//72418388 72549457//72549457 72418389//72418389
f 72614998//72614998 72090708//72090708 72483927//72483927
f 72221773//72221773 72811607//72811607 72483921//72483921
f 72549464//72549464 72811601//72811601 72746067//72746067
f 72549462//72549462 72877145//72877145 72811604//72811604
f 72942681//72942681 72877142//72877142 73008216//73008216
f 73073753//73073753 73008218//73008218 72877148//72877148
f 72746072//72746072 73008221//73008221 73139288//73139288
f 72942686//72942686 73204828//73204828 72942687//72942687
f 73270368//73270368 73335902//73335902 73270369//73270369
f 73335905//73335905 73401442//73401442 73532514//73532514
f 73335908//73335908 73466974//73466974 73598048//73598048
f 73204837//73204837 73598044//73598044 73663582//73663582
f 73729115//73729115 73663580//73663580 73729116//73729116
f 73466979//73466979 73532519//73532519 73860199//73860199
f 73860201//73860201 73008231//73008231 73991261//73991261
f 74056795//74056795 73008230//73008230 74056810//74056810
f 73663596//73663596 74122342//74122342 74056806//74056806
f 73139306//73139306 74187885//74187885 72746077//72746077
f 74122341//74122341 73663598//73663598 73598062//73598062
f 74122351//74122351 74253419//74253419 74318956//74318956
f 73991275//73991275 73991280//73991280 74384493//74384493
f 72746093//72746093 72221809//72221809 72746097//72746097
f 74515535//74515535 72221809//72221809 74515531//74515531
f 74515534//74515534 74515531//74515531 74450035//74450035
f 74187891//74187891 74515569//74515569 74581070//74581070
f 74056815//74056815 74056820//74056820 74646640//74646640
f 74187888//74187888 74581109//74581109 74187893//74187893
f 74712176//74712176 74777718//74777718 74384500//74384500
f 74712183//74712183 74843251//74843251 74712182//74712182
f 74581112//74581112 74843214//74843214 74908787//74908787
f 72156280//72156280 67568761//67568761 72156281//72156281
f 66520072//66520072 74974329//74974329 65930232//65930232
f 65930361//65930361 74908792//74908792 64881647//64881647
f 64881784//64881784 64881783//64881783 74843101//74843101
f 64750711//64750711 64750710//64750710 74777564//74777564
f 64685174//64685174 64619636//64619636 64685172//64685172
f 74318811//74318811 64619636//64619636 74318809//74318809
f 74318958//74318958 74253273//74253273 63636441//63636441
f 63636590//63636590 73598074//73598074 75039854//75039854
f 75039682//75039682 73597900//73597900 75105402//75105402
f 73598050//73598050 62981243//62981243 75039868//75039868
f 75039867//75039867 62719100//62719100 62981244//62981244
f 75105378//75105378 75105405//75105405 75236476//75236476
f 75236450//75236450 62719079//62719079 75170942//75170942
f 75170941//75170941 62588030//62588030 62719102//62719102
f 75367549//75367549 73925735//73925735 75367527//75367527
f 73925760//73925760 75433087//75433087 73925761//73925761
f 75498626//75498626 75629696//75629696 62588030//62588030
f 75629501//75629501 75236284//75236284 75695230//75695230
f 75695235//75695235 75695230//75695230 75236479//75236479
f 75760573//75760573 75760771//75760771 75629700//75629700
f 75826109//75826109 75826309//75826309 75760775//75760775
f 75957382//75957382 76022919//76022919 75957383//75957383
f 76088453//76088453 75367556//75367556 76088452//76088452
f 76088455//76088455 75367557//75367557 76153994//76153994
f 76153983//76153983 75891840//75891840 76088459//76088459
f 75433095//75433095 76022923//76022923 75891852//75891852
f 76219527//76219527 76022912//76022912 76219533//76219533
f 76219520//76219520 76022925//76022925 76285070//76285070
f 75433090//75433090 76350605//76350605 76285058//76285058
f 76416142//76416142 76481666//76481666 76612753//76612753
f 76612752//76612752 76743827//76743827 76678288//76678288
f 76612755//76612755 76743829//76743829 76874899//76874899
f 76743831//76743831 76678294//76678294 77005973//77005973
f 76678294//76678294 77071512//77071512 76809368//76809368
f 76874903//76874903 77202586//77202586 77137047//77137047
f 77005974//77005974 77137052//77137052 77268118//77268118
f 77137051//77137051 77399197//77399197 77333659//77333659
f 77268122//77268122 77333663//77333663 77464730//77464730
f 77333662//77333662 77595808//77595808 77530270//77530270
f 77464733//77464733 77530274//77530274 77661341//77661341
f 77530273//77530273 77792419//77792419 77726881//77726881
f 77661344//77661344 77726885//77726885 77857952//77857952
f 77923480//77923480 77268124//77268124 77464743//77464743
f 77923484//77923484 77464743//77464743 77661352//77661352
f 77989023//77989023 77661352//77661352 77857961//77857961
f 78054562//78054562 77005993//77005993 77923498//77923498
f 78185625//78185625 77071512//77071512 78185643//78185643
f 78316697//78316697 78382251//78382251 78316715//78316715
f 78316717//78316717 78382254//78382254 78513326//78513326
f 78251178//78251178 78185648//78185648 77923504//77923504
f 78251184//78251184 77923501//77923501 77989041//77989041
f 78578854//78578854 77989041//77989041 78054578//78054578
f 78644391//78644391 78054578//78054578 78120115//78120115
f 78709928//78709928 78578867//78578867 78841005//78841005
f 78578865//78578865 78382260//78382260 78906543//78906543
f 78841014//78841014 78972077//78972077 78906541//78906541
f 79037615//79037615 78513333//78513333 79037624//79037624
f 78972089//78972089 79168693//79168693 79037621//79037621
f 79103159//79103159 79299770//79299770 79103162//79103162
f 79234236//79234236 78644411//78644411 78709949//78709949
f 78841009//78841009 78644414//78644414 79430846//79430846
f 79496383//79496383 79561908//79561908 78972084//78972084
f 79430847//79430847 79627454//79627454 79430834//79430834
f 78775488//78775488 79692978//79692978 79168694//79168694
f 79561921//79561921 79561910//79561910 79430850//79430850
f 79627458//79627458 79561917//79561917 79824065//79824065
f 79824063//79824063 79889602//79889602 79168705//79168705
f 79824068//79824068 79889601//79889601 79955129//79955129
f 79168709//79168709 79955127//79955127 80020663//80020663
f 79234231//79234231 80086214//80086214 79627443//79627443
f 80151746//80151746 80086208//80086208 80151744//80151744
f 79824066//79824066 79758537//79758537 80151753//80151753
f 80282820//80282820 80282819//80282819 79824073//79824073
f 79889611//79889611 80282821//80282821 80348356//80348356
f 79955148//79955148 80348358//80348358 80413893//80413893
f 80479418//80479418 80413894//80413894 80479430//80479430
f 80544954//80544954 79365325//79365325 79234254//79234254
f 80610510//80610510 80413901//80413901 80610509//80610509
f 80676028//80676028 80544974//80544974 80610512//80610512
f 80741564//80741564 80807120//80807120 80741584//80741584
f 80741586//80741586 80938195//80938195 80872658//80872658
f 80610517//80610517 81003728//81003728 80807120//80807120
f 81069266//81069266 80413909//80413909 81134799//81134799
f 80610519//80610519 81200341//81200341 80938194//80938194
f 81200338//81200338 80938198//80938198 81200345//81200345
f 81069273//81069273 80938200//80938200 81265882//81265882
f 81265883//81265883 81396954//81396954 81265884//81265884
f 81396956//81396956 81593565//81593565 81134796//81134796
f 80348382//80348382 81134796//81134796 81659093//81659093
f 81003743//81003743 81265878//81265878 81069280//81069280
f 81724636//81724636 81462489//81462489 81790173//81790173
f 81528033//81528033 81462498//81462498 81724643//81724643
f 81462499//81462499 81986785//81986785 81724630//81724630
f 81986787//81986787 81790176//81790176 82052322//82052322
f 82052326//82052326 81921250//81921250 82183393//82183393
f 81790183//81790183 82117861//82117861 82052328//82052328
f 82248937//82248937 82314470//82314470 82248938//82248938
f 82445544//82445544 82183397//82183397 82445541//82445541
f 82511082//82511082 82248936//82248936 82445548//82445548
f 82576618//82576618 82642156//82642156 82183395//82183395
f 82642147//82642147 81986788//81986788 81069295//81069295
f 81069279//81069279 82773231//82773231 82445543//82445543
f 82183406//82183406 82576624//82576624 82511089//82511089
f 82904301//82904301 82511089//82511089 82445555//82445555
f 82445552//82445552 82511091//82511091 82969841//82969841
f 82707700//82707700 82642148//82642148 81986804//81986804
f 81659125//81659125 83035375//83035375 82707701//82707701
f 83166450//83166450 82904305//82904305 83166455//83166455
f 82642168//82642168 82642160//82642160 83035384//83035384
f 82773241//82773241 83297523//83297523 83363056//83363056
f 83428593//83428593 82838771//82838771 83428598//83428598
f 82969849//82969849 83231994//83231994 83166459//83166459
f 83559671//83559671 83297531//83297531 83035389//83035389
f 83035381//83035381 83690749//83690749 83363064//83363064
f 83690744//83690744 83756285//83756285 83428601//83428601
f 83363070//83363070 83166463//83166463 83428608//83428608
f 83494134//83494134 83756288//83756288 83821818//83821818
f 83887356//83887356 83559675//83559675 83887362//83887362
f 84018427//84018427 83494144//83494144 84018433//84018433
f 83756292//83756292 84083968//84083968 84018432//84018432
f 84149506//84149506 83952897//83952897 84149510//84149510
f 84280577//84280577 83887363//83887363 84280581//84280581
f 84346118//84346118 84215045//84215045 84346121//84346121
f 84280579//84280579 84018442//84018442 84083978//84083978
f 84542725//84542725 84149511//84149511 84542728//84542728
f 84477195//84477195 84608263//84608263 84083967//84083967
f 83690764//83690764 84411647//84411647 84346125//84346125
f 84739337//84739337 84083981//84083981 84804874//84804874
f 84804868//84804868 84542732//84542732 84477200//84477200
f 84804880//84804880 84346122//84346122 84542737//84542737
f 84673800//84673800 84739345//84739345 84673810//84673810
f 85067022//85067022 85132562//85132562 84542736//84542736
f 84542740//84542740 85198097//85198097 84673809//84673809
f 84673813//84673813 85067026//85067026 85001494//85001494
f 85329171//85329171 85132566//85132566 84870424//84870424
f 84804888//84804888 85460240//85460240 84935956//84935956
f 84935961//84935961 85460245//85460245 85132568//85132568
f 85525778//85525778 85001493//85001493 85525782//85525782
f 85591319//85591319 85329174//85329174 85591324//85591324
f 85591325//85591325 85722396//85722396 85591326//85591326
f 85787931//85787931 85263647//85263647 85919003//85919003
f 85853467//85853467 85263648//85263648 85525792//85525792
f 85984543//85984543 85525792//85525792 85984544//85984544
f 86050079//86050079 86115617//86115617 85525781//85525781
f 85984538//85984538 86115619//86115619 85198105//85198105
f 85984548//85984548 86181154//86181154 85984547//85984547
f 86050084//86050084 86181157//86181157 86312229//86312229
f 86115609//86115609 86181159//86181159 86115623//86115623
f 86312228//86312228 86181160//86181160 86377768//86377768
f 86443303//86443303 86508825//86508825 86312232//86312232
f 86443289//86443289 86508824//86508824 86443306//86443306
f 85394730//85394730 86508840//86508840 86574379//86574379
f 86705449//86705449 86574379//86574379 85394733//85394733
f 86574381//86574381 86770987//86770987 85394703//85394703
f 86836525//86836525 86836495//86836495 84804876//84804876
f 86639919//86639919 86902060//86902060 86967596//86967596
f 87033136//87033136 86770991//86770991 87098667//87098667
f 86770990//86770990 86836530//86836530 84608307//84608307
f 84608254//84608254 87229747//87229747 86639922//86639922
f 86639924//86639924 86836527//86836527 87295282//87295282
f 86836531//86836531 87295285//87295285 87229746//87229746
f 87164158//87164158 87164214//87164214 87360821//87360821
f 87360766//87360766 87426301//87426301 87360765//87360765
f 83625205//83625205 87491895//87491895 87295286//87295286
f 87360823//87360823 87295288//87295288 87557428//87557428
f 87295288//87295288 87622969//87622969 86902068//86902068
f 87557434//87557434 83100980//83100980 87688503//87688503
f 87426363//87426363 87754040//87754040 87557432//87557432
f 87754042//87754042 87622969//87622969 87819567//87819567
f 87033135//87033135 87033149//87033149 87819582//87819582
f 87950641//87950641 87819582//87819582 87622976//87622976
f 87885117//87885117 88081728//88081728 87950654//87950654
f 87950657//87950657 87622978//87622978 88212800//88212800
f 88212794//88212794 88278332//88278332 87885120//87885120
f 87885124//87885124 88278337//88278337 88016195//88016195
f 88343868//88343868 87688504//87688504 88343864//88343864
f 88081734//88081734 88409410//88409410 88474946//88474946
f 88474950//88474950 87754056//87754056 88343881//88343881
f 88212796//88212796 88671561//88671561 88409409//88409409
f 88278346//88278346 88409409//88409409 88737096//88737096
f 88409418//88409418 88343883//88343883 88802633//88802633
f 88802629//88802629 88868155//88868155 88212809//88212809
f 88606028//88606028 88278349//88278349 88212814//88212814
f 88212813//88212813 88999246//88999246 88278350//88278350
f 88278351//88278351 89064778//89064778 88999246//88999246
f 88868176//88868176 88671566//88671566 88999249//88999249
f 89064785//89064785 89195855//89195855 88540491//88540491
f 88540498//88540498 88671571//88671571 89326923//89326923
f 89326922//89326922 89392465//89392465 88737108//88737108
f 88737109//88737109 89458002//89458002 89261394//89261394
f 89261398//89261398 89589079//89589079 89458002//89458002
f 89392472//89392472 89523538//89523538 89458009//89458009
f 89589081//89589081 89523542//89523542 89654618//89654618
f 89326939//89326939 89785685//89785685 89326929//89326929
f 80086357//80086357 89392475//89392475 80086360//80086360
f 89130184//89130184 80086363//80086363 89785544//89785544
f 80217288//80217288 89130321//89130321 89064649//89064649
f 89064650//89064650 80282825//80282825 89064781//89064781
f 89851082//89851082 80282957//80282957 89851083//89851083
f 88868172//88868172 80348508//80348508 89851212//89851212
f 81593547//81593547 81593676//81593676 88802619//88802619
f 89916638//89916638 89916731//89916731 81134814//81134814
f 87688437//87688437 89916765//89916765 81659095//81659095
f 89916661//89916661 89982175//89982175 90113375//90113375
f 90178910//90178910 90047839//90047839 90244449//90244449
f 90244447//90244447 90375523//90375523 89982305//89982305
f 90441058//90441058 90375523//90375523 90178918//90178918
f 90178914//90178914 90375526//90375526 90506599//90506599
f 90244455//90244455 90375526//90375526 90572136//90572136
f 90572137//90572137 90703208//90703208 90572138//90572138
f 90768548//90768548 77792617//77792617 90768747//90768747
f 77726884//77726884 90834283//90834283 90899619//90899619
f 77857955//77857955 90768748//90768748 90965355//90965355
f 90899819//90899819 90572141//90572141 91030890//91030890
f 90965354//90965354 90572142//90572142 90244463//90244463
f 91030887//91030887 91161967//91161967 91096418//91096418
f 91096432//91096432 91161966//91161966 90965358//90965358
f 91161954//91161954 77858149//77858149 90899825//90899825
f 78120101//78120101 91293041//91293041 90899821//90899821
f 91293037//91293037 91293040//91293040 91227500//91227500
f 91161957//91161957 91293043//91293043 91161971//91161971
f 91358565//91358565 89720180//89720180 91358580//91358580
f 91358554//91358554 89654617//89654617 91293043//91293043
f 91293017//91293017 91489653//91489653 91227506//91227506
f 91489625//91489625 78120280//78120280 91227510//91227510
f 91227509//91227509 89589110//89589110 91555189//91555189
f 78775465//78775465 89589110//89589110 80086390//80086390
f 91555015//91555015 91620531//91620531 91751800//91751800
f 91817335//91817335 91882872//91882872 91620730//91620730
f 91817336//91817336 91686268//91686268 92013948//92013948
f 92079483//92079483 92145018//92145018 91882878//91882878
f 92210554//92210554 91817340//91817340 92210558//92210558
f 92276095//92276095 92341630//92341630 92145025//92145025
f 92407166//92407166 92079488//92079488 92407169//92407169
f 92472706//92472706 92538241//92538241 92341636//92341636
f 92407174//92407174 92603777//92603777 92472705//92472705
f 92603783//92603783 92538244//92538244 92472712//92472712
f 92472711//92472711 92800392//92800392 92538248//92538248
f 92865929//92865929 92865928//92865928 92734855//92734855
f 92865931//92865931 92603785//92603785 92407180//92407180
f 92603788//92603788 92210567//92210567 93062531//93062531
f 93062540//93062540 92210563//92210563 93128077//93128077
f 91948430//91948430 93128064//93128064 91948431//91948431
f 92013967//92013967 93193596//93193596 92013968//92013968
f 93259133//93259133 92013969//92013969 93390225//93390225
f 93324690//93324690 93390227//93390227 93521299//93521299
f 93521301//93521301 93586835//93586835 93652371//93652371
f 93717909//93717909 93652372//93652372 93586840//93586840
f 93848982//93848982 93586840//93586840 93914520//93914520
f 93980053//93980053 93586839//93586839 93980058//93980058
f 93717916//93717916 94045595//94045595 94111131//94111131
f 93980061//93980061 94111130//94111130 94176666//94176666
f 94307743//94307743 94242209//94242209 94438817//94438817
f 94438819//94438819 94504353//94504353 94569889//94569889
f 94569891//94569891 94504357//94504357 94700965//94700965
f 94700967//94700967 94766501//94766501 94832037//94832037
f 94832039//94832039 94766505//94766505 94963113//94963113
f 94963115//94963115 95028649//95028649 95094185//95094185
f 95159724//95159724 95094187//95094187 95159726//95159726
f 95159727//95159727 95290798//95290798 95356334//95356334
f 95290801//95290801 95421872//95421872 95487408//95487408
f 95421875//95421875 95487410//95487410 95552948//95552948
f 95684019//95684019 95749553//95749553 95880631//95880631
f 95946166//95946166 96011703//96011703 95946167//95946167
f 96077238//96077238 95749561//95749561 96077244//96077244
f 95946170//95946170 96208317//96208317 96077241//96077241
f 96011710//96011710 96273853//96273853 96339389//96339389
f 96208319//96208319 96208320//96208320 96404923//96404923
f 96404927//96404927 96536001//96536001 96142779//96142779
f 96536003//96536003 96470460//96470460 96667072//96667072
f 96667073//96667073 96798149//96798149 96077248//96077248
f 96667078//96667078 96536000//96536000 96077254//96077254
f 96667077//96667077 96798151//96798151 96667079//96667079
f 96863685//96863685 96929224//96929224 96994759//96994759
f 96994760//96994760 97060298//97060298 97125833//97125833
f 97125834//97125834 97191372//97191372 97256907//97256907
f 97256908//97256908 97387982//97387982 96994763//96994763
f 97125837//97125837 97453519//97453519 96863689//96863689
f 96994767//96994767 96798160//96798160 96863697//96863697
f 96863696//96863696 96798161//96798161 97584578//97584578
f 97584582//97584582 97519057//97519057 97453523//97453523
f 97584593//97584593 97453523//97453523 97387988//97387988
f 97650128//97650128 97322452//97322452 97781197//97781197
f 97781198//97781198 97912278//97912278 97781206//97781206
f 97387981//97387981 97715672//97715672 97387992//97387992
f 97977805//97977805 97256921//97256921 97781209//97781209
f 97781207//97781207 98174426//98174426 98108887//98108887
f 98239956//98239956 98043352//98043352 98239960//98239960
f 97715677//97715677 98305491//98305491 97715676//97715676
f 97781214//97781214 98371033//98371033 97781210//97781210
f 98108891//98108891 98502111//98502111 98436571//98436571
f 98239961//98239961 98567649//98567649 98043358//98043358
f 98436578//98436578 98633178//98633178 98371034//98371034
f 98436576//98436576 98698723//98698723 98633183//98633183
f 98502116//98502116 98829795//98829795 98239969//98239969
f 98829789//98829789 98895324//98895324 98567646//98567646
f 98633190//98633190 98829790//98829790 98567654//98567654
f 98633187//98633187 98895335//98895335 98633191//98633191
f 98698724//98698724 99026408//99026408 98960867//98960867
f 99091941//99091941 98895334//98895334 98960873//98960873
f 99157477//99157477 98305513//98305513 98829802//98829802
f 99091943//99091943 99026411//99026411 99223015//99223015
f 99091947//99091947 98764266//98764266 99288552//99288552
f 99288548//99288548 99026413//99026413 99419627//99419627
f 99157483//99157483 99026414//99026414 99288558//99288558
f 99288557//99288557 99485167//99485167 99419628//99419628
f 99485165//99485165 98305520//98305520 99157489//99157489
f 99419633//99419633 99485162//99485162 99681774//99681774
f 99681777//99681777 99550702//99550702 99747311//99747311
f 99485171//99485171 99550706//99550706 92931571//92931571
f 99747211//99747211 99747210//99747210 99812850//99812850
f 99747210//99747210 99812852//99812852 99616242//99616242
f 99616245//99616245 98305501//98305501 99878355//99878355
f 99878354//99878354 92866003//92866003 99943924//99943924
f 99943818//99943818 99812743//99812743 100009457//100009457
f 100009461//100009461 99943921//99943921 100009460//100009460
f 100074962//100074962 100074997//100074997 99878391//99878391
f 100009462//100009462 92669433//92669433 100140534//100140534
f 100140536//100140536 100206071//100206071 97584632//97584632
f 100140538//100140538 100206072//100206072 96536018//96536018
f 100206019//100206019 92669378//92669378 100271609//100271609
f 100271610//100271610 100271609//100271609 96601594//96601594
f 92669324//92669324 100271611//100271611 92997059//92997059
f 100402684//100402684 100337150//100337150 100533758//100533758
f 100599292//100599292 100664829//100664829 100599293//100599293
f 100730369//100730369 100664829//100664829 100730371//100730371
f 100533756//100533756 100926980//100926980 100533764//100533764
f 100533765//100533765 100992518//100992518 100926983//100926983
f 101123590//101123590 101189127//101189127 101123591//101123591
f 101123593//101123593 101189130//101189130 101320202//101320202
f 100337152//100337152 101451276//101451276 100861436//100861436
f 101385741//101385741 100861436//100861436 101516805//101516805
f 101516804//101516804 101582349//101582349 101058053//101058053
f 101516815//101516815 101058053//101058053 101647881//101647881
f 101647879//101647879 100599311//100599311 101713420//101713420
f 100664849//100664849 101189120//101189120 101778955//101778955
f 101647891//101647891 101844489//101844489 101778953//101778953
f 101778964//101778964 101910027//101910027 101975563//101975563
f 101975572//101975572 101778966//101778966 101844503//101844503
f 101910034//101910034 102172183//102172183 101647887//101647887
f 101647897//101647897 102237715//102237715 101647896//101647896
f 102303256//102303256 102303247//102303247 101582350//101582350
f 102237723//102237723 102368787//102368787 102106643//102106643
f 102172188//102172188 102434329//102434329 102172186//102172186
f 102237724//102237724 102303259//102303259 101516829//101516829
f 102499868//102499868 102499866//102499866 101516813//101516813
f 102368796//102368796 102565406//102565406 102106651//102106651
f 102630940//102630940 102499869//102499869 101451295//101451295
f 102565404//102565404 102630944//102630944 101451276//101451276
f 102106654//102106654 102696481//102696481 102762014//102762014
f 102106657//102106657 102630932//102630932 101385762//101385762
f 102827548//102827548 102827551//102827551 101385745//101385745
f 101910049//101910049 101910051//101910051 102893078//102893078
f 102762016//102762016 102893092//102893092 102762020//102762020
f 102893093//102893093 102893078//102893078 102958629//102958629
f 102041125//102041125 103024166//103024166 103155238//103155238
f 103220770//103220770 102434321//102434321 102827560//102827560
f 102696489//102696489 102434340//102434340 103286304//103286304
f 102958634//102958634 103286309//103286309 103351844//103351844
f 103155237//103155237 103351851//103351851 103417381//103417381
f 103482920//103482920 101713425//101713425 100664876//100664876
f 103286317//103286317 102434346//102434346 103548457//103548457
f 103417390//103417390 103613991//103613991 103679527//103679527
f 103679534//103679534 103417392//103417392 103351857//103351857
f 103351853//103351853 103417393//103417393 103810606//103810606
f 103876124//103876124 103220776//103220776 103482930//103482930
f 103548444//103548444 103941683//103941683 103810605//103810605
f 104007196//104007196 102434354//102434354 104072755//104072755
f 103810611//103810611 104138294//104138294 103614001//103614001
f 103941685//103941685 103614006//103614006 104203824//104203824
f 103614006//103614006 103876151//103876151 103482936//103482936
f 104007218//104007218 104072760//104072760 104334902//104334902
f 104334903//104334903 104400438//104400438 103745079//103745079
f 104400439//104400439 104400441//104400441 104465968//104465968
f 104465978//104465978 104597052//104597052 104334901//104334901
f 104072732//104072732 104662589//104662589 104400441//104400441
f 104334909//104334909 104400446//104400446 104728124//104728124
f 104400446//104400446 104793663//104793663 104662589//104662589
f 104597020//104597020 104859200//104859200 104531519//104531519
f 104531521//104531521 104990274//104990274 104924737//104924737
f 105055807//105055807 104793662//104793662 105055806//105055806
f 104859199//104859199 105121348//105121348 104990273//104990273
f 104990277//104990277 105252422//105252422 105186885//105186885
f 104793672//104793672 102434372//102434372 105317952//105317952
f 105383489//105383489 105317956//105317956 105383492//105383492
f 105121345//105121345 105449033//105449033 105252421//105252421
f 105252426//105252426 105449035//105449035 105580107//105580107
f 105317965//105317965 102434377//102434377 105645640//105645640
f 105711173//105711173 105645641//105645641 105711177//105711177
f 105449029//105449029 102434382//102434382 105776717//105776717
f 105645647//105645647 105842254//105842254 105449038//105449038
f 105711183//105711183 102434384//102434384 105907791//105907791
f 105776721//105776721 102434384//102434384 104007249//104007249
f 105907764//105907764 105907794//105907794 105973328//105973328
f 105973300//105973300 105842232//105842232 106038858//106038858
f 105580106//105580106 106038867//106038867 105842258//105842258
f 106038868//106038868 106038860//106038860 105973332//105973332
f 105973304//105973304 106104404//106104404 106169932//106169932
f 106169940//106169940 104269315//104269315 106235476//106235476
f 100795988//100795988 106235478//106235478 104269356//104269356
f 106235393//106235393 106235395//106235395 103482881//103482881
f 106366551//106366551 106497625//106497625 106628699//106628699
f 106759773//106759773 106890847//106890847 107021921//107021921
f 107152995//107152995 107087461//107087461 107284069//107284069
f 107087463//107087463 107284070//107284070 107415141//107415141
f 107284071//107284071 107546217//107546217 107480679//107480679
f 107415142//107415142 107480683//107480683 107611750//107611750
f 107480682//107480682 107742828//107742828 107677290//107677290
f 107808360//107808360 107415147//107415147 107808367//107808367
f 107873902//107873902 107480688//107480688 108004971//108004971
f 107480684//107480684 107742833//107742833 108070508//108070508
f 107742835//107742835 108136050//108136050 108201586//108201586
f 107939438//107939438 108267125//108267125 108332656//108332656
f 107808363//107808363 107611767//107611767 108004983//108004983
f 107808375//107808375 107677301//107677301 108463729//108463729
f 107677298//107677298 108398200//108398200 108004984//108004984
f 108070516//108070516 108070521//108070521 108529272//108529272
f 108529268//108529268 108529274//108529274 108594811//108594811
f 108332661//108332661 108725884//108725884 108791414//108791414
f 108267127//108267127 108856958//108856958 108725877//108725877
f 108922488//108922488 108529273//108529273 108660351//108660351
f 108988023//108988023 108988024//108988024 108856951//108856951
f 108988024//108988024 108660351//108660351 109053567//109053567
f 109053563//109053563 108922498//108922498 109184640//109184640
f 108856960//108856960 108922499//108922499 109053571//109053571
f 109053570//109053570 109119108//109119108 109315716//109315716
f 108856963//108856963 108856966//108856966 109381244//109381244
f 109184641//109184641 109053575//109053575 109250183//109250183
f 109381251//109381251 109315719//109315719 109512324//109512324
f 109512325//109512325 109250185//109250185 109643399//109643399
f 109643396//109643396 109577864//109577864 109708936//109708936
f 109708937//109708937 109512332//109512332 109708941//109708941
f 109643400//109643400 109643405//109643405 109840014//109840014
f 109971079//109971079 109446794//109446794 109971078//109971078
f 109971082//109971082 109381262//109381262 109971086//109971086
f 109774480//109774480 109840011//109840011 109708944//109708944
f 110102160//110102160 110102156//110102156 110167696//110167696
f 110167697//110167697 110036627//110036627 110167700//110167700
f 110364301//110364301 110036624//110036624 110298773//110298773
f 110364302//110364302 110364301//110364301 110298774//110298774
f 110495381//110495381 109905558//109905558 110364311//110364311
f 110560919//110560919 110495382//110495382 110560921//110560921
f 110495385//110495385 110626446//110626446 110560922//110560922
f 110757529//110757529 110626458//110626458 110823054//110823054
f 110626459//110626459 109381276//109381276 109905564//109905564
f 110823067//110823067 109381277//109381277 110823036//110823036
f 110888606//110888606 108725916//108725916 110823070//110823070
f 108791454//108791454 108725917//108725917 110954109//110954109
f 111085215//111085215 111019681//111019681 111216289//111216289
f 111019683//111019683 111216290//111216290 111347361//111347361
f 111216291//111216291 111478437//111478437 111412899//111412899
f 111347362//111347362 111412903//111412903 111543970//111543970
f 111412902//111412902 111675048//111675048 111609510//111609510
f 111740580//111740580 111347367//111347367 111740587//111740587
f 111806122//111806122 111412908//111412908 111937191//111937191
f 111412904//111412904 111675053//111675053 112002728//112002728
f 111675055//111675055 112068270//112068270 112133806//112133806
f 111871658//111871658 112199345//112199345 112264876//112264876
f 111740583//111740583 111543987//111543987 111937203//111937203
f 111740595//111740595 111609521//111609521 112395949//112395949
f 111609518//111609518 112330420//112330420 111937204//111937204
f 112002736//112002736 112002741//112002741 112461492//112461492
f 112461488//112461488 112461494//112461494 112527031//112527031
f 112264881//112264881 112658104//112658104 112723634//112723634
f 112199347//112199347 112789178//112789178 112658097//112658097
f 112854707//112854707 112854708//112854708 112395957//112395957
f 112330427//112330427 112461498//112461498 112592572//112592572
f 112920251//112920251 112854709//112854709 112985786//112985786
f 112854716//112854716 112592573//112592573 113051324//113051324
f 112985788//112985788 112592574//112592574 113116862//113116862
f 112789181//112789181 112789184//112789184 113182392//113182392
f 112658112//112658112 112658113//112658113 113313465//113313465
f 113313464//113313464 113313473//113313473 113379001//113379001
f 113379010//113379010 113444545//113444545 113379009//113379009
f 113510084//113510084 113247937//113247937 113575621//113575621
f 113575617//113575617 113182407//113182407 113641153//113641153
f 113575623//113575623 113116872//113116872 113772222//113772222
f 113772223//113772223 113641162//113641162 113903304//113903304
f 113706699//113706699 113051340//113051340 113772237//113772237
f 112985790//112985790 112985805//112985805 114034368//114034368
f 113772234//113772234 113837774//113837774 114165454//114165454
f 113641152//113641152 114034384//114034384 114230976//114230976
f 114034377//114034377 114034385//114034385 114296528//114296528
f 114230993//114230993 114296519//114296519 113903303//113903303
f 114296521//114296521 114099918//114099918 113903313//113903313
f 114099919//114099919 114099922//114099922 114362059//114362059
f 113968843//113968843 114165458//114165458 114427602//114427602
f 114427596//114427596 113968850//113968850 114427604//114427604
f 114624213//114624213 114558679//114558679 114624216//114624216
f 114558680//114558680 114624217//114624217 114886360//114886360
f 114886358//114886358 114755291//114755291 115017433//115017433
f 114755290//114755290 115017436//115017436 115082969//115082969
f 114886363//114886363 114951902//114951902 115214046//115214046
f 115148511//115148511 115214048//115214048 115345120//115345120
f 115410656//115410656 115279585//115279585 115410659//115410659
f 115017434//115017434 115148516//115148516 115541722//115541722
f 115082972//115082972 115541733//115541733 115607260//115607260
f 115082981//115082981 115148518//115148518 115738340//115738340
f 115607268//115607268 115607271//115607271 115803878//115803878
f 115607271//115607271 115803880//115803880 115869414//115869414
f 115738334//115738334 115279594//115279594 115934942//115934942
f 115279587//115279587 115476203//115476203 116066027//116066027
f 115279595//115279595 116066029//116066029 116131563//116131563
f 115934944//115934944 116066029//116066029 116197101//116197101
f 115803879//115803879 115934959//115934959 116262631//116262631
f 115869416//115869416 116262640//116262640 116328168//116328168
f 116131566//116131566 116197105//116197105 116459249//116459249
f 115934957//115934957 115934963//115934963 116524783//116524783
f 116524781//116524781 116459249//116459249 116590321//116590321
f 116590322//116590322 116590325//116590325 116655862//116655862
f 116262643//116262643 116262647//116262647 116786928//116786928
f 116524785//116524785 116393720//116393720 116590328//116590328
f 116786931//116786931 115869432//115869432 116328185//116328185
f 116983529//116983529 116918009//116918009 117049082//117049082
f 117114608//117114608 116328183//116328183 117114617//117114617
f 116852476//116852476 116918007//116918007 117180155//117180155
f 116918012//116918012 117180157//117180157 117245691//117245691
f 117245693//117245693 117376767//117376767 117311229//117311229
f 117180156//117180156 117376768//117376768 117442303//117442303
f 117507832//117507832 116590324//116590324 116721410//116721410
f 117573372//117573372 117573368//117573368 117376764//117376764
f 117573368//117573368 117638914//117638914 117442304//117442304
f 117376771//117376771 117507844//117507844 117638915//117638915
f 117442308//117442308 116721413//116721413 117769986//117769986
f 117638914//117638914 117769990//117769990 117704452//117704452
f 117769974//117769974 117769991//117769991 117901061//117901061
f 117769991//117769991 117835528//117835528 117966600//117966600
f 118097674//118097674 118032140//118032140 118097677//118097677
f 118294282//118294282 118032141//118032141 118294287//118294287
f 118097680//118097680 118294285//118294285 118228752//118228752
f 118490896//118490896 118359819//118359819 118294290//118294290
f 118621967//118621967 118687506//118687506 118556430//118556430
f 118753044//118753044 118294286//118294286 118425365//118425365
f 118753046//118753046 118818580//118818580 118753047//118753047
f 118425367//118425367 118949653//118949653 118818583//118818583
f 118490905//118490905 118884112//118884112 118425369//118425369
f 119080729//119080729 119146257//119146257 119015194//119015194
f 119146263//119146263 119146265//119146265 119080732//119080732
f 119277336//119277336 118884119//118884119 119146269//119146269
f 119277342//119277342 119342872//119342872 119277343//119277343
f 119146271//119146271 119473949//119473949 119342879//119342879
f 119211809//119211809 119408411//119408411 119146273//119146273
f 119605025//119605025 119670556//119670556 119539490//119539490
f 119670559//119670559 119670561//119670561 119605028//119605028
f 119801632//119801632 119408415//119408415 119670565//119670565
f 119801638//119801638 119867168//119867168 119801639//119801639
f 119670567//119670567 119998245//119998245 119867175//119867175
f 119736105//119736105 119932707//119932707 119670569//119670569
f 120129321//120129321 120194852//120194852 120063786//120063786
f 120194855//120194855 120194857//120194857 120129324//120129324
f 120325928//120325928 119932711//119932711 120194861//120194861
f 120325934//120325934 120391464//120391464 120325935//120325935
f 120194863//120194863 120522541//120522541 120391471//120391471
f 120260401//120260401 120457003//120457003 120194865//120194865
f 120653617//120653617 120719148//120719148 120588082//120588082
f 120719151//120719151 120719153//120719153 120653620//120653620
f 120850224//120850224 120457007//120457007 120719157//120719157
f 120850230//120850230 120915760//120915760 120850231//120850231
f 120719159//120719159 121046837//121046837 120915767//120915767
f 120784697//120784697 120981299//120981299 120719161//120719161
f 121177913//121177913 121243444//121243444 121112378//121112378
f 121243447//121243447 121243449//121243449 121177916//121177916
f 121374520//121374520 120981303//120981303 121243453//121243453
f 121374526//121374526 121440056//121440056 121374527//121374527
f 121243455//121243455 121571133//121571133 121440063//121440063
f 121308993//121308993 121505595//121505595 121243457//121243457
f 121702207//121702207 121636673//121636673 121308995//121308995
f 121767746//121767746 121702209//121702209 121767748//121767748
f 121833285//121833285 121898818//121898818 121964354//121964354
f 121964359//121964359 121571138//121571138 121505608//121505608
f 122095423//122095423 122029890//122029890 122095426//122095426
f 122095433//122095433 122160960//122160960 122095431//122095431
f 122292042//122292042 122226508//122226508 122423116//122423116
f 122423114//122423114 122226510//122226510 122554190//122554190
f 122423120//122423120 122488652//122488652 122619725//122619725
f 122357584//122357584 122554193//122554193 122750798//122750798
f 122750799//122750799 122881875//122881875 122488658//122488658
f 122488660//122488660 122488661//122488661 122947408//122947408
f 122881878//122881878 123012949//123012949 123078485//123078485
f 122947415//122947415 123144016//123144016 123078486//123078486
f 122619737//122619737 123078481//123078481 123209552//123209552
f 122685273//122685273 123340634//123340634 123275097//123275097
f 123209559//123209559 123340635//123340635 123406170//123406170
f 123078488//123078488 123078493//123078493 123471707//123471707
f 123144030//123144030 123537245//123537245 123602781//123602781
f 123471711//123471711 123668315//123668315 123602782//123602782
f 123340641//123340641 123602780//123602780 123733851//123733851
f 123406177//123406177 123864930//123864930 123799393//123799393
f 123733855//123733855 123864931//123864931 123930466//123930466
f 123602784//123602784 123602789//123602789 123996003//123996003
f 123668326//123668326 124061541//124061541 124127077//124127077
f 123996007//123996007 124192611//124192611 124127078//124127078
f 123864937//123864937 124127076//124127076 124258147//124258147
f 123930473//123930473 124389226//124389226 124323689//124323689
f 124258151//124258151 124389227//124389227 124454762//124454762
f 124127080//124127080 124127085//124127085 124520299//124520299
f 124192622//124192622 124585837//124585837 124651373//124651373
f 124520303//124520303 124716907//124716907 124651374//124651374
f 124389233//124389233 124651372//124651372 124782443//124782443
f 124454769//124454769 124913522//124913522 124847985//124847985
f 124782447//124782447 124913523//124913523 124979058//124979058
f 124651376//124651376 124651381//124651381 125044595//125044595
f 124716918//124716918 125110133//125110133 125175669//125175669
f 125044599//125044599 125241203//125241203 125175670//125175670
f 124913529//124913529 125175668//125175668 125306739//125306739
f 124979065//124979065 125437818//125437818 125372281//125372281
f 125306743//125306743 125437819//125437819 125503354//125503354
f 125175672//125175672 125175677//125175677 125568891//125568891
f 125241214//125241214 125634429//125634429 125699965//125699965
f 125568895//125568895 125765499//125765499 125699966//125699966
f 125437825//125437825 125699964//125699964 125831035//125831035
f 125831039//125831039 125831042//125831042 125962108//125962108
f 125831042//125831042 125896579//125896579 126027651//126027651
f 125896581//125896581 126093188//126093188 125896582//125896582
f 125896583//125896583 125765510//125765510 126289791//126289791
f 125896575//125896575 126224264//126224264 125896584//125896584
f 125765513//125765513 126355336//126355336 126224264//126224264
f 126486410//126486410 126420876//126420876 126486413//126486413
f 126486414//126486414 126683021//126683021 126486415//126486415
f 126683024//126683024 126420877//126420877 126617489//126617489
f 126617488//126617488 126420881//126420881 126879634//126879634
f 126814099//126814099 126945169//126945169 126879636//126879636
f 126879635//126879635 126945172//126945172 127076245//127076245
f 127010710//127010710 127141780//127141780 127076247//127076247
f 127272856//127272856 127403925//127403925 127076246//127076246
f 127076249//127076249 127403927//127403927 127207322//127207322
f 127535000//127535000 127403927//127403927 127534999//127534999
f 127600537//127600537 127666074//127666074 127600538//127600538
f 127731608//127731608 127731611//127731611 127535007//127535007
f 127862680//127862680 127403934//127403934 127928219//127928219
f 127600545//127600545 127797145//127797145 127535009//127535009
f 127600541//127600541 128059298//128059298 127993757//127993757
f 128124832//128124832 127862686//127862686 128124837//128124837
f 128255909//128255909 128321444//128321444 128124830//128124830
f 128321438//128321438 128386975//128386975 128255908//128255908
f 128124839//128124839 128386984//128386984 128452518//128452518
f 128321450//128321450 128518056//128518056 128321439//128321439
f 128583585//128583585 128583580//128583580 127600546//127600546
f 127993763//127993763 128714668//128714668 128649123//128649123
f 128780203//128780203 128780194//128780194 127993772//127993772
f 128583599//128583599 128780193//128780193 128845739//128845739
f 127928239//127928239 128911280//128911280 127797153//127797153
f 128845745//128845745 128911280//128911280 128976799//128976799
f 128845742//128845742 128780210//128780210 128649139//128649139
f 129107890//129107890 128714670//128714670 129173420//129173420
f 129173427//129173427 129238956//129238956 129173421//129173421
f 129304501//129304501 129107885//129107885 129173431//129173431
f 129173429//129173429 129435575//129435575 129238966//129238966
f 129370037//129370037 129435576//129435576 129304505//129304505
f 129566642//129566642 129370035//129370035 129566643//129566643
f 129435577//129435577 129501115//129501115 129697723//129697723
f 129697725//129697725 129828795//129828795 129370040//129370040
f 129632190//129632190 129763256//129763256 129828795//129828795
f 129566647//129566647 129763262//129763262 129566654//129566654
f 129566653//129566653 129959871//129959871 129566655//129566655
f 129566656//129566656 128845746//128845746 129042368//129042368
f 130025391//130025391 128845760//128845760 130025410//130025410
f 130156463//130156463 130222018//130222018 130156482//130156482
f 130287556//130287556 130222018//130222018 130287558//130287558
f 130418628//130418628 130418630//130418630 130353096//130353096
f 130549699//130549699 130418628//130418628 130549700//130549700
f 130156490//130156490 130156463//130156463 130549706//130549706
f 128845770//128845770 128976843//128976843 128845771//128845771
f 130746311//130746311 130484168//130484168 130811852//130811852
f 130811847//130811847 130484172//130484172 130877389//130877389
f 130942925//130942925 130418638//130418638 131008457//131008457
f 131008455//131008455 131073997//131073997 130615241//130615241
f 131008465//131008465 130811849//130811849 131139536//131139536
f 131139537//131139537 130811856//130811856 130942931//130942931
f 131139533//131139533 131139539//131139539 131205071//131205071
f 131270610//131270610 131270607//131270607 131074002//131074002
f 131074004//131074004 131074005//131074005 131401674//131401674
f 131074005//131074005 131336150//131336150 131467222//131467222
f 131401687//131401687 131467224//131467224 131598296//131598296
f 130615254//130615254 131401675//131401675 131532747//131532747
f 131598298//131598298 131729368//131729368 130680792//130680792
f 130680795//130680795 131663793//131663793 131794904//131794904
f 131663837//131663837 131925980//131925980 128976859//128976859
f 128976862//128976862 128518047//128518047 127797214//127797214
f 131794909//131794909 131991519//131991519 131860448//131860448
f 131532764//131532764 131532769//131532769 132188123//132188123
f 132188120//132188120 132253665//132253665 131925979//131925979
f 132188131//132188131 132319195//132319195 128518110//128518110
f 132253668//132253668 131991518//131991518 132384732//132384732
f 132122588//132122588 132384741//132384741 132450273//132450273
f 132450279//132450279 132515809//132515809 132188129//132188129
f 132253666//132253666 132188136//132188136 132515816//132515816
f 132319203//132319203 132253673//132253673 132581353//132581353
f 132319210//132319210 132319146//132319146 132646891//132646891
f 132712420//132712420 132712427//132712427 132843434//132843434
f 128386986//128386986 132843500//132843500 128452520//128452520
f 128452588//128452588 132974573//132974573 132909036//132909036
f 132974505//132974505 132974573//132974573 132843498//132843498
f 133040041//133040041 133105646//133105646 133040110//133040110
f 133040112//133040112 132712433//132712433 133236718//133236718
f 133236714//133236714 133105643//133105643 132974578//132974578
f 132777971//132777971 133302258//133302258 133105650//133105650
f 132777961//132777961 133302260//133302260 132777972//132777972
f 133367785//133367785 133433333//133433333 132646888//132646888
f 133498867//133498867 133498868//133498868 133367797//133367797
f 133564403//133564403 133433334//133433334 132581368//132581368
f 132581351//132581351 133498872//133498872 133433337//133433337
f 133695479//133695479 133629942//133629942 133695477//133695477
f 133629927//133629927 133761018//133761018 132515814//132515814
f 133695480//133695480 133826555//133826555 133629946//133629946
f 133105651//133105651 133302268//133302268 133564412//133564412
f 133957623//133957623 133957625//133957625 133695483//133695483
f 134023163//134023163 133761018//133761018 132450303//132450303
f 134088702//134088702 133957626//133957626 133826560//133826560
f 133826558//133826558 133892096//133892096 134219760//134219760
f 133564418//133564418 133892092//133892092 134285313//134285313
f 133564419//133564419 134219778//134219778 134285315//134285315
f 134416387//134416387 134416375//134416375 133564413//133564413
f 133105665//133105665 133105669//133105669 134481905//134481905
f 134547457//134547457 134547459//134547459 134350852//134350852
f 134612977//134612977 133171205//133171205 134613000//134613000
f 134678535//134678535 134219785//134219785 134809605//134809605
f 134219782//134219782 134809610//134809610 134612997//134612997
f 134875140//134875140 134547453//134547453 134416396//134416396
f 134875148//134875148 133957636//133957636 135006219//135006219
f 135006205//135006205 134612992//134612992 135071753//135071753
f 134613002//134613002 135137295//135137295 135071751//135071751
f 134809606//134809606 135202832//135202832 135137290//135137290
f 134547468//134547468 135268369//135268369 135202822//135202822
f 135071762//135071762 135333897//135333897 135399433//135399433
f 135464979//135464979 135399442//135399442 135464981//135464981
f 135464982//135464982 135137301//135137301 135661582//135661582
f 135137296//135137296 135727128//135727128 135661583//135661583
f 135333902//135333902 135071769//135071769 135661593//135661593
f 135202833//135202833 135858202//135858202 135727120//135727120
f 135661592//135661592 135923739//135923739 135792663//135792663
f 135792668//135792668 135989266//135989266 135464978//135464978
f 135727130//135727130 135923741//135923741 135727133//135727133
f 135792667//135792667 136120350//136120350 135989273//135989273
f 136185883//136185883 136120349//136120349 135923743//135923743
f 135858208//135858208 136316957//136316957 135858193//135858193
f 135858209//135858209 136185888//136185888 136054818//136054818
f 136054816//136054816 136448034//136448034 136251425//136251425
f 136251427//136251427 136316964//136316964 136579107//136579107
f 135268390//135268390 136644641//136644641 136579105//136579105
f 136251431//136251431 136710178//136710178 136251428//136251428
f 136775711//136775711 136775714//136775714 136382503//136382503
f 136841246//136841246 136841247//136841247 136185896//136185896
f 136906790//136906790 134940689//134940689 136906769//136906769
f 136841259//136841259 136120350//136120350 136972316//136972316
f 134940716//134940716 134940714//134940714 134875180//134875180
f 137037835//137037835 134875181//134875181 135006253//135006253
f 137168936//137168936 136841255//136841255 136775727//136775727
f 136775726//136775726 136972335//136972335 136841264//136841264
f 137234480//137234480 135989289//135989289 136972337//136972337
f 137300017//137300017 137431083//137431083 137168935//137168935
f 136710180//136710180 135989298//135989298 137365555//137365555
f 135989299//135989299 136513556//136513556 137562162//137562162
f 136448052//136448052 137496612//137496612 137627668//137627668
f 137627670//137627670 135596052//135596052 137627702//137627702
f 137758742//137758742 137627702//137627702 137496632//137496632
f 137693237//137693237 137889848//137889848 137758774//137758774
f 137758777//137758777 137693242//137693242 138020921//138020921
f 138020918//138020918 137955384//137955384 137889852//137889852
f 137889851//137889851 137955388//137955388 138086461//138086461
f 137824307//137824307 137496638//137496638 137365566//137365566
f 138283069//138283069 138151996//138151996 138283072//138283072
f 138086459//138086459 138414145//138414145 138283068//138283068
f 138020920//138020920 137824322//137824322 138217538//138217538
f 138545216//138545216 138348607//138348607 138545220//138545220
f 138414139//138414139 138020933//138020933 138479685//138479685
f 138545222//138545222 138741828//138741828 138807364//138807364
f 138807366//138807366 138938440//138938440 138217521//138217521
f 138479678//138479678 138217546//138217546 138938442//138938442
f 138676290//138676290 138479691//138479691 139003979//139003979
f 139135041//139135041 139135045//139135045 138676299//138676299
f 139200585//139200585 137365553//137365553 137300045//137300045
f 139266125//139266125 137300016//137300016 137234510//137234510
f 139331657//139331657 139200589//139200589 139266127//139266127
f 139397194//139397194 138938441//138938441 139331664//139331664
f 139462734//139462734 137168943//137168943 139462703//139462703
f 139528271//139528271 139266126//139266126 139462738//139462738
f 137168979//137168979 137431121//137431121 139593774//139593774
f 139462739//139462739 139659348//139659348 139528273//139528273
f 139724879//139724879 139397202//139397202 139331669//139331669
f 139790410//139790410 139069520//139069520 139003990//139003990
f 137431127//137431127 139855955//139855955 139659347//139659347
f 139528276//139528276 139921496//139921496 139724882//139724882
f 139987024//139987024 139790421//139790421 139397209//139397209
f 140052567//140052567 137562162//137562162 140052530//140052530
f 139659351//139659351 140118107//140118107 139921492//139921492
f 139724888//139724888 140183644//140183644 139987029//139987029
f 139921499//139921499 140249181//140249181 140183640//140183640
f 139855966//139855966 140380251//140380251 139855962//139855962
f 139855967//139855967 140249182//140249182 140118112//140118112
f 140118110//140118110 140249184//140249184 140511324//140511324
f 139987036//139987036 140511330//140511330 140576860//140576860
f 140642397//140642397 140642400//140642400 140511325//140511325
f 140380250//140380250 140773476//140773476 140314719//140314719
f 140380260//140380260 140773477//140773477 140839006//140839006
f 140839008//140839008 140445790//140445790 140839015//140839015
f 140904552//140904552 140970080//140970080 140642400//140642400
f 140773476//140773476 140970089//140970089 141101155//141101155
f 140511331//140511331 140970090//140970090 141166698//141166698
f 141166700//141166700 140052586//140052586 141297764//141297764
f 140052532//140052532 141035629//141035629 140707950//140707950
f 141297774//141297774 141035620//141035620 141363311//141363311
f 141494382//141494382 141494381//141494381 141297716//141297716
f 140511338//140511338 140511345//140511345 141559906//141559906
f 141101164//141101164 141101170//141101170 141625457//141625457
f 141232243//141232243 141494386//141494386 137562228//137562228
f 141756468//141756468 141821987//141821987 140576881//140576881
f 140576885//140576885 141690969//141690969 141887602//141887602
f 141690999//141690999 142018678//142018678 141559922//141559922
f 142018677//142018677 142018673//142018673 141625462//141625462
f 141887607//141887607 142149753//142149753 142084215//142084215
f 142018678//142018678 141887611//141887611 142084219//142084219
f 142018683//142018683 142149749//142149749 142280825//142280825
f 142084220//142084220 142346363//142346363 142280826//142280826
f 139987061//139987061 139790462//139790462 139987070//139987070
f 141822075//141822075 142411903//142411903 141822079//141822079
f 142215292//142215292 142477440//142477440 142215296//142215296
f 142280829//142280829 142608513//142608513 142542972//142542972
f 142674006//142674006 142411902//142411902 142477442//142477442
f 142739583//142739583 142739584//142739584 142674047//142674047
f 142805078//142805078 139069570//139069570 139790468//139790468
f 142608509//142608509 142346373//142346373 142936197//142936197
f 142542977//142542977 142739591//142739591 142542983//142542983
f 142674051//142674051 142805128//142805128 142674056//142674056
f 142805129//142805129 139135051//139135051 139069577//139069577
f 142608522//142608522 143198343//143198343 142608517//142608517
f 143263875//143263875 143263879//143263879 143067267//143067267
f 143198347//143198347 143329415//143329415 142870662//142870662
f 143394956//143394956 142805126//142805126 143067278//143067278
f 143460489//143460489 143263876//143263876 143526024//143526024
f 143526030//143526030 143263880//143263880 143198352//143198352
f 143263888//143263888 142870671//142870671 143657098//143657098
f 143657093//143657093 143591564//143591564 143198353//143198353
f 143329421//143329421 143394962//143394962 143788178//143788178
f 143853708//143853708 143329426//143329426 143853713//143853713
f 143853717//143853717 143591569//143591569 143657109//143657109
f 143984789//143984789 143591572//143591572 144050319//144050319
f 143591573//143591573 144115863//144115863 143919254//143919254
f 144050325//144050325 144115864//144115864 143984793//143984793
f 143526039//143526039 143460506//143460506 143526042//143526042
f 144115865//144115865 144181403//144181403 144378011//144378011
f 144443547//144443547 144115868//144115868 144509079//144509079
f 144509080//144509080 144050331//144050331 144509082//144509082
f 144574606//144574606 143460506//143460506 144574601//144574601
f 144640155//144640155 144509085//144509085 144312480//144312480
f 144443553//144443553 144705696//144705696 144443554//144443554
f 144771235//144771235 144246945//144246945 144509092//144509092
f 144902302//144902302 144246944//144246944 144902303//144902303
f 144705700//144705700 143132832//143132832 144574629//144574629
f 139135113//139135113 144574629//144574629 144902310//144902310
f 145033380//145033380 144574625//144574625 145033381//145033381
f 144705699//144705699 145164455//145164455 145098915//145098915
f 145098920//145098920 144705705//144705705 145295526//145295526
f 145295525//145295525 144705702//144705702 145098922//145098922
f 144967851//144967851 144967756//144967756 145295531//145295531
f 139135147//139135147 138414252//138414252 139135148//139135148
f 138283073//138283073 138283180//138283180 145426603//145426603
f 138545215//138545215 138545323//138545323 145361066//145361066
f 138741827//138741827 138741930//138741930 145295527//145295527
f 145492038//145492038 145229991//145229991 145492135//145492135
f 138872902//138872902 145229997//145229997 138873005//138873005
f 138873001//138873001 138873006//138873006 145557679//145557679
f 145754288//145754288 145688754//145688754 145754291//145754291
f 145688755//145688755 145885364//145885364 145754293//145754293
f 145950899//145950899 146147510//146147510 145950902//145950902
f 146213043//146213043 146081973//146081973 145885368//145885368
f 146278584//146278584 146147509//146147509 146081978//146081978
f 146147514//146147514 146213051//146213051 146278588//146278588
f 146540732//146540732 146081977//146081977 146213054//146213054
f 146606266//146606266 146606262//146606262 146213052//146213052
f 146671804//146671804 146671805//146671805 146540736//146540736
f 146802879//146802879 146606272//146606272 146475202//146475202
f 146475199//146475199 146802882//146802882 146933951//146933951
f 146868415//146868415 146802883//146802883 146999491//146999491
f 146999493//146999493 147065027//147065027 146868419//146868419
f 147130565//147130565 147196100//147196100 146606274//146606274
f 147196090//147196090 147065022//147065022 147261634//147261634
f 147261639//147261639 147130562//147130562 147327173//147327173
f 147065033//147065033 147130568//147130568 147392713//147392713
f 147458247//147458247 147327176//147327176 147458248//147458248
f 147523770//147523770 147196103//147196103 147458252//147458252
f 147392717//147392717 147589321//147589321 147392718//147392718
f 147327183//147327183 147720395//147720395 147327181//147327181
f 147458256//147458256 147785932//147785932 147458255//147458255
f 147785937//147785937 146344140//146344140 147523794//147523794
f 147523793//147523793 146344146//146344146 147916987//147916987
f 147851475//147851475 147982546//147982546 146409682//146409682
f 147589326//147589326 147654868//147654868 148113620//148113620
f 148179156//148179156 148244693//148244693 147720397//147720397
f 148048087//148048087 148048077//148048077 148179160//148179160
f 148375768//148375768 148244694//148244694 148441295//148441295
f 147720410//147720410 148572379//148572379 148244692//148244692
f 148310236//148310236 148310228//148310228 148375773//148375773
f 148703453//148703453 148637913//148637913 148703455//148703455
f 148768992//148768992 148900061//148900061 148310237//148310237
f 148637920//148637920 148900065//148900065 148572376//148572376
f 148834530//148834530 148965601//148965601 149031137//149031137
f 148900067//148900067 148244700//148244700 148572388//148572388
f 148441303//148441303 148572388//148572388 149162212//149162212
f 148572387//148572387 148441318//148441318 149096679//149096679
f 148965608//148965608 149358819//149358819 149227747//149227747
f 149227752//149227752 149358825//149358825 148965610//148965610
f 149424360//149424360 148441323//148441323 149293292//149293292
f 148441324//148441324 149620955//149620955 149293293//149293293
f 148506860//148506860 149620974//149620974 149686511//149686511
f 149817582//149817582 149752044//149752044 149817584//149817584
f 149358826//149358826 149358833//149358833 149948651//149948651
f 149948650//149948650 149948658//149948658 150079723//150079723
f 149948658//149948658 149948660//149948660 150145267//150145267
f 150145266//150145266 150145269//150145269 150276339//150276339
f 150210807//150210807 150145268//150145268 150407414//150407414
f 150145271//150145271 150472952//150472952 150604026//150604026
f 150604025//150604025 150669564//150669564 150472957//150472957
f 150604028//150604028 150669566//150669566 150735103//150735103
f 150735104//150735104 150669567//150669567 150997246//150997246
f 150669567//150669567 150997249//150997249 151062782//151062782
f 150866176//150866176 151128323//151128323 150931716//150931716
f 151062785//151062785 151259397//151259397 151324930//151324930
f 150997247//150997247 151128327//151128327 151390463//151390463
f 150997255//150997255 151259397//151259397 151456006//151456006
f 151324936//151324936 151456009//151456009 151587081//151587081
f 151259399//151259399 151456011//151456011 151259403//151259403
f 151718154//151718154 151456008//151456008 151652620//151652620
f 151783690//151783690 151849228//151849228 151783692//151783692
f 151652622//151652622 151849228//151849228 151914765//151914765
f 151390480//151390480 151128331//151128331 151980295//151980295
f 152045838//152045838 151980299//151980299 152045835//152045835
f 152111375//152111375 152111374//152111374 151849233//151849233
f 152176911//152176911 151980306//151980306 152242449//152242449
f 152242450//152242450 151128337//151128337 152307984//152307984
f 152242448//152242448 152373525//152373525 152176914//152176914
f 152176918//152176918 152504599//152504599 152111380//152111380
f 152111384//152111384 152570134//152570134 152242453//152242453
f 152242457//152242457 152635672//152635672 152570133//152570133
f 152307971//152307971 152635675//152635675 152307995//152307995
f 152701187//152701187 152766724//152766724 152635675//152635675
f 151193884//151193884 152439067//152439067 152373533//152373533
f 152897815//152897815 152832285//152832285 152963358//152963358
f 152504608//152504608 153028886//153028886 152832278//152832278
f 152963357//152963357 153094433//153094433 153159967//153159967
f 153225504//153225504 153225496//153225496 152504612//152504612
f 153028901//153028901 153356573//153356573 153094429//153094429
f 153159969//153159969 153422118//153422118 153487650//153487650
f 153487654//153487654 153618728//153618728 153553190//153553190
f 153094442//153094442 153618726//153618726 153422122//153422122
f 153356586//153356586 153749793//153749793 153618730//153618730
f 153815339//153815339 153815338//153815338 153684261//153684261
f 153356576//153356576 153028909//153028909 153225517//153225517
f 153946405//153946405 153815341//153815341 153356591//153356591
f 153880867//153880867 154143024//154143024 153749804//153749804
f 154011953//154011953 154143020//154143020 154011954//154011954
f 153749809//153749809 154143027//154143027 154208564//154208564
f 154077475//154077475 154405173//154405173 153225508//153225508
f 154077493//154077493 154405174//154405174 153291063//153291063
f 154470709//154470709 154536248//154536248 154601781//154601781
f 154601783//154601783 154274105//154274105 154143034//154143034
f 154732849//154732849 154274100//154274100 154732859//154732859
f 154863930//154863930 154798388//154798388 154732861//154732861
f 154929466//154929466 154798396//154798396 154929470//154929470
f 155060541//155060541 155126076//155126076 154995005//154995005
f 155191613//155191613 155126079//155126079 154929473//154929473
f 155322690//155322690 155257156//155257156 155453764//155453764
f 155388229//155388229 155257158//155257158 155584837//155584837
f 155584834//155584834 155715912//155715912 155584840//155584840
f 155584841//155584841 155846986//155846986 155781449//155781449
f 155781451//155781451 155912524//155912524 155978058//155978058
f 155978055//155978055 155912522//155912522 156043597//156043597
f 156109125//156109125 155584839//155584839 155978063//155978063
f 155978062//155978062 156109136//156109136 155978064//155978064
f 156174670//156174670 156240209//156240209 156305744//156305744
f 156305745//156305745 155453779//155453779 156436806//156436806
f 156436805//156436805 156109135//156109135 156174677//156174677
f 156305749//156305749 156371280//156371280 156567890//156567890
f 156567891//156567891 156109143//156109143 156502360//156502360
f 156698964//156698964 156502351//156502351 156305753//156305753
f 156567897//156567897 156698962//156698962 156502361//156502361
f 156567895//156567895 156633434//156633434 156895578//156895578
f 156830043//156830043 156895580//156895580 157026652//157026652
f 157092182//157092182 157092186//157092186 156830044//156830044
f 156961117//156961117 157026655//157026655 157223263//157223263
f 157288793//157288793 156567894//156567894 157092193//157092193
f 157354334//157354334 157354332//157354332 156961119//156961119
f 157157728//157157728 157223267//157223267 157485411//157485411
f 157550946//157550946 157550943//157550943 157157731//157157731
f 157419876//157419876 157485414//157485414 157682022//157682022
f 157682024//157682024 157550950//157550950 157419881//157419881
f 157616489//157616489 156764515//156764515 157288810//157288810
f 157944161//157944161 157288798//157288798 157944170//157944170
f 158009694//158009694 157092194//157092194 158009707//158009707
f 158075234//158075234 157354341//157354341 158075244//158075244
f 158075237//158075237 157550958//157550958 157813102//157813102
f 158206316//158206316 158206317//158206317 158075246//158075246
f 158271851//158271851 158009708//158009708 158206320//158206320
f 158337369//158337369 156698986//156698986 156764529//156764529
f 157944178//157944178 157944170//157944170 158271858//158271858
f 156698993//156698993 156436851//156436851 156698995//156698995
f 158534001//158534001 158402922//158402922 158533994//158533994
f 158599508//158599508 155519347//155519347 156436853//156436853
f 158599542//158599542 158665030//158665030 158730566//158730566
f 158796145//158796145 158337396//158337396 158796147//158796147
f 158861685//158861685 158861683//158861683 158665077//158665077
f 158665082//158665082 158927223//158927223 158992759//158992759
f 159058291//159058291 158468472//158468472 159058297//159058297
f 159123832//159123832 158796148//158796148 159123836//159123836
f 158402942//158402942 159189364//159189364 159123828//159123828
f 158665081//158665081 158927231//158927231 158665087//158665087
f 159320443//159320443 158992762//158992762 159320449//159320449
f 159189362//159189362 158402946//158402946 158271874//158271874
f 159517050//159517050 159517055//159517055 159320442//159320442
f 159582593//159582593 159385984//159385984 159582597//159582597
f 159648132//159648132 159779206//159779206 159648134//159648134
f 159844743//159844743 159320454//159320454 159910276//159910276
f 159582601//159582601 159713670//159713670 159975816//159975816
f 160041352//160041352 160106890//160106890 159975814//159975814
f 160106886//160106886 160106889//160106889 160172426//160172426
f 159910272//159910272 159517070//159517070 160237952//160237952
f 160237967//160237967 159517065//159517065 160369038//160369038
f 160369039//160369039 159517070//159517070 160434576//160434576
f 159254929//159254929 160303491//160303491 160369042//160369042
f 160565647//160565647 160434578//160434578 159254932//159254932
f 158861716//158861716 160369023//160369023 160434581//160434581
f 160500112//160500112 160762261//160762261 160565650//160565650
f 160827795//160827795 160827798//160827798 160762264//160762264
f 160958871//160958871 160893336//160893336 161024409//161024409
f 161089942//161089942 160893330//160893330 160762267//160762267
f 161155476//161155476 159058297//159058297 161155449//161155449
f 161221009//161221009 160434580//160434580 161221013//161221013
f 161286546//161286546 160500117//160500117 161286555//161286555
f 161155487//161155487 161352084//161352084 161221012//161221012
f 161155452//161155452 161352096//161352096 161155488//161155488
f 161286549//161286549 160696737//160696737 161221025//161221025
f 161548699//161548699 161548702//161548702 161286561//161286561
f 161417596//161417596 159058339//159058339 159123875//159123875
f 161483165//161483165 161221028//161221028 161352100//161352100
f 161745311//161745311 161745312//161745312 161417635//161417635
f 159123878//159123878 161810851//161810851 159123838//159123838
f 161548711//161548711 160893339//160893339 161089959//161089959
f 161941922//161941922 161941921//161941921 161483172//161483172
f 161679775//161679775 161352105//161352105 161745321//161745321
f 162072997//162072997 162072995//162072995 161614246//161614246
f 161810814//161810814 159189419//159189419 159451563//159451563
f 162204071//162204071 161941922//161941922 162204066//162204066
f 162007469//162007469 161941924//161941924 161679789//161679789
f 162007461//162007461 161745326//161745326 162073006//162073006
f 162400682//162400682 162400678//162400678 161810859//161810859
f 162466221//162466221 162466217//162466217 162007470//162007470
f 162335146//162335146 162073009//162073009 162400689//162400689
f 162597296//162597296 162597294//162597294 162335153//162335153
f 162662824//162662824 162269613//162269613 162466228//162466228
f 162662829//162662829 161941940//161941940 162793900//162793900
f 162793896//162793896 162466227//162466227 162597302//162597302
f 162728368//162728368 162400694//162400694 162138551//162138551
f 162531759//162531759 162400696//162400696 162924984//162924984
f 163056050//163056050 163056049//163056049 162531768//162531768
f 163121586//163121586 162597305//162597305 163121590//163121590
f 163187129//163187129 163187128//163187128 163121593//163121593
f 163252663//163252663 159451563//159451563 163252651//163252651
f 162990519//162990519 163187133//163187133 162990525//162990525
f 163252610//163252610 158271934//158271934 163383682//163383682
f 163383664//163383664 162924911//162924911 163252671//163252671
f 163318199//163318199 163514815//163514815 163449276//163449276
f 163514813//163514813 163383743//163383743 163580348//163580348
f 163580352//163580352 163645884//163645884 163383663//163383663
f 163580350//163580350 163645890//163645890 158206403//158206403
f 163711343//163711343 163187054//163187054 163318212//163318212
f 163842493//163842493 163776960//163776960 163318213//163318213
f 163514817//163514817 163842502//163842502 163514822//163514822
f 163645895//163645895 163580353//163580353 163973574//163973574
f 163711432//163711432 163973570//163973570 163645896//163645896
f 158140873//158140873 164039107//164039107 163711433//163711433
f 163776970//163776970 163187131//163187131 164170170//164170170
f 164235721//164235721 157813102//157813102 164235630//164235630
f 163121610//163121610 164301260//164301260 162859450//162859450
f 162859468//162859468 162728397//162728397 162859469//162859469
f 164235625//164235625 157813198//157813198 157616590//157616590
f 157616591//157616591 157747662//157747662 164497766//164497766
f 164432336//164432336 164497867//164497867 164563406//164563406
f 164497768//164497768 164563409//164563409 164497873//164497873
f 164628840//164628840 164563410//164563410 164628947//164628947
f 164235728//164235728 164825556//164825556 164563411//164563411
f 164891092//164891092 164825555//164825555 164104651//164104651
f 164825557//164825557 164825558//164825558 164956617//164956617
f 164956629//164956629 164956631//164956631 165022168//165022168
f 165153225//165153225 164956630//164956630 165087705//165087705
f 164039113//164039113 165087705//165087705 165218777//165218777
f 165218776//165218776 165349851//165349851 165218779//165218779
f 165218780//165218780 165153245//165153245 165480904//165480904
f 165480921//165480921 165415386//165415386 165480922//165480922
f 165480925//165480925 163973599//163973599 164039134//164039134
f 165546464//165546464 163973598//163973598 165480928//165480928
f 165677536//165677536 165611999//165611999 165677538//165677538
f 165612003//165612003 165611975//165611975 165743075//165743075
f 163973603//163973603 165743046//165743046 165874147//165874147
f 165874146//165874146 166005221//166005221 165874149//165874149
f 165808615//165808615 163842502//163842502 163908071//163908071
f 165874150//165874150 166136296//166136296 166005225//166005225
f 165808612//165808612 166070762//166070762 165808618//165808618
f 166070763//166070763 163776965//163776965 163842539//163842539
f 166136300//166136300 166398436//166398436 166267364//166267364
f 166267373//166267373 166332903//166332903 166070765//166070765
f 166529515//166529515 166463981//166463981 166267375//166267375
f 166267372//166267372 166529519//166529519 166463983//166463983
f 166332912//166332912 166660548//166660548 164170180//164170180
f 166398449//166398449 166529519//166529519 166595057//166595057
f 166398440//166398440 166726130//166726130 166398450//166398450
f 166857200//166857200 166332907//166332907 166529523//166529523
f 166791656//166791656 166136308//166136308 166201844//166201844
f 166201845//166201845 166988276//166988276 166791668//166791668
f 167053813//167053813 166726121//166726121 166791671//166791671
f 166791669//166791669 167184887//167184887 166988278//166988278
f 166988280//166988280 167250423//167250423 167184886//167184886
f 167315953//167315953 167315959//167315959 166529521//166529521
f 167250427//167250427 167381496//167381496 167250428//167250428
f 167184893//167184893 167315959//167315959 167119357//167119357
f 167381501//167381501 167381496//167381496 167447038//167447038
f 167578108//167578108 167578111//167578111 167643648//167643648
f 167381502//167381502 167578113//167578113 167709186//167709186
f 167840257//167840257 167512574//167512574 167381507//167381507
f 167381505//167381505 167971331//167971331 167840256//167840256
f 168036868//168036868 168036864//168036864 168102404//168102404
f 168102405//168102405 168233479//168233479 168102407//168102407
f 168233481//168233481 168299014//168299014 168233482//168233482
f 168364555//168364555 168430089//168430089 168364556//168364556
f 168495629//168495629 168561163//168561163 168626699//168626699
f 168430094//168430094 168692239//168692239 168299019//168299019
f 168692238//168692238 168823312//168823312 168102409//168102409
f 168299023//168299023 168757777//168757777 168888847//168888847
f 168692242//168692242 168757777//168757777 168954386//168954386
f 168102420//168102420 168823300//168823300 169019910//169019910
f 168888851//168888851 168954389//168954389 169150997//169150997
f 168823314//168823314 169085463//169085463 169216530//169216530
f 169085462//169085462 169151000//169151000 169347608//169347608
f 167971348//167971348 169413146//169413146 167840260//167840260
f 168823323//168823323 169478676//169478676 168823319//168823319
f 169216533//169216533 169282076//169282076 169544213//169544213
f 169282073//169282073 169347613//169347613 169675293//169675293
f 169019935//169019935 169740826//169740826 169019931//169019931
f 167840282//167840282 167774752//167774752 167840288//167840288
f 169216545//169216545 169871899//169871899 169216540//169216540
f 169544216//169544216 169609762//169609762 169937432//169937432
f 169609758//169609758 169675299//169675299 170068515//170068515
f 169413157//169413157 170134048//170134048 169413151//169413151
f 169806374//169806374 170199553//170199553 169806373//169806373
f 167905793//167905793 170265126//170265126 169544226//169544226
f 169544231//169544231 169609761//169609761 170330658//170330658
f 169609763//169609763 170330664//170330664 170265122//170265122
f 170002980//170002980 170068521//170068521 170461737//170461737
f 170134059//170134059 170527270//170527270 167905830//167905830
f 170330659//170330659 170396204//170396204 170592803//170592803
f 170396202//170396202 170461741//170461741 170723885//170723885
f 170265128//170265128 170592815//170592815 170789416//170789416
f 170592809//170592809 170658352//170658352 170854953//170854953
f 170658350//170658350 170723889//170723889 170986033//170986033
f 171051563//171051563 171051557//171051557 170134047//170134047
f 170789420//170789420 170854964//170854964 171117100//171117100
f 170854957//170854957 170920501//170920501 171182637//171182637
f 170920498//170920498 170986038//170986038 171313718//171313718
f 171379251//171379251 171379231//171379231 169740827//169740827
f 169871928//169871928 169871899//169871899 171444792//171444792
f 171444769//171444769 171510311//171510311 171051576//171051576
f 171444794//171444794 170265144//170265144 171575865//171575865
f 171575847//171575847 171641391//171641391 171051578//171051578
f 171051580//171051580 171706923//171706923 171510329//171510329
f 171575869//171575869 171706937//171706937 171641402//171641402
f 170789438//170789438 171772475//171772475 170789428//170789428
f 171575871//171575871 171838013//171838013 171575870//171575870
f 170527292//170527292 170527296//170527296 171903491//171903491
f 171903485//171903485 171706883//171706883 171969084//171969084
f 171706943//171706943 167512641//167512641 171903554//171903554
f 172034554//172034554 171641341//171641341 172100160//172100160
f 172100162//172100162 172100160//172100160 171641409//171641409
f 172034628//172034628 172034554//172034554 172100164//172100164
f 172231235//172231235 172165697//172165697 172100165//172100165
f 171969087//171969087 172296774//172296774 172231233//172231233
f 167316036//167316036 167316039//167316039 172362222//172362222
f 172362312//172362312 172427758//172427758 172362308//172362308
f 166529608//166529608 172165619//172165619 172231241//172231241
f 172493384//172493384 172296772//172296772 172558917//172558917
f 172558921//172558921 172624453//172624453 172296767//172296767
f 172296779//172296779 172689994//172689994 166857288//166857288
f 166857292//166857292 172493296//172493296 172755528//172755528
f 172427853//172427853 172493388//172493388 172558926//172558926
f 172755529//172755529 172886606//172886606 166660684//166660684
f 166660687//166660687 172952010//172952010 172689997//172689997
f 172952143//172952143 173017676//173017676 164170319//164170319
f 164170321//164170321 164366796//164366796 164301393//164301393
f 173083216//173083216 172821069//172821069 173083213//173083213
f 172952147//172952147 173083215//173083215 173148752//173148752
f 172886611//172886611 172558929//172558929 173214286//173214286
f 172558923//172558923 173083220//173083220 172821077//172821077
f 173148754//173148754 173214293//173214293 173279822//173279822
f 173345361//173345361 173279827//173279827 173345363//173345363
f 173214295//173214295 173279829//173279829 173410902//173410902
f 172624472//172624472 173476436//173476436 173410900//173410900
f 173017689//173017689 173017549//173017549 173345369//173345369
f 173410906//173410906 173607510//173607510 173410904//173410904
f 173345371//173345371 173607513//173607513 173673046//173673046
f 173541980//173541980 173672909//173672909 173738585//173738585
f 172624477//172624477 172624472//172624472 171838045//171838045
f 171772509//171772509 173804095//173804095 171772510//171772510
f 171772468//171772468 173804126//173804126 173935192//173935192
f 173869663//173869663 173607517//173607517 173476448//173476448
f 173476447//173476447 174066272//174066272 173673050//173673050
f 174000737//174000737 171117146//171117146 174131806//174131806
f 171117104//171117104 171182690//171182690 174131760//174131760
f 173869666//173869666 173935203//173935203 173869667//173869667
f 174131765//174131765 174131812//174131812 174262883//174262883
f 171182693//171182693 170920548//170920548 174328373//174328373
f 170920502//170920502 174393957//174393957 174197348//174197348
f 174262885//174262885 174459494//174459494 173935203//173935203
f 174197350//174197350 171248231//171248231 174525029//174525029
f 174328424//174328424 173935206//173935206 174590560//174590560
f 173935207//173935207 174000745//174000745 174590570//174590570
f 174459498//174459498 174721641//174721641 174459494//174459494
f 174393960//174393960 174787179//174787179 174524982//174524982
f 171248183//171248183 171313772//171313772 174852716//174852716
f 174525036//174525036 174918254//174918254 174721640//174721640
f 174787181//174787181 174983791//174983791 174918252//174918252
f 174983789//174983789 174721648//174721648 175114855//175114855
f 175114858//175114858 174000743//174000743 174656114//174656114
f 175180385//175180385 174918240//174918240 175245931//175245931
f 174721651//174721651 174983793//174983793 175311470//175311470
f 174918260//174918260 175049331//175049331 175377007//175377007
f 174983797//174983797 175049332//175049332 175442549//175442549
f 175114871//175114871 175508074//175508074 175180394//175180394
f 175377014//175377014 175442552//175442552 175639160//175639160
f 175311477//175311477 175573626//175573626 175704693//175704693
f 175573625//175573625 175639163//175639163 175835771//175835771
f 175114867//175114867 175508093//175508093 175114877//175114877
f 175245940//175245940 175704702//175704702 175966836//175966836
f 175704696//175704696 175770239//175770239 176032376//176032376
f 175770236//175770236 175835776//175835776 176163456//176163456
f 175245954//175245954 176228989//176228989 175245950//175245950
f 175966842//175966842 176032387//176032387 176294522//176294522
f 175966851//175966851 176360066//176360066 175508093//175508093
f 176228996//176228996 175770237//175770237 176425599//176425599
f 175770240//175770240 176163461//176163461 176491136//176491136
f 176491137//176491137 176032391//176032391 176622211//176622211
f 176032389//176032389 176097928//176097928 176687749//176687749
f 176097926//176097926 176556681//176556681 176753286//176753286
f 176753287//176753287 176425611//176425611 176884360//176884360
f 176425609//176425609 176949900//176949900 176294536//176294536
f 176622220//176622220 176294541//176294541 177015426//177015426
f 176294541//176294541 176491150//176491150 177080969//177080969
f 176491146//176491146 176818831//176818831 177146506//177146506
f 177146507//177146507 176687761//176687761 177277580//177277580
f 176687759//176687759 177343122//177343122 176229006//176229006
f 176229011//176229011 176753284//176753284 177408655//177408655
f 176753296//176753296 177212052//177212052 177474192//177474192
f 177474193//177474193 177277590//177277590 177605260//177605260
f 176949900//176949900 177670807//177670807 177015437//177015437
f 177015448//177015448 177080979//177080979 177736338//177736338
f 177080980//177080980 177146521//177146521 177801876//177801876
f 177146517//177146517 177539738//177539738 177867413//177867413
f 177867414//177867414 177867420//177867420 177998485//177998485
f 177801877//177801877 177867421//177867421 178064029//178064029
f 177408666//177408666 177408671//177408671 178129561//178129561
f 177277593//177277593 177277600//177277600 178195095//178195095
f 177801885//177801885 177801889//177801889 178260639//178260639
f 177998494//177998494 177998498//177998498 178326177//178326177
f 178064035//178064035 178391714//178391714 178260642//178260642
f 178457251//178457251 178522782//178522782 178391716//178391716
f 178195097//178195097 178129574//178129574 178588313//178588313
f 178195111//178195111 178653847//178653847 178195110//178195110
f 178260643//178260643 178129576//178129576 178260648//178260648
f 178391717//178391717 178784937//178784937 178719395//178719395
f 178588319//178588319 178129578//178129578 178719402//178719402
f 178850475//178850475 178653862//178653862 178588331//178588331
f 178981546//178981546 178784936//178784936 178981544//178981544
f 178981547//178981547 179047082//179047082 178784933//178784933
f 179112621//179112621 178784933//178784933 179178156//179178156
f 178981551//178981551 178784939//178784939 179047087//179047087
f 179112624//179112624 179243693//179243693 179178157//179178157
f 179309232//179309232 178916014//178916014 179178162//179178162
f 178653867//178653867 179243698//179243698 179374767//179374767
f 179440304//179440304 179309233//179309233 179505843//179505843
f 179571378//179571378 179243696//179243696 179440309//179440309
f 179636903//179636903 179374770//179374770 179571382//179571382
f 179505847//179505847 179702451//179702451 179505848//179505848
f 179767993//179767993 179899063//179899063 179571379//179571379
f 179702458//179702458 179899059//179899059 179636917//179636917
f 179964583//179964583 178653878//178653878 179964567//179964567
f 177605307//177605307 179964557//179964557 177670797//177670797
f 180030139//180030139 179964598//179964598 180030104//180030104
f 179636922//179636922 179833532//179833532 180095671//180095671
f 180095674//180095674 180161207//180161207 180095673//180095673
f 180226750//180226750 161024697//161024697 180161215//180161215
f 180292248//180292248 177670844//177670844 180292243//180292243
f 179899073//179899073 179899068//179899068 180095681//180095681
f 180357824//180357824 180423356//180423356 177343168//177343168
f 177343170//177343170 180095620//180095620 180488897//180488897
f 180488893//180488893 180292286//180292286 180357828//180357828
f 180292292//180292292 180488898//180488898 180554433//180554433
f 180619908//180619908 176360130//176360130 180619895//180619895
f 175180407//175180407 180554437//180554437 180685506//180685506
f 180423366//180423366 180619973//180619973 180750962//180750962
f 180619974//180619974 180751047//180751047 174066290//174066290
f 180816580//180816580 180554435//180554435 180816582//180816582
f 174066375//174066375 180685513//180685513 180882119//180882119
f 180488894//180488894 180947658//180947658 180816579//180816579
f 180685512//180685512 180685515//180685515 181013193//181013193
f 180882124//180882124 174066273//174066273 181078619//181078619
f 181078620//181078620 180816475//180816475 181144267//181144267
f 181144264//181144264 181013194//181013194 181209801//181209801
f 181209804//181209804 181013193//181013193 181144270//181144270
f 181275228//181275228 181209804//181209804 181275340//181275340
f 173738703//173738703 173738704//173738704 181340621//181340621
f 181340596//181340596 162662861//162662861 162728656//162728656
f 181275059//181275059 162794192//162794192 162663119//162663119
f 181209525//181209525 162204367//162204367 162794190//162794190
f 181209805//181209805 181406124//181406124 162204365//162204365
f 181406119//181406119 181471660//181471660 181406413//181406413
f 181406418//181406418 181143975//181143975 180947666//180947666
f 181471955//181471955 181537191//181537191 181471946//181471946
f 161876691//161876691 181537176//181537176 180947646//180947646
f 181537492//181537492 181537176//181537176 180161236//180161236
f 161024408//161024408 161024724//161024724 181603006//181603006
f 181734101//181734101 181668567//181668567 181734104//181734104
f 181865177//181865177 181865173//181865173 181734106//181734106
f 182061785//182061785 182127320//182127320 181930715//181930715
f 182192856//182192856 182061786//182061786 181865181//181865181
f 182258397//182258397 182127322//182127322 182061791//182061791
f 182323936//182323936 182192860//182192860 182258401//182258401
f 182520545//182520545 182061790//182061790 182192867//182192867
f 182586079//182586079 182586075//182586075 182192865//182192865
f 182651616//182651616 182717151//182717151 182389476//182389476
f 182782687//182782687 182651619//182651619 182323942//182323942
f 182848229//182848229 182913764//182913764 182717159//182717159
f 182979297//182979297 182979298//182979298 182520554//182520554
f 183110371//183110371 182782689//182782689 182586091//182586091
f 182979308//182979308 183175905//183175905 182979306//182979306
f 182455020//182455020 183241451//183241451 183175914//183175914
f 183175917//183175917 183306987//183306987 183241450//183241450
f 183044847//183044847 183241454//183241454 183438059//183438059
f 183241454//183241454 182782704//182782704 183110384//183110384
f 183438062//183438062 183503601//183503601 182782704//182782704
f 183306991//183306991 182913777//182913777 182848242//182848242
f 183569139//183569139 183503592//183503592 183700198//183700198
f 183700196//183700196 182848230//182848230 182651636//182651636
f 183765735//183765735 183765748//183765748 183700209//183700209
f 183765746//183765746 183372519//183372519 183831281//183831281
f 183831285//183831285 183634673//183634673 183569143//183569143
f 183896824//183896824 184027891//184027891 183831279//183831279
f 183044857//183044857 184093423//184093423 183765750//183765750
f 183831289//183831289 183569146//183569146 183765755//183765755
f 184158967//184158967 184093426//184093426 184158965//184158965
f 184224504//184224504 184290039//184290039 183962364//183962364
f 184355575//184355575 184355579//184355579 184158970//184158970
f 184355580//184355580 184421111//184421111 184093433//184093433
f 183044863//183044863 184290041//184290041 184224512//184224512
f 184486657//184486657 184355581//184355581 184093442//184093442
f 184093439//184093439 184224514//184224514 184355587//184355587
f 184683264//184683264 184683260//184683260 184355586//184355586
f 184748801//184748801 184814336//184814336 184552196//184552196
f 184421126//184421126 184879874//184879874 184421098//184421098
f 184945411//184945411 184879874//184879874 184945410//184945410
f 185010944//185010944 185010947//185010947 184683271//184683271
f 185010948//185010948 184814336//184814336 184748809//184748809
f 185076490//185076490 185010949//185010949 184945419//184945419
f 184945414//184945414 184748811//184748811 185010956//185010956
f 185273097//185273097 185273092//185273092 185010955//185010955
f 185338634//185338634 185142025//185142025 185338638//185338638
f 185469705//185469705 185338636//185338636 185076495//185076495
f 185404173//185404173 185600784//185600784 185404176//185404176
f 185666317//185666317 185338639//185338639 185666320//185666320
f 185469715//185469715 185731858//185731858 185535250//185535250
f 185469708//185469708 185731860//185731860 185469716//185469716
f 185862924//185862924 185273099//185273099 185862932//185862932
f 185928465//185928465 185994000//185994000 185600790//185600790
f 186059541//186059541 184879883//184879883 186059531//186059531
f 185862937//185862937 186125076//186125076 185862936//185862936
f 186190616//186190616 186190598//186190598 184879850//184879850
f 186256148//186256148 186256153//186256153 185731860//185731860
f 186321689//186321689 186059544//186059544 186190620//186190620
f 186321691//186321691 185731865//185731865 186387216//186387216
f 186387222//186387222 185994000//185994000 185928478//185928478
f 186452767//186452767 186583831//186583831 186190570//186190570
f 186190624//186190624 186256156//186256156 186321697//186321697
f 186321696//186321696 185731873//185731873 186256162//186256162
f 185731874//185731874 186649373//186649373 186714907//186714907
f 186780438//186780438 186452765//186452765 185928483//185928483
f 186387234//186387234 186845987//186845987 186583786//186583786
f 183044901//183044901 186977060//186977060 186911466//186911466
f 186649376//186649376 186649383//186649383 187042594//187042594
f 187042592//187042592 187108132//187108132 186714919//186714919
f 186845992//186845992 187108135//187108135 186780450//186780450
f 186911528//186911528 187173668//187173668 186911526//186911526
f 186911529//186911529 187239208//187239208 186780456//186780456
f 187239198//187239198 187239203//187239203 187108137//187108137
f 186977067//186977067 187304745//187304745 186977002//186977002
f 187173676//187173676 187304746//187304746 187370281//187370281
f 187239213//187239213 187370270//187370270 187435818//187435818
f 187304750//187304750 187501356//187501356 187304682//187304682
f 187370286//187370286 187566895//187566895 187435820//187435820
f 186452781//186452781 186518320//186518320 186452784//186452784
f 187632433//187632433 187763487//187763487 187632429//187632429
f 187435823//187435823 187697970//187697970 187632435//187632435
f 187632434//187632434 187894579//187894579 187697971//187697971
f 187501365//187501365 187960111//187960111 187501290//187501290
f 188025650//188025650 187960111//187960111 188025647//188025647
f 188091188//188091188 188156723//188156723 187894583//187894583
f 187763513//187763513 188222259//188222259 188091187//188091187
f 188222258//188222258 188156726//188156726 188091194//188091194
f 188222266//188222266 188353335//188353335 188156730//188156730
f 187960124//187960124 188418870//188418870 187960042//187960042
f 188484409//188484409 188418870//188418870 188484406//188484406
f 188549947//188549947 188615482//188615482 188353342//188353342
f 188681018//188681018 188222265//188222265 188484416//188484416
f 188681022//188681022 188746554//188746554 188418794//188418794
f 188418881//188418881 188615485//188615485 188549954//188549954
f 188812099//188812099 188877631//188877631 188812100//188812100
f 188484421//188484421 188746560//188746560 189008701//189008701
f 183044934//183044934 189074241//189074241 189008705//189008705
f 183044935//183044935 188549958//188549958 188681032//188681032
f 189205314//189205314 189008702//189008702 189205312//189205312
f 189270852//189270852 188812098//188812098 189205321//189205321
f 189336388//189336388 189270857//189270857 189401930//189401930
f 189074247//189074247 189074252//189074252 189467461//189467461
f 189467464//189467464 189205317//189205317 189467465//189467465
f 189467463//189467463 189270859//189270859 189467467//189467467
f 189598541//189598541 189533007//189533007 189598544//189598544
f 189795152//189795152 189533006//189533006 189729618//189729618
f 189926221//189926221 189991762//189991762 189926226//189926226
f 190057300//190057300 190122834//190122834 189991765//189991765
f 190188374//190188374 190188373//190188373 190057304//190057304
f 190057298//190057298 190188376//190188376 190253913//190253913
f 189860688//189860688 189860698//189860698 190384984//190384984
f 190450521//190450521 190384984//190384984 190450520//190450520
f 190516057//190516057 190516059//190516059 190450525//190450525
f 190647132//190647132 189729629//189729629 190712666//190712666
f 190712656//190712656 190384977//190384977 190778203//190778203
f 190450528//190450528 190647133//190647133 190581601//190581601
f 190909278//190909278 190384993//190384993 190974816//190974816
f 190384991//190384991 190778211//190778211 191040349//191040349
f 190581604//190581604 190974817//190974817 191040352//191040352
f 191105890//191105890 190909281//190909281 191105894//191105894
f 191236966//191236966 191171429//191171429 191236968//191236968
f 191105889//191105889 191368041//191368041 191236965//191236965
f 191433576//191433576 191302503//191302503 191433579//191433579
f 190843748//190843748 190843756//190843756 191564649//191564649
f 191236969//191236969 191630189//191630189 191433575//191433575
f 191695723//191695723 191499114//191499114 191695727//191695727
f 191433581//191433581 191826800//191826800 191695722//191695722
f 191892335//191892335 191761262//191761262 191892338//191892338
f 191892339//191892339 191826802//191826802 192088942//192088942
f 191695732//191695732 192023409//192023409 191892341//191892341
f 192154486//192154486 192154483//192154483 192285558//192285558
f 192285557//192285557 192154488//192154488 191892345//191892345
f 191892340//191892340 192482169//192482169 192351093//192351093
f 192482165//192482165 192482169//192482169 192547704//192547704
f 192416628//192416628 192482172//192482172 192416636//192416636
f 192482173//192482173 192482171//192482171 192613245//192613245
f 192547709//192547709 191826814//191826814 192809844//192809844
f 192613236//192613236 192744319//192744319 192678784//192678784
f 192940926//192940926 192875392//192875392 193006465//193006465
f 193071997//193071997 192678780//192678780 193072000//193072000
f 192809859//192809859 192875388//192875388 193137538//193137538
f 192875395//192875395 191826820//191826820 193203071//193203071
f 191826797//191826797 191630213//191630213 193268613//193268613
f 191630185//191630185 193334150//193334150 192809861//192809861
f 193203078//193203078 193072007//193072007 192809864//192809864
f 192809863//192809863 191368072//191368072 193465222//193465222
f 191368044//191368044 193530761//193530761 193072008//193072008
f 193137539//193137539 193006474//193006474 193137547//193137547
f 193661826//193661826 193727371//193727371 193661835//193661835
f 193792909//193792909 193137547//193137547 193858443//193858443
f 193858446//193858446 193137547//193137547 193530767//193530767
f 193923982//193923982 193530767//193530767 193399697//193399697
f 193334161//193334161 194055048//194055048 193923983//193923983
f 193923986//193923986 194055059//194055059 194186131//194186131
f 193530773//193530773 194251663//194251663 194055055//194055055
f 193989525//193989525 194055050//194055050 194317204//194317204
f 194251670//194251670 194186130//194186130 194317207//194317207
f 194448276//194448276 194513815//194513815 194448279//194448279
f 194579353//194579353 194579351//194579351 194644889//194644889
f 194710417//194710417 194251655//194251655 193989533//193989533
f 193989532//193989532 194317213//194317213 194251678//194251678
f 194251677//194251677 194907038//194907038 194710407//194710407
f 193334150//193334150 193465247//193465247 194907014//194907014
f 194972567//194972567 195038102//195038102 194579351//194579351
f 194972577//194972577 195103639//195103639 194317214//194317214
f 194317218//194317218 194579360//194579360 195169179//195169179
f 195169178//195169178 194579364//194579364 195038116//195038116
f 195169189//195169189 195300251//195300251 195169188//195169188
f 194644901//194644901 195431334//195431334 195365797//195365797
f 195431336//195431336 195300262//195300262 195234729//195234729
f 195562407//195562407 195627941//195627941 195234721//195234721
f 195234730//195234730 195038121//195038121 194972587//194972587
f 195693482//195693482 195759009//195759009 195627947//195627947
f 194972589//194972589 195759019//195759019 195693485//195693485
f 195103661//195103661 195890080//195890080 195496871//195496871
f 195496878//195496878 195627951//195627951 196021161//196021161
f 195759024//195759024 196086698//196086698 195431337//195431337
f 195431345//195431345 196021166//196021166 196086697//196086697
f 195103666//195103666 196152237//196152237 195759021//195759021
f 195955630//195955630 195955635//195955635 196217780//196217780
f 196283315//196283315 196152245//196152245 195103670//195103670
f 194841526//194841526 196414370//196414370 194841527//194841527
f 194841501//194841501 196479927//196479927 194775992//194775992
f 194775964//194775964 196611000//196611000 196545436//196545436
f 194710431//194710431 196676537//196676537 196610975//196610975
f 194907017//194907017 196676538//196676538 193465275//193465275
f 193465196//193465196 191040443//191040443 196741996//196741996
f 196741988//196741988 190974908//190974908 196807524//196807524
f 196873146//196873146 196807611//196807611 196873147//196873147
f 196611002//196611002 196938686//196938686 196676541//196676541
f 197004220//197004220 190712675//190712675 197004131//197004131
f 196873148//196873148 196807616//196807616 197004224//197004224
f 196873152//196873152 196938689//196938689 196873153//196873153
f 196611006//196611006 196611010//196611010 197200824//197200824
f 197004127//197004127 189795267//189795267 197266271//197266271
f 197069759//197069759 197069764//197069764 197331905//197331905
f 197135301//197135301 196938686//196938686 197397442//197397442
f 189795270//189795270 197462979//197462979 189795271//189795271
f 197004227//197004227 197004232//197004232 197594052//197594052
f 197462984//197462984 197659587//197659587 197462983//197462983
f 197725129//197725129 197331911//197331911 197790657//197790657
f 197790661//197790661 197594049//197594049 197462988//197462988
f 197462985//197462985 197725132//197725132 197921737//197921737
f 197921738//197921738 197659598//197659598 198052812//198052812
f 197921743//197921743 197987273//197987273 198118349//198118349
f 198118350//198118350 198118353//198118353 198183890//198183890
f 198183891//198183891 198314962//198314962 198380498//198380498
f 198446029//198446029 198446032//198446032 198118354//198118354
f 198511570//198511570 198380500//198380500 198577110//198577110
f 198511576//198511576 198249426//198249426 198642645//198642645
f 198708184//198708184 197921750//197921750 198446042//198446042
f 198773711//198773711 198839245//198839245 198773717//198773717
f 198904783//198904783 198839258//198839258 198904794//198904794
f 198970319//198970319 198970332//198970332 197856207//197856207
f 198904795//198904795 198839262//198839262 199101406//199101406
f 197856221//197856221 199166944//199166944 197594060//197594060
f 198970332//198970332 198904801//198904801 199035873//199035873
f 199101410//199101410 199101406//199101406 199363554//199363554
f 199298019//199298019 199363556//199363556 199494628//199494628
f 199560164//199560164 199298021//199298021 199625694//199625694
f 199298020//199298020 199166951//199166951 199691208//199691208
f 199691204//199691204 198970312//198970312 199756768//199756768
f 199756765//199756765 199035873//199035873 199822305//199822305
f 199822302//199822302 197331943//197331943 199691243//199691243
f 197790660//197790660 199953387//199953387 199691232//199691232
f 199691244//199691244 199953387//199953387 199166953//199166953
f 199756769//199756769 199232493//199232493 199822317//199822317
f 199822311//199822311 200084462//200084462 200018922//200018922
f 199887855//199887855 199953355//199953355 200149995//200149995
f 199953385//199953385 199756784//199756784 200018928//200018928
f 199625713//199625713 199429102//199429102 200281063//200281063
f 200018926//200018926 200346610//200346610 200215533//200215533
f 200412140//200412140 199953392//199953392 200412143//200412143
f 197790703//197790703 200477684//200477684 197397451//197397451
f 200084465//200084465 200346613//200346613 200084469//200084469
f 200215542//200215542 200346611//200346611 200608752//200608752
f 200674287//200674287 200150003//200150003 200674292//200674292
f 197397492//197397492 200739832//200739832 197200837//197200837
f 200412150//200412150 200805369//200805369 200674291//200674291
f 200870900//200870900 200477687//200477687 200870904//200870904
f 197200888//197200888 200936443//200936443 196545474//196545474
f 200674297//200674297 201001980//201001980 200870903//200870903
f 201067512//201067512 200739834//200739834 201067515//201067515
f 196545531//196545531 196479998//196479998 196545534//196545534
f 201133051//201133051 201198591//201198591 196479998//196479998
f 201198587//201198587 201198589//201198589 196414391//196414391
f 200870912//200870912 201001981//201001981 201264122//201264122
f 201198593//201198593 201329590//201329590 196152246//196152246
f 201067522//201067522 201264127//201264127 201395197//201395197
f 201198594//201198594 201001985//201001985 201460736//201460736
f 201460738//201460738 201526272//201526272 201329666//201329666
f 201526274//201526274 201591811//201591811 196152321//196152321
f 201526277//201526277 201001985//201001985 201657347//201657347
f 201001977//201001977 201591814//201591814 201722802//201722802
f 195759026//195759026 201526279//201526279 201460744//201460744
f 201657352//201657352 200805379//200805379 201853958//201853958
f 200805366//200805366 201788425//201788425 201657354//201657354
f 201657353//201657353 201985034//201985034 201526280//201526280
f 201788426//201788426 202050571//202050571 201591812//201591812
f 201526283//201526283 202116108//202116108 201722885//201722885
f 201591820//201591820 202181645//202181645 195759111//195759111
f 201722893//201722893 200608782//200608782 202247177//202247177
f 200608754//200608754 201853967//201853967 202312714//202312714
f 201853967//201853967 200346640//200346640 202378255//202378255
f 202378226//202378226 202247157//202247157 202443792//202443792
f 202247185//202247185 202509330//202509330 201919504//201919504
f 202312722//202312722 202378259//202378259 202574866//202574866
f 202378229//202378229 202181652//202181652 202640300//202640300
f 202640304//202640304 202705836//202705836 196021269//196021269
f 202640398//202640398 202509334//202509334 202771466//202771466
f 201919511//201919511 202509323//202509323 202443800//202443800
f 202443796//202443796 202902552//202902552 202771475//202771475
f 202902547//202902547 201985048//201985048 202771482//202771482
f 202771481//202771481 202705946//202705946 203033520//203033520
f 196086704//196086704 201985051//201985051 202968092//202968092
f 201985052//201985052 203099148//203099148 203164684//203164684
f 202116108//202116108 203164701//203164701 203230221//203230221
f 202116126//202116126 203295758//203295758 203164700//203164700
f 203230237//203230237 203361311//203361311 202181662//202181662
f 202705934//202705934 203295776//203295776 203099169//203099169
f 202968097//202968097 203492380//203492380 203230239//203230239
f 203492384//203492384 203295774//203295774 203426850//203426850
f 203557809//203557809 203033627//203033627 202705956//202705956
f 203557915//203557915 202705956//202705956 203361317//203361317
f 203623446//203623446 203361317//203361317 203492390//203492390
f 203688992//203688992 203820070//203820070 203492385//203492385
f 203820070//203820070 203426850//203426850 202968104//202968104
f 203426856//203426856 203951143//203951143 203885594//203885594
f 202902569//202902569 204016666//204016666 203820072//203820072
f 203885609//203885609 204082218//204082218 203754535//203754535
f 203820074//203820074 204147755//204147755 203688998//203688998
f 203754539//203754539 203623468//203623468 203689005//203689005
f 203689004//203689004 204278829//204278829 203951129//203951129
f 202837038//202837038 204082201//204082201 204344364//204344364
f 204147759//204147759 203623469//203623469 204213296//204213296
f 203623472//203623472 203951139//203951139 204475434//204475434
f 203951150//203951150 204540977//204540977 204082218//204082218
f 204344363//204344363 202837042//202837042 204606510//204606510
f 204606488//204606488 204344340//204344340 204672045//204672045
f 204213300//204213300 204737584//204737584 204016689//204016689
f 204737586//204737586 204540970//204540970 204803119//204803119
f 204672047//204672047 204344375//204344375 204803127//204803127
f 204540981//204540981 204540984//204540984 204934198//204934198
f 204475438//204475438 205065273//205065273 204278835//204278835
f 204278842//204278842 205130809//205130809 204606484//204606484
f 204606524//204606524 205196346//205196346 204606523//204606523
f 205261883//205261883 205261844//205261844 202574837//202574837
f 205065278//205065278 205196345//205196345 205327418//205327418
f 205261887//205261887 205392955//205392955 205196347//205196347
f 200543296//200543296 200281149//200281149 205458421//205458421
f 205458497//205458497 205524029//205524029 205458417//205458417
f 205589565//205589565 205392961//205392961 205261890//205261890
f 200281155//200281155 205655105//205655105 205589569//205589569
f 205589571//205589571 205655108//205655108 200281060//200281060
f 199429189//199429189 205655107//205655107 205786180//205786180
f 205786084//205786084 199560166//199560166 205720645//205720645
f 205720550//205720550 205720646//205720646 205851719//205851719
f 205392962//205392962 205720648//205720648 205982786//205982786
f 205392969//205392969 206048316//206048316 205392968//205392968
f 206113860//206113860 206113863//206113863 205982788//205982788
f 205196361//205196361 205196363//205196363 206179390//206179390
f 206048328//206048328 206113868//206113868 206244936//206244936
f 206113863//206113863 205917261//205917261 206376013//206376013
f 206441549//206441549 206507086//206507086 206113869//206113869
f 206113872//206113872 206310476//206310476 206441553//206441553
f 206572624//206572624 206638157//206638157 206572623//206572623
f 206244947//206244947 206048329//206048329 206703691//206703691
f 206638164//206638164 206769233//206769233 206638165//206638165
f 206900304//206900304 206769233//206769233 206900305//206900305
f 206965836//206965836 206703696//206703696 206244951//206244951
f 207031376//207031376 206507094//206507094 207031383//207031383
f 207096916//207096916 207096917//207096917 206834778//206834778
f 206769243//206769243 207227990//207227990 207031382//207031382
f 207293524//207293524 206769241//206769241 207293531//207293531
f 207359065//207359065 207359066//207359066 207293529//207293529
f 207359066//207359066 207162462//207162462 207490142//207490142
f 207555678//207555678 207621215//207621215 206703703//206703703
f 207031394//207031394 207686743//207686743 207621207//207621207
f 207228003//207228003 207752280//207752280 207686744//207686744
f 207293540//207293540 207817819//207817819 207752283//207752283
f 207293533//207293533 207293541//207293541 207883364//207883364
f 207883357//207883357 207359078//207359078 207424614//207424614
f 208014436//208014436 208014437//208014437 207883366//207883366
f 208079972//208079972 207752295//207752295 207817832//207817832
f 207948905//207948905 208145511//208145511 208079975//208079975
f 207948894//207948894 208145514//208145514 207948906//207948906
f 208211038//208211038 207424619//207424619 207555691//207555691
f 208276576//208276576 208342124//208342124 208211051//208211051
f 207555693//207555693 208342124//208342124 208473194//208473194
f 208211054//208211054 208407657//208407657 208538732//208538732
f 208342127//208342127 208604270//208604270 208538733//208538733
f 208669808//208669808 208735341//208735341 208538736//208538736
f 208538738//208538738 208538739//208538739 208800878//208800878
f 208735348//208735348 208473203//208473203 208931945//208931945
f 208473203//208473203 208866421//208866421 208997491//208997491
f 208931955//208931955 209063030//209063030 208997492//208997492
f 208145525//208145525 208145528//208145528 209128552//209128552
f 208997495//208997495 209259641//209259641 209194103//209194103
f 208931958//208931958 208931963//208931963 209325176//209325176
f 209325174//209325174 209128569//209128569 209390696//209390696
f 209390691//209390691 209259624//209259624 209456249//209456249
f 209259646//209259646 209325181//209325181 209587320//209587320
f 209390712//209390712 207752319//207752319 209390720//209390720
f 209390719//209390719 207752320//207752320 209652834//209652834
f 209325177//209325177 209325185//209325185 209718399//209718399
f 209718393//209718393 209521789//209521789 209783933//209783933
f 209521795//209521795 207686786//207686786 209652868//209652868
f 207621218//207621218 209587332//209587332 209980544//209980544
f 209587329//209587329 209980549//209980549 209915008//209915008
f 209718397//209718397 209718406//209718406 210046085//210046085
f 210046077//210046077 209849474//209849474 210111618//210111618
f 209849480//209849480 210046087//210046087 210242693//210242693
f 209915013//209915013 209783945//209783945 210308230//210308230
f 210242694//210242694 209783946//209783946 210111626//210111626
f 210111624//210111624 210439307//210439307 210373768//210373768
f 210504836//210504836 210308233//210308233 210504841//210504841
f 210308231//210308231 210111630//210111630 210373774//210373774
f 210504842//210504842 210439310//210439310 210635915//210635915
f 210439312//210439312 210373775//210373775 210766990//210766990
f 210766987//210766987 210701455//210701455 210832527//210832527
f 210701459//210701459 209915026//209915026 210504852//210504852
f 210963553//210963553 210570372//210570372 211029133//211029133
f 211029134//211029134 210635921//210635921 211094673//211094673
f 211094671//211094671 210898066//210898066 211160210//211160210
f 210898072//210898072 207621271//207621271 210963609//210963609
f 206703713//206703713 206179481//206179481 206703769//206703769
f 210963597//210963597 210504858//210504858 211029146//211029146
f 211356825//211356825 210766996//210766996 211422357//211422357
f 211422353//211422353 211356822//211356822 211029147//211029147
f 211487819//211487819 211291289//211291289 211356828//211356828
f 206179484//206179484 211487806//211487806 211356829//211356829
f 211553434//211553434 211487899//211487899 211618878//211618878
f 211618972//211618972 211618973//211618973 204999742//204999742
f 211553435//211553435 211618975//211618975 211553439//211553439
f 204999838//204999838 211618976//211618976 211684512//211684512
f 211749937//211749937 211094585//211094585 211815579//211815579
f 211684507//211684507 204475553//204475553 211750050//211750050
f 211881013//211881013 211749937//211749937 211684515//211684515
f 211881120//211881120 211946659//211946659 204737698//204737698
f 211684513//211684513 211094691//211094691 212012193//212012193
f 211094674//211094674 210832548//210832548 211160228//211160228
f 204737699//204737699 204737701//204737701 212077624//212077624
f 211946657//211946657 212012198//212012198 212143265//212143265
f 211946662//211946662 211160229//211160229 212208804//212208804
f 212143268//212143268 212143271//212143271 212274341//212274341
f 212143271//212143271 212339880//212339880 204934309//204934309
f 212274345//212274345 211160229//211160229 212405415//212405415
f 211160216//211160216 212470954//212470954 212405400//212405400
f 212274343//212274343 212405420//212405420 212536487//212536487
f 212274348//212274348 212470953//212470953 212602026//212602026
f 212536490//212536490 212667565//212667565 212602027//212602027
f 212339887//212339887 212732984//212732984 204803128//204803128
f 212339884//212339884 212602032//212602032 212798636//212798636
f 212339888//212339888 212667567//212667567 212864173//212864173
f 212798637//212798637 212929713//212929713 212864174//212864174
f 212995126//212995126 204803247//204803247 212995127//212995127
f 212733104//212733104 212864180//212864180 213060784//213060784
f 212733108//212733108 212929715//212929715 213126321//213126321
f 213060785//213060785 213191861//213191861 213126322//213126322
f 212995252//212995252 213126327//213126327 213257396//213257396
f 213126326//213126326 213126328//213126328 213322935//213322935
f 213191865//213191865 213454008//213454008 204868787//204868787
f 212995255//212995255 213388474//213388474 213519544//213519544
f 213388476//213388476 213322939//213322939 213650615//213650615
f 213454007//213454007 213322941//213322941 213519549//213519549
f 213519548//213519548 213781694//213781694 213716156//213716156
f 213650619//213650619 213454016//213454016 213650624//213650624
f 213847227//213847227 213454014//213454014 213912631//213912631
f 213912628//213912628 213781559//213781559 213978302//213978302
f 213781699//213781699 213454018//213454018 213847236//213847236
f 213454020//213454020 213716161//213716161 214174912//214174912
f 214174910//214174910 214109378//214109378 213847237//213847237
f 214240308//214240308 204672193//204672193 214240304//214240304
f 213978307//213978307 214371527//214371527 214305987//214305987
f 213912772//213912772 214240457//214240457 213912777//213912777
f 214502596//214502596 214437061//214437061 214109386//214109386
f 214174914//214174914 213978315//213978315 214305995//214305995
f 214568138//214568138 204410053//204410053 214240460//214240460
f 214633670//214633670 214371529//214371529 214699207//214699207
f 214371534//214371534 214764749//214764749 214830285//214830285
f 214895821//214895821 214305999//214305999 214699217//214699217
f 214961357//214961357 214306000//214306000 214961355//214961355
f 215026897//215026897 214961360//214961360 215026899//215026899
f 215092427//215092427 215026897//215026897 215157971//215157971
f 215157973//215157973 214568147//214568147 215092438//215092438
f 215289034//215289034 214437067//214437067 214502615//214502615
f 215289047//215289047 214633674//214633674 214437079//214437079
f 215092437//215092437 215289048//215289048 215092440//215092440
f 196349144//196349144 215354581//215354581 215289049//215289049
f 215485654//215485654 215420120//215420120 196349146//196349146
f 215551193//215551193 196218072//196218072 215550901//215550901
f 215616716//215616716 215616727//215616727 215354585//215354585
f 196218076//196218076 196218074//196218074 195890396//195890396
f 215747801//215747801 215616730//215616730 215485661//215485661
f 215551196//215551196 215813341//215813341 214633691//214633691
f 215813168//215813168 204410060//204410060 215813155//215813155
f 215747807//215747807 215878875//215878875 215747804//215747804
f 215878878//215878878 215682267//215682267 195890400//195890400
f 215878876//215878876 215813344//215813344 215878880//215878880
f 203558110//203558110 196087008//196087008 215944110//215944110
f 215944113//215944113 216009763//216009763 216141026//216141026
f 216141025//216141025 216272100//216272100 216206561//216206561
f 216141028//216141028 216272102//216272102 216403172//216403172
f 216272104//216272104 216206567//216206567 216534246//216534246
f 216206567//216206567 216534249//216534249 216599782//216599782
f 216403176//216403176 216730859//216730859 216665320//216665320
f 216599785//216599785 216796397//216796397 216861930//216861930
f 216534247//216534247 216665327//216665327 216927463//216927463
f 216534255//216534255 216730861//216730861 216993003//216993003
f 216730865//216730865 216665328//216665328 217124079//217124079
f 216665328//216665328 217058546//217058546 217189616//217189616
f 217058548//217058548 216796403//216796403 217320686//217320686
f 216861941//216861941 216927478//216927478 217451757//217451757
f 216927474//216927474 217517303//217517303 217320685//217320685
f 217320696//217320696 217517302//217517302 216796407//216796407
f 217517305//217517305 217582838//217582838 217517303//217517303
f 217582842//217582842 217713910//217713910 217386234//217386234
f 217779449//217779449 217648375//217648375 217582844//217582844
f 217451762//217451762 217648380//217648380 217779453//217779453
f 217124093//217124093 217713916//217713916 217648381//217648381
f 217189620//217189620 217976062//217976062 217910516//217910516
f 218041597//218041597 216993010//216993010 218041586//218041586
f 216993011//216993011 217189632//217189632 218107136//218107136
f 218041601//218041601 217910525//217910525 218107123//218107123
f 218172667//218172667 218107133//218107133 218172669//218172669
f 217910527//217910527 218303747//218303747 218238207//218238207
f 218172677//218172677 218369275//218369275 217386235//217386235
f 218107142//218107142 218369282//218369282 218172678//218172678
f 218107134//218107134 218238215//218238215 218500350//218500350
f 218500358//218500358 218303745//218303745 218565891//218565891
f 218303753//218303753 218238216//218238216 218696967//218696967
f 218500362//218500362 218565894//218565894 218696963//218696963
f 218434827//218434827 218762501//218762501 217386245//217386245
f 218565897//218565897 218893580//218893580 218828041//218828041
f 218434826//218434826 218762510//218762510 218434830//218434830
f 218696968//218696968 218828047//218828047 219024648//219024648
f 218696975//218696975 218893582//218893582 219090188//219090188
f 218893585//218893585 219221264//219221264 218762510//218762510
f 218762514//218762514 219024630//219024630 219286798//219286798
f 219286802//219286802 218828046//218828046 219352335//219352335
f 219024660//219024660 219090195//219090195 219352332//219352332
f 219090193//219090193 219483413//219483413 219417873//219417873
f 219286804//219286804 219221271//219221271 219286807//219286807
f 219352336//219352336 219417880//219417880 219614480//219614480
f 219352344//219352344 219483415//219483415 219680021//219680021
f 219680022//219680022 219417882//219417882 219811096//219811096
f 219417881//219417881 219680027//219680027 219745564//219745564
f 219745565//219745565 219680028//219680028 220007707//220007707
f 220007705//220007705 220073244//220073244 219811102//219811102
f 219876639//219876639 219614494//219614494 219811104//219811104
f 219811103//219811103 219614496//219614496 220204311//220204311
f 220204312//220204312 219942176//219942176 220269852//220269852
f 219942179//219942179 220204322//220204322 220400919//220400919
f 220400914//220400914 220466455//220466455 220204320//220204320
f 220204325//220204325 220400932//220400932 220531986//220531986
f 219221286//219221286 220138742//220138742 220597541//220597541
f 220073255//220073255 220466464//220466464 220663076//220663076
f 220532004//220532004 220597544//220597544 220663077//220663077
f 220728607//220728607 220269852//220269852 220728604//220728604
f 220269859//220269859 220859690//220859690 220794147//220794147
f 220532012//220532012 220925174//220925174 220532008//220532008
f 220663079//220663079 220925229//220925229 220663085//220663085
f 220597535//220597535 221056302//221056302 220073257//220073257
f 221056301//221056301 220269863//220269863 221121833//221121833
f 220269866//220269866 221056303//221056303 220728623//220728623
f 220925232//220925232 221252854//221252854 217386288//217386288
f 221252914//221252914 220925174//220925174 220990771//220990771
f 221383981//221383981 220925230//220925230 221383984//221383984
f 221056308//221056308 221449523//221449523 221187379//221187379
f 221121844//221121844 221449518//221449518 221252912//221252912
f 221252917//221252917 221515058//221515058 221252916//221252916
f 221121846//221121846 220794164//220794164 221580591//221580591
f 221449526//221449526 221646133//221646133 221318453//221318453
f 221318455//221318455 221711606//221711606 221515062//221515062
f 221711671//221711671 221777205//221777205 221580586//221580586
f 221777208//221777208 221842742//221842742 221646136//221646136
f 221646138//221646138 221842678//221842678 221711675//221711675
f 221777211//221777211 221777208//221777208 220794172//220794172
f 220794155//220794155 222039356//222039356 221973803//221973803
f 221973822//221973822 221908281//221908281 221777214//221777214
f 221973821//221973821 222104895//222104895 221973823//221973823
f 222039360//222039360 222301503//222301503 221842747//221842747
f 221842753//221842753 222104822//222104822 222367035//222367035
f 222367041//222367041 222235963//222235963 222432575//222432575
f 222235972//222235972 222563651//222563651 222104895//222104895
f 222432581//222432581 222104895//222104895 222563650//222563650
f 222432580//222432580 222629190//222629190 222563651//222563651
f 222498119//222498119 222760262//222760262 222301506//222301506
f 222301512//222301512 222563574//222563574 222825794//222825794
f 222825800//222825800 222694722//222694722 222891334//222891334
f 222694731//222694731 222629194//222629194 223022405//223022405
f 222825797//222825797 222891340//222891340 223022406//223022406
f 222760269//222760269 223087862//223087862 222760265//222760265
f 222891339//222891339 223219022//223219022 223153483//223153483
f 223153487//223153487 223350096//223350096 222825804//222825804
f 223350093//223350093 223415625//223415625 217386317//217386317
f 223350098//223350098 223481165//223481165 217386322//217386322
f 223022410//223022410 223153492//223153492 223546698//223546698
f 223546705//223546705 223284556//223284556 223612238//223612238
f 223546702//223546702 223284565//223284565 223677781//223677781
f 223743317//223743317 223481174//223481174 223808855//223808855
f 223808851//223808851 223415634//223415634 223350104//223350104
f 223350100//223350100 223612248//223612248 223743320//223743320
f 223808852//223808852 223874389//223874389 224005466//224005466
f 223939931//223939931 224136540//224136540 223939932//223939932
f 224202077//224202077 224202076//224202076 224267613//224267613
f 224267614//224267614 224202080//224202080 224398688//224398688
f 224071009//224071009 224333150//224333150 224398690//224398690
f 224529760//224529760 224529762//224529762 224464228//224464228
f 224660835//224660835 224595300//224595300 224726373//224726373
f 224791909//224791909 224726374//224726374 224857447//224857447
f 224922983//224922983 224988520//224988520 224922984//224922984
f 224922986//224922986 224988523//224988523 225119595//225119595
f 225185121//225185121 224398684//224398684 225250658//225250658
f 224398701//224398701 225316206//225316206 224595298//224595298
f 224464238//224464238 225381743//225381743 224726372//224726372
f 224595311//224595311 224726384//224726384 225381745//225381745
f 225512816//225512816 225447279//225447279 225381746//225381746
f 225250675//225250675 225316207//225316207 225578354//225578354
f 225643891//225643891 225185134//225185134 225643886//225643886
f 225185116//225185116 224005493//224005493 225709404//225709404
f 225185141//225185141 225185142//225185142 225774964//225774964
f 224005495//224005495 225709429//225709429 225840502//225840502
f 225906039//225906039 225840475//225840475 225906041//225906041
f 226037107//226037107 225512820//225512820 225578362//225578362
f 226102647//226102647 225774969//225774969 225840507//225840507
f 225774972//225774972 226037108//226037108 225643900//225643900
f 226233723//226233723 225971577//225971577 226299261//226299261
f 226102653//226102653 225774975//225774975 226102656//226102656
f 226364800//226364800 226430331//226430331 226168182//226168182
f 226495872//226495872 226495871//226495871 226168192//226168192
f 226168193//226168193 226626946//226626946 226168194//226168194
f 226168195//226168195 226626938//226626938 226561412//226561412
f 226758019//226758019 226037124//226037124 226626950//226626950
f 226823538//226823538 226626938//226626938 226758023//226758023
f 226823555//226823555 226823559//226823559 226954610//226954610
f 226954609//226954609 226823538//226823538 227020168//227020168
f 227020166//227020166 225447303//225447303 226954633//226954633
f 226889093//226889093 227151242//227151242 227020167//227020167
f 227085707//227085707 227085703//227085703 226758028//226758028
f 227216773//227216773 225447309//225447309 227020174//227020174
f 227151246//227151246 227413385//227413385 227151242//227151242
f 227216783//227216783 227478922//227478922 227216781//227216781
f 227544464//227544464 227478925//227478925 227544466//227544466
f 227675534//227675534 227675531//227675531 227151247//227151247
f 227675540//227675540 227347854//227347854 227741077//227741077
f 227806577//227806577 227872142//227872142 227413388//227413388
f 227478934//227478934 227675532//227675532 227413399//227413399
f 227872151//227872151 227806607//227806607 228003185//228003185
f 228003174//228003174 227806577//227806577 228068760//228068760
f 227741081//227741081 228134293//228134293 224726424//224726424
f 228068762//228068762 228134296//228134296 224857446//224857446
f 228134299//228134299 228199784//228199784 224988520//224988520
f 228265370//228265370 228199833//228199833 228134300//228134300
f 227937693//227937693 227741075//227741075 227675549//227675549
f 228396441//228396441 228265364//228265364 228068766//228068766
f 228199839//228199839 228199786//228199786 228265376//228265376
f 228527519//228527519 228265371//228265371 228396449//228396449
f 228593056//228593056 228461980//228461980 228658538//228658538
f 225119594//225119594 228724130//228724130 225119650//225119650
f 225119651//225119651 228855204//228855204 228658591//228658591
f 228658597//228658597 228461987//228461987 228527526//228527526
f 228920741//228920741 228789663//228789663 228724135//228724135
f 229051812//229051812 229117351//229117351 228724133//228724133
f 228724137//228724137 229182887//229182887 228986281//228986281
f 228986283//228986283 229182888//229182888 229248423//229248423
f 229051819//229051819 229248428//229248428 229379500//229379500
f 229379499//229379499 229182894//229182894 229445035//229445035
f 229445039//229445039 229117357//229117357 228855216//228855216
f 229576101//229576101 228920742//228920742 228527537//228527537
f 229641632//229641632 229510561//229510561 229445042//229445042
f 229510578//229510578 229182866//229182866 229772718//229772718
f 229445043//229445043 229707186//229707186 229838226//229838226
f 229838224//229838224 229903762//229903762 229838258//229838258
f 229707187//229707187 229969333//229969333 227478964//227478964
f 229838261//229838261 229969334//229969334 227872144//227872144
f 229969335//229969335 227937686//227937686 227872183//227872183
f 229903800//229903800 230034870//230034870 229969336//229969336
f 229772729//229772729 230100405//230100405 229903801//229903801
f 230034874//230034874 228330903//228330903 227937722//227937722
f 230100411//230100411 230231479//230231479 230034875//230034875
f 230362553//230362553 230362547//230362547 229772714//229772714
f 230165949//230165949 230297016//230297016 230100413//230100413
f 230362558//230362558 230428089//230428089 230165950//230165950
f 230231487//230231487 230624669//230624669 230559162//230559162
f 230297024//230297024 230559162//230559162 230690205//230690205
f 230297026//230297026 230755776//230755776 230297021//230297021
f 230428099//230428099 230821314//230821314 230428094//230428094
f 228330945//228330945 230690196//230690196 230886804//230886804
f 230886853//230886853 230952340//230952340 228396436//228396436
f 230952390//230952390 231017886//231017886 228593054//228593054
f 231017927//231017927 231083425//231083425 229641633//229641633
f 230493640//230493640 231214531//231214531 229641671//229641671
f 231280072//231280072 230493630//230493630 230362570//230362570
f 231280075//231280075 231214536//231214536 231411121//231411121
f 231411110//231411110 231476657//231476657 231411145//231411145
f 231411120//231411120 231476646//231476646 231542220//231542220
f 231542192//231542192 231607756//231607756 231542221//231542221
f 231673290//231673290 230362556//230362556 229182928//229182928
f 231738827//231738827 231280074//231280074 231673297//231673297
f 231607755//231607755 231345618//231345618 231738834//231738834
f 231542223//231542223 231673298//231673298 231804369//231804369
f 231542227//231542227 231869872//231869872 231542226//231542226
f 231804368//231804368 229182931//229182931 231869904//231869904
f 231869865//231869865 229182896//229182896 229117395//229117395
f 232000980//232000980 231935446//231935446 232132054//232132054
f 232197590//232197590 232066519//232066519 232197593//232197593
f 232263128//232263128 231935450//231935450 232394199//232394199
f 232132059//232132059 231935448//231935448 232459739//232459739
f 232459741//232459741 232525275//232525275 232459742//232459742
f 232590815//232590815 232656349//232656349 232721885//232721885
f 232721887//232721887 232394209//232394209 232525282//232525282
f 232197595//232197595 232394211//232394211 232852963//232852963
f 232721892//232721892 232852957//232852957 232525284//232525284
f 232328664//232328664 233115109//233115109 233049560//233049560
f 232918502//232918502 233180632//233180632 232328677//232328677
f 233115111//233115111 233180645//233180645 233246170//233246170
f 233311719//233311719 233311718//233311718 233377255//233377255
f 233246183//233246183 233180651//233180651 233377259//233377259
f 233508331//233508331 233442794//233442794 233508333//233508333
f 233639405//233639405 233573868//233573868 233639407//233639407
f 233770478//233770478 233639404//233639404 233770481//233770481
f 233508330//233508330 233770482//233770482 233508338//233508338
f 233770483//233770483 233967089//233967089 234032625//234032625
f 233377257//233377257 233377269//233377269 234098162//234098162
f 233901557//233901557 233770486//233770486 233901559//233901559
f 234229235//234229235 234229232//234229232 233901558//233901558
f 233967096//233967096 234294772//234294772 234360308//234360308
f 234294778//234294778 234425849//234425849 234491385//234491385
f 234425852//234425852 234556923//234556923 234622459//234622459
f 234556926//234556926 234687997//234687997 234753533//234753533
f 234688000//234688000 234819071//234819071 234688001//234688001
f 234687996//234687996 234950145//234950145 234819073//234819073
f 234425859//234425859 234884604//234884604 234556931//234556931
f 235015684//235015684 235146753//235146753 235081219//235081219
f 235212293//235212293 235015683//235015683 234425862//234425862
f 234425848//234425848 234950150//234950150 234884615//234884615
f 234884612//234884612 234294791//234294791 235343366//235343366
f 233967112//233967112 235146744//235146744 235212297//235212297
f 235343369//235343369 235343366//235343366 233967114//233967114
f 235474419//235474419 235343351//235343351 235474443//235474443
f 235539977//235539977 235474440//235474440 234229260//234229260
f 235539978//235539978 234229260//234229260 234163724//234163724
f 235671049//235671049 235671051//235671051 235539980//235539980
f 235736585//235736585 235146765//235146765 235408910//235408910
f 235671045//235671045 235671054//235671054 235605519//235605519
f 235605494//235605494 235802127//235802127 235867661//235867661
f 235802102//235802102 234163728//234163728 235933200//235933200
f 235671056//235671056 234163729//234163729 235998737//235998737
f 234163701//234163701 235933202//235933202 236064269//236064269
f 235998739//235998739 235998737//235998737 234098196//234098196
f 234098197//234098197 236195348//236195348 234098153//234098153
f 236195305//236195305 235998740//235998740 236129814//236129814
f 236326419//236326419 235998738//235998738 236260887//236260887
f 236129769//236129769 236391960//236391960 236260884//236260884
f 236326425//236326425 236064275//236064275 236523021//236523021
f 236064281//236064281 236523034//236523034 236588557//236588557
f 236523033//236523033 236588571//236588571 236654093//236654093
f 235671068//235671068 236719621//236719621 236654107//236654107
f 236588569//236588569 236785181//236785181 236457495//236457495
f 236260894//236260894 236850711//236850711 235146780//235146780
f 236654109//236654109 236916255//236916255 236719641//236719641
f 236785184//236785184 236850713//236850713 236719648//236719648
f 235146783//235146783 236981793//236981793 235081221//235081221
f 236850722//236850722 236850721//236850721 236916258//236916258
f 236981794//236981794 236260868//236260868 237112862//237112862
f 237178400//237178400 236785182//236785182 237112868//237112868
f 237243940//237243940 237047331//237047331 236916262//236916262
f 237309472//237309472 235081252//235081252 237047335//237047335
f 237375010//237375010 237440550//237440550 237112854//237112854
f 236260888//236260888 235081256//235081256 237375017//237375017
f 235081257//235081257 232984071//232984071 237243939//237243939
f 237112872//237112872 237178340//237178340 237243946//237243946
f 237571622//237571622 237637156//237637156 237375014//237375014
f 237375019//237375019 237309481//237309481 237571628//237571628
f 237702699//237702699 236391974//236391974 237768232//237768232
f 233311789//233311789 237833752//237833752 237768169//237768169
f 237833768//237833768 237833773//237833773 233311718//233311718
f 237440482//237440482 237440484//237440484 237833698//237833698
f 237833699//237833699 233115106//233115106 232918575//232918575
f 237899235//237899235 237833774//237833774 233115183//233115183
f 237571632//237571632 237243948//237243948 237964842//237964842
f 237243876//237243876 238095921//238095921 237243953//237243953
f 238030308//238030308 237964768//237964768 237243955//237243955
f 237243954//237243954 237964851//237964851 238226988//238226988
f 238226992//238226992 238292531//238292531 238030304//238030304
f 238292530//238292530 238358065//238358065 237702708//237702708
f 237702710//237702710 238226987//238226987 238161463//238161463
f 238358068//238358068 238292535//238292535 232721976//232721976
f 232787512//232787512 238095840//238095840 238554675//238554675
f 238161465//238161465 237637175//237637175 238358074//238358074
f 238423611//238423611 238685750//238685750 238620214//238620214
f 238751275//238751275 237637178//237637178 238751273//238751273
f 238816809//238816809 238751292//238751292 238620221//238620221
f 238882345//238882345 237506109//237506109 238882311//238882311
f 238882367//238882367 238947847//238947847 234950151//234950151
f 234950207//234950207 238947904//238947904 238882369//238882369
f 239078976//239078976 238816831//238816831 239078974//239078974
f 239144512//239144512 239210049//239210049 239144513//239144513
f 239078973//239078973 239210052//239210052 239078980//239078980
f 238620229//238620229 239275581//239275581 238816837//238816837
f 239275590//239275590 239275587//239275587 239341126//239341126
f 239210054//239210054 239210055//239210055 239472200//239472200
f 239472201//239472201 239668808//239668808 239341114//239341114
f 238685770//238685770 239406650//239406650 239341131//239341131
f 239472198//239472198 239799883//239799883 239341130//239341130
f 239341132//239341132 239603275//239603275 239472205//239472205
f 239930953//239930953 239603277//239603277 239930959//239930959
f 239472208//239472208 239930957//239930957 239865424//239865424
f 239734353//239734353 240127559//240127559 240062023//240062023
f 239668795//239668795 239668818//239668818 240258636//240258636
f 240258634//240258634 239996498//239996498 239930964//239930964
f 240389711//240389711 240455252//240455252 239996501//239996501
f 240520790//240520790 240586325//240586325 240455255//240455255
f 240389716//240389716 240520793//240520793 240389721//240389721
f 240717400//240717400 240782935//240782935 240586330//240586330
f 240848471//240848471 240717401//240717401 240520796//240520796
f 240914011//240914011 240979546//240979546 240782941//240782941
f 241045086//241045086 240914013//240914013 240717408//240717408
f 241110618//241110618 241045084//241045084 240914017//240914017
f 241176157//241176157 241045088//241045088 241176162//241176162
f 241307234//241307234 241241697//241241697 241307236//241307236
f 241438305//241438305 241176160//241176160 241438307//241438307
f 241503844//241503844 241438307//241438307 241503843//241503843
f 241569380//241569380 241634918//241634918 241569382//241569382
f 241700448//241700448 241110620//241110620 241700453//241700453
f 241503845//241503845 241700458//241700458 241765989//241765989
f 241831528//241831528 241765990//241765990 241831526//241831526
f 241700444//241700444 240848492//240848492 240651884//240651884
f 241765993//241765993 241897069//241897069 241962601//241962601
f 241831534//241831534 242028136//242028136 242093672//242093672
f 241831530//241831530 242159216//242159216 241765997//241765997
f 240651889//240651889 240324204//240324204 242224729//242224729
f 242028139//242028139 241831538//241831538 242159218//242159218
f 242028147//242028147 242355823//242355823 242421359//242421359
f 240324213//240324213 242486897//242486897 240324174//240324174
f 242552430//242552430 242028146//242028146 242552435//242552435
f 242355831//242355831 242617972//242617972 242683508//242683508
f 242683511//242683511 242617977//242617977 242814585//242814585
f 242617979//242617979 242945658//242945658 242617971//242617971
f 242945659//242945659 242945655//242945655 242355830//242355830
f 242880124//242880124 242945661//242945661 243076733//243076733
f 242552446//242552446 243076732//243076732 243142269//243142269
f 242290304//242290304 243076726//243076726 242552448//242552448
f 243273342//243273342 243076736//243076736 243338879//243338879
f 243338878//243338878 243404417//243404417 243142274//243142274
f 243469952//243469952 242159218//242159218 243469938//243469938
f 243535491//243535491 243535490//243535490 243338881//243338881
f 243601024//243601024 243207812//243207812 243601025//243601025
f 243469936//243469936 243666567//243666567 243601028//243601028
f 243666544//243666544 243404397//243404397 243535496//243535496
f 243797635//243797635 243863176//243863176 243797640//243797640
f 241962635//241962635 241897095//241897095 243928685//243928685
f 243994245//243994245 243994241//243994241 243732101//243732101
f 244059786//244059786 244059784//244059784 244125322//244125322
f 243601031//243601031 243928719//243928719 244190855//244190855
f 243928720//243928720 244321935//244321935 243928684//243928684
f 241897073//241897073 243601041//243601041 244190866//244190866
f 244190864//244190864 243273362//243273362 243601043//243601043
f 244452998//244452998 244518546//244518546 244059784//244059784
f 243732108//243732108 244059796//244059796 244584078//244584078
f 244125333//244125333 244715158//244715158 243994241//243994241
f 244715137//244715137 244518547//244518547 243994264//243994264
f 243994263//243994263 244518552//244518552 244846221//244846221
f 244059801//244059801 244584085//244584085 244911766//244911766
f 244649626//244649626 244518555//244518555 244780700//244780700
f 245042841//245042841 244846228//244846228 245108373//245108373
f 245108378//245108378 244846229//244846229 245042846//245042846
f 245173917//245173917 245239449//245239449 244715155//244715155
f 245304984//245304984 245239447//245239447 245304983//245304983
f 245370524//245370524 244780696//244780696 245304993//245304993
f 245436062//245436062 245042844//245042844 245370530//245370530
f 245239443//245239443 244453027//244453027 244387491//244387491
f 244387492//244387492 245567139//245567139 244387472//244387472
f 245501605//245501605 245632671//245632671 245501604//245501604
f 245698208//245698208 245632671//245632671 245698207//245698207
f 245763745//245763745 245304992//245304992 245698215//245698215
f 245370536//245370536 245370530//245370530 245763752//245763752
f 245894814//245894814 245894818//245894818 245960350//245960350
f 245960349//245960349 246025886//246025886 245108394//245108394
f 246025882//246025882 246025885//246025885 246091418//246091418
f 244977306//244977306 246156972//246156972 244977324//244977324
f 244977325//244977325 246288046//246288046 246156972//246156972
f 246091435//246091435 246288047//246288047 246353581//246353581
f 246419120//246419120 246419119//246419119 246288043//246288043
f 246484656//246484656 246025905//246025905 245960371//245960371
f 246550193//246550193 246484651//246484651 246419124//246419124
f 246681266//246681266 246615732//246615732 246746805//246746805
f 246812339//246812339 245894826//245894826 246812330//246812330
f 246877873//246877873 246419123//246419123 246877876//246877876
f 246877875//246877875 246615735//246615735 246943414//246943414
f 246877881//246877881 247008948//247008948 246746809//246746809
f 246812347//246812347 246943416//246943416 246877883//246877883
f 247140026//247140026 247074489//247074489 247140025//247140025
f 247140029//247140029 247205562//247205562 247140030//247140030
f 247140031//247140031 247074494//247074494 247336636//247336636
f 247271103//247271103 247336640//247336640 247467712//247467712
f 247533243//247533243 245894839//245894839 247533239//247533239
f 247336635//247336635 247336643//247336643 247598785//247598785
f 247598779//247598779 245894850//245894850 247664322//247664322
f 245894818//245894818 247533252//247533252 247729859//247729859
f 247729858//247729858 247795396//247795396 247467715//247467715
f 247795395//247795395 247860933//247860933 247467718//247467718
f 247795397//247795397 247860935//247860935 247926465//247926465
f 247860937//247860937 245436104//245436104 248057540//248057540
f 245436072//245436072 247664330//247664330 248123077//248123077
f 247860933//247860933 247664331//247664331 248057547//248057547
f 248188617//248188617 248188615//248188615 247860939//247860939
f 248188621//248188621 248057545//248057545 248319691//248319691
f 248319690//248319690 248188584//248188584 248123086//248123086
f 248385230//248385230 248385192//248385192 245829287//245829287
f 248450764//248450764 248319694//248319694 248385232//248385232
f 248516301//248516301 248188620//248188620 248450769//248450769
f 248581839//248581839 245763751//245763751 245698258//245698258
f 248516307//248516307 248647373//248647373 248712909//248712909
f 248778452//248778452 248712915//248712915 248778454//248778454
f 248778455//248778455 248909526//248909526 248778456//248778456
f 248975061//248975061 249106137//249106137 248516304//248516304
f 248385243//248385243 248450768//248450768 249171674//249171674
f 249237199//249237199 249171666//249171666 248385244//248385244
f 248581798//248581798 249237213//249237213 248581853//248581853
f 249237214//249237214 249237211//249237211 249302750//249302750
f 249302694//249302694 249433823//249433823 249368285//249368285
f 245698213//245698213 249106143//249106143 249499345//249499345
f 248516320//248516320 249368275//249368275 249564891//249564891
f 249171681//249171681 245632730//245632730 238685919//238685919
f 238685861//238685861 249433682//249433682 238685751//238685751
f 240193189//240193189 249433764//249433764 238423778//238423778
f 249368287//249368287 238554850//238554850 249630263//249630263
f 249630265//249630265 238554846//238554846 249564894//249564894
f 245567203//245567203 249695826//249695826 240258642//240258642
f 245567120//245567120 238554851//238554851 249761505//249761505
f 249106145//249106145 238554852//238554852 238096100//238096100
f 249761509//249761509 249106138//249106138 249827040//249827040
f 249761330//249761330 249827046//249827046 249761510//249761510
f 249827047//249827047 249499360//249499360 249958099//249958099
f 249892402//249892402 249892584//249892584 250089189//250089189
f 250089191//250089191 250154725//250154725 248647399//248647399
f 250154727//250154727 250154729//250154729 248778451//248778451
f 249892584//249892584 249892587//249892587 250220265//250220265
f 250220266//250220266 250023657//250023657 250285803//250285803
f 250154733//250154733 250154709//250154709 250220269//250220269
f 248778477//248778477 248778478//248778478 250416857//250416857
f 250416877//250416877 250351321//250351321 250482393//250482393
f 250351339//250351339 250220271//250220271 250547951//250547951
f 238095925//238095925 238292721//238292721 250679025//250679025
f 238292536//238292536 250744562//250744562 250613490//250613490
f 250678840//250678840 250810100//250810100 238489057//238489057
f 250875635//250875635 250875634//250875634 250941171//250941171
f 250941173//250941173 250810103//250810103 232787704//232787704
f 232787705//232787705 251137784//251137784 251203320//251203320
f 251268850//251268850 250679028//250679028 251268853//251268853
f 250810104//250810104 251334395//251334395 251006709//251006709
f 251268860//251268860 251334389//251334389 251399927//251399927
f 251072250//251072250 251072254//251072254 251465467//251465467
f 251465468//251465468 251203323//251203323 251531006//251531006
f 251399932//251399932 251662080//251662080 251399936//251399936
f 251727617//251727617 251793152//251793152 251727616//251727616
f 251858684//251858684 251858686//251858686 251596540//251596540
f 251465471//251465471 251465477//251465477 251924228//251924228
f 251596548//251596548 251793157//251793157 251596549//251596549
f 251924223//251924223 251989766//251989766 251793157//251793157
f 251793158//251793158 252120839//252120839 252251913//252251913
f 252251912//252251912 252382987//252382987 252317448//252317448
f 252251915//252251915 252317453//252317453 252514061//252514061
f 252448526//252448526 252514063//252514063 252645135//252645135
f 252317452//252317452 252710673//252710673 252514059//252514059
f 252382994//252382994 252776209//252776209 252841745//252841745
f 252710675//252710675 252710676//252710676 252907278//252907278
f 252907283//252907283 253038357//253038357 252907285//252907285
f 253038359//253038359 252514068//252514068 252907287//252907287
f 252645134//252645134 252514072//252514072 253103896//253103896
f 252645144//252645144 253169433//253169433 253300505//253300505
f 253366042//253366042 253103896//253103896 253366040//253366040
f 253366039//253366039 253497116//253497116 253628190//253628190
f 253693725//253693725 253759262//253759262 253497120//253497120
f 253824800//253824800 253693726//253693726 253824803//253824803
f 253955875//253955875 253890338//253890338 253955877//253955877
f 254086945//254086945 254086944//254086944 253693731//253693731
f 254086951//254086951 254152481//254152481 254086952//254086952
f 254283560//254283560 254086950//254086950 253890345//253890345
f 254349096//254349096 254414633//254414633 254349097//254349097
f 254283555//254283555 253890348//253890348 254021421//254021421
f 254480163//254480163 254545709//254545709 254021422//254021422
f 254676780//254676780 254611245//254611245 254742317//254742317
f 254676781//254676781 254807856//254807856 254938930//254938930
f 255004465//255004465 254873394//254873394 255070004//255070004
f 255070002//255070002 255070006//255070006 255135543//255135543
f 255266609//255266609 255266612//255266612 255004469//255004469
f 255332145//255332145 255397688//255397688 255332152//255332152
f 255397688//255397688 255397691//255397691 255528761//255528761
f 255397693//255397693 255594300//255594300 255397694//255397694
f 255397691//255397691 255725374//255725374 255594302//255594302
f 255790904//255790904 255266613//255266613 255790907//255790907
f 255856437//255856437 255921975//255921975 255070017//255070017
f 255070018//255070018 255987520//255987520 255856439//255856439
f 255856451//255856451 255987522//255987522 255201092//255201092
f 255921987//255921987 256118597//256118597 255987526//255987526
f 256249667//256249667 255987524//255987524 256249670//256249670
f 256184135//256184135 256249672//256249672 256380744//256380744
f 256315209//256315209 256380746//256380746 256511818//256511818
f 256315210//256315210 256446284//256446284 256642892//256642892
f 256708422//256708422 256577352//256577352 256708424//256708424
f 256642895//256642895 256773964//256773964 256642896//256642896
f 256905029//256905029 256184134//256184134 256708433//256708433
f 256970577//256970577 256577358//256577358 257036110//257036110
f 256577359//256577359 257036115//257036115 256970574//256970574
f 256839508//256839508 257101647//257101647 256839509//256839509
f 257167190//257167190 257232724//257232724 257167191//257167191
f 257298264//257298264 257429334//257429334 257232728//257232728
f 257363802//257363802 257363801//257363801 257298267//257298267
f 257560410//257560410 257494872//257494872 257560412//257560412
f 257625949//257625949 257757018//257757018 257494877//257494877
f 257822548//257822548 257429334//257429334 257822550//257822550
f 257101664//257101664 257101647//257101647 257822560//257822560
f 256773984//256773984 256773985//256773985 257953619//257953619
f 257036129//257036129 257036130//257036130 258019154//258019154
f 258019169//258019169 257888099//257888099 258084705//258084705
f 258084704//258084704 258215780//258215780 258150240//258150240
f 257822565//257822565 258281312//258281312 258019171//258019171
f 258084709//258084709 256970598//256970598 258019174//258019174
f 258215783//258215783 258346854//258346854 258215775//258215775
f 257429351//257429351 258346847//258346847 258412390//258412390
f 258346841//258346841 256970600//256970600 258281321//258281321
f 258543442//258543442 258477929//258477929 258281322//258281322
f 258608978//258608978 256905066//256905066 256970603//256970603
f 258674538//258674538 258608998//258608998 258543468//258543468
f 256905067//256905067 256118637//256118637 256905069//256905069
f 258740075//258740075 256118638//256118638 258740078//258740078
f 258871147//258871147 258609004//258609004 258871150//258871150
f 258674544//258674544 258674543//258674543 258281329//258281329
f 259002224//259002224 259002220//259002220 258281330//258281330
f 259067760//259067760 259067761//259067761 258281331//258281331
f 258412403//258412403 259198822//259198822 259067763//259067763
f 259198832//259198832 259264370//259264370 258871152//258871152
f 258871157//258871157 259329902//259329902 259133288//259133288
f 259329908//259329908 259395443//259395443 258936692//258936692
f 258936695//258936695 259329909//259329909 259395444//259395444
f 259264375//259264375 258805624//258805624 259264377//259264377
f 259526517//259526517 259329912//259329912 258412410//258412410
f 257429370//257429370 259329896//259329896 259657591//259657591
f 259592059//259592059 259592054//259592054 257429372//257429372
f 259723131//259723131 259723130//259723130 257429338//257429338
f 259395451//259395451 259395453//259395453 259788664//259788664
f 259526526//259526526 256118638//256118638 258805630//258805630
f 259657596//259657596 259657599//259657599 259919741//259919741
f 259985276//259985276 257757018//257757018 259985242//259985242
f 259919740//259919740 260050817//260050817 259723136//259723136
f 259919746//259919746 260116349//260116349 259919745//259919745
f 257757059//257757059 260181888//260181888 257757060//257757060
f 259985283//259985283 260050821//260050821 259985285//259985285
f 260181892//260181892 260181894//260181894 260378501//260378501
f 260378500//260378500 260509575//260509575 260378503//260378503
f 260575105//260575105 260575109//260575109 260312966//260312966
f 259788674//259788674 259788682//259788682 260640632//260640632
f 260378504//260378504 260575115//260575115 260378507//260378507
f 260771714//260771714 260050817//260050817 260575116//260575116
f 260837250//260837250 260771724//260771724 260575117//260575117
f 260575115//260575115 260902798//260902798 260837257//260837257
f 260509583//260509583 260706187//260706187 260968334//260968334
f 260902800//260902800 261033869//261033869 260902801//260902801
f 260902799//260902799 261033873//261033873 261164941//261164941
f 261230466//261230466 261230477//261230477 260640642//260640642
f 260837266//260837266 260968339//260968339 260509588//260509588
f 261296008//261296008 261427093//261427093 261296021//261296021
f 261099407//261099407 260968343//260968343 261296023//261296023
f 261492632//261492632 261623697//261623697 261492628//261492628
f 261558167//261558167 261623705//261623705 261689240//261689240
f 261296022//261296022 261623707//261623707 261296027//261296027
f 261754774//261754774 261820316//261820316 261623707//261623707
f 261820310//261820310 261623709//261623709 261951386//261951386
f 261623708//261623708 262016926//262016926 261951388//261951388
f 262016922//262016922 261885854//261885854 262082460//262082460
f 262082463//262082463 261885852//261885852 262148000//262148000
f 261885858//261885858 262213537//262213537 262279073//262279073
f 262213540//262213540 262082467//262082467 262148005//262148005
f 262148003//262148003 262016933//262016933 262082470//262082470
f 262475680//262475680 262344613//262344613 262541219//262541219
f 262344616//262344616 262279079//262279079 262672293//262672293
f 262279079//262279079 262606761//262606761 262737831//262737831
f 262606763//262606763 262803370//262803370 262868906//262868906
f 262541226//262541226 262541229//262541229 262934441//262934441
f 262737836//262737836 262737838//262737838 262999981//262999981
f 262999980//262999980 262672303//262672303 263131045//263131045
f 263131046//263131046 262016933//262016933 262475697//262475697
f 263196570//263196570 262934431//262934431 263262121//263262121
f 263131049//263131049 263065522//263065522 263327662//263327662
f 263327663//263327663 262999988//262999988 263458733//263458733
f 263458734//263458734 262934451//262934451 263458738//263458738
f 263327668//263327668 263458742//263458742 263327670//263327670
f 263524276//263524276 263655351//263655351 263524279//263524279
f 263720882//263720882 263458741//263458741 263524281//263524281
f 263524280//263524280 263720890//263720890 263524282//263524282
f 263851954//263851954 263131065//263131065 263262139//263262139
f 263655356//263655356 263917498//263917498 263655357//263655357
f 264048569//264048569 264048570//264048570 263851961//263851961
f 264114106//264114106 263786428//263786428 264114110//264114110
f 263983040//263983040 264179644//264179644 263983041//263983041
f 264114108//264114108 263917506//263917506 264179650//264179650
f 264245187//264245187 264376256//264376256 264245188//264245188
f 264507331//264507331 264376260//264376260 264507334//264507334
f 264572871//264572871 264703939//264703939 264179651//264179651
f 264376263//264376263 264703944//264703944 264310720//264310720
f 264769480//264769480 264703943//264703943 264769482//264769482
f 264703946//264703946 264835010//264835010 264769483//264769483
f 264310732//264310732 264835007//264835007 264966082//264966082
f 264966090//264966090 264835021//264835021 264900558//264900558
f 265031626//265031626 265162702//265162702 265097163//265097163
f 264114124//264114124 264048592//264048592 264114128//264114128
f 265097167//265097167 265293777//265293777 265031630//265031630
f 265228236//265228236 264966098//264966098 265031634//265031634
f 265424830//265424830 265424848//265424848 265228242//265228242
f 263851966//263851966 265162707//265162707 265490385//265490385
f 265490383//265490383 265621461//265621461 265490389//265490389
f 265424855//265424855 263131067//263131067 263851991//263851991
f 265031633//265031633 265752536//265752536 265293780//265293780
f 265490390//265490390 265818073//265818073 265621466//265621466
f 265949139//265949139 265686994//265686994 265424859//265424859
f 265949148//265949148 266080215//266080215 263131095//263131095
f 266080166//266080166 263196592//263196592 262475741//262475741
f 265949138//265949138 266014686//266014686 265949150//265949150
f 266211293//266211293 266211287//266211287 265687004//265687004
f 266080223//266080223 263196640//263196640 266080224//266080224
f 266276831//266276831 266342369//266342369 266211292//266211292
f 266276834//266276834 266407857//266407857 266276833//266276833
f 266145746//266145746 265031651//265031651 266473426//266473426
f 263196642//263196642 261689316//261689316 263196644//263196644
f 266473421//266473421 266604517//266604517 265031640//265031640
f 266145763//266145763 266735590//266735590 266014686//266014686
f 266670055//266670055 266473438//266473438 266801126//266801126
f 266604520//266604520 266866659//266866659 266735590//266735590
f 266801129//266801129 266538982//266538982 266407914//266407914
f 266997658//266997658 266538980//266538980 266932203//266932203
f 267063194//267063194 267063275//267063275 261558170//261558170
f 267063275//267063275 266997741//266997741 266932205//266932205
f 267194346//267194346 266407906//266407906 266342382//266342382
f 261558252//261558252 267128815//267128815 267259884//267259884
f 267325336//267325336 267128815//267128815 267325423//267325423
f 266932209//266932209 266932205//266932205 267194353//267194353
f 267456408//267456408 261558256//261558256 267456401//267456401
f 267456499//267456499 261099409//261099409 267521936//267521936
f 267587571//267587571 267587570//267587570 267456496//267456496
f 267128821//267128821 267653104//267653104 267128817//267128817
f 267587573//267587573 267718641//267718641 267325429//267325429
f 267718644//267718644 267653104//267653104 267587574//267587574
f 267784179//267784179 267390964//267390964 267784180//267784180
f 267522039//267522039 267194256//267194256 267849713//267849713
f 267784177//267784177 267194360//267194360 267915256//267915256
f 266342393//266342393 267784174//267784174 267849722//267849722
f 261033975//261033975 267980794//267980794 267849721//267849721
f 268046329//268046329 266342369//266342369 266014715//266014715
f 268111866//268111866 268046329//268046329 268111865//268111865
f 268046300//268046300 268046333//268046333 268177404//268177404
f 268177372//268177372 268111847//268111847 268242938//268242938
f 268111869//268111869 261033982//261033982 267980798//267980798
f 268308477//268308477 268177383//268177383 268308478//268308478
f 268308368//268308368 266866686//266866686 268308455//268308455
f 268308480//268308480 266866576//266866576 268374015//268374015
f 261033984//261033984 268439442//268439442 261165056//261165056
f 261230482//261230482 268505089//268505089 261230593//261230593
f 260640659//260640659 268570626//268570626 260640770//260640770
f 260640771//260640771 268570488//268570488 268505092//268505092
f 268636162//268636162 268701697//268701697 259461123//259461123
f 268701699//268701699 268701700//268701700 268767096//268767096
f 259526520//259526520 268832774//268832774 259526662//259526662
f 268832638//268832638 268898169//268898169 268767237//268767237
f 268898311//268898311 268439558//268439558 268374025//268374025
f 268636161//268636161 268439562//268439562 268963850//268963850
f 268701700//268701700 268636171//268636171 269029387//269029387
f 269029388//269029388 268898315//268898315 268701709//268701709
f 269094925//269094925 268832773//268832773 268898110//268898110
f 268898317//268898317 269225790//269225790 269094926//269094926
f 269094924//269094924 269357070//269357070 268963840//268963840
f 268373993//268373993 269422607//269422607 269029385//269029385
f 269422604//269422604 269225994//269225994 269487934//269487934
f 269225998//269225998 266866705//266866705 269553679//269553679
f 269553641//269553641 269422568//269422568 268963859//268963859
f 268963855//268963855 269357075//269357075 269684755//269684755
f 269684752//269684752 269553683//269553683 269750287//269750287
f 269357077//269357077 269815828//269815828 269553640//269553640
f 269815784//269815784 269881317//269881317 269750290//269750290
f 269553686//269553686 269946903//269946903 269815781//269815781
f 269946853//269946853 270012376//270012376 269881366//269881366
f 269815832//269815832 270077977//270077977 269946840//269946840
f 270077912//270077912 270077908//270077908 265490393//265490393
f 269946906//269946906 270143515//270143515 270012440//270012440
f 270209050//270209050 270208985//270208985 270143514//270143514
f 270274588//270274588 265818073//265818073 265883677//265883677
f 270340125//270340125 270274522//270274522 270340127//270340127
f 270471199//270471199 270209054//270209054 270274593//270274593
f 270274591//270274591 270209057//270209057 270602267//270602267
f 270209057//270209057 270143522//270143522 270667801//270667801
f 270143522//270143522 270733347//270733347 270012451//270012451
f 269881369//269881369 270798884//270798884 269881380//269881380
f 269881381//269881381 270864405//270864405 269750309//269750309
f 270864404//270864404 269684757//269684757 270864423//270864423
f 270929936//270929936 269422612//269422612 270929960//270929960
f 269160464//269160464 270929960//270929960 270864425//270864425
f 270995495//270995495 270864425//270864425 270798890//270798890
f 270864426//270864426 271192105//271192105 270798884//270798884
f 270798891//270798891 270733354//270733354 270667820//270667820
f 270733356//270733356 271323179//271323179 271126571//271126571
f 271192108//271192108 271323182//271323182 271192110//271192110
f 271257635//271257635 271454255//271454255 271388716//271388716
f 271519785//271519785 271323178//271323178 271519786//271519786
f 271454243//271454243 270602289//270602289 271585315//271585315
f 271650865//271650865 270536738//270536738 271650850//271650850
f 270536755//270536755 270405682//270405682 271716385//271716385
f 271781939//271781939 270405663//270405663 270471220//270471220
f 270471221//270471221 271847476//271847476 270471222//270471222
f 271847479//271847479 271716404//271716404 271781943//271781943
f 272044087//272044087 272044085//272044085 272109623//272109623
f 271978553//271978553 272044083//272044083 272175161//272175161
f 271650867//271650867 272109627//272109627 272240691//272240691
f 272306225//272306225 272240690//272240690 272306226//272306226
f 272109626//272109626 272175165//272175165 272437309//272437309
f 272502845//272502845 272109630//272109630 272568379//272568379
f 272568377//272568377 272240701//272240701 272568380//272568380
f 272633917//272633917 272633919//272633919 272568381//272568381
f 272502850//272502850 271585345//271585345 272306243//272306243
f 271454257//271454257 272830531//272830531 272306240//272306240
f 272568385//272568385 272830532//272830532 272764988//272764988
f 272633922//272633922 272830533//272830533 272633925//272633925
f 272699462//272699462 272961605//272961605 273027141//273027141
f 273027144//273027144 272830533//272830533 272896072//272896072
f 273158216//273158216 273092679//273092679 273158218//273158218
f 273289284//273289284 272830536//272830536 273289283//273289283
f 273289288//273289288 272765002//272765002 273354799//273354799
f 273354819//273354819 271454283//271454283 273354798//273354798
f 273223757//273223757 273289291//273289291 273420364//273420364
f 271388748//271388748 273354830//273354830 273420366//273420366
f 273223758//273223758 273485901//273485901 273223759//273223759
f 273551440//273551440 271323214//271323214 271388750//271388750
f 273485904//273485904 273682477//273682477 271323216//271323216
f 271323217//271323217 273748016//273748016 271519825//271519825
f 273813586//273813586 273813585//273813585 273879122//273879122
f 273879123//273879123 274010197//274010197 273879125//273879125
f 273879126//273879126 273879127//273879127 274075736//274075736
f 273748057//273748057 271061040//271061040 271519833//271519833
f 274272297//274272297 274272345//274272345 270995497//270995497
f 274337881//274337881 274337874//274337874 274272345//274272345
f 270995546//270995546 269160540//269160540 270995548//270995548
f 273748061//273748061 274468955//274468955 273748052//273748052
f 274272347//274272347 274403422//274403422 274272350//274272350
f 274534491//274534491 274403421//274403421 274534495//274534495
f 274534493//274534493 269160543//269160543 274403424//274403424
f 274600032//274600032 274665564//274665564 274600033//274600033
f 273879138//273879138 274468957//274468957 274796639//274796639
f 274862178//274862178 273879124//273879124 274141283//274141283
f 274141282//274141282 274796643//274796643 274141284//274141284
f 274927711//274927711 274600034//274600034 274927717//274927717
f 269291532//269291532 275058790//275058790 269160551//269160551
f 269291622//269291622 269291624//269291624 275189777//275189777
f 275255398//275255398 275320935//275320935 275255399//275255399
f 275189567//275189567 255725585//255725585 255660049//255660049
f 275189862//275189862 275386475//275386475 275058793//275058793
f 275189867//275189867 275451711//275451711 255725675//255725675
f 275452011//275452011 275320937//275320937 275517545//275517545
f 275583085//275583085 275517546//275517546 275583087//275583087
f 255725676//255725676 275779696//275779696 255725680//255725680
f 275845233//275845233 275255408//275255408 275910764//275910764
f 275910761//275910761 275714157//275714157 275452019//275452019
f 275648628//275648628 275976301//275976301 275910765//275910765
f 276041844//276041844 275845231//275845231 275714166//275714166
f 276107376//276107376 275976307//275976307 276107379//276107379
f 276172914//276172914 275976310//275976310 276041848//276041848
f 276238454//276238454 276303988//276303988 276238453//276238453
f 276238457//276238457 276435066//276435066 276238458//276238458
f 276500599//276500599 276107382//276107382 276238460//276238460
f 276238459//276238459 276172924//276172924 276500605//276500605
f 276435069//276435069 276566140//276566140 276435070//276435070
f 276762751//276762751 276697217//276697217 276893825//276893825
f 276959362//276959362 276893823//276893823 277024897//277024897
f 277090434//277090434 277090435//277090435 276959366//276959366
f 277024898//277024898 277090439//277090439 277221506//277221506
f 277287044//277287044 277024903//277024903 277287049//277287049
f 277352584//277352584 277090442//277090442 277155979//277155979
f 277549195//277549195 277614726//277614726 277483660//277483660
f 277221509//277221509 277680270//277680270 277287047//277287047
f 277745797//277745797 277614731//277614731 277745803//277745803
f 277680261//277680261 277287055//277287055 277811338//277811338
f 277418128//277418128 277942417//277942417 277745805//277745805
f 277942414//277942414 277680271//277680271 278007944//278007944
f 277287059//277287059 277942416//277942416 278007950//278007950
f 277876880//277876880 278073492//278073492 278139025//278139025
f 277811347//277811347 278073494//278073494 277811350//277811350
f 278139028//278139028 278270103//278270103 278335637//278335637
f 278401170//278401170 278401165//278401165 277614746//277614746
f 278007954//278007954 278532251//278532251 278204563//278204563
f 278597780//278597780 278597782//278597782 278270100//278270100
f 278335639//278335639 278663325//278663325 278728856//278728856
f 278401178//278401178 278466719//278466719 278859935//278859935
f 278925465//278925465 277942431//277942431 278401186//278401186
f 278532242//278532242 278401186//278401186 278925474//278925474
f 278204571//278204571 278991011//278991011 279056539//279056539
f 279056540//279056540 278925462//278925462 279122082//279122082
f 279056546//279056546 278925476//278925476 279187620//279187620
f 279253148//279253148 279253155//279253155 279056548//279056548
f 279187623//279187623 279253156//279253156 279122087//279122087
f 279384231//279384231 279253157//279253157 279449756//279449756
f 278270108//278270108 279449769//279449769 278663319//278663319
f 279253159//279253159 279253162//279253162 279515305//279515305
f 279318696//279318696 279318699//279318699 279580842//279580842
f 279580840//279580840 279449772//279449772 279711901//279711901
f 279449770//279449770 279580845//279580845 279777450//279777450
f 279711914//279711914 279646382//279646382 279842987//279842987
f 279777451//279777451 279646383//279646383 279908527//279908527
f 279974063//279974063 279842992//279842992 279974066//279974066
f 280039598//280039598 280039599//280039599 279974067//279974067
f 278663341//278663341 278663348//278663348 280170654//280170654
f 278728884//278728884 279777461//279777461 280301741//280301741
f 280170669//280170669 279777462//279777462 280039607//280039607
f 280301742//280301742 280039607//280039607 280105144//280105144
f 280432823//280432823 280432818//280432818 280105145//280105145
f 280563894//280563894 280367287//280367287 280432826//280432826
f 280629428//280629428 280301750//280301750 280563899//280563899
f 280236212//280236212 280170684//280170684 280629436//280629436
f 280760504//280760504 280563897//280563897 280432829//280432829
f 280694974//280694974 280826037//280826037 280891573//280891573
f 280891582//280891582 280629440//280629440 280563905//280563905
f 281022650//281022650 281088189//281088189 280694971//280694971
f 280694978//280694978 280629438//280629438 281022658//281022658
f 280498371//280498371 281153725//281153725 280498372//280498372
f 280957118//280957118 281088197//281088197 281284798//281284798
f 280760518//280760518 281350337//281350337 280760515//280760515
f 281022663//281022663 281088194//281088194 281415877//281415877
f 281350343//281350343 281481409//281481409 280957125//280957125
f 281415880//281415880 281481413//281481413 281546944//281546944
f 281219274//281219274 281612483//281612483 281219275//281219275
f 281153740//281153740 281743558//281743558 281153738//281153738
f 281350349//281350349 281809095//281809095 281350348//281350348
f 281809096//281809096 281874631//281874631 281546952//281546952
f 281546958//281546958 282005711//282005711 281612491//281612491
f 282071248//282071248 282136779//282136779 282005713//282005713
f 281612499//281612499 282202316//282202316 281809100//281809100
f 282005715//282005715 282267850//282267850 281481421//281481421
f 281481428//281481428 282202318//282202318 282267853//282267853
f 282005714//282005714 282333397//282333397 282202320//282202320
f 282136790//282136790 282464469//282464469 281940174//281940174
f 281940183//281940183 282595544//282595544 281874644//281874644
f 281874649//281874649 282661079//282661079 282267859//282267859
f 282202325//282202325 282661082//282661082 282595540//282595540
f 282333398//282333398 282726619//282726619 282661077//282661077
f 282792155//282792155 282857686//282857686 282530007//282530007
f 282530013//282530013 282988766//282988766 282464473//282464473
f 282464479//282464479 283054301//283054301 282595546//282595546
f 282661083//282661083 283054304//283054304 282988761//282988761
f 283119835//283119835 283054300//283054300 282726625//282726625
f 282792162//282792162 283250913//283250913 282923229//282923229
f 282923235//282923235 282988772//282988772 283054309//283054309
f 283381984//283381984 282857697//282857697 282988774//282988774
f 283250909//283250909 282988774//282988774 283381990//283381990
f 283119842//283119842 283513063//283513063 283381985//283381985
f 283250920//283250920 283578596//283578596 283644132//283644132
f 283578602//283578602 283775209//283775209 283250918//283250918
f 283250923//283250923 283840744//283840744 283447525//283447525
f 283381991//283381991 283840748//283840748 283775206//283775206
f 283185389//283185389 283906279//283906279 283185390//283185390
f 283513071//283513071 284037356//284037356 283775212//283775212
f 283906287//283906287 283971815//283971815 284102893//284102893
f 283971825//283971825 284233968//284233968 283906288//283906288
f 283906290//283906290 284299503//284299503 283578603//283578603
f 283775215//283775215 284365043//284365043 284037362//284037362
f 284037364//284037364 284299507//284299507 284430568//284430568
f 284430570//284430570 284233960//284233960 284496116//284496116
f 284496114//284496114 284627191//284627191 284496119//284496119
f 284299508//284299508 284496121//284496121 284692724//284692724
f 284627193//284627193 284692726//284692726 284430579//284430579
f 284758265//284758265 284823800//284823800 283709685//283709685
f 284430585//284430585 284823803//284823803 284692730//284692730
f 283709691//283709691 284823804//284823804 284758269//284758269
f 284823805//284823805 284954876//284954876 285020412//285020412
f 285151487//285151487 285085953//285085953 285282561//285282561
f 285085955//285085955 285282562//285282562 285413633//285413633
f 285282563//285282563 285544709//285544709 285479171//285479171
f 285413634//285413634 285610247//285610247 285282565//285282565
f 285413639//285413639 285610248//285610248 285741320//285741320
f 285675785//285675785 285610250//285610250 285479179//285479179
f 285872393//285872393 285544711//285544711 285937925//285937925
f 285479180//285479180 285741323//285741323 286003466//286003466
f 285806861//285806861 286003470//286003470 286134542//286134542
f 286069007//286069007 286003472//286003472 285741329//285741329
f 286265609//286265609 286265611//286265611 286134541//286134541
f 285544722//285544722 286331148//286331148 285544723//285544723
f 286396692//286396692 285937938//285937938 286527755//286527755
f 285937938//285937938 286593301//286593301 286265611//286265611
f 286134545//286134545 286527766//286527766 286593291//286593291
f 286331156//286331156 286724375//286724375 286658836//286658836
f 286527769//286527769 286134550//286134550 286593305//286593305
f 286527762//286527762 286658842//286658842 286855442//286855442
f 286527770//286527770 286724377//286724377 286920983//286920983
f 286724380//286724380 286658843//286658843 287052058//287052058
f 286920989//286920989 286986519//286986519 287117595//287117595
f 286986527//286986527 286855454//286855454 287248665//287248665
f 286855453//286855453 287052064//287052064 286920993//286920993
f 286920990//286920990 287183137//287183137 287379742//287379742
f 287183139//287183139 287052066//287052066 287510816//287510816
f 287314212//287314212 287576349//287576349 286789920//286789920
f 287248676//287248676 287117605//287117605 287641889//287641889
f 287117602//287117602 287445286//287445286 287707426//287707426
f 287445288//287445288 287510823//287510823 287314217//287314217
f 287314214//287314214 287379753//287379753 287904038//287904038
f 287379751//287379751 287576362//287576362 287969561//287969561
f 286789931//286789931 287510799//287510799 288035109//288035109
f 287838508//287838508 287641892//287641892 288100649//288100649
f 287641898//287641898 288166189//288166189 286134571//286134571
f 286200079//286200079 288166190//288166190 288231696//288231696
f 287576368//287576368 288035115//288035115 288297253//288297253
f 288362796//288362796 288100649//288100649 288362793//288362793
f 288166187//288166187 288297266//288297266 288428331//288428331
f 288231726//288231726 288428339//288428339 288493870//288493870
f 288231731//288231731 288493876//288493876 288428340//288428340
f 288559410//288559410 288428341//288428341 288297269//288297269
f 288624944//288624944 288035126//288035126 288756016//288756016
f 288690480//288690480 288756023//288756023 288035121//288035121
f 288690487//288690487 288756024//288756024 288887096//288887096
f 288887095//288887095 288887089//288887089 288952632//288952632
f 288362811//288362811 288100665//288100665 289018161//289018161
f 288952633//288952633 289018172//289018172 289083705//289083705
f 288952636//288952636 289214781//289214781 289018157//289018157
f 288100650//288100650 289280318//289280318 289083707//289083707
f 289018174//289018174 289083711//289083711 289345853//289345853
f 289083711//289083711 289345856//289345856 289411389//289411389
f 289411392//289411392 289476930//289476930 289345855//289345855
f 289411394//289411394 289476931//289476931 289280324//289280324
f 289214788//289214788 289476927//289476927 289673539//289673539
f 289608005//289608005 289673538//289673538 289739075//289739075
f 287904071//287904071 287707454//287707454 289804586//289804586
f 289870148//289870148 289804606//289804606 289870142//289870142
f 289935685//289935685 289935684//289935684 289608008//289608008
f 289739077//289739077 290001226//290001226 289673545//289673545
f 289739082//289739082 290132299//290132299 289870151//289870151
f 290132297//290132297 290197832//290197832 289804583//289804583
f 290197836//290197836 290263367//290263367 289935692//289935692
f 290263370//290263370 290001225//290001225 290328907//290328907
f 290066767//290066767 290197840//290197840 287707473//287707473
f 287707432//287707432 290525521//290525521 290132301//290132301
f 290525518//290525518 290001228//290001228 290263379//290263379
f 290328906//290328906 290328915//290328915 290656592//290656592
f 290394452//290394452 287773013//287773013 290787665//290787665
f 290787624//290787624 290918743//290918743 290787671//290787671
f 290197841//290197841 290459993//290459993 290787673//290787673
f 290984274//290984274 290263373//290263373 290525530//290525530
f 290591054//290591054 290328922//290328922 290591067//290591067
f 290656591//290656591 290656603//290656603 291180885//291180885
f 290722140//290722140 290918749//290918749 291311958//291311958
f 290787678//290787678 290525529//290525529 290984287//290984287
f 290984286//290984286 290525535//290525535 291377498//291377498
f 291311960//291311960 291377504//291377504 291311968//291311968
f 291443032//291443032 290591073//290591073 291049826//291049826
f 291115347//291115347 291049826//291049826 291377507//291377507
f 291574106//291574106 291377507//291377507 291443043//291443043
f 291246428//291246428 291705188//291705188 291770717//291770717
f 291443041//291443041 291508582//291508582 291901798//291901798
f 291967323//291967323 291639650//291639650 291967330//291967330
f 291639648//291639648 291443049//291443049 291836265//291836265
f 291967331//291967331 291901801//291901801 292098406//292098406
f 292098407//292098407 291836267//291836267 292229481//292229481
f 292229478//292229478 292163946//292163946 292295018//292295018
f 292295019//292295019 291115374//291115374 291967343//291967343
f 292426068//292426068 290656603//290656603 292426076//292426076
f 291180911//291180911 292032868//292032868 292491624//292491624
f 292491625//292491625 291967340//291967340 292557167//292557167
f 291705199//291705199 291967345//291967345 292491633//292491633
f 292229482//292229482 292098418//292098418 292295026//292295026
f 292295022//292295022 292360563//292360563 292753779//292753779
f 291705201//291705201 291705205//291705205 292819301//292819301
f 291770741//291770741 292491638//292491638 292950385//292950385
f 292819313//292819313 292229495//292229495 293015920//293015920
f 293015916//293015916 292491634//292491634 293015927//293015927
f 292884853//292884853 293081465//293081465 292819319//292819319
f 292884857//292884857 293212538//293212538 292622701//292622701
f 292688251//292688251 292753773//292753773 293278067//293278067
f 293278068//293278068 293278077//293278077 293343614//293343614
f 293015935//293015935 293081463//293081463 292950399//292950399
f 293147001//293147001 293474688//293474688 293540217//293540217
f 293147008//293147008 293671297//293671297 293015922//293015922
f 293671295//293671295 293671288//293671288 292622715//292622715
f 293212531//293212531 292688259//292688259 293278083//293278083
f 293474690//293474690 293474692//293474692 293802368//293802368
f 293671291//293671291 293212549//293212549 293736837//293736837
f 293802370//293802370 293540229//293540229 293933441//293933441
f 293605766//293605766 293736839//293736839 294064517//294064517
f 294064516//294064516 293540229//293540229 293802377//293802377
f 293933440//293933440 293802377//293802377 294064521//294064521
f 294195593//294195593 293278088//293278088 294261123//294261123
f 294064515//294064515 293933451//293933451 294326663//294326663
f 293998988//293998988 294130061//294130061 294457734//294457734
f 294326662//294326662 294326670//294326670 294457741//294457741
f 294195598//294195598 294457737//294457737 294523277//294523277
f 294523278//294523278 294195594//294195594 294588815//294588815
f 294261116//294261116 293278097//293278097 293409169//293409169
f 294719880//294719880 294195595//294195595 294064530//294064530
f 294588810//294588810 294785427//294785427 294850960//294850960
f 294654334//294654334 293409173//293409173 294982037//294982037
f 294261137//294261137 294261143//294261143 295047570//295047570
f 295047569//295047569 295113109//295113109 294195602//294195602
f 294195608//294195608 294719891//294719891 295047576//295047576
f 294850963//294850963 294785433//294785433 295113113//295113113
f 295047577//295047577 295178648//295178648 295244180//295244180
f 295309721//295309721 295178647//295178647 295309722//295309722
f 294916507//294916507 295309719//295309719 295375258//295375258
f 294916502//294916502 295309725//295309725 294916509//294916509
f 295375259//295375259 294982045//294982045 295506333//295506333
f 295375261//295375261 295440799//295440799 295506335//295506335
f 295702944//295702944 295637410//295637410 295702947//295702947
f 295899552//295899552 295899555//295899555 295834021//295834021
f 296030628//296030628 296030629//296030629 295965095//295965095
f 296161702//296161702 296161703//296161703 296096169//296096169
f 296292776//296292776 296292777//296292777 296227243//296227243
f 296423850//296423850 296423851//296423851 296358317//296358317
f 296554924//296554924 296554925//296554925 296489391//296489391
f 296685998//296685998 296554927//296554927 296685996//296685996
f 296751536//296751536 296685999//296685999 296751538//296751538
f 296882610//296882610 296686001//296686001 296948140//296948140
f 296948144//296948144 296423858//296423858 297013674//297013674
f 297013676//297013676 297079220//297079220 296161706//296161706
f 297013686//297013686 297144746//297144746 296161718//296161718
f 297013687//297013687 297144758//297144758 297013684//297013684
f 296161719//296161719 296882616//296882616 297210295//297210295
f 296882617//296882617 296948152//296948152 296817082//296817082
f 297144756//297144756 296817082//296817082 296882618//296882618
f 297341363//297341363 297275831//297275831 296882619//296882619
f 297406908//297406908 297472441//297472441 297406909//297406909
f 297603516//297603516 297669053//297669053 297800128//297800128
f 297865663//297865663 297669056//297669056 297865667//297865667
f 297996739//297996739 297931202//297931202 297996741//297996741
f 298062276//298062276 298127814//298127814 298193349//298193349
f 298127812//298127812 298324424//298324424 298258884//298258884
f 298389961//298389961 298455492//298455492 298324426//298324426
f 298521035//298521035 298586570//298586570 298455500//298455500
f 298652109//298652109 298717644//298717644 298586574//298586574
f 298783183//298783183 298848718//298848718 298717648//298717648
f 298914257//298914257 298979792//298979792 298848722//298848722
f 298979783//298979783 298979793//298979793 298914260//298914260
f 298848725//298848725 298193359//298193359 299110865//299110865
f 298717654//298717654 299110861//299110861 299176399//299176399
f 298586583//298586583 299176395//299176395 299241933//299241933
f 298455512//298455512 299241929//299241929 299307467//299307467
f 299045337//299045337 299373011//299373011 299045338//299045338
f 298979803//298979803 299504071//299504071 298979801//298979801
f 299373020//299373020 299635163//299635163 299373018//299373018
f 299635164//299635164 299635161//299635161 299438558//299438558
f 299635167//299635167 299831772//299831772 299635166//299635166
f 299831775//299831775 299831773//299831773 299700705//299700705
f 299962847//299962847 299831776//299831776 299897314//299897314
f 300028376//300028376 299307479//299307479 300028388//300028388
f 298324440//298324440 300093924//300093924 298258889//298258889
f 298258916//298258916 300159461//300159461 300093923//300093923
f 300028375//300028375 299241958//299241958 299176422//299176422
f 300290504//300290504 298258917//298258917 300290502//300290502
f 300224982//300224982 299176424//299176424 299110888//299110888
f 298127847//298127847 300421609//300421609 300356053//300356053
f 298193350//298193350 300421609//300421609 299110855//299110855
f 300421610//300421610 300290536//300290536 300487145//300487145
f 300356074//300356074 300225003//300225003 300356075//300356075
f 300487143//300487143 300225003//300225003 300552684//300552684
f 300552679//300552679 300028396//300028396 300225004//300225004
f 300159468//300159468 300028391//300028391 300618221//300618221
f 300683749//300683749 300618211//300618211 300159469//300159469
f 300814830//300814830 300749296//300749296 300945904//300945904
f 300945906//300945906 301011440//301011440 301076976//301076976
f 300945908//300945908 300749298//300749298 301208049//301208049
f 301208052//301208052 300749297//300749297 301273589//301273589
f 301208055//301208055 301273588//301273588 301404661//301404661
f 301404663//301404663 301273589//301273589 301470200//301470200
f 301404666//301404666 301470199//301470199 301601272//301601272
f 301470204//301470204 301732347//301732347 301535736//301535736
f 301601277//301601277 301732344//301732344 301797882//301797882
f 301601276//301601276 301732351//301732351 301601279//301601279
f 301797885//301797885 301994496//301994496 301797888//301797888
f 301863420//301863420 302060034//302060034 302125567//302125567
f 302060028//302060028 301732356//301732356 301863429//301863429
f 301732357//301732357 302125568//302125568 302256639//302256639
f 302322177//302322177 302387712//302387712 301994502//301994502
f 302060036//302060036 302191112//302191112 302518792//302518792
f 302453257//302453257 302649866//302649866 302060040//302060040
f 302125570//302125570 302715403//302715403 302453258//302453258
f 302715403//302715403 302715400//302715400 302584333//302584333
f 302715406//302715406 302846475//302846475 302125579//302125579
f 301928965//301928965 302912015//302912015 302322176//302322176
f 302977543//302977543 303043078//303043078 302387728//302387728
f 302322191//302322191 303108626//303108626 302977542//302977542
f 302256659//302256659 303108623//303108623 302912019//302912019
f 303239699//303239699 303239685//303239685 302256643//302256643
f 303239701//303239701 303239699//303239699 302125589//302125589
f 303370770//303370770 303108627//303108627 303436304//303436304
f 303108630//303108630 303043095//303043095 302977560//302977560
f 302977559//302977559 303567384//303567384 303043096//303043096
f 303043097//303043097 303436314//303436314 303698456//303698456
f 303698457//303698457 303763992//303763992 303632921//303632921
f 303763993//303763993 303763995//303763995 303829530//303829530
f 303436310//303436310 303698462//303698462 303436318//303436318
f 303960605//303960605 303829532//303829532 303960608//303960608
f 303960609//303960609 304157216//304157216 303763995//303763995
f 303764002//303764002 304091679//304091679 303960610//303960610
f 304157211//304157211 304091678//304091678 304157214//304157214
f 304222753//304222753 304288286//304288286 304222750//304222750
f 303370788//303370788 303174174//303174174 304288278//304288278
f 304288275//304288275 303174181//303174181 304419365//304419365
f 304419347//304419347 304550439//304550439 304419367//304419367
f 304419368//304419368 304550441//304550441 304681513//304681513
f 304681512//304681512 304747051//304747051 304812586//304812586
f 304550439//304550439 304747053//304747053 304550445//304550445
f 303174190//303174190 304484903//304484903 304943661//304943661
f 305009198//305009198 303305235//303305235 305009171//305009171
f 304812587//304812587 304812592//304812592 305074737//305074737
f 305074731//305074731 304812593//304812593 305140274//305140274
f 305205809//305205809 304747059//304747059 304878132//304878132
f 305140267//305140267 305402420//305402420 304878126//304878126
f 304878133//304878133 305140276//305140276 305336886//305336886
f 305336885//305336885 305140278//305140278 305533491//305533491
f 305533489//305533489 305467958//305467958 305271351//305271351
f 305271350//305271350 305599032//305599032 305467957//305467957
f 305664568//305664568 305402421//305402421 304943674//304943674
f 305730105//305730105 305730101//305730101 304943663//304943663
f 305795641//305795641 305795642//305795642 305730108//305730108
f 305861178//305861178 305795631//305795631 305861181//305861181
f 305861182//305861182 306057789//306057789 305861167//305861167
f 303305279//303305279 305992239//305992239 305861184//305861184
f 306123329//306123329 306254398//306254398 306057749//306057749
f 302125634//302125634 302846485//302846485 306254339//306254339
f 306319937//306319937 306319936//306319936 306385473//306385473
f 306451008//306451008 305861180//305861180 306057798//306057798
f 306451004//306451004 306582086//306582086 306057794//306057794
f 306057799//306057799 306647622//306647622 306254350//306254350
f 306254408//306254408 306319943//306319943 306123337//306123337
f 306713152//306713152 306713157//306713157 306451018//306451018
f 306451019//306451019 306844234//306844234 306451014//306451014
f 306909766//306909766 306516551//306516551 306909771//306909771
f 306975303//306975303 306582088//306582088 306975308//306975308
f 306385475//306385475 307106382//307106382 307040835//307040835
f 307106371//307106371 307171913//307171913 306385486//306385486
f 307040847//307040847 307171920//307171920 307237444//307237444
f 307171922//307171922 307368529//307368529 307171919//307171919
f 307368530//307368530 307368528//307368528 307106388//307106388
f 307368532//307368532 306713170//306713170 307434063//307434063
f 307302996//307302996 306713173//306713173 307565140//307565140
f 307565141//307565141 307499604//307499604 307565143//307565143
f 307565129//307565129 307630666//307630666 307565130//307565130
f 307696215//307696215 307761738//307761738 307696202//307696202
f 307696217//307696217 307827290//307827290 307761755//307761755
f 307761756//307761756 308023899//308023899 307761738//307761738
f 308089436//308089436 308023897//308023897 308089433//308089433
f 308089439//308089439 308154972//308154972 308220508//308220508
f 306778721//306778721 308286045//308286045 306778699//306778699
f 308023906//308023906 308351582//308351582 308154974//308154974
f 308286027//308286027 306844259//306844259 306909795//306909795
f 308286052//308286052 308482653//308482653 308351581//308351581
f 306909797//306909797 308548195//308548195 306909773//306909773
f 308417126//308417126 308613729//308613729 308482657//308482657
f 308679267//308679267 308417125//308417125 308679270//308679270
f 308154984//308154984 308810336//308810336 308154978//308154978
f 308154985//308154985 308875880//308875880 308351588//308351588
f 308351594//308351594 308482665//308482665 308613739//308613739
f 308875876//308875876 309006955//309006955 308220520//308220520
f 308220524//308220524 309138029//309138029 308744809//308744809
f 308875886//308875886 309138025//309138025 309006952//309006952
f 309203565//309203565 309203564//309203564 309006958//309006958
f 309269102//309269102 308941418//308941418 309269098//309269098
f 308613745//308613745 309334635//309334635 308613735//308613735
f 308679282//308679282 309072497//309072497 309203571//309203571
f 309465716//309465716 309531245//309531245 309465717//309465717
f 309465718//309465718 309662325//309662325 309465719//309465719
f 309203575//309203575 309662323//309662323 309727864//309727864
f 309793399//309793399 309662319//309662319 309793401//309793401
f 309924473//309924473 309858936//309858936 309924475//309924475
f 309990010//309990010 309793404//309793404 309203581//309203581
f 309924472//309924472 309203581//309203581 309138045//309138045
f 309269117//309269117 310121070//310121070 309269118//309269118
f 310121086//310121086 310252154//310252154 310186608//310186608
f 309269099//309269099 309334655//309334655 310252139//310252139
f 310186623//310186623 309334656//309334656 310383231//310383231
f 310252161//310252161 310186624//310186624 310448762//310448762
f 310186624//310186624 310514306//310514306 309924482//309924482
f 310448768//310448768 310579844//310579844 310514306//310514306
f 309334661//309334661 310645377//310645377 309334642//309334642
f 310317697//310317697 310710918//310710918 310579840//310579840
f 310645383//310645383 310776449//310776449 310710913//310710913
f 310579846//310579846 310579848//310579848 310907523//310907523
f 310579848//310579848 310710921//310710921 310973064//310973064
f 310973062//310973062 310841991//310841991 311038601//311038601
f 310973067//310973067 310514312//310514312 310907532//310907532
f 310907531//310907531 311169676//311169676 310776453//310776453
f 310973063//310973063 310776462//310776462 311169678//311169678
f 311300747//311300747 311300746//311300746 310973070//310973070
f 311104139//311104139 311366288//311366288 311038607//311038607
f 311431821//311431821 311431813//311431813 310645362//310645362
f 311497359//311497359 311366286//311366286 311300755//311300755
f 311562895//311562895 311497362//311497362 311628435//311628435
f 311693972//311693972 311759506//311759506 311562900//311562900
f 311825042//311825042 311497358//311497358 311825045//311825045
f 311562904//311562904 311890576//311890576 311562902//311562902
f 311104144//311104144 311366297//311366297 311890585//311890585
f 312021646//312021646 311235213//311235213 312021655//312021655
f 312087190//312087190 311890580//311890580 311759515//311759515
f 312152725//312152725 311825047//311825047 312021661//312021661
f 312152727//312152727 311169693//311169693 312283802//312283802
f 312218266//312218266 312021663//312021663 312283807//312283807
f 312283789//312283789 312414880//312414880 311169681//311169681
f 312480416//312480416 311431825//311431825 309400225//309400225
f 312480418//312480418 312480416//312480416 309400226//309400226
f 312414882//312414882 312414883//312414883 312677022//312677022
f 312677024//312677024 312742563//312742563 312545906//312545906
f 312545957//312545957 312283811//312283811 312677030//312677030
f 312349342//312349342 312742566//312742566 309400231//309400231
f 312873586//312873586 312873575//312873575 308679269//308679269
f 312939175//312939175 312742501//312742501 312873640//312873640
f 308548173//308548173 306975400//306975400 313004712//313004712
f 313004709//313004709 306647720//306647720 313004621//313004621
f 313070245//313070245 312742569//312742569 313070243//313070243
f 313004616//313004616 313135787//313135787 313070249//313070249
f 302846635//302846635 313135688//313135688 313201322//313201322
f 313201315//313201315 313135786//313135786 302846637//302846637
f 313266860//313266860 302846635//302846635 302715565//302715565
f 302781101//302781101 313266700//313266700 302781102//302781102
f 313332396//313332396 302781101//302781101 313201326//313201326
f 313201165//313201165 312611503//312611503 313201327//313201327
f 313463459//313463459 312611503//312611503 313463460//313463460
f 312677040//312677040 313463462//313463462 313528998//313528998
f 313594534//313594534 312808113//312808113 313594547//313594547
f 313660063//313660063 313725606//313725606 313660082//313660082
f 313791156//313791156 312349362//312349362 313660086//313660086
f 313856669//313856669 313660063//313660063 313922230//313922230
f 313922227//313922227 312218292//312218292 313856696//313856696
f 313922232//313922232 313987766//313987766 312152733//312152733
f 313725621//313725621 313791161//313791161 314118841//314118841
f 314118843//314118843 314249913//314249913 313922228//313922228
f 314053308//314053308 313987764//313987764 313922237//313922237
f 314249917//314249917 313987767//313987767 314380956//314380956
f 313987773//313987773 314380990//314380990 314446492//314446492
f 314446485//314446485 314184348//314184348 314512057//314512057
f 314053313//314053313 314577596//314577596 314053312//314053312
f 314512059//314512059 314184386//314184386 314708674//314708674
f 314577600//314577600 314512068//314512068 314643140//314643140
f 314708677//314708677 314839746//314839746 314708678//314708678
f 314970818//314970818 314643141//314643141 314970820//314970820
f 314839750//314839750 314970824//314970824 314839752//314839752
f 315036358//315036358 315101897//315101897 315167432//315167432
f 315167433//315167433 314970827//314970827 315036364//315036364
f 315167436//315167436 315232968//315232968 315364042//315364042
f 315364043//315364043 315495118//315495118 315364046//315364046
f 315560655//315560655 315495118//315495118 315560657//315560657
f 315691716//315691716 314970823//314970823 315298515//315298515
f 315691719//315691719 314774227//314774227 315691732//315691732
f 315822785//315822785 314577604//314577604 315822805//315822805
f 315888316//315888316 314249921//314249921 315888342//315888342
f 315953853//315953853 315953852//315953852 316019389//316019389
f 314380989//314380989 315888343//315888343 316084950//316084950
f 316019414//316019414 316019416//316019416 316150462//316150462
f 314446526//314446526 316084953//316084953 316216023//316216023
f 316150487//316150487 316150490//316150490 316281535//316281535
f 314446555//314446555 316347029//316347029 316150490//316150490
f 316281561//316281561 316281564//316281564 316412565//316412565
f 316412564//316412564 316412565//316412565 316281566//316281566
f 316347102//316347102 316543707//316543707 311628509//311628509
f 316543709//316543709 315888350//315888350 316609240//316609240
f 316216024//316216024 316609249//316609249 316674776//316674776
f 316740316//316740316 316674778//316674778 316740314//316740314
f 315888355//315888355 316805856//316805856 315888340//315888340
f 316674784//316674784 316805860//316805860 316871392//316871392
f 316805844//316805844 315822821//315822821 315691749//315691749
f 317002462//317002462 317002460//317002460 316347106//316347106
f 316740321//316740321 316871399//316871399 317068001//317068001
f 316871395//316871395 316936936//316936936 317133539//317133539
f 316936914//316936914 315691753//315691753 315757289//315757289
f 317264614//317264614 317264610//317264610 316740327//316740327
f 317002475//317002475 317330142//317330142 317002474//317002474
f 317068004//317068004 317133548//317133548 317395684//317395684
f 317133541//317133541 317199085//317199085 317461221//317461221
f 317526762//317526762 317526759//317526759 317068012//317068012
f 317395688//317395688 317461231//317461231 317592296//317592296
f 315757296//315757296 315298537//315298537 317657811//317657811
f 316478187//316478187 316543729//316543729 316478193//316478193
f 317788907//317788907 317788906//317788906 317264622//317264622
f 317854446//317854446 317854444//317854444 317395695//317395695
f 317657804//317657804 315298548//315298548 315167476//315167476
f 317919946//317919946 317985525//317985525 317657844//317657844
f 317985482//317985482 315364045//315364045 318051061//318051061
f 318051021//318051021 317985487//317985487 318116592//318116592
f 318051063//318051063 317788917//317788917 317526776//317526776
f 317854456//317854456 318247662//318247662 317657847//317657847
f 317199088//317199088 318247673//318247673 318313193//318313193
f 317461225//317461225 318247674//318247674 318116603//318116603
f 318444279//318444279 318378742//318378742 318116604//318116604
f 318051069//318051069 315495164//315495164 318575350//318575350
f 318575357//318575357 318247670//318247670 318640890//318640890
f 318378751//318378751 318378745//318378745 318444288//318444288
f 318509824//318509824 315495164//315495164 318771966//318771966
f 318771919//318771919 318837457//318837457 318771921//318771921
f 318771970//318771970 318837502//318837502 315626243//315626243
f 318902993//318902993 319034116//319034116 318575362//318575362
f 318575365//318575365 319099654//319099654 318509822//318509822
f 318509830//318509830 318509831//318509831 319165192//319165192
f 319296253//319296253 318706440//318706440 318509833//318509833
f 318706442//318706442 318640891//318640891 318378762//318378762
f 319230731//319230731 319427337//319427337 319230732//319230732
f 319492877//319492877 319623947//319623947 318706441//318706441
f 319427342//319427342 319361801//319361801 318706446//318706446
f 319427341//319427341 319689487//319689487 319623947//319623947
f 319755023//319755023 319820557//319820557 319361806//319361806
f 319623951//319623951 319689489//319689489 319755026//319755026
f 319689490//319689490 319886097//319886097 319755027//319755027
f 320017151//320017151 319820554//319820554 320017162//320017162
f 319820562//319820562 320082709//320082709 320017169//320017169
f 320148242//320148242 320082707//320082707 319886102//319886102
f 320213759//320213759 318313236//318313236 318640919//318640919
f 320017173//320017173 320279320//320279320 320213780//320213780
f 320344826//320344826 317461271//317461271 318313241//318313241
f 319951642//319951642 320410390//320410390 319951643//319951643
f 320541461//320541461 320279318//320279318 320082716//320082716
f 320213784//320213784 320607005//320607005 320344855//320344855
f 320672493//320672493 317461273//317461273 320672495//320672495
f 320475935//320475935 320738074//320738074 320475936//320475936
f 320869146//320869146 320934687//320934687 320148250//320148250
f 320934682//320934682 320934689//320934689 320541462//320541462
f 320869155//320869155 320279330//320279330 320541476//320541476
f 321065757//321065757 320541464//320541464 320934693//320934693
f 320934691//320934691 320541477//320541477 321131300//321131300
f 321196829//321196829 321131300//321131300 321196836//321196836
f 321131299//321131299 321131303//321131303 321262374//321262374
f 321262371//321262371 321393448//321393448 320607014//320607014
f 320344861//320344861 320672553//320672553 320344873//320344873
f 321262376//321262376 321327914//321327914 321524522//321524522
f 321196839//321196839 321393452//321393452 321196844//321196844
f 321590055//321590055 320672554//320672554 321393453//321393453
f 321393452//321393452 321655597//321655597 317592350//317592350
f 321458987//321458987 321721134//321721134 321590058//321590058
f 321721131//321721131 321721135//321721135 321852204//321852204
f 321655596//321655596 321786672//321786672 321917742//321917742
f 321917744//321917744 321786670//321786670 321983281//321983281
f 317592365//317592365 317854515//317854515 317592371//317592371
f 322114349//322114349 321852208//321852208 321917748//321917748
f 322048813//322048813 321983284//321983284 322179889//322179889
f 321917749//321917749 321983284//321983284 322245429//322245429
f 322245431//322245431 322376501//322376501 317854515//317854515
f 322114360//322114360 322179891//322179891 322376500//322376500
f 322376440//322376440 322441971//322441971 322376501//322376501
f 322179895//322179895 322442041//322442041 318182200//318182200
f 322442039//322442039 318182202//318182202 322442042//322442042
f 322507575//322507575 318182203//318182203 322507506//322507506
f 322638650//322638650 322704187//322704187 317788986//317788986
f 322704186//322704186 322704188//322704188 317330162//317330162
f 322638654//322638654 322835261//322835261 317330237//317330237
f 322704190//322704190 322835263//322835263 317723371//317723371
f 322769728//322769728 317723455//317723455 322835264//322835264
f 322966336//322966336 317723454//317723454 322900802//322900802
f 323031775//323031775 322966257//322966257 323097408//323097408
f 322900803//322900803 322966338//322966338 323162947//323162947
f 323031875//323031875 323228485//323228485 316543810//316543810
f 316543813//316543813 316543814//316543814 323293844//323293844
f 323359558//323359558 323425093//323425093 323359557//323359557
f 323425097//323425097 323490631//323490631 323556167//323556167
f 323490635//323490635 323294026//323294026 323359564//323359564
f 323556172//323556172 323294023//323294023 323687245//323687245
f 323752780//323752780 311628618//311628618 323294030//323294030
f 323818310//323818310 323621709//323621709 323883850//323883850
f 323883853//323883853 311628618//311628618 323818320//323818320
f 312087188//312087188 323883856//323883856 323621713//323621713
f 324080465//324080465 323752779//323752779 323883859//323883859
f 324145998//324145998 323883853//323883853 324014932//324014932
f 323883860//323883860 324080467//324080467 324277073//324277073
f 324014933//324014933 324080468//324080468 324342613//324342613
f 324342615//324342615 324408149//324408149 324342616//324342616
f 324211541//324211541 324408153//324408153 324539221//324539221
f 324146004//324146004 324539226//324539226 324604756//324604756
f 324473691//324473691 324670295//324670295 324473692//324473692
f 324735837//324735837 323818331//323818331 324146014//324146014
f 324932435//324932435 324146010//324146010 324932446//324932446
f 324604761//324604761 324997984//324997984 324932442//324932442
f 324539223//324539223 324997985//324997985 324539233//324539233
f 324670306//324670306 325129047//325129047 325063511//325063511
f 324670307//324670307 325194594//325194594 325063522//325063522
f 324670301//324670301 325194596//325194596 324670308//324670308
f 325260125//325260125 325325669//325325669 325194596//325194596
f 325325661//325325661 325456742//325456742 325325670//325325670
f 325522272//325522272 325194593//325194593 325522273//325522273
f 324932448//324932448 325587817//325587817 324997992//324997992
f 325194602//325194602 325587816//325587816 325522282//325522282
f 325194597//325194597 325653355//325653355 325194603//325194603
f 325325674//325325674 325456747//325456747 325784421//325784421
f 325784426//325784426 325849957//325849957 325784423//325784423
f 325784429//325784429 325849962//325849962 325587818//325587818
f 325915501//325915501 325981031//325981031 324932457//324932457
f 325849967//325849967 325981033//325981033 325849966//325849966
f 326046575//326046575 324866926//324866926 324932463//324932463
f 326046577//326046577 324866927//324866927 325981041//325981041
f 326177649//326177649 326243184//326243184 324866929//324866929
f 326243150//326243150 323949406//323949406 323818355//323818355
f 326308723//326308723 326177649//326177649 326308721//326308721
f 326374224//326374224 326374259//326374259 326243188//326243188
f 326374043//326374043 312087376//312087376 326374262//326374262
f 326439576//326439576 326374043//326374043 326308727//326308727
f 326505334//326505334 326570869//326570869 311890806//311890806
f 326570870//326570870 326570871//326570871 311956120//311956120
f 326308722//326308722 326505337//326505337 326308729//326308729
f 326701944//326701944 326505335//326505335 326636410//326636410
f 326177659//326177659 326701945//326701945 326636411//326636411
f 326833019//326833019 311956338//311956338 326570877//326570877
f 326898552//326898552 326964090//326964090 326767484//326767484
f 327029630//327029630 326701948//326701948 326767488//326767488
f 326964096//326964096 327160699//327160699 326701952//326701952
f 326701953//326701953 327160701//327160701 327095170//327095170
f 327226240//327226240 327291774//327291774 326898561//326898561
f 327357081//327357081 327291773//327291773 327357309//327357309
f 311956356//311956356 327422604//327422604 326964095//326964095
f 327422850//327422850 327422846//327422846 327029638//327029638
f 311104388//311104388 310514567//310514567 311104391//311104391
f 327357320//327357320 310514567//310514567 327553928//327553928
f 327291784//327291784 310514564//310514564 327619465//327619465
f 309924483//309924483 327750537//327750537 327422854//327422854
f 327816074//327816074 327881606//327881606 327750539//327750539
f 327947138//327947138 327947141//327947141 327422858//327422858
f 309924745//309924745 309924750//309924750 328012412//328012412
f 327619471//327619471 327685001//327685001 328078222//328078222
f 328143484//328143484 310055822//310055822 328143761//328143761
f 328274830//328274830 328012687//328012687 328274832//328274832
f 328340369//328340369 328340368//328340368 328143762//328143762
f 328405905//328405905 328471443//328471443 328405907//328405907
f 328471443//328471443 328471442//328471442 328536980//328536980
f 328536981//328536981 328274839//328274839 328078232//328078232
f 328668047//328668047 328733576//328733576 328471442//328471442
f 328733586//328733586 328471448//328471448 328799127//328799127
f 328471449//328471449 328864666//328864666 328602522//328602522
f 328733595//328733595 328733594//328733594 328930203//328930203
f 328930201//328930201 328930200//328930200 328668040//328668040
f 328995740//328995740 327619464//327619464 329061277//329061277
f 329061256//329061256 329126815//329126815 327619459//327619459
f 329126816//329126816 329126814//329126814 327291809//327291809
f 327160737//327160737 329192323//329192323 329126818//329126818
f 329257890//329257890 329192351//329192351 329323427//329323427
f 329454496//329454496 329520035//329520035 329454499//329454499
f 329585570//329585570 329257889//329257889 327160743//327160743
f 329257895//329257895 329716646//329716646 329323430//329323430
f 329323432//329323432 329651107//329651107 329782182//329782182
f 329782184//329782184 329847718//329847718 329651073//329651073
f 329651114//329651114 329847721//329847721 327160747//327160747
f 329782186//329782186 327160748//327160748 330044331//330044331
f 329978798//329978798 329716649//329716649 329782190//329782190
f 330175406//330175406 330109868//330109868 330175408//330175408
f 329716657//329716657 330109859//330109859 330306472//330306472
f 330372014//330372014 330109872//330109872 330372017//330372017
f 330240947//330240947 330437554//330437554 330306482//330306482
f 329520049//329520049 329520051//329520051 329388980//329388980
f 330503089//330503089 330306469//330306469 330503075//330503075
f 330044289//330044289 327160757//327160757 327226293//327226293
f 327947189//327947189 330044290//330044290 330568630//330568630
f 330634165//330634165 330044301//330044301 330634167//330634167
f 330765238//330765238 327947149//327947149 327750584//327750584
f 330830775//330830775 330634166//330634166 330765241//330765241
f 330896311//330896311 330961849//330961849 330896313//330896313
f 331027384//331027384 327881610//327881610 331027338//331027338
f 331092920//331092920 327881660//327881660 331092924//331092924
f 331092921//331092921 327881656//327881656 331158461//331158461
f 330961853//330961853 330830782//330830782 331092927//331092927
f 331223997//331223997 330961851//330961851 330830783//330830783
f 331288583//331288583 255463230//255463230 331288382//331288382
f 331288379//331288379 255463431//255463431 259854343//259854343
f 331353982//331353982 331353915//331353915 255463232//255463232
f 331419518//331419518 331420609//331420609 256118654//256118654
f 331420609//331420609 331353925//331353925 255921989//255921989
f 255790914//255790914 331486147//331486147 331353920//331353920
f 255923137//255923137 331551683//331551683 244321905//244321905
f 242224757//242224757 331617220//331617220 331550325//331550325
f 331682757//331682757 242486901//242486901 239932358//239932358
f 331681358//331681358 240062032//240062032 331617222//331617222
f 331615824//331615824 240128967//240128967 331746896//331746896
f 244323268//244323268 331879368//331879368 244323272//244323272
f 243928721//243928721 331879369//331879369 244256395//244256395
f 331944905//331944905 331944904//331944904 244257737//244257737
f 331551691//331551691 332010440//332010440 331944904//331944904
f 331551685//331551685 332010444//332010444 331551692//331551692
f 244257738//244257738 244257741//244257741 332140259//332140259
f 249697229//249697229 249697230//249697230 332205651//332205651
f 332207053//332207053 332272591//332272591 332141514//332141514
f 332271187//332271187 332010446//332010446 332338122//332338122
f 332338127//332338127 240260042//240260042 332272593//332272593
f 332272592//332272592 332403665//332403665 239799891//239799891
f 332010444//332010444 332469202//332469202 332338123//332338123
f 332075973//332075973 332075987//332075987 332534738//332534738
f 332403664//332403664 332469204//332469204 332600272//332600272
f 239801297//239801297 332600277//332600277 332665809//332665809
f 332469206//332469206 332600276//332600276 332731349//332731349
f 332534742//332534742 332796882//332796882 239801301//239801301
f 332665814//332665814 239735767//239735767 239801303//239801303
f 332534725//332534725 332862424//332862424 331617223//331617223
f 332534745//332534745 332927958//332927958 332534744//332534744
f 239735767//239735767 240128986//240128986 239735770//239735770
f 332796886//332796886 332796891//332796891 333059034//333059034
f 332731353//332731353 240128987//240128987 332993500//332993500
f 332993499//332993499 331748316//331748316 240128989//240128989
f 333188689//333188689 332927964//332927964 332862429//332862429
f 333124569//333124569 333059037//333059037 333255644//333255644
f 333059033//333059033 333255646//333255646 332927964//332927964
f 333321159//333321159 332862429//332862429 331748319//331748319
f 333190104//333190104 141759455//141759455 333383792//333383792
f 333386721//333386721 333514864//333514864 333452256//333452256
f 333583330//333583330 333648864//333648864 333517795//333517795
f 333383796//333383796 333714405//333714405 333583328//333583328
f 333711476//333711476 333714406//333714406 333779939//333779939
f 333845476//333845476 333779939//333779939 333845475//333845475
f 333777012//333777012 136451048//136451048 333908084//333908084
f 333648871//333648871 333976553//333976553 334042084//334042084
f 333845478//333845478 333911019//333911019 334107622//334107622
f 333976551//333976551 334173164//334173164 333845483//333845483
f 334238698//334238698 334238697//334238697 333976556//333976556
f 334304234//334304234 334369773//334369773 334304237//334304237
f 334304239//334304239 334238704//334238704 334173169//334173169
f 334500847//334500847 334173165//334173165 334107634//334107634
f 334566385//334566385 334631916//334631916 334435311//334435311
f 334435315//334435315 334762996//334762996 334697459//334697459
f 334566379//334566379 334500854//334500854 334566391//334566391
f 334828535//334828535 334369778//334369778 334500856//334500856
f 334500855//334500855 335025144//335025144 334631919//334631919
f 334959609//334959609 335090671//335090671 334631929//334631929
f 334959610//334959610 334763001//334763001 334631931//334631931
f 334631930//334631930 334763003//334763003 335156220//335156220
f 335090684//335090684 334763003//334763003 335221757//335221757
f 335221758//335221758 334894077//334894077 335418360//335418360
f 335418362//335418362 335483896//335483896 335418359//335418359
f 335483895//335483895 335549430//335549430 335090687//335090687
f 335418368//335418368 335221761//335221761 335090690//335090690
f 335090689//335090689 335549442//335549442 335221762//335221762
f 335680510//335680510 335549436//335549436 335680508//335680508
f 335680516//335680516 335746046//335746046 335680513//335680513
f 335483908//335483908 335746049//335746049 335811582//335811582
f 335483910//335483910 335877124//335877124 335811588//335811588
f 334828550//334828550 335877120//335877120 335942661//335942661
f 334828552//334828552 334107654//334107654 336008182//336008182
f 334107624//334107624 336073736//336073736 335942662//335942662
f 335877128//335877128 336073737//336073737 336139271//336139271
f 336008168//336008168 336204811//336204811 336073736//336073736
f 336270346//336270346 336204809//336204809 336270345//336270345
f 333911053//333911053 136451083//136451083 336335848//336335848
f 336204813//336204813 336401422//336401422 336270347//336270347
f 336332835//336332835 336466959//336466959 336401421//336401421
f 136451088//136451088 336532495//336532495 136448037//136448037
f 336532497//336532497 336598031//336598031 336529445//336529445
f 336401423//336401423 336598034//336598034 336663567//336663567
f 336270350//336270350 336663571//336663571 336729102//336729102
f 336794634//336794634 336729100//336729100 336794636//336794636
f 336729106//336729106 336860181//336860181 336663569//336663569
f 336925713//336925713 336922661//336922661 136579110//136579110
f 336794647//336794647 336991242//336991242 337056778//337056778
f 336794643//336794643 336860185//336860185 337122323//337122323
f 336794649//336794649 336860183//336860183 336598042//336598042
f 336598038//336598038 336925722//336925722 136647707//136647707
f 136909851//136909851 337315878//337315878 337056791//337056791
f 337056796//337056796 336860189//336860189 337450009//337450009
f 336860186//336860186 336925726//336925726 337515546//337515546
f 336925723//336925723 337253407//337253407 136909856//136909856
f 136906796//136906796 337122336//337122336 337646615//337646615
f 336991265//336991265 337712156//337712156 337646617//337646617
f 337450018//337450018 337712153//337712153 337777697//337777697
f 337318945//337318945 337843235//337843235 337712158//337712158
f 337450010//337450010 337908773//337908773 337187871//337187871
f 337908772//337908772 337581086//337581086 337974299//337974299
f 337515547//337515547 338039846//338039846 337515558//337515558
f 337974304//337974304 338105384//338105384 338039846//338039846
f 337578028//337578028 137040936//137040936 137106472//137106472
f 338170917//338170917 338039839//338039839 338170911//338170911
f 338170922//338170922 338236453//338236453 337843237//337843237
f 338170919//338170919 338301994//338301994 337843242//337843242
f 338102317//338102317 338105388//338105388 338367527//338367527
f 338433063//338433063 338039852//338039852 338433070//338433070
f 338236455//338236455 338564142//338564142 338433068//338433068
f 338364461//338364461 135009327//135009327 338561069//338561069
f 338561037//338561037 134157360//134157360 338626573//338626573
f 337843243//337843243 338695217//338695217 337712164//337712164
f 338433071//338433071 338760754//338760754 338564144//338564144
f 338626560//338626560 134026291//134026291 338823168//338823168
f 338891826//338891826 338891824//338891824 338629683//338629683
f 338957363//338957363 134023166//134023166 134091829//134091829
f 339022900//339022900 338826291//338826291 338957366//338957366
f 339088437//339088437 339019775//339019775 338957368//338957368
f 339153973//339153973 134091831//134091831 339219511//339219511
f 339216383//339216383 338888678//338888678 339022906//339022906
f 339285046//339285046 339153976//339153976 339088443//339088443
f 339219515//339219515 339153975//339153975 339350588//339350588
f 339416122//339416122 339350584//339350584 339219517//339219517
f 339219518//339219518 339219517//339219517 339612734//339612734
f 339612729//339612729 339675110//339675110 339609574//339609574
f 339743808//339743808 339806182//339806182 339678273//339678273
f 132450277//132450277 339809345//339809345 339743811//339743811
f 339740645//339740645 339874883//339874883 339940418//339940418
f 339871717//339871717 131994693//131994693 340002789//340002789
f 339940419//339940419 340071494//340071494 339874885//339874885
f 340137028//340137028 340071494//340071494 340005959//340005959
f 340202564//340202564 340137031//340137031 132060232//132060232
f 340268101//340268101 340002783//340002783 340268103//340268103
f 132060231//132060231 131994697//131994697 132060233//132060233
f 339416138//339416138 338891834//338891834 339285066//339285066
f 340333643//340333643 340399156//340399156 338760756//338760756
f 340464714//340464714 340464700//340464700 340399178//340399178
f 340464700//340464700 340464717//340464717 340530251//340530251
f 340530236//340530236 340661326//340661326 340530254//340530254
f 340399184//340399184 340726834//340726834 338433074//338433074
f 340530257//340530257 340661323//340661323 340792397//340792397
f 340399185//340399185 340661328//340661328 340726865//340726865
f 340726863//340726863 340857938//340857938 338433104//338433104
f 338433106//338433106 338433107//338433107 340923476//340923476
f 341054509//341054509 338498644//338498644 338433109//338433109
f 341054548//341054548 340989014//340989014 341185622//341185622
f 341251118//341251118 341251157//341251157 338236462//338236462
f 341316693//341316693 341054550//341054550 341316696//341316696
f 341120087//341120087 341382234//341382234 341316694//341316694
f 341382231//341382231 341513307//341513307 341382235//341382235
f 341316698//341316698 341513308//341513308 341447773//341447773
f 341644380//341644380 341316701//341316701 341709912//341709912
f 338236504//338236504 341775455//341775455 341316700//341316700
f 341709913//341709913 341513312//341513312 341644385//341644385
f 341840992//341840992 341906524//341906524 341840990//341840990
f 341840994//341840994 341775456//341775456 341906531//341906531
f 341709920//341709920 341972067//341972067 338236511//338236511
f 338236515//338236515 338236516//338236516 342037605//342037605
f 338301994//338301994 342168677//342168677 338302053//338302053
f 338302054//338302054 342234215//342234215 338695211//338695211
f 342234214//342234214 342168680//342168680 342365288//342365288
f 342365290//342365290 342234216//342234216 342496305//342496305
f 342299756//342299756 342561895//342561895 342496359//342496359
f 342496365//342496365 338695217//338695217 342627362//342627362
f 342692973//342692973 342561899//342561899 342692971//342692971
f 342627439//342627439 342758434//342758434 342627438//342627438
f 337712239//337712239 342758512//342758512 342692977//342692977
f 342955042//342955042 343020656//343020656 342889582//342889582
f 342692972//342692972 343020659//343020659 343086193//343086193
f 343086195//343086195 343217269//343217269 342561896//342561896
f 343217267//343217267 343020652//343020652 343282805//343282805
f 343282803//343282803 343348342//343348342 343151735//343151735
f 343217272//343217272 343217271//343217271 342430840//342430840
f 342299754//342299754 343217273//343217273 343413866//343413866
f 343413878//343413878 337712232//337712232 342955130//342955130
f 337777698//337777698 342955130//342955130 343544954//343544954
f 343544946//343544946 343479420//343479420 343675939//343675939
f 343676026//343676026 343610491//343610491 343741563//343741563
f 343741564//343741564 343872639//343872639 343741567//343741567
f 343938083//343938083 337777789//337777789 343938076//343938076
f 337319041//337319041 343938077//343938077 344003613//344003613
f 343938179//343938179 343676034//343676034 344069249//344069249
f 344003715//344003715 344200324//344200324 344134787//344134787
f 343676027//343676027 343676038//343676038 344265859//344265859
f 344265851//344265851 344200318//344200318 344069255//344069255
f 344069254//344069254 344200327//344200327 344331400//344331400
f 344331398//344331398 343741576//343741576 344396934//344396934
f 344462469//344462469 344396936//344396936 343872649//343872649
f 344396926//344396926 344396938//344396938 344528000//344528000
f 343741568//343741568 344593546//344593546 344724620//344724620
f 344659086//344659086 344593547//344593547 344855693//344855693
f 344593550//344593550 344921232//344921232 344790161//344790161
f 344593554//344593554 345052303//345052303 345117839//345117839
f 345117842//345117842 345248916//345248916 345052299//345052299
f 344921237//344921237 345052299//345052299 345314452//345314452
f 345052309//345052309 345314454//345314454 345379988//345379988
f 345379990//345379990 345511064//345511064 345445526//345445526
f 345314453//345314453 345511065//345511065 345576600//345576600
f 345511067//345511067 345642138//345642138 345511061//345511061
f 345576603//345576603 345773212//345773212 344921233//344921233
f 345838749//345838749 345904273//345904273 345773214//345773214
f 344921248//344921248 345969813//345969813 344921245//344921245
f 345969819//345969819 345904277//345904277 346035357//346035357
f 345773217//345773217 346035360//346035360 345904290//345904290
f 345642147//345642147 346166428//346166428 346231964//346231964
f 345969829//345969829 346035355//346035355 346297504//346297504
f 345642149//345642149 346035363//346035363 346100902//346100902
f 346363045//346363045 346363041//346363041 346100903//346100903
f 346100904//346100904 346297511//346297511 346363049//346363049
f 346559651//346559651 346559653//346559653 346363047//346363047
f 346166442//346166442 346166436//346166436 346559658//346559658
f 346231978//346231978 346625195//346625195 346559660//346559660
f 346625196//346625196 346559659//346559659 346428588//346428588
f 346428589//346428589 346756268//346756268 346887339//346887339
f 346887340//346887340 346952879//346952879 346756269//346756269
f 346887343//346887343 346494128//346494128 347083943//347083943
f 347149489//347149489 346952872//346952872 347215024//347215024
f 347018419//347018419 346952884//346952884 346821813//346821813
f 347346099//347346099 347215023//347215023 347411636//347411636
f 347280566//347280566 346821815//346821815 346428600//346428600
f 346428593//346428593 346821816//346821816 347542713//347542713
f 347673777//347673777 347739314//347739314 347673778//347673778
f 347542705//347542705 347673788//347673788 347804849//347804849
f 347673787//347673787 347935933//347935933 347870395//347870395
f 348001462//348001462 347215027//347215027 347346111//347346111
f 347477174//347477174 348067008//348067008 348132535//348132535
f 348132544//348132544 348067010//348067010 347411651//347411651
f 348263606//348263606 348198079//348198079 348067012//348067012
f 348329152//348329152 348198083//348198083 348329157//348329157
f 348329158//348329158 348460229//348460229 348329159//348329159
f 348263623//348263623 348525764//348525764 348591302//348591302
f 348591303//348591303 348525769//348525769 348263626//348263626
f 348525770//348525770 348722377//348722377 348263615//348263615
f 348656842//348656842 348722379//348722379 348001484//348001484
f 348722380//348722380 348853451//348853451 348001461//348001461
f 348787916//348787916 348853453//348853453 347346126//347346126
f 348853454//348853454 348984525//348984525 347346093//347346093
f 348918990//348918990 348984527//348984527 346821840//346821840
f 348984528//348984528 349115599//349115599 349181135//349181135
f 349115565//349115565 349115577//349115577 349246673//349246673
f 349181138//349181138 349246675//349246675 349115604//349115604
f 347608276//347608276 349246672//349246672 349443283//349443283
f 349377749//349377749 349443282//349443282 349508819//349508819
f 349508821//349508821 349574359//349574359 349639894//349639894
f 349705429//349705429 349705428//349705428 349574357//349574357
f 349770964//349770964 349705401//349705401 349377754//349377754
f 349639895//349639895 349836507//349836507 349902040//349902040
f 349902043//349902043 349967581//349967581 350033116//350033116
f 350033117//350033117 349574367//349574367 350164187//350164187
f 349836512//349836512 350229725//350229725 350098653//350098653
f 349967584//349967584 350229729//350229729 350295263//350295263
f 350295265//350295265 350229731//350229731 350426339//350426339
f 350229728//350229728 350426340//350426340 350491875//350491875
f 350491876//350491876 350622950//350622950 350557412//350557412
f 350688487//350688487 350164196//350164196 350688484//350688484
f 350622952//350622952 349574377//349574377 350819552//350819552
f 350164202//350164202 349705448//349705448 350819543//350819543
f 350688491//350688491 350819561//350819561 350885096//350885096
f 350754027//350754027 351016172//351016172 350950635//350950635
f 349705454//349705454 351081706//351081706 350885098//350885098
f 351081709//351081709 349705451//349705451 349770990//349770990
f 351016174//351016174 351081711//351081711 349770991//349770991
f 351147226//351147226 351212729//351212729 351147193//351147193
f 351278320//351278320 351278265//351278265 347608248//347608248
f 351212785//351212785 351278322//351278322 347542716//347542716
f 351343857//351343857 351409395//351409395 351278268//351278268
f 351409396//351409396 351409394//351409394 347804917//347804917
f 347804858//347804858 347870453//347870453 351540410//351540410
f 351606004//351606004 351606003//351606003 351409397//351409397
f 351606007//351606007 347870452//347870452 351737077//351737077
f 351737078//351737078 351671541//351671541 351606009//351606009
f 351737081//351737081 351868150//351868150 351671545//351671545
f 347870459//347870459 347935992//347935992 351933629//351933629
f 347935996//347935996 351868155//351868155 351802621//351802621
f 352064766//352064766 352130298//352130298 352064767//352064767
f 352261369//352261369 351933688//351933688 352261368//352261368
f 352261373//352261373 351999225//351999225 352326907//352326907
f 351933697//351933697 352392448//352392448 352326908//352326908
f 352326914//352326914 352195843//352195843 352064772//352064772
f 352523517//352523517 352326912//352326912 352523520//352523520
f 352326915//352326915 352195844//352195844 352523525//352523525
f 352523523//352523523 352654597//352654597 352785671//352785671
f 352720137//352720137 352654598//352654598 352916744//352916744
f 352654601//352654601 352654603//352654603 352982282//352982282
f 352982281//352982281 352982284//352982284 353113354//353113354
f 352982284//352982284 352982286//352982286 353178893//353178893
f 353178892//353178892 353178895//353178895 353309965//353309965
f 353178895//353178895 353178897//353178897 353375504//353375504
f 353309969//353309969 353244434//353244434 353506577//353506577
f 353441041//353441041 353506580//353506580 353572113//353572113
f 353441044//353441044 353572117//353572117 353703189//353703189
f 353637654//353637654 353506583//353506583 353834260//353834260
f 353572120//353572120 353703190//353703190 353899799//353899799
f 353768729//353768729 353834266//353834266 354030870//354030870
f 353703195//353703195 353899801//353899801 354096410//354096410
f 353965340//353965340 354030877//354030877 354227481//354227481
f 353899806//353899806 354096412//354096412 354293021//354293021
f 354161951//354161951 354227488//354227488 354424092//354424092
f 354096417//354096417 354293023//354293023 354489632//354489632
f 354358562//354358562 354620707//354620707 353506595//353506595
f 354555170//354555170 354686244//354686244 353834259//353834259
f 353506596//353506596 354030885//354030885 353834278//353834278
f 353834277//353834277 354227494//354227494 354030887//354030887
f 354817307//354817307 354424102//354424102 354882847//354882847
f 354293032//354293032 354424098//354424098 354227497//354227497
f 354882849//354882849 354227497//354227497 354817321//354817321
f 354489640//354489640 355013930//355013930 354620706//354620706
f 354948394//354948394 355079464//355079464 354686244//354686244
f 354620714//354620714 355145003//355145003 354751781//354751781
f 354686251//354686251 355145004//355145004 355210534//355210534
f 355210535//355210535 355079462//355079462 355210540//355210540
f 355276071//355276071 355079469//355079469 355276077//355276077
f 355276073//355276073 355013927//355013927 355276075//355276075
f 355341609//355341609 355013934//355013934 354948399//354948399
f 355276074//355276074 355407151//355407151 355538225//355538225
f 355603760//355603760 355669297//355669297 355472690//355472690
f 355472693//355472693 355669299//355669299 355734833//355734833
f 355603765//355603765 355865910//355865910 355734836//355734836
f 355734840//355734840 355865910//355865910 355931445//355931445
f 355800376//355800376 356062521//356062521 355931447//355931447
f 355931451//355931451 356062521//356062521 356128056//356128056
f 355996987//355996987 356259132//356259132 356128058//356128058
f 356128062//356128062 356259132//356259132 356324667//356324667
f 356193598//356193598 356455743//356455743 356324669//356324669
f 356324673//356324673 356455743//356455743 356521278//356521278
f 356390209//356390209 356652354//356652354 356521280//356521280
f 356521284//356521284 356652354//356652354 356717889//356717889
f 356586820//356586820 356848965//356848965 356717891//356717891
f 356717895//356717895 356848965//356848965 356914500//356914500
f 356783431//356783431 356914504//356914504 357045576//357045576
f 356914502//356914502 356914506//356914506 357111113//357111113
f 357111110//357111110 357111115//357111115 357242185//357242185
f 357111115//357111115 357111117//357111117 357307724//357307724
f 357307723//357307723 357307726//357307726 357438796//357438796
f 357307726//357307726 357307728//357307728 357504335//357504335
f 357504334//357504334 357504337//357504337 357635407//357635407
f 357504337//357504337 357504339//357504339 357700946//357700946
f 357700945//357700945 357700948//357700948 357832018//357832018
f 357700948//357700948 357700950//357700950 357897557//357897557
f 357897556//357897556 357897559//357897559 358028629//358028629
f 357897559//357897559 357897561//357897561 358094168//358094168
f 358094167//358094167 358094170//358094170 358225240//358225240
f 358094170//358094170 358094172//358094172 358290779//358290779
f 358290778//358290778 358421853//358421853 358225244//358225244
f 358356318//358356318 358487388//358487388 358618464//358618464
f 358684000//358684000 358684001//358684001 358618467//358618467
f 358815075//358815075 358815073//358815073 358618469//358618469
f 358487398//358487398 358880609//358880609 358618471//358618471
f 358618470//358618470 359011688//359011688 358618473//358618473
f 359208289//359208289 359273832//359273832 359077222//359077222
f 359077227//359077227 359011690//359011690 359142764//359142764
f 359273837//359273837 359339370//359339370 359142766//359142766
f 359142753//359142753 359339374//359339374 359470447//359470447
f 359208301//359208301 358618480//358618480 359208304//359208304
f 359404913//359404913 359535984//359535984 359470450//359470450
f 359470433//359470433 359535986//359535986 359732595//359732595
f 359601521//359601521 358618484//358618484 359601524//359601524
f 359667061//359667061 359798132//359798132 359732598//359732598
f 359732577//359732577 359798134//359798134 359994743//359994743
f 359863669//359863669 358618488//358618488 359863672//359863672
f 359929207//359929207 358618488//358618488 360125814//360125814
f 360125815//360125815 360191350//360191350 360322426//360322426
f 360191356//360191356 360191355//360191355 360256893//360256893
f 360519036//360519036 360191353//360191353 360453502//360453502
f 360584572//360584572 360519038//360519038 360453504//360453504
f 360715647//360715647 360519038//360519038 360650113//360650113
f 360781183//360781183 360715649//360715649 360650115//360650115
f 360912258//360912258 360715649//360715649 360846724//360846724
f 360977796//360977796 360781187//360781187 360912262//360912262
f 361108868//361108868 361043333//361043333 360912263//360912263
f 361174407//361174407 361108869//361108869 361174409//361174409
f 361305481//361305481 361043336//361043336 361108875//361108875
f 361239947//361239947 361239943//361239943 361305484//361305484
f 361502092//361502092 361371018//361371018 361239950//361239950
f 361436558//361436558 361436553//361436553 361502095//361502095
f 361698703//361698703 361567629//361567629 361436561//361436561
f 361633169//361633169 361633164//361633164 361698706//361698706
f 361895314//361895314 361764240//361764240 361633172//361633172
f 361829780//361829780 361829775//361829775 361895317//361895317
f 362091925//362091925 362157459//362157459 362091910//362091910
f 362157461//362157461 362222998//362222998 361043339//361043339
f 362222999//362222999 361567622//361567622 362288523//362288523
f 362288536//362288536 361764235//361764235 362354062//362354062
f 362288526//362288526 361960858//361960858 361829787//361829787
f 362026395//362026395 361960850//361960850 362485137//362485137
f 362485140//362485140 361764251//361764251 362485146//362485146
f 362550683//362550683 362550677//362550677 362026391//362026391
f 362419613//362419613 362616220//362616220 362157464//362157464
f 362616221//362616221 362681751//362681751 362223001//362223001
f 362681758//362681758 362681752//362681752 362288544//362288544
f 362288538//362288538 362616224//362616224 362681760//362681760
f 362747290//362747290 362616225//362616225 362747297//362747297
f 362354076//362354076 362550689//362550689 362616225//362616225
f 362812828//362812828 362550690//362550690 362878364//362878364
f 362878365//362878365 362943905//362943905 363074980//363074980
f 363009445//363009445 362943910//362943910 363206053//363206053
f 362943912//362943912 363074983//363074983 363337126//363337126
f 363140521//363140521 363271594//363271594 363468199//363468199
f 363271596//363271596 363206059//363206059 363599269//363599269
f 363074989//363074989 363402665//363402665 363664812//363664812
f 363468204//363468204 363468206//363468206 363730343//363730343
f 363599271//363599271 363468207//363468207 363795887//363795887
f 363599279//363599279 363664816//363664816 363795883//363795883
f 363402665//363402665 363402673//363402673 363861422//363861422
f 363337133//363337133 363599282//363599282 363795890//363795890
f 363337138//363337138 363664817//363664817 363992496//363992496
f 363664817//363664817 363926963//363926963 364058033//364058033
f 364058034//364058034 363795888//363795888 363992500//363992500
f 363992497//363992497 364123572//364123572 364254646//364254646
f 364320182//364320182 364123575//364123575 364189113//364189113
f 364385722//364385722 364189109//364189109 364320187//364320187
f 364582331//364582331 364451256//364451256 364385725//364385725
f 364647870//364647870 364385722//364385722 364189119//364189119
f 364516799//364516799 364713398//364713398 364647872//364647872
f 364844481//364844481 364582334//364582334 364910018//364910018
f 364975553//364975553 364975552//364975552 364844483//364844483
f 365106620//365106620 364516802//364516802 364582340//364582340
f 365041092//365041092 364647874//364647874 364385733//364385733
f 365172153//365172153 365172159//365172159 364778947//364778947
f 365237696//365237696 364647869//364647869 365172166//365172166
f 365172163//365172163 364844486//364844486 365237699//365237699
f 365303231//365303231 365303227//365303227 364516804//364516804
f 365041087//365041087 365303239//365303239 365106632//365106632
f 365368772//365368772 365303235//365303235 365368771//365368771
