# Object03 verts=2271 tris=1305
v 0.067627 1.573602 -0.045429
v 0.060861 1.534811 -0.049566
v 0.068391 1.597107 -0.053585
v 0.049073 1.542270 0.054866
v 0.030736 1.527285 0.065622
v 0.041870 1.529215 0.050428
v 0.021023 1.529764 0.070419
v 0.010107 1.533533 0.077159
v 0.032502 1.550588 0.065561
v 0.042526 1.548260 0.056653
v 0.022600 1.546050 0.069506
v 0.009124 1.542105 0.075516
v 0.001487 1.538846 0.079386
v -0.000042 1.544329 0.080299
v 0.001268 1.533872 0.081572
v -0.031803 1.526957 0.065648
v -0.050138 1.541937 0.054896
v -0.042936 1.528783 0.050577
v -0.022089 1.529443 0.070553
v -0.011174 1.533112 0.077176
v -0.033530 1.550161 0.065696
v -0.043590 1.547829 0.056795
v -0.023651 1.545626 0.069638
v -0.010195 1.541679 0.074045
v -0.002551 1.538431 0.079397
v -0.001023 1.544019 0.080305
v -0.002333 1.533560 0.081582
v 0.065883 1.529325 -0.006973
v 0.057260 1.496536 0.009934
v 0.061843 1.505968 -0.007128
v 0.060752 1.543989 0.020463
v 0.052347 1.542175 0.035822
v 0.061188 1.562126 0.027502
v 0.065227 1.547698 0.001515
v 0.048418 1.506500 0.028748
v 0.043617 1.541642 0.051145
v 0.049684 1.483658 0.029705
v 0.039578 1.501859 0.053391
v 0.036194 1.505827 0.052972
v 0.012620 1.510250 0.072901
v 0.040669 1.481812 0.052805
v 0.049661 1.469038 0.053505
v 0.036570 1.457601 0.068787
v 0.028258 1.480127 0.068619
v 0.018113 1.454981 0.083008
v 0.015663 1.478197 0.077630
v -0.000072 1.454607 0.087241
v -0.000151 1.476983 0.082227
v 0.013492 1.522789 0.074176
v -0.014292 1.478168 0.078531
v -0.012921 1.510248 0.072902
v -0.015208 1.456211 0.087919
v -0.000151 1.511459 0.074384
v -0.026796 1.479706 0.070580
v -0.031414 1.461083 0.076588
v -0.037786 1.480684 0.056813
v -0.044823 1.467577 0.061440
v -0.048719 1.483737 0.030583
v -0.039879 1.501866 0.053387
v -0.057561 1.496545 0.009926
v -0.036495 1.505834 0.052967
v -0.043918 1.541637 0.051151
v -0.013794 1.522787 0.074177
v -0.000151 1.526281 0.075923
v 0.005088 1.537076 0.077268
v -0.005936 1.532413 0.079459
v -0.061053 1.543985 0.020471
v -0.066184 1.529329 -0.006984
v -0.062146 1.505973 -0.007140
v -0.003970 1.543189 0.078150
v -0.014994 1.548567 0.068154
v 0.014692 1.548569 0.068152
v 0.013821 1.549663 0.078431
v 0.014583 1.557997 0.069662
v 0.044926 1.556508 0.055234
v 0.055890 1.558789 0.042295
v 0.044163 1.570679 0.057196
v 0.054203 1.574097 0.048244
v 0.039032 1.587165 0.059404
v 0.017421 1.572333 0.068619
v 0.005635 1.563680 0.086649
v 0.003997 1.587249 0.077095
v -0.000151 1.546898 0.093332
v 0.013711 1.585142 0.064621
v -0.007681 1.548699 0.088965
v 0.028990 1.592352 0.051150
v 0.048418 1.603469 0.061098
v 0.048309 1.585042 0.049704
v 0.057150 1.588595 0.040826
v 0.060425 1.577309 0.035181
v 0.069374 1.602495 -0.026104
v 0.063044 1.612059 0.010748
v 0.057805 1.643187 0.006560
v 0.068284 1.572481 -0.011378
v 0.045471 1.627418 0.055795
v 0.070031 1.544293 -0.031228
v 0.078651 1.598935 -0.041372
v 0.077668 1.573708 -0.046495
v 0.067627 1.573602 -0.045429
v 0.064026 1.553857 -0.036867
v 0.060861 1.534811 -0.049566
v 0.063262 1.517630 -0.016121
v 0.068719 1.596250 -0.041164
v 0.068391 1.597107 -0.053585
v 0.065446 1.638305 -0.042267
v 0.056385 1.600286 -0.084549
v 0.067518 1.476113 -0.051912
v 0.064573 1.494875 -0.023861
v 0.067627 1.472048 -0.027360
v 0.053221 1.513099 -0.067469
v 0.061843 1.477713 -0.066478
v 0.053766 1.556316 -0.084618
v 0.029755 1.513569 -0.087102
v 0.035103 1.475364 -0.085767
v -0.000151 1.474151 -0.086638
v -0.000151 1.513569 -0.090090
v 0.028228 1.557792 -0.103627
v -0.000151 1.558417 -0.107951
v -0.000151 1.603542 -0.106635
v 0.027681 1.602542 -0.102577
v 0.028335 1.648779 -0.083608
v -0.000151 1.651155 -0.087743
v 0.052565 1.642888 -0.070698
v 0.027354 1.683294 -0.052323
v -0.000151 1.687838 -0.055868
v 0.051475 1.664940 -0.042756
v 0.021351 1.689982 0.006198
v -0.000151 1.694008 0.007335
v 0.043070 1.672526 0.004503
v 0.019606 1.674191 0.043639
v -0.000151 1.675184 0.048869
v 0.039578 1.667091 0.026909
v 0.043834 1.648984 0.042452
v 0.021678 1.649520 0.065583
v 0.021351 1.623654 0.074914
v -0.000151 1.648804 0.070536
v 0.009563 1.596175 0.082774
v -0.000151 1.622309 0.080248
v -0.000151 1.587248 0.078015
v -0.004298 1.587249 0.077095
v -0.009319 1.562176 0.077787
v -0.014884 1.557996 0.069664
v -0.045227 1.556503 0.055241
v -0.021653 1.623652 0.074917
v -0.009865 1.596174 0.082775
v -0.048719 1.603465 0.061105
v -0.007136 1.587771 0.072735
v -0.017722 1.572331 0.068621
v -0.044464 1.570674 0.057203
v -0.061489 1.562121 0.027511
v -0.021980 1.649522 0.065578
v -0.045773 1.627423 0.055783
v -0.065529 1.547704 0.001499
v -0.019907 1.674192 0.043635
v -0.000151 1.694008 0.007335
v -0.021653 1.689983 0.006193
v -0.000151 1.687838 -0.055868
v -0.039879 1.667092 0.026899
v -0.044136 1.648987 0.042441
v -0.058107 1.643189 0.006543
v -0.063346 1.612063 0.010728
v -0.069675 1.602495 -0.026126
v -0.057451 1.588591 0.040836
v -0.027655 1.683293 -0.052330
v -0.000151 1.651155 -0.087743
v -0.043372 1.672526 0.004492
v -0.051776 1.664938 -0.042770
v -0.028636 1.648776 -0.083616
v -0.000151 1.603542 -0.106635
v -0.065747 1.638302 -0.042287
v -0.052866 1.642884 -0.070714
v -0.056687 1.600290 -0.084539
v -0.027982 1.602545 -0.102573
v -0.028529 1.557795 -0.103623
v -0.000151 1.558417 -0.107951
v -0.000151 1.513569 -0.090090
v -0.054067 1.556320 -0.084610
v -0.061162 1.534808 -0.049578
v -0.053523 1.513092 -0.067481
v -0.030056 1.513562 -0.087110
v -0.000151 1.474151 -0.086638
v -0.035405 1.475359 -0.085770
v -0.062146 1.477707 -0.066484
v -0.067820 1.476110 -0.051917
v -0.068693 1.597103 -0.053608
v -0.069021 1.596248 -0.041186
v -0.067928 1.573604 -0.045418
v -0.078953 1.598932 -0.041396
v -0.063563 1.517632 -0.016129
v -0.064874 1.494877 -0.023871
v -0.067928 1.472049 -0.027364
v -0.064327 1.553857 -0.036856
v -0.070332 1.544293 -0.031244
v -0.077970 1.573704 -0.046517
v -0.068585 1.572479 -0.011367
v -0.060726 1.577304 0.035190
v -0.039333 1.587161 0.059410
v -0.014012 1.585140 0.064624
v -0.029292 1.592349 0.051154
v 0.065883 1.529325 -0.006973
v 0.059988 1.516578 0.009666
v 0.063262 1.517630 -0.016121
v 0.064573 1.494875 -0.023861
v 0.047217 1.486520 -0.001696
v 0.050710 1.469051 -0.004241
v 0.067627 1.472048 -0.027360
v 0.055403 1.445081 -0.000533
v 0.026588 1.444927 0.016735
v 0.029645 1.421698 0.028815
v 0.016002 1.466982 0.018355
v -0.000151 1.446395 0.027345
v -0.000151 1.420378 0.026248
v -0.000151 1.478797 0.025397
v 0.034230 1.490656 0.030740
v 0.048418 1.506500 0.028748
v 0.039578 1.501859 0.053391
v 0.015566 1.483226 0.071287
v 0.026481 1.498550 0.065566
v 0.014474 1.498540 0.076447
v 0.014038 1.479786 0.022860
v -0.000151 1.479800 0.058531
v -0.015868 1.483229 0.071285
v -0.014777 1.498544 0.076446
v -0.000151 1.446395 0.027345
v -0.029946 1.421700 0.028817
v -0.000151 1.420378 0.026248
v -0.026890 1.444929 0.016735
v -0.055704 1.445084 -0.000533
v -0.016304 1.466984 0.018355
v -0.000151 1.478797 0.025397
v -0.051012 1.469054 -0.004244
v -0.067928 1.472049 -0.027364
v -0.064874 1.494877 -0.023871
v -0.047518 1.486524 -0.001702
v -0.014340 1.479788 0.022859
v -0.060289 1.516583 0.009657
v -0.063563 1.517632 -0.016129
v -0.066184 1.529329 -0.006984
v -0.034531 1.490664 0.030735
v -0.048719 1.506506 0.028742
v -0.039879 1.501866 0.053387
v -0.015868 1.483229 0.071285
v -0.000151 1.479800 0.058531
v -0.026782 1.498556 0.065563
v -0.014777 1.498544 0.076446
v 0.042852 1.582224 0.050866
v 0.023860 1.577050 0.052359
v 0.034230 1.576715 0.050797
v 0.046235 1.590832 0.052244
v 0.022988 1.591178 0.062614
v 0.015784 1.583054 0.054700
v 0.012946 1.592426 0.057048
v 0.016549 1.601759 0.058633
v 0.034994 1.607025 0.057207
v 0.042634 1.600996 0.054649
v 0.025170 1.607215 0.058667
v -0.024161 1.577048 0.052363
v -0.043153 1.582219 0.050873
v -0.034531 1.576711 0.050803
v -0.046537 1.590829 0.052251
v -0.023290 1.591176 0.062617
v -0.016085 1.583052 0.054702
v -0.013247 1.592425 0.057050
v -0.016851 1.601758 0.058636
v -0.035295 1.607022 0.057212
v -0.042936 1.600993 0.054656
v -0.025471 1.607213 0.058671
v -0.132861 0.080829 -0.075622
v -0.124731 0.080877 -0.029164
v -0.121246 0.048534 -0.023423
v -0.133507 0.002818 -0.059915
v -0.125473 0.015623 -0.019178
v -0.130931 0.001280 -0.018560
v -0.159835 0.083427 -0.094401
v -0.157941 0.017164 -0.091350
v -0.160117 0.002818 -0.079893
v -0.196935 0.087237 -0.084412
v -0.196643 0.002818 -0.071033
v -0.218184 0.092354 -0.045001
v -0.224347 0.015627 -0.039300
v -0.221540 0.001280 -0.031134
v -0.231123 0.004866 0.002757
v -0.240435 0.038519 0.082945
v -0.210770 0.095774 0.013190
v -0.181235 0.098284 0.043330
v -0.251928 0.014541 0.065441
v -0.247418 0.000194 0.066394
v -0.246496 -0.001021 0.111035
v -0.195221 0.051063 0.122648
v -0.138670 0.101287 0.023815
v -0.237178 0.009862 0.173851
v -0.238343 0.002781 0.156781
v -0.206244 0.040816 0.194226
v -0.224412 0.019507 0.187688
v -0.152853 0.036519 0.129311
v -0.129474 0.057905 0.014988
v -0.124731 0.080877 -0.029164
v -0.121246 0.048534 -0.023423
v -0.168637 0.022445 0.182980
v -0.189414 0.020796 0.194337
v -0.170169 0.009057 0.180836
v -0.160016 0.000666 0.161257
v -0.145908 -0.001021 0.128601
v -0.137772 0.008453 0.077591
v -0.135788 0.010620 0.013574
v -0.125473 0.015623 -0.019178
v -0.130931 0.001280 -0.018560
v -0.124731 0.080877 -0.029164
v -0.132861 0.080829 -0.075622
v -0.123159 0.104398 -0.023744
v -0.115827 0.128111 -0.019870
v -0.118213 0.144350 -0.017120
v -0.111884 0.160248 -0.016826
v -0.112268 0.180919 -0.013773
v -0.114457 0.242503 -0.062313
v -0.105826 0.192715 -0.013294
v -0.105323 0.242085 -0.013387
v -0.149008 0.248089 -0.089107
v -0.159835 0.083427 -0.094401
v -0.197250 0.255874 -0.074265
v -0.196935 0.087237 -0.084412
v -0.229138 0.167937 -0.034977
v -0.218184 0.092354 -0.045001
v -0.225547 0.259199 -0.030614
v -0.212921 0.185183 0.026074
v -0.210770 0.095774 0.013190
v -0.221210 0.255448 0.033134
v -0.181682 0.166517 0.050915
v -0.181301 0.250760 0.062168
v -0.181235 0.098284 0.043330
v -0.145079 0.174894 0.035560
v -0.138670 0.101287 0.023815
v -0.143740 0.246874 0.045572
v -0.105826 0.192715 -0.013294
v -0.105323 0.242085 -0.013387
v -0.112268 0.180919 -0.013773
v -0.111884 0.160248 -0.016826
v -0.118213 0.144350 -0.017120
v -0.115827 0.128111 -0.019870
v -0.123159 0.104398 -0.023744
v -0.124731 0.080877 -0.029164
v -0.221540 0.001280 -0.031134
v -0.196643 0.002818 -0.071033
v -0.160117 0.002818 -0.079893
v -0.133507 0.002818 -0.059915
v -0.130931 0.001280 -0.018560
v -0.231123 0.004866 0.002757
v -0.135788 0.010620 0.013574
v -0.137772 0.008453 0.077591
v -0.247418 0.000194 0.066394
v -0.246496 -0.001021 0.111035
v -0.145908 -0.001021 0.128601
v -0.238343 0.002781 0.156781
v -0.160016 0.000666 0.161257
v -0.170169 0.009057 0.180836
v -0.237178 0.009862 0.173851
v -0.224412 0.019507 0.187688
v -0.189414 0.020796 0.194337
v -0.206244 0.040816 0.194226
v 0.132863 0.080826 -0.075622
v 0.124674 0.080872 -0.029158
v 0.123105 0.104399 -0.023739
v 0.115727 0.128104 -0.019866
v 0.118124 0.144344 -0.017118
v 0.115563 0.189580 -0.066504
v 0.111764 0.160241 -0.016824
v 0.112163 0.180911 -0.013773
v 0.105695 0.192707 -0.013294
v 0.114453 0.242500 -0.062316
v 0.105297 0.242079 -0.013395
v 0.149011 0.248090 -0.089106
v 0.158922 0.126493 -0.085999
v 0.159835 0.083428 -0.094401
v 0.197269 0.255871 -0.074261
v 0.201985 0.163638 -0.078166
v 0.196929 0.087235 -0.084416
v 0.218182 0.092346 -0.045006
v 0.225593 0.259180 -0.030609
v 0.229149 0.167928 -0.034979
v 0.210772 0.095775 0.013190
v 0.212927 0.185181 0.026074
v 0.221235 0.255439 0.033137
v 0.181302 0.250761 0.062168
v 0.181684 0.166517 0.050915
v 0.181238 0.098285 0.043330
v 0.143720 0.246876 0.045566
v 0.138607 0.101287 0.023822
v 0.111764 0.160241 -0.016824
v 0.112163 0.180911 -0.013773
v 0.105695 0.192707 -0.013294
v 0.105297 0.242079 -0.013395
v 0.118124 0.144344 -0.017118
v 0.115727 0.128104 -0.019866
v 0.123105 0.104399 -0.023739
v 0.124674 0.080872 -0.029158
v 0.138607 0.101287 0.023822
v 0.124674 0.080872 -0.029158
v 0.121134 0.048532 -0.023412
v 0.149220 0.085949 0.041196
v 0.181238 0.098285 0.043330
v 0.137743 0.008454 0.077594
v 0.135711 0.010621 0.013582
v 0.125381 0.015623 -0.019168
v 0.130865 0.001280 -0.018553
v 0.195224 0.051064 0.122648
v 0.225349 0.065757 0.034482
v 0.210772 0.095775 0.013190
v 0.218182 0.092346 -0.045006
v 0.152855 0.036519 0.129311
v 0.170172 0.009057 0.180836
v 0.145911 -0.001020 0.128601
v 0.160019 0.000667 0.161257
v 0.206247 0.040816 0.194226
v 0.189417 0.020797 0.194337
v 0.241678 0.032467 0.122183
v 0.237181 0.009863 0.173851
v 0.224415 0.019507 0.187688
v 0.246498 -0.001020 0.111035
v 0.238346 0.002782 0.156781
v 0.247421 0.000195 0.066394
v 0.231126 0.004867 0.002757
v 0.221543 0.001281 -0.031134
v 0.196929 0.087235 -0.084416
v 0.196645 0.002819 -0.071033
v 0.160120 0.002819 -0.079893
v 0.159835 0.083428 -0.094401
v 0.132863 0.080826 -0.075622
v 0.133491 0.002819 -0.059913
v 0.124674 0.080872 -0.029158
v 0.121134 0.048532 -0.023412
v 0.125381 0.015623 -0.019168
v 0.130865 0.001280 -0.018553
v 0.196645 0.002819 -0.071033
v 0.133491 0.002819 -0.059913
v 0.160120 0.002819 -0.079893
v 0.130865 0.001280 -0.018553
v 0.221543 0.001281 -0.031134
v 0.135711 0.010621 0.013582
v 0.231126 0.004867 0.002757
v 0.247421 0.000195 0.066394
v 0.137743 0.008454 0.077594
v 0.145911 -0.001020 0.128601
v 0.246498 -0.001020 0.111035
v 0.160019 0.000667 0.161257
v 0.238346 0.002782 0.156781
v 0.170172 0.009057 0.180836
v 0.237181 0.009863 0.173851
v 0.189417 0.020797 0.194337
v 0.224415 0.019507 0.187688
v 0.206247 0.040816 0.194226
v -0.163954 1.109849 0.203583
v -0.159696 1.107399 0.203527
v -0.168181 1.112834 0.206624
v -0.199760 1.084447 0.205564
v -0.183356 1.079409 0.205240
v -0.189486 1.080292 0.208993
v -0.180527 1.075511 0.194637
v -0.193345 1.076571 0.201964
v -0.186673 1.076065 0.199759
v -0.203322 1.078915 0.200573
v -0.193345 1.076571 0.201964
v -0.180527 1.075511 0.194637
v -0.191973 1.061746 0.176128
v -0.215298 1.066028 0.182645
v -0.210916 1.064192 0.185124
v -0.206992 1.103778 0.194829
v -0.208756 1.102545 0.194245
v -0.209476 1.093138 0.188219
v -0.212099 1.073486 0.178372
v -0.217330 1.072837 0.170773
v -0.211922 1.060247 0.175013
v 0.188310 1.068627 0.039032
v 0.185887 1.081796 0.038356
v 0.175345 1.085049 0.037446
v -0.168181 1.112834 0.206624
v -0.178882 1.119015 0.214506
v -0.171128 1.116037 0.212155
v -0.187203 1.121464 0.212996
v -0.193615 1.113513 0.204650
v -0.193663 1.122786 0.208222
v -0.200322 1.122277 0.189520
v -0.205349 1.116331 0.172889
v -0.202588 1.126049 0.176976
v -0.192737 1.131650 0.158002
v -0.200622 1.133091 0.170502
v -0.199632 1.143464 0.164182
v -0.193793 1.141240 0.168870
v -0.183654 1.142485 0.163017
v -0.168522 1.146078 0.190693
v -0.205847 1.105526 0.134021
v -0.167276 1.150113 0.184489
v -0.166352 1.150150 0.189613
v -0.170544 1.155157 0.177495
v -0.177838 1.152558 0.166545
v -0.182777 1.147919 0.156895
v -0.184193 1.147552 0.150772
v -0.186212 1.146263 0.146689
v -0.192555 1.125060 0.128484
v -0.194532 1.136311 0.124967
v -0.206438 1.116778 0.108967
v -0.211858 1.093225 0.118174
v -0.204586 1.134357 0.107311
v -0.221810 1.099953 0.093242
v -0.213422 1.131438 0.094547
v -0.209876 1.135177 0.101059
v -0.227414 1.136003 0.019672
v -0.236630 1.117400 0.018690
v -0.231033 1.093226 0.094128
v -0.224393 1.091197 0.097569
v -0.223253 1.087683 0.101798
v -0.220759 1.082741 0.109061
v -0.216653 1.073604 0.125541
v -0.216222 1.067827 0.142508
v -0.211922 1.060247 0.175013
v -0.216892 1.057805 0.160609
v -0.215393 1.051445 0.176352
v -0.213846 1.086635 0.159963
v -0.209476 1.093138 0.188219
v -0.206992 1.103778 0.194829
v -0.198539 1.106428 0.208716
v -0.192511 1.105737 0.214514
v -0.183800 1.102645 0.215855
v -0.175785 1.099317 0.213990
v -0.173367 1.098943 0.208330
v -0.167790 1.097913 0.204773
v -0.159872 1.099773 0.204097
v -0.163353 1.097670 0.204367
v -0.159696 1.107399 0.203527
v -0.158150 1.103276 0.204048
v -0.212099 1.073486 0.178372
v -0.214612 1.086903 0.186196
v -0.207329 1.073871 0.190730
v -0.208947 1.080760 0.197134
v -0.203322 1.078915 0.200573
v -0.213886 1.086327 0.189555
v -0.180527 1.075511 0.194637
v -0.217843 1.072974 0.171458
v -0.217330 1.072837 0.170773
v -0.212020 1.064001 0.192626
v -0.208127 1.062435 0.195928
v -0.196290 1.061464 0.197556
v -0.190084 1.061206 0.194561
v -0.184125 1.061461 0.190411
v -0.178592 1.062105 0.187608
v -0.174400 1.073237 0.191332
v -0.171276 1.064346 0.188716
v -0.174671 1.061720 0.187885
v -0.170186 1.067767 0.190313
v -0.171191 1.071445 0.191486
v -0.159696 1.107399 0.203527
v -0.156599 1.100427 0.208945
v -0.158150 1.103276 0.204048
v -0.171128 1.116037 0.212155
v -0.163954 1.109849 0.203583
v -0.168181 1.112834 0.206624
v -0.170344 1.111004 0.222116
v -0.173051 1.103827 0.222787
v -0.178882 1.119015 0.214506
v -0.187203 1.121464 0.212996
v -0.200246 1.121117 0.219915
v -0.193663 1.122786 0.208222
v -0.227667 1.124352 0.180894
v -0.220227 1.108859 0.184941
v -0.200230 1.106854 0.218600
v -0.210390 1.130338 0.176947
v -0.200322 1.122277 0.189520
v -0.202588 1.126049 0.176976
v -0.200622 1.133091 0.170502
v -0.199632 1.143464 0.164182
v -0.213301 1.142871 0.153379
v -0.187007 1.160403 0.170594
v -0.188145 1.152676 0.187078
v -0.213876 1.148421 0.131330
v -0.187433 1.153255 0.149519
v -0.193793 1.141240 0.168870
v -0.190383 1.145731 0.177400
v -0.218385 1.143964 0.108839
v -0.229863 1.140243 0.111860
v -0.185808 1.146759 0.184183
v -0.177873 1.144352 0.195813
v -0.181747 1.144500 0.188076
v -0.172639 1.149653 0.201756
v -0.174637 1.146143 0.199933
v -0.171164 1.154711 0.201189
v -0.235315 1.129565 0.127529
v -0.232529 1.144031 0.102120
v -0.230204 1.110704 0.178951
v -0.232999 1.103675 0.182284
v -0.207632 1.101515 0.213372
v -0.211288 1.084779 0.212042
v -0.239678 1.095595 0.141566
v -0.234022 1.075677 0.162143
v -0.248355 1.122519 0.106167
v -0.245303 1.137514 0.098976
v -0.247735 1.098655 0.113096
v -0.257212 1.143774 0.026190
v -0.242183 1.156759 0.025322
v -0.231721 1.152686 0.022490
v -0.244275 1.090735 0.105646
v -0.247355 1.118685 0.019993
v -0.234024 1.067575 0.154854
v -0.231033 1.093226 0.094128
v -0.236630 1.117400 0.018690
v -0.213422 1.131438 0.094547
v -0.227414 1.136003 0.019672
v -0.209876 1.135177 0.101059
v -0.204586 1.134357 0.107311
v -0.194532 1.136311 0.124967
v -0.186212 1.146263 0.146689
v -0.184193 1.147552 0.150772
v -0.182777 1.147919 0.156895
v -0.177838 1.152558 0.166545
v -0.170544 1.155157 0.177495
v -0.166352 1.150150 0.189613
v -0.167276 1.150113 0.184489
v -0.166555 1.148494 0.195348
v -0.168522 1.146078 0.190693
v -0.167670 1.149541 0.199185
v -0.172639 1.149653 0.201756
v -0.167790 1.097913 0.204773
v -0.163353 1.097670 0.204367
v -0.173367 1.098943 0.208330
v -0.175785 1.099317 0.213990
v -0.183800 1.102645 0.215855
v -0.192511 1.105737 0.214514
v -0.159872 1.099773 0.204097
v -0.158150 1.103276 0.204048
v -0.198539 1.106428 0.208716
v -0.206992 1.103778 0.194829
v -0.208756 1.102545 0.194245
v -0.208468 1.106774 0.192696
v -0.204603 1.100590 0.207327
v -0.196530 1.099197 0.207708
v -0.186516 1.097303 0.210974
v -0.180386 1.089043 0.219058
v -0.180083 1.096029 0.206819
v -0.169000 1.090800 0.195439
v -0.176974 1.094237 0.200972
v -0.171734 1.092508 0.196741
v -0.164396 1.083950 0.200077
v -0.166138 1.087354 0.195677
v -0.180651 1.078733 0.211856
v -0.189486 1.080292 0.208993
v -0.199760 1.084447 0.205564
v -0.207181 1.085694 0.205746
v -0.213886 1.086327 0.189555
v -0.183356 1.079409 0.205240
v -0.169010 1.080921 0.195348
v -0.179203 1.080223 0.200146
v -0.173143 1.080654 0.195830
v -0.166468 1.083576 0.195799
v -0.166138 1.087354 0.195677
v -0.231321 1.087299 0.174544
v -0.214612 1.086903 0.186196
v -0.212714 1.068636 0.205298
v -0.213050 1.080964 0.199863
v -0.189226 1.074985 0.206026
v -0.208947 1.080760 0.197134
v -0.203322 1.078915 0.200573
v -0.193345 1.076571 0.201964
v -0.186673 1.076065 0.199759
v -0.180527 1.075511 0.194637
v -0.224453 1.072742 0.167847
v -0.170523 1.064799 0.193384
v -0.171191 1.071445 0.191486
v -0.174400 1.073237 0.191332
v -0.170186 1.067767 0.190313
v -0.190898 1.062121 0.206398
v -0.212020 1.064001 0.192626
v -0.208127 1.062435 0.195928
v -0.217843 1.072974 0.171458
v -0.217330 1.072837 0.170773
v -0.196290 1.061464 0.197556
v -0.190084 1.061206 0.194561
v -0.215298 1.066028 0.182645
v -0.219135 1.054565 0.184942
v -0.210916 1.064192 0.185124
v -0.174671 1.061720 0.187885
v -0.184125 1.061461 0.190411
v -0.178592 1.062105 0.187608
v -0.171276 1.064346 0.188716
v -0.170186 1.067767 0.190313
v -0.196911 1.059764 0.186194
v -0.202228 1.061976 0.183733
v -0.196656 1.061756 0.180663
v -0.191973 1.061746 0.176128
v -0.184040 1.052414 0.174456
v -0.184436 1.059243 0.173354
v -0.187440 1.060401 0.172970
v -0.183426 1.056454 0.172140
v -0.204665 1.050381 0.177738
v -0.212440 1.050394 0.178091
v -0.215393 1.051445 0.176352
v -0.195213 1.051820 0.171112
v -0.224278 1.059347 0.155038
v -0.216892 1.057805 0.160609
v -0.216222 1.067827 0.142508
v -0.216653 1.073604 0.125541
v -0.220759 1.082741 0.109061
v -0.223253 1.087683 0.101798
v -0.224393 1.091197 0.097569
v -0.187341 1.052112 0.169764
v -0.190310 1.052526 0.169136
v -0.184805 1.053599 0.170758
v -0.183426 1.056454 0.172140
v -0.208468 1.106774 0.192696
v -0.208756 1.102545 0.194245
v -0.204603 1.100590 0.207327
v -0.207181 1.085694 0.205746
v -0.199760 1.084447 0.205564
v -0.183356 1.079409 0.205240
v -0.196530 1.099197 0.207708
v -0.186516 1.097303 0.210974
v -0.180083 1.096029 0.206819
v -0.176974 1.094237 0.200972
v -0.179203 1.080223 0.200146
v -0.171734 1.092508 0.196741
v -0.173143 1.080654 0.195830
v -0.169000 1.090800 0.195439
v -0.166138 1.087354 0.195677
v -0.166468 1.083576 0.195799
v -0.169010 1.080921 0.195348
v -0.191973 1.061746 0.176128
v -0.202228 1.061976 0.183733
v -0.196656 1.061756 0.180663
v -0.210916 1.064192 0.185124
v -0.187341 1.052112 0.169764
v -0.183426 1.056454 0.172140
v -0.184805 1.053599 0.170758
v -0.184436 1.059243 0.173354
v -0.190310 1.052526 0.169136
v -0.187440 1.060401 0.172970
v -0.191973 1.061746 0.176128
v -0.195213 1.051820 0.171112
v -0.204665 1.050381 0.177738
v -0.212440 1.050394 0.178091
v -0.215298 1.066028 0.182645
v -0.217330 1.072837 0.170773
v -0.174637 1.146143 0.199933
v -0.167670 1.149541 0.199185
v -0.172639 1.149653 0.201756
v -0.166555 1.148494 0.195348
v -0.177873 1.144352 0.195813
v -0.181747 1.144500 0.188076
v -0.185808 1.146759 0.184183
v -0.190383 1.145731 0.177400
v 0.150169 1.063477 0.089805
v 0.144913 1.061500 0.098042
v 0.139735 1.060815 0.101075
v 0.154795 1.064805 0.079551
v 0.160272 1.070786 0.046102
v 0.148393 1.080217 0.078789
v 0.158978 1.064600 0.070540
v 0.168019 1.061726 0.056303
v 0.166214 1.061204 0.049670
v 0.169766 1.060519 0.055622
v 0.170315 1.057183 0.056847
v 0.153169 1.080643 0.069529
v 0.159847 1.079381 0.050270
v 0.144313 1.079568 0.088717
v 0.163927 1.082037 0.027564
v 0.138924 1.077858 0.096832
v 0.134387 1.074748 0.101157
v 0.131314 1.072511 0.105803
v 0.130993 1.071506 0.110602
v 0.133096 1.064560 0.113018
v 0.132045 1.068292 0.113470
v 0.135524 1.060652 0.106277
v 0.134394 1.061650 0.110477
v 0.167929 1.080419 0.002530
v 0.153579 1.088677 -0.017725
v 0.165516 1.084448 -0.025480
v 0.159185 1.097897 -0.023392
v 0.154212 1.093382 -0.027378
v 0.181931 1.076047 -0.013677
v 0.190379 1.066564 -0.009013
v 0.164911 1.095284 -0.041207
v 0.175426 1.095407 -0.038356
v 0.171134 1.095668 -0.040336
v 0.194322 1.091867 -0.026890
v 0.154661 1.097285 -0.046682
v 0.130309 1.087013 -0.050320
v 0.203223 1.079027 -0.033347
v 0.200393 1.096401 -0.031376
v 0.213679 1.097143 -0.038109
v 0.206506 1.098453 -0.034587
v 0.224072 1.063476 -0.037882
v 0.270104 1.138332 -0.069933
v 0.283815 1.122716 -0.069619
v 0.237261 1.062511 -0.035451
v 0.229779 1.058803 -0.036625
v 0.225265 1.053820 -0.031957
v 0.218230 1.047747 -0.024343
v 0.204834 1.056511 -0.020370
v 0.207604 1.036610 -0.012718
v 0.199513 1.029018 0.001364
v 0.186637 1.045608 0.016298
v 0.195193 1.015379 0.026669
v 0.201608 1.014266 0.020898
v 0.205376 1.005456 0.035454
v 0.194326 0.993382 0.052002
v 0.205148 1.002214 0.039230
v 0.201631 0.994688 0.045640
v 0.200653 0.990264 0.050152
v 0.169879 1.046999 0.043553
v 0.168432 1.040345 0.068803
v 0.166778 1.047468 0.071705
v 0.162735 1.043654 0.079850
v 0.150866 1.030352 0.099639
v 0.159268 1.040072 0.089762
v 0.154345 1.035218 0.096416
v 0.177960 1.030078 0.031291
v 0.194153 0.989745 0.064974
v 0.199934 0.986641 0.055256
v 0.199656 0.984258 0.060019
v 0.200843 0.984297 0.062842
v 0.195959 0.989332 0.067635
v 0.198367 0.987227 0.067852
v 0.200296 0.985295 0.065729
v 0.192978 0.993786 0.061151
v 0.193643 1.003588 0.051573
v 0.196014 1.011989 0.047167
v 0.196781 1.016595 0.043163
v 0.192922 1.024550 0.033214
v 0.192946 1.025109 0.033886
v 0.184769 1.022082 0.056819
v 0.195202 1.017699 0.056579
v 0.194773 1.015062 0.062055
v 0.179284 1.008968 0.077816
v 0.186001 1.003523 0.077288
v 0.183162 0.999096 0.083069
v 0.180436 0.996081 0.087799
v 0.185060 1.039332 0.050583
v 0.184376 1.030531 0.061958
v 0.182753 1.039935 0.052485
v 0.183078 1.026621 0.068925
v 0.174781 1.034792 0.069218
v 0.170450 1.030853 0.076804
v 0.179917 1.020338 0.077166
v 0.176774 1.015565 0.082702
v 0.174001 1.009909 0.088301
v 0.168149 1.025336 0.087293
v 0.173262 1.004641 0.093334
v 0.163460 1.021079 0.093874
v 0.158866 1.018713 0.098027
v 0.154494 1.016314 0.103564
v 0.147950 1.026298 0.104478
v 0.147628 1.024083 0.107139
v 0.149554 1.021402 0.110176
v 0.151953 1.018465 0.110046
v 0.153478 1.016135 0.107605
v 0.178545 0.996642 0.095274
v 0.180510 0.995195 0.091647
v 0.176627 0.999666 0.096891
v 0.174466 1.002982 0.096388
v 0.130993 1.071506 0.110602
v 0.132045 1.068292 0.113470
v 0.137057 1.067331 0.116377
v 0.164432 1.081114 0.078774
v 0.138924 1.077858 0.096832
v 0.134387 1.074748 0.101157
v 0.131314 1.072511 0.105803
v 0.144313 1.079568 0.088717
v 0.155809 1.083199 0.071046
v 0.148393 1.080217 0.078789
v 0.153169 1.080643 0.069529
v 0.159847 1.079381 0.050270
v 0.167992 1.086685 0.035961
v 0.163927 1.082037 0.027564
v 0.153579 1.088677 -0.017725
v 0.157546 1.095973 -0.005417
v 0.159185 1.097897 -0.023392
v 0.175345 1.085049 0.037446
v 0.180144 1.077819 0.052678
v 0.188310 1.068627 0.039032
v 0.169766 1.060519 0.055622
v 0.168019 1.061726 0.056303
v 0.170315 1.057183 0.056847
v 0.170008 1.049191 0.081228
v 0.166778 1.047468 0.071705
v 0.162735 1.043654 0.079850
v 0.159268 1.040072 0.089762
v 0.150189 1.028218 0.108872
v 0.154345 1.035218 0.096416
v 0.150866 1.030352 0.099639
v 0.147950 1.026298 0.104478
v 0.147628 1.024083 0.107139
v 0.149554 1.021402 0.110176
v 0.154880 1.021282 0.112541
v 0.163069 1.064550 0.073188
v 0.158978 1.064600 0.070540
v 0.154795 1.064805 0.079551
v 0.150169 1.063477 0.089805
v 0.144913 1.061500 0.098042
v 0.182084 1.037014 0.075520
v 0.168348 1.024065 0.097807
v 0.134394 1.061650 0.110477
v 0.139735 1.060815 0.101075
v 0.135524 1.060652 0.106277
v 0.133096 1.064560 0.113018
v 0.132045 1.068292 0.113470
v 0.168149 1.025336 0.087293
v 0.170450 1.030853 0.076804
v 0.174781 1.034792 0.069218
v 0.163460 1.021079 0.093874
v 0.182753 1.039935 0.052485
v 0.153478 1.016135 0.107605
v 0.158866 1.018713 0.098027
v 0.154494 1.016314 0.103564
v 0.151953 1.018465 0.110046
v 0.149554 1.021402 0.110176
v 0.189365 1.046923 0.044935
v 0.185060 1.039332 0.050583
v 0.197321 1.055339 0.034908
v 0.237370 1.063821 -0.007686
v 0.207958 1.033094 0.017220
v 0.205601 1.020946 0.015665
v 0.237261 1.062511 -0.035451
v 0.199146 1.028637 0.064378
v 0.188601 1.018179 0.084287
v 0.184376 1.030531 0.061958
v 0.183078 1.026621 0.068925
v 0.179917 1.020338 0.077166
v 0.176774 1.015565 0.082702
v 0.174001 1.009909 0.088301
v 0.173262 1.004641 0.093334
v 0.174466 1.002982 0.096388
v 0.180848 1.000353 0.097143
v 0.186590 0.999800 0.084609
v 0.176627 0.999666 0.096891
v 0.200767 1.022984 0.061772
v 0.180510 0.995195 0.091647
v 0.178545 0.996642 0.095274
v 0.176627 0.999666 0.096891
v 0.180436 0.996081 0.087799
v 0.183162 0.999096 0.083069
v 0.186001 1.003523 0.077288
v 0.194773 1.015062 0.062055
v 0.195202 1.017699 0.056579
v 0.197932 1.029565 0.030393
v 0.192946 1.025109 0.033886
v 0.192922 1.024550 0.033214
v 0.196781 1.016595 0.043163
v 0.209945 1.007890 0.040836
v 0.196014 1.011989 0.047167
v 0.202716 0.988338 0.066470
v 0.193643 1.003588 0.051573
v 0.192978 0.993786 0.061151
v 0.195959 0.989332 0.067635
v 0.194153 0.989745 0.064974
v 0.198367 0.987227 0.067852
v 0.205376 1.005456 0.035454
v 0.201608 1.014266 0.020898
v 0.199513 1.029018 0.001364
v 0.207604 1.036610 -0.012718
v 0.205148 1.002214 0.039230
v 0.201631 0.994688 0.045640
v 0.200653 0.990264 0.050152
v 0.218230 1.047747 -0.024343
v 0.199934 0.986641 0.055256
v 0.225265 1.053820 -0.031957
v 0.229779 1.058803 -0.036625
v 0.200843 0.984297 0.062842
v 0.199656 0.984258 0.060019
v 0.200296 0.985295 0.065729
v 0.198367 0.987227 0.067852
v 0.283815 1.122716 -0.069619
v 0.289601 1.123266 -0.060422
v 0.246767 1.066195 -0.026329
v 0.282729 1.142076 -0.041344
v 0.230330 1.081022 -0.005922
v 0.207610 1.089576 0.013869
v 0.185887 1.081796 0.038356
v 0.221706 1.093314 -0.005684
v 0.188648 1.092491 0.024569
v 0.220551 1.107332 -0.017836
v 0.208243 1.106073 -0.020610
v 0.268465 1.153683 -0.048898
v 0.264888 1.151469 -0.059685
v 0.206657 1.104064 -0.003692
v 0.163307 1.107285 -0.029134
v 0.134989 1.101101 -0.035446
v 0.154212 1.093382 -0.027378
v 0.145200 1.095896 -0.031504
v 0.138045 1.094816 -0.035457
v 0.192738 1.109063 -0.014626
v 0.150856 1.108083 -0.041120
v 0.119394 1.091692 -0.046989
v 0.126015 1.089118 -0.040636
v 0.133998 1.091010 -0.037885
v 0.121566 1.089341 -0.043924
v 0.119550 1.095725 -0.050423
v 0.200393 1.096401 -0.031376
v 0.206506 1.098453 -0.034587
v 0.213679 1.097143 -0.038109
v 0.270104 1.138332 -0.069933
v 0.172288 1.102223 -0.039800
v 0.175426 1.095407 -0.038356
v 0.194322 1.091867 -0.026890
v 0.171134 1.095668 -0.040336
v 0.164911 1.095284 -0.041207
v 0.154661 1.097285 -0.046682
v 0.149164 1.097605 -0.050057
v 0.143062 1.096436 -0.053358
v 0.130981 1.089875 -0.054036
v 0.136153 1.090337 -0.053654
v 0.125385 1.088310 -0.052654
v 0.130309 1.087013 -0.050320
v 0.121587 1.089629 -0.051706
v 0.119394 1.091692 -0.046989
v 0.143062 1.096436 -0.053358
v 0.149164 1.097605 -0.050057
v 0.136153 1.090337 -0.053654
v 0.130981 1.089875 -0.054036
v 0.121587 1.089629 -0.051706
v 0.125385 1.088310 -0.052654
v 0.121566 1.089341 -0.043924
v 0.119394 1.091692 -0.046989
v 0.126015 1.089118 -0.040636
v 0.133998 1.091010 -0.037885
v 0.138045 1.094816 -0.035457
v 0.145200 1.095896 -0.031504
v -0.051820 0.061195 -0.263145
v -0.231135 0.075414 -0.247079
v 0.001146 0.061240 -0.264208
v -0.051820 0.061195 -0.263145
v 0.233426 0.075606 -0.247241
v -0.095029 1.075423 0.159258
v 0.000001 1.037531 0.186988
v 0.000001 1.038258 0.186696
v 0.159862 1.395636 -0.118710
v 0.103640 1.375572 -0.155327
v 0.153428 1.411347 -0.121214
v -0.159824 1.060587 0.041976
v -0.156491 1.016768 -0.035286
v -0.166991 1.012576 0.023139
v -0.155836 1.059995 -0.008717
v -0.177541 1.093341 0.046366
v -0.090342 1.055439 -0.051209
v -0.090862 1.013651 -0.061598
v 0.000001 1.003021 -0.066165
v -0.166920 1.092890 -0.005713
v -0.178282 1.150235 0.035430
v -0.167022 1.144408 -0.015093
v -0.178380 1.204671 0.023101
v -0.107963 1.092343 -0.070382
v 0.000001 1.050370 -0.071532
v -0.166967 1.195814 -0.024787
v -0.121000 1.184725 -0.099090
v -0.178478 1.258821 0.010837
v -0.166910 1.249196 -0.034854
v -0.154254 1.328639 -0.130376
v -0.152034 1.335121 -0.087166
v -0.195832 1.359710 -0.109862
v -0.206520 1.409199 -0.099133
v 0.090244 1.056115 -0.048458
v 0.090864 1.013651 -0.061598
v 0.156493 1.016768 -0.035287
v -0.116161 1.138534 -0.084736
v 0.000001 1.087618 -0.092812
v 0.000001 1.135533 -0.097737
v 0.107965 1.093524 -0.064777
v 0.000001 1.183448 -0.102663
v 0.116163 1.139125 -0.081933
v 0.121002 1.184725 -0.099090
v 0.000001 1.267081 -0.127421
v 0.167025 1.146450 -0.015478
v 0.166921 1.092891 -0.005713
v -0.099291 1.283251 -0.152355
v 0.000001 1.387972 -0.149622
v -0.103639 1.375572 -0.155327
v -0.149893 1.376108 -0.131920
v -0.173799 1.426448 -0.113120
v -0.208510 1.430380 -0.042306
v -0.162410 1.443978 -0.045734
v -0.107935 1.428862 -0.113846
v 0.155838 1.059996 -0.008717
v 0.159835 1.060588 0.041976
v 0.166993 1.012577 0.023139
v 0.177543 1.093341 0.046366
v 0.178287 1.152018 0.035026
v 0.178374 1.200066 0.024144
v 0.166979 1.191283 -0.023932
v 0.178479 1.258821 0.010837
v 0.166920 1.249197 -0.034854
v 0.163412 1.318515 -0.107158
v 0.198905 1.352301 -0.111459
v 0.228897 1.398610 -0.108545
v 0.099292 1.283251 -0.152355
v 0.159862 1.395636 -0.118710
v 0.206946 1.414725 -0.084770
v 0.103640 1.375572 -0.155327
v 0.153428 1.411347 -0.121214
v 0.198719 1.427019 -0.037309
v 0.154132 1.440470 -0.042891
v 0.107860 1.428860 -0.113855
v 0.106229 1.453809 -0.056817
v 0.000000 1.479285 -0.119429
v 0.053998 1.498941 -0.095637
v 0.061647 1.503017 -0.065291
v 0.000000 1.477691 -0.055710
v -0.053998 1.498941 -0.095637
v -0.061646 1.503017 -0.065291
v -0.106544 1.453915 -0.056682
v -0.162410 1.443978 -0.045734
v -0.159824 1.060587 0.041976
v -0.166991 1.012576 0.023139
v -0.148145 1.013449 0.082142
v -0.140641 1.066696 0.101956
v -0.092873 1.021834 0.150031
v -0.155742 1.098749 0.105886
v -0.177541 1.093341 0.046366
v -0.095029 1.075423 0.159258
v 0.000001 1.037531 0.186988
v -0.157949 1.158251 0.091538
v -0.178282 1.150235 0.035430
v -0.159726 1.217232 0.075238
v -0.178380 1.204671 0.023101
v -0.178478 1.258821 0.010837
v -0.176843 1.321193 0.026986
v -0.116046 1.222946 0.122277
v -0.112902 1.162053 0.138822
v -0.109714 1.100945 0.155016
v 0.000001 1.080350 0.176521
v 0.000001 1.038258 0.186696
v 0.095022 1.075423 0.159258
v 0.000001 1.037531 0.186988
v 0.092875 1.021834 0.150030
v 0.140643 1.066696 0.101955
v 0.148147 1.013450 0.082142
v 0.159835 1.060588 0.041976
v 0.166993 1.012577 0.023139
v 0.155744 1.098740 0.105886
v 0.177543 1.093341 0.046366
v 0.109725 1.100946 0.155015
v 0.000001 1.103531 0.189076
v 0.000001 1.164645 0.162354
v 0.157950 1.158247 0.091539
v 0.178287 1.152018 0.035026
v 0.112913 1.162053 0.138822
v 0.000001 1.225760 0.135632
v 0.159728 1.217233 0.075238
v 0.178374 1.200066 0.024144
v 0.178479 1.258821 0.010837
v 0.177047 1.331224 0.034778
v 0.116057 1.222946 0.122277
v 0.000001 1.321697 0.117015
v 0.097035 1.334552 0.100779
v 0.105984 1.404354 0.049203
v 0.000001 1.414998 0.056051
v -0.097033 1.334552 0.100779
v -0.105805 1.404366 0.049262
v 0.154170 1.388678 0.022021
v 0.107638 1.432517 0.002690
v 0.189921 1.395072 -0.002238
v 0.151311 1.410649 -0.006165
v 0.198719 1.427019 -0.037309
v 0.154132 1.440470 -0.042891
v 0.106229 1.453809 -0.056817
v 0.061647 1.503017 -0.065291
v 0.061329 1.495851 -0.035989
v 0.000000 1.477691 -0.055710
v 0.000001 1.449105 0.002589
v -0.061328 1.495851 -0.035989
v -0.061646 1.503017 -0.065291
v -0.106544 1.453915 -0.056682
v -0.107105 1.433056 0.003418
v -0.162410 1.443978 -0.045734
v 0.064777 1.479658 -0.004993
v 0.061789 1.461685 0.018790
v 0.030873 1.438339 0.037410
v -0.064765 1.479656 -0.004998
v -0.061745 1.461682 0.018776
v -0.161070 1.418390 0.000113
v -0.208510 1.430380 -0.042306
v -0.198266 1.403142 0.008641
v -0.159712 1.394907 0.031469
v -0.354807 0.330026 0.021581
v -0.283994 0.314742 -0.103874
v -0.326892 0.323995 0.019760
v -0.308418 0.319942 -0.099714
v -0.189209 0.304798 -0.200696
v -0.266344 0.480876 -0.069651
v -0.299919 0.489398 0.019187
v -0.203357 0.308050 -0.210416
v 0.000002 0.291879 -0.215252
v -0.153203 0.470152 -0.157508
v 0.000002 0.292537 -0.226269
v 0.189213 0.304799 -0.200697
v -0.235007 0.645881 -0.061209
v -0.263692 0.652107 0.018785
v -0.131211 0.635576 -0.139288
v -0.203469 0.810783 -0.055721
v -0.227456 0.814813 0.018273
v -0.208955 0.885836 0.018613
v -0.115855 0.801247 -0.131222
v -0.186943 0.888320 -0.057462
v -0.193735 0.958124 0.020041
v -0.173553 0.966832 -0.054283
v -0.166991 1.012576 0.023139
v -0.156491 1.016768 -0.035286
v -0.090862 1.013651 -0.061598
v -0.110803 0.886183 -0.127418
v -0.106242 0.967381 -0.101061
v 0.000001 0.950527 -0.079715
v 0.000001 1.003021 -0.066165
v 0.090864 1.013651 -0.061598
v 0.000820 0.873108 -0.111666
v -0.000046 0.794260 -0.138772
v -0.007609 0.627769 -0.147954
v 0.131174 0.635482 -0.139332
v -0.020110 0.460893 -0.166806
v 0.115858 0.801247 -0.131222
v 0.110820 0.886192 -0.127420
v 0.106245 0.967381 -0.101061
v 0.173555 0.966830 -0.054281
v 0.156493 1.016768 -0.035287
v 0.166993 1.012577 0.023139
v 0.193738 0.958125 0.020045
v 0.186948 0.888303 -0.057444
v 0.208947 0.885807 0.018635
v 0.203472 0.810784 -0.055721
v 0.227468 0.814815 0.018272
v 0.235008 0.645866 -0.061258
v 0.263695 0.652121 0.018742
v 0.266353 0.480843 -0.069622
v 0.299922 0.489428 0.019211
v 0.152492 0.469756 -0.157239
v 0.203361 0.308051 -0.210416
v 0.283998 0.314743 -0.103874
v 0.308422 0.319943 -0.099715
v 0.354820 0.330029 0.021580
v 0.326900 0.323996 0.019760
v -0.103639 1.375572 -0.155327
v -0.173799 1.426448 -0.113120
v -0.107935 1.428862 -0.113846
v -0.162410 1.443978 -0.045734
v -0.272571 1.000591 0.090235
v -0.196353 0.780896 -0.023886
v -0.195108 0.849589 -0.042827
v -0.240193 1.010385 0.059754
v -0.264453 1.130615 0.143366
v -0.234584 1.133209 0.106037
v -0.193557 1.159219 0.117055
v -0.192991 1.193669 0.165476
v -0.113159 1.137696 0.101209
v -0.094403 1.175739 0.148049
v -0.050399 1.056619 0.084669
v -0.082112 1.064855 0.056349
v -0.075137 0.954270 0.033732
v -0.105613 0.976833 0.003992
v -0.157470 0.866303 -0.045824
v -0.140574 0.817096 -0.021974
v -0.195108 0.849589 -0.042827
v -0.140574 0.817096 -0.021974
v -0.157470 0.866303 -0.045824
v -0.196353 0.780896 -0.023886
v -0.215540 0.823943 -0.063023
v -0.165860 0.856847 -0.061532
v -0.233256 0.866608 -0.102427
v -0.189675 0.896216 -0.101356
v -0.250986 0.909277 -0.141828
v -0.213503 0.935588 -0.141177
v -0.215635 0.979541 -0.165720
v -0.251155 0.939417 -0.170290
v -0.174249 1.116744 -0.177918
v -0.274936 0.990956 -0.211053
v -0.188068 1.133523 -0.222921
v -0.267002 1.057375 -0.240497
v -0.151571 1.269679 -0.136357
v -0.255195 1.208345 -0.223263
v -0.163234 1.309341 -0.106814
v -0.204920 1.338052 -0.131120
v -0.195832 1.359710 -0.109862
v -0.152034 1.335121 -0.087166
v 0.354820 0.330029 0.021580
v 0.278185 0.325075 0.143365
v 0.326900 0.323996 0.019760
v 0.300764 0.331332 0.156437
v 0.201867 0.320785 0.205610
v 0.257061 0.489838 0.135580
v 0.299922 0.489428 0.019211
v 0.216167 0.326486 0.223187
v 0.000002 0.310412 0.222347
v 0.175195 0.485330 0.201739
v 0.152840 0.648494 0.180367
v 0.227263 0.652548 0.119129
v 0.263695 0.652121 0.018742
v 0.197466 0.815259 0.102679
v 0.227468 0.814815 0.018272
v 0.208947 0.885807 0.018635
v 0.000002 0.317085 0.243621
v -0.201862 0.320785 0.205610
v 0.002638 0.477400 0.216111
v 0.179980 0.886690 0.098556
v 0.193738 0.958125 0.020045
v -0.216172 0.326486 0.223187
v -0.278181 0.325074 0.143366
v 0.130484 0.811658 0.158995
v 0.165498 0.959391 0.096353
v 0.166993 1.012577 0.023139
v 0.148147 1.013450 0.082142
v 0.110484 0.966412 0.163415
v 0.092875 1.021834 0.150030
v 0.000001 0.803604 0.175978
v 0.000001 0.952227 0.169560
v 0.000001 1.037531 0.186988
v -0.092873 1.021834 0.150031
v -0.110481 0.966412 0.163415
v -0.148145 1.013449 0.082142
v 0.000002 0.640584 0.196055
v -0.130481 0.811657 0.158995
v -0.165496 0.959388 0.096351
v -0.166991 1.012576 0.023139
v -0.193735 0.958124 0.020041
v -0.180017 0.886727 0.098539
v -0.208955 0.885836 0.018613
v -0.197463 0.815258 0.102679
v -0.227456 0.814813 0.018273
v -0.152846 0.648423 0.180416
v -0.227267 0.652505 0.119170
v -0.263692 0.652107 0.018785
v -0.175205 0.485145 0.201714
v -0.257065 0.489731 0.135559
v -0.299919 0.489398 0.019187
v -0.300759 0.331331 0.156437
v -0.354807 0.330026 0.021581
v -0.326892 0.323995 0.019760
v 0.228897 1.398610 -0.108545
v 0.237599 1.343421 -0.134992
v 0.198905 1.352301 -0.111459
v 0.295027 1.348577 -0.133976
v 0.270181 1.328153 -0.175312
v 0.372168 1.315857 -0.172537
v 0.457587 1.220000 -0.194068
v 0.406389 1.168420 -0.243570
v 0.468760 1.228329 -0.171371
v 0.395394 1.071281 -0.228081
v 0.479583 1.100780 -0.157404
v 0.448164 1.022328 -0.146630
v 0.464676 0.990135 -0.016947
v 0.442539 0.969541 -0.051529
v 0.409301 0.940687 -0.009453
v 0.434999 0.964928 0.029650
v 0.376026 0.911787 0.032507
v 0.405324 0.939735 0.076250
v 0.342533 0.881384 0.074198
v 0.375432 0.913039 0.122582
v -0.272571 1.000591 0.090235
v -0.215540 0.823943 -0.063023
v -0.196353 0.780896 -0.023886
v -0.284643 1.025616 0.031026
v -0.233256 0.866608 -0.102427
v -0.275991 1.144938 0.074509
v -0.264453 1.130615 0.143366
v -0.295243 1.050268 -0.028448
v -0.250986 0.909277 -0.141828
v -0.286040 1.158913 0.005384
v -0.214084 1.203368 0.091755
v -0.192991 1.193669 0.165476
v -0.233689 1.212697 0.017762
v -0.132765 1.188833 0.077390
v -0.094403 1.175739 0.148049
v -0.050399 1.056619 0.084669
v -0.169435 1.201408 0.006319
v -0.201538 1.212933 -0.065448
v -0.084486 1.078509 0.024384
v -0.075137 0.954270 0.033732
v -0.253619 1.221063 -0.056602
v -0.297484 1.170887 -0.068042
v -0.117082 1.100086 -0.036162
v -0.104768 0.985248 -0.016184
v -0.305859 1.074924 -0.087920
v -0.302741 1.172893 -0.113688
v -0.305534 1.093082 -0.120935
v -0.302686 1.194170 -0.128482
v -0.251155 0.939417 -0.170290
v -0.268582 1.182019 -0.091111
v -0.295170 1.157506 -0.162900
v -0.274936 0.990956 -0.211053
v -0.283294 1.213489 -0.173276
v -0.267002 1.057375 -0.240497
v -0.260753 1.283673 -0.146746
v -0.255195 1.208345 -0.223263
v -0.292764 1.227727 -0.119216
v -0.248158 1.326199 -0.122247
v -0.204920 1.338052 -0.131120
v -0.276574 1.270909 -0.089166
v -0.236383 1.362648 -0.101356
v -0.195832 1.359710 -0.109862
v -0.206520 1.409199 -0.099133
v -0.208510 1.430380 -0.042306
v -0.265307 1.311135 -0.070720
v -0.251990 1.355545 -0.052592
v -0.198266 1.403142 0.008641
v -0.222117 1.329822 -0.017058
v -0.231887 1.284007 -0.033568
v -0.241249 1.240222 -0.049831
v -0.178209 1.321256 0.002423
v -0.176843 1.321193 0.026986
v -0.178478 1.258821 0.010837
v -0.196421 1.288880 -0.014892
v -0.162048 1.326165 -0.043042
v -0.152034 1.335121 -0.087166
v -0.163234 1.309341 -0.106814
v -0.162851 1.289701 -0.064376
v -0.151571 1.269679 -0.136357
v -0.198494 1.240823 -0.038020
v -0.205768 1.262449 -0.061434
v -0.167307 1.187751 -0.176283
v -0.188068 1.133523 -0.222921
v -0.203862 1.191441 -0.064486
v -0.164689 1.165301 -0.162999
v -0.174249 1.116744 -0.177918
v -0.254886 1.207523 -0.080431
v -0.215149 1.170127 -0.098253
v -0.263214 1.185102 -0.093791
v -0.214289 1.184392 -0.099121
v -0.161026 1.142574 -0.126288
v -0.166443 1.078495 -0.143852
v -0.215635 0.979541 -0.165720
v -0.149691 1.121666 -0.096706
v -0.161249 1.046419 -0.116519
v -0.213503 0.935588 -0.141177
v -0.132971 1.015851 -0.066357
v -0.189675 0.896216 -0.101356
v -0.165860 0.856847 -0.061532
v -0.140574 0.817096 -0.021974
v 0.405324 0.939735 0.076250
v 0.271830 1.074019 0.053828
v 0.375432 0.913039 0.122582
v 0.319436 1.091005 0.012611
v 0.434999 0.964928 0.029650
v 0.262469 1.127904 -0.001853
v 0.213392 1.092389 0.026098
v 0.366335 1.107081 -0.029600
v 0.464676 0.990135 -0.016947
v 0.309957 1.171658 -0.034221
v 0.189322 1.161132 -0.016394
v 0.131181 1.116090 0.007369
v 0.247384 1.206610 -0.045433
v 0.150150 1.155021 -0.090276
v 0.083813 1.108420 -0.082310
v 0.133118 1.009432 -0.125228
v 0.231206 1.174000 -0.158996
v 0.299047 1.198518 -0.176582
v 0.193518 1.029776 -0.138356
v 0.229635 0.913970 -0.080359
v 0.308017 1.246441 -0.079701
v 0.363105 1.210667 -0.070396
v 0.254862 1.054855 -0.166670
v 0.273360 0.944189 -0.103150
v 0.413171 1.123312 -0.071869
v 0.395358 1.232087 -0.089005
v 0.434123 1.133960 -0.100500
v 0.395970 1.258735 -0.086204
v 0.479583 1.100780 -0.157404
v 0.354424 1.228975 -0.097446
v 0.434443 1.208749 -0.131312
v 0.468760 1.228329 -0.171371
v 0.410105 1.273056 -0.126074
v 0.457587 1.220000 -0.194068
v 0.345781 1.344916 -0.095729
v 0.372168 1.315857 -0.172537
v 0.304782 1.372866 -0.078911
v 0.295027 1.348577 -0.133976
v 0.268629 1.392103 -0.068064
v 0.228897 1.398610 -0.108545
v 0.206946 1.414725 -0.084770
v 0.198719 1.427019 -0.037309
v 0.256173 1.365513 -0.030333
v 0.189921 1.395072 -0.002238
v 0.290065 1.335560 -0.040264
v 0.322907 1.309662 -0.052880
v 0.227574 1.329144 -0.035920
v 0.369709 1.285526 -0.073588
v 0.256152 1.294672 -0.052079
v 0.189180 1.319513 -0.039847
v 0.177047 1.331224 0.034778
v 0.178479 1.258821 0.010837
v 0.285798 1.263383 -0.066513
v 0.326559 1.249849 -0.084503
v 0.224739 1.295406 -0.061810
v 0.192494 1.333978 -0.078942
v 0.198905 1.352301 -0.111459
v 0.237599 1.343421 -0.134992
v 0.223941 1.312332 -0.113682
v 0.270181 1.328153 -0.175312
v 0.254464 1.259859 -0.093848
v 0.273382 1.291176 -0.105241
v 0.350808 1.223060 -0.229032
v 0.406389 1.168420 -0.243570
v 0.288696 1.226648 -0.119320
v 0.366461 1.113827 -0.248447
v 0.395394 1.071281 -0.228081
v 0.333096 1.203862 -0.156111
v 0.350057 1.235004 -0.096309
v 0.336328 1.194717 -0.179239
v 0.341136 1.098520 -0.216763
v 0.375096 1.034350 -0.191831
v 0.448164 1.022328 -0.146630
v 0.316235 1.079792 -0.195014
v 0.361121 1.003586 -0.158733
v 0.442539 0.969541 -0.051529
v 0.317255 0.965856 -0.122285
v 0.409301 0.940687 -0.009453
v 0.376026 0.911787 0.032507
v 0.342533 0.881384 0.074198
v -0.201862 0.320785 0.205610
v -0.278181 0.325074 0.143366
v -0.326892 0.323995 0.019760
v -0.349940 0.248416 0.021023
v -0.217626 0.245013 0.219121
v -0.374245 0.172947 0.022213
v 0.000002 0.233368 0.236236
v 0.000002 0.310412 0.222347
v 0.201867 0.320785 0.205610
v -0.234059 0.169339 0.233421
v -0.393313 0.097061 0.022028
v -0.247043 0.093288 0.243389
v 0.001146 0.079398 0.261234
v 0.000002 0.156420 0.251037
v 0.238010 0.232337 0.220177
v 0.248346 0.155144 0.231813
v 0.257343 0.077999 0.239003
v 0.395141 0.075831 0.012256
v 0.374251 0.172949 0.022212
v 0.349947 0.248418 0.021023
v 0.326900 0.323996 0.019760
v 0.278185 0.325075 0.143365
v -0.326892 0.323995 0.019760
v -0.283994 0.314742 -0.103874
v -0.189209 0.304798 -0.200696
v -0.349940 0.248416 0.021023
v -0.203827 0.228454 -0.216388
v 0.000002 0.215027 -0.231730
v 0.000002 0.291879 -0.215252
v 0.189213 0.304799 -0.200697
v -0.219085 0.152013 -0.232913
v -0.374245 0.172947 0.022213
v 0.000002 0.138085 -0.249226
v -0.231135 0.075414 -0.247079
v -0.393313 0.097061 0.022028
v 0.001146 0.061240 -0.264208
v 0.203831 0.228455 -0.216388
v 0.219089 0.152013 -0.232914
v 0.233426 0.075606 -0.247241
v 0.374251 0.172949 0.022212
v 0.395141 0.075831 0.012256
v 0.349947 0.248418 0.021023
v 0.326900 0.323996 0.019760
v 0.283998 0.314743 -0.103874
v -0.157470 0.866303 -0.045824
v -0.240193 1.010385 0.059754
v -0.195108 0.849589 -0.042827
v -0.105613 0.976833 0.003992
v -0.082112 1.064855 0.056349
v -0.234584 1.133209 0.106037
v -0.113159 1.137696 0.101209
v -0.193557 1.159219 0.117055
v 0.273297 1.060285 0.009497
v 0.356355 0.912389 0.028119
v 0.372632 0.938181 0.055956
v 0.261119 0.932158 -0.067878
v 0.169937 1.022212 -0.112572
v 0.219151 1.098305 -0.016042
v 0.139934 1.101932 -0.105740
v 0.175176 1.116671 -0.033999
v 0.229635 0.913970 -0.080359
v 0.356355 0.912389 0.028119
v 0.261119 0.932158 -0.067878
v 0.169937 1.022212 -0.112572
v 0.342533 0.881384 0.074198
v 0.133118 1.009432 -0.125228
v 0.372632 0.938181 0.055956
v 0.375432 0.913039 0.122582
v 0.271830 1.074019 0.053828
v 0.273297 1.060285 0.009497
v 0.139934 1.101932 -0.105740
v 0.083813 1.108420 -0.082310
v 0.131181 1.116090 0.007369
v 0.175176 1.116671 -0.033999
v 0.213392 1.092389 0.026098
v 0.219151 1.098305 -0.016042
v 0.183748 0.494243 0.238557
v 0.000002 0.293930 0.291498
v 0.234235 0.340622 0.267906
v 0.000002 0.197925 0.310638
v -0.234237 0.340622 0.267905
v -0.183770 0.493915 0.238530
v 0.004387 0.486101 0.253231
v 0.154189 0.655074 0.207281
v -0.154197 0.654992 0.207334
v 0.000002 0.647633 0.222840
v 0.131250 0.816459 0.175538
v -0.131247 0.816458 0.175538
v 0.000001 0.808990 0.192436
v 0.122010 0.890272 0.166664
v -0.122007 0.890272 0.166665
v -0.002627 0.882933 0.182987
v 0.109985 0.975188 0.178009
v -0.109983 0.975188 0.178010
v -0.002253 0.967272 0.188737
v 0.092831 1.026352 0.157258
v -0.092829 1.026352 0.157258
v 0.000001 1.041254 0.190429
v 0.020746 1.851251 -0.229590
v 0.017778 1.851251 -0.229590
v 0.019605 1.851025 -0.226022
v -0.018743 1.802083 0.149747
v -0.021710 1.802083 0.149747
v -0.019884 1.802080 0.153321
v -0.085221 1.802443 0.184334
v -0.085222 1.824170 -0.032142
v -0.085222 1.815557 -0.032595
v -0.043222 1.662503 0.085674
v -0.000230 1.664803 0.095212
v -0.000230 1.662541 0.095069
v -0.000230 1.664803 0.095212
v 0.042761 1.662503 0.085673
v -0.000230 1.662541 0.095069
v 0.020746 1.802083 0.149747
v 0.017778 1.802083 0.149747
v 0.019605 1.802080 0.153321
v 0.046935 1.802083 0.149747
v 0.043968 1.802083 0.149747
v 0.045795 1.802080 0.153321
v 0.072598 1.802083 0.149747
v 0.069630 1.802083 0.149747
v 0.071457 1.802080 0.153321
v -0.071069 1.802083 0.149747
v -0.074037 1.802083 0.149747
v -0.072210 1.802079 0.153321
v -0.044932 1.802083 0.149747
v -0.047900 1.802083 0.149747
v -0.046073 1.802080 0.153321
v -0.018743 1.851251 -0.229590
v -0.021711 1.851251 -0.229590
v -0.019884 1.851025 -0.226022
v -0.071069 1.851251 -0.229590
v -0.074037 1.851251 -0.229590
v -0.072210 1.851025 -0.226022
v -0.044932 1.851251 -0.229590
v -0.047900 1.851251 -0.229590
v -0.046073 1.851025 -0.226022
v 0.072598 1.851251 -0.229590
v 0.069630 1.851251 -0.229590
v 0.071457 1.851025 -0.226022
v 0.046935 1.851251 -0.229590
v 0.043967 1.851251 -0.229590
v 0.045794 1.851025 -0.226022
v 0.086626 1.313828 0.149047
v 0.093600 1.313857 0.155949
v 0.093485 1.306822 0.148674
v 0.093753 1.306704 0.155824
v 0.085583 1.793830 0.183881
v 0.085583 1.802443 0.184334
v -0.085221 1.802443 0.184334
v -0.085221 1.793830 0.183881
v 0.085583 1.793830 0.183881
v 0.085583 1.819864 -0.032368
v 0.085583 1.824170 -0.032142
v 0.085583 1.815557 -0.032595
v 0.085583 1.829727 -0.140689
v 0.085583 1.831882 -0.140576
v 0.085583 1.859021 -0.248047
v 0.085583 1.838341 -0.140236
v 0.085583 1.850409 -0.248500
v -0.085222 1.829727 -0.140689
v -0.085222 1.850409 -0.248500
v 0.085583 1.829727 -0.140689
v -0.085222 1.815557 -0.032595
v 0.085583 1.815557 -0.032595
v -0.085221 1.793830 0.183881
v 0.085583 1.793830 0.183881
v -0.085222 1.850409 -0.248500
v -0.085222 1.859021 -0.248047
v 0.085583 1.859021 -0.248047
v 0.085583 1.850409 -0.248500
v -0.085222 1.850409 -0.248500
v -0.085222 1.829727 -0.140689
v -0.085222 1.838341 -0.140236
v -0.085222 1.824170 -0.032142
v 0.085583 1.802443 0.184334
v -0.085222 1.824170 -0.032142
v -0.085221 1.802443 0.184334
v 0.085583 1.824170 -0.032142
v -0.085222 1.838341 -0.140236
v 0.085583 1.838341 -0.140236
v -0.085222 1.859021 -0.248047
v 0.085583 1.859021 -0.248047
v 0.137166 1.708250 -0.019876
v 0.129761 1.711388 -0.028246
v 0.158464 1.707333 -0.032157
v 0.129761 1.715390 -0.029549
v -0.179772 1.713432 -0.026386
v 0.158492 1.715729 -0.034897
v 0.168215 1.715094 -0.024875
v 0.158464 1.723712 -0.031119
v 0.129761 1.719195 -0.027751
v 0.137166 1.721251 -0.019052
v 0.129761 1.719802 -0.024577
v -0.179772 1.716932 -0.026164
v -0.185603 1.715093 -0.024875
v -0.000230 1.666456 -0.005894
v -0.043242 1.605750 -0.108058
v -0.000230 1.604912 -0.114181
v -0.081380 1.609280 -0.073867
v -0.092176 1.613655 -0.009240
v -0.081380 1.620363 0.056106
v -0.043242 1.621748 0.090389
v -0.000230 1.621787 0.099811
v -0.000230 1.666456 -0.005894
v 0.042782 1.621748 0.090389
v -0.000230 1.621787 0.099811
v 0.080920 1.620363 0.056106
v 0.091715 1.613655 -0.009240
v 0.080920 1.609280 -0.073867
v 0.042782 1.605750 -0.108058
v -0.000230 1.604912 -0.114181
v -0.000230 1.728466 0.082632
v -0.000230 1.662541 0.095069
v 0.042761 1.662503 0.085673
v 0.048921 1.729061 0.073250
v 0.076647 1.658411 0.050383
v -0.000231 1.785466 0.057325
v 0.087515 1.728068 0.039086
v 0.048921 1.786061 0.047944
v 0.088188 1.768490 0.025812
v 0.094908 1.788944 -0.031602
v -0.000231 1.809276 -0.030313
v 0.048921 1.809276 -0.030313
v 0.093335 1.775844 -0.067990
v 0.048921 1.790328 -0.097233
v -0.000231 1.790718 -0.103388
v 0.048921 1.737646 -0.126859
v 0.089406 1.735888 -0.084284
v -0.000231 1.736733 -0.132959
v 0.042761 1.646748 -0.109184
v 0.079139 1.650166 -0.074379
v -0.000230 1.645913 -0.115290
v -0.000230 1.728466 0.082632
v -0.043222 1.662503 0.085674
v -0.000230 1.662541 0.095069
v -0.049382 1.729061 0.073250
v -0.077107 1.658411 0.050383
v -0.000231 1.785466 0.057325
v -0.087976 1.728068 0.039086
v -0.049382 1.786060 0.047944
v -0.088649 1.768489 0.025812
v -0.095369 1.788944 -0.031602
v -0.000231 1.809276 -0.030313
v -0.049382 1.809276 -0.030313
v -0.093796 1.775844 -0.067990
v -0.049382 1.790328 -0.097233
v -0.000231 1.790718 -0.103388
v -0.049382 1.737646 -0.126859
v -0.089867 1.735887 -0.084284
v -0.000231 1.736733 -0.132959
v -0.043222 1.646748 -0.109184
v -0.079600 1.650166 -0.074379
v -0.000230 1.645913 -0.115290
v -0.092176 1.613655 -0.009240
v -0.081380 1.620363 0.056106
v -0.081380 1.656429 0.053737
v -0.092176 1.649662 -0.012387
v -0.081380 1.609280 -0.073867
v -0.081380 1.645286 -0.077039
v -0.079600 1.650166 -0.074379
v -0.089897 1.654281 -0.012703
v -0.077107 1.658411 0.050383
v -0.081380 1.656429 0.053737
v -0.043222 1.662503 0.085674
v -0.077107 1.658411 0.050383
v -0.043242 1.657893 0.090240
v -0.033322 1.665179 0.085843
v -0.033338 1.658794 0.090298
v -0.000230 1.659463 0.099759
v -0.000230 1.621787 0.099811
v -0.043242 1.621748 0.090389
v -0.081380 1.620363 0.056106
v -0.089897 1.654281 -0.012703
v -0.077107 1.658411 0.050383
v -0.087976 1.728068 0.039086
v -0.100164 1.731977 -0.022598
v -0.079600 1.650166 -0.074379
v -0.088649 1.768489 0.025812
v -0.089867 1.735887 -0.084284
v -0.095369 1.788944 -0.031602
v -0.093796 1.775844 -0.067990
v -0.043222 1.662503 0.085674
v -0.033322 1.665179 0.085843
v -0.000230 1.664803 0.095212
v -0.000230 1.727220 0.101688
v -0.035655 1.706870 0.091005
v -0.033338 1.658794 0.090298
v -0.035672 1.708121 0.095944
v -0.000230 1.728469 0.106653
v 0.035195 1.706870 0.091005
v 0.035211 1.708121 0.095944
v 0.035195 1.706870 0.091005
v 0.032861 1.665179 0.085843
v 0.032877 1.658794 0.090298
v -0.000230 1.727220 0.101688
v -0.000230 1.664803 0.095212
v 0.042761 1.662503 0.085673
v -0.035672 1.708121 0.095944
v -0.033338 1.658794 0.090298
v -0.000230 1.659463 0.099759
v -0.000230 1.728469 0.106653
v -0.000230 1.659463 0.099759
v 0.032877 1.658794 0.090298
v 0.035211 1.708121 0.095944
v -0.000230 1.728469 0.106653
v 0.091715 1.613655 -0.009240
v 0.080920 1.656429 0.053737
v 0.080920 1.620363 0.056106
v 0.091715 1.649662 -0.012387
v 0.080920 1.609280 -0.073867
v 0.080920 1.645286 -0.077039
v 0.079139 1.650166 -0.074379
v 0.089436 1.654281 -0.012703
v 0.076647 1.658411 0.050383
v 0.080920 1.656429 0.053737
v 0.042782 1.621748 0.090389
v 0.080920 1.620363 0.056106
v 0.042782 1.657893 0.090240
v -0.000230 1.621787 0.099811
v -0.000230 1.659463 0.099759
v 0.032877 1.658794 0.090298
v 0.042761 1.662503 0.085673
v 0.076647 1.658411 0.050383
v 0.032861 1.665179 0.085843
v 0.089436 1.654281 -0.012703
v 0.087515 1.728068 0.039086
v 0.076647 1.658411 0.050383
v 0.099703 1.731978 -0.022598
v 0.079139 1.650166 -0.074379
v 0.088188 1.768490 0.025812
v 0.089406 1.735888 -0.084284
v 0.094908 1.788944 -0.031602
v 0.093335 1.775844 -0.067990
v 0.035035 1.312692 0.150963
v 0.042010 1.312721 0.157865
v 0.041895 1.305686 0.150590
v 0.042163 1.305568 0.157740
v 0.068150 1.306140 0.156775
v 0.060087 1.309683 0.148935
v 0.061176 1.306111 0.149874
v 0.061291 1.313146 0.157148
v 0.067729 1.313412 0.149749
v 0.060087 1.309683 0.148935
v 0.067729 1.313412 0.149749
v 0.061176 1.306111 0.149874
v 0.068150 1.306140 0.156775
v 0.061291 1.313146 0.157148
v -0.050029 1.303538 0.161164
v -0.058092 1.307080 0.153323
v -0.057004 1.303508 0.154263
v -0.056888 1.310543 0.161537
v -0.050450 1.310810 0.154137
v -0.058092 1.307080 0.153323
v -0.050450 1.310810 0.154137
v -0.057004 1.303508 0.154263
v -0.050029 1.303538 0.161164
v -0.056888 1.310543 0.161537
v -0.023917 1.304113 0.160194
v -0.031980 1.307655 0.152353
v -0.030891 1.304083 0.153293
v -0.030776 1.311118 0.160567
v -0.024338 1.311385 0.153168
v -0.031980 1.307655 0.152353
v -0.024338 1.311385 0.153168
v -0.030891 1.304083 0.153293
v -0.023917 1.304113 0.160194
v -0.030776 1.311118 0.160567
v -0.004452 1.311823 0.152429
v 0.002522 1.311852 0.159331
v 0.002407 1.304816 0.152057
v 0.002675 1.304698 0.159206
v -0.006242 1.349303 -0.249006
v 0.000723 1.348757 -0.242117
v 0.000393 1.342112 -0.249743
v 0.000650 1.341618 -0.242608
v -0.045738 1.349608 -0.247558
v -0.038773 1.349062 -0.240670
v -0.039104 1.342417 -0.248296
v -0.038846 1.341923 -0.241161
v -0.091563 1.342330 -0.239230
v -0.099503 1.346524 -0.246872
v -0.098528 1.342876 -0.246119
v -0.098198 1.349521 -0.238492
v -0.091748 1.349963 -0.245873
v -0.099503 1.346524 -0.246872
v -0.091748 1.349963 -0.245873
v -0.098528 1.342876 -0.246119
v -0.091563 1.342330 -0.239230
v -0.098198 1.349521 -0.238492
v -0.065444 1.342129 -0.240187
v -0.073384 1.346323 -0.247829
v -0.072410 1.342674 -0.247076
v -0.072079 1.349319 -0.239449
v -0.065629 1.349761 -0.246830
v -0.073384 1.346323 -0.247829
v -0.065629 1.349761 -0.246830
v -0.072410 1.342674 -0.247076
v -0.065444 1.342129 -0.240187
v -0.072079 1.349319 -0.239449
v 0.045360 1.348905 -0.250896
v 0.052326 1.348359 -0.244007
v 0.051995 1.341714 -0.251634
v 0.052253 1.341220 -0.244499
v 0.019751 1.349102 -0.249958
v 0.026717 1.348557 -0.243069
v 0.026386 1.341912 -0.250695
v 0.026643 1.341418 -0.243561
v -0.079433 1.624505 -0.008764
v -0.081282 1.575202 0.018433
v -0.073930 1.629196 0.019051
v -0.086366 1.569877 -0.001877
v -0.068885 1.502736 0.017259
v -0.072257 1.501571 0.004383
v -0.054006 1.473832 0.023087
v -0.058230 1.473935 0.013152
v -0.033827 1.455393 0.030394
v -0.039467 1.455744 0.022093
v -0.003760 1.446763 0.034202
v -0.003781 1.446097 0.028289
v 0.080829 1.575202 0.018433
v 0.074655 1.629196 0.019051
v 0.079355 1.628588 0.000599
v 0.087556 1.570015 -0.001889
v 0.065325 1.501297 0.004408
v 0.061365 1.502736 0.017259
v 0.051469 1.473832 0.023087
v 0.055443 1.473114 0.013225
v 0.031290 1.455393 0.030393
v 0.036121 1.456018 0.022068
v -0.003760 1.446763 0.034202
v -0.003739 1.446097 0.028289
v -0.018743 1.802083 0.149747
v -0.019598 1.678491 0.150974
v -0.021710 1.802083 0.149747
v -0.016632 1.678599 0.150968
v -0.019884 1.802080 0.153321
v -0.017483 1.678610 0.153650
v -0.006232 1.432953 0.155640
v -0.003273 1.433109 0.155591
v -0.003542 1.433101 0.156489
v 0.000143 1.311005 0.154265
v -0.000863 1.310921 0.157879
v 0.020746 1.802083 0.149747
v 0.019860 1.679930 0.150893
v 0.017778 1.802083 0.149747
v 0.022825 1.680038 0.150887
v 0.019605 1.802080 0.153321
v 0.021974 1.680048 0.153569
v 0.033185 1.435040 0.154976
v 0.036151 1.435197 0.154922
v 0.035880 1.435189 0.155821
v 0.039595 1.311873 0.152800
v 0.038589 1.311790 0.156414
v 0.046935 1.802083 0.149747
v 0.046056 1.680842 0.150852
v 0.043968 1.802083 0.149747
v 0.049037 1.680923 0.150853
v 0.045795 1.802080 0.153321
v 0.048181 1.680941 0.153533
v 0.059372 1.436428 0.154482
v 0.062340 1.436586 0.154422
v 0.062070 1.436577 0.155321
v 0.065760 1.312450 0.151829
v 0.064754 1.312366 0.155442
v 0.072598 1.802083 0.149747
v 0.071711 1.681726 0.150807
v 0.069630 1.802083 0.149747
v 0.074676 1.681830 0.150801
v 0.071457 1.802080 0.153321
v 0.077305 1.560282 0.152900
v 0.073825 1.681841 0.153483
v 0.080272 1.560456 0.152877
v 0.085040 1.437799 0.153952
v 0.079711 1.560453 0.154668
v 0.088006 1.437964 0.153891
v 0.091399 1.313014 0.150876
v 0.087736 1.437954 0.154790
v 0.087736 1.437954 0.154790
v 0.085040 1.437799 0.153952
v 0.091399 1.313014 0.150876
v 0.077305 1.560282 0.152900
v 0.079711 1.560453 0.154668
v 0.071711 1.681726 0.150807
v 0.073825 1.681841 0.153483
v 0.069630 1.802083 0.149747
v 0.071457 1.802080 0.153321
v -0.071069 1.802083 0.149747
v -0.071850 1.676687 0.151083
v -0.074037 1.802083 0.149747
v -0.068884 1.676792 0.151078
v -0.072210 1.802079 0.153321
v -0.069736 1.676802 0.153759
v -0.058370 1.430165 0.156553
v -0.055411 1.430331 0.156504
v -0.055679 1.430322 0.157402
v -0.052135 1.309853 0.156207
v -0.053140 1.309769 0.159820
v -0.044932 1.802083 0.149747
v -0.045729 1.677612 0.151033
v -0.047900 1.802083 0.149747
v -0.042772 1.677699 0.151026
v -0.046073 1.802080 0.153321
v -0.043619 1.677717 0.153709
v -0.032328 1.431568 0.156087
v -0.029372 1.431725 0.156034
v -0.029641 1.431717 0.156932
v -0.026022 1.310428 0.155237
v -0.027028 1.310344 0.158850
v 0.020746 1.851251 -0.229590
v 0.014636 1.722605 -0.234390
v 0.017778 1.851251 -0.229590
v 0.017600 1.722465 -0.234400
v 0.019605 1.851025 -0.226022
v 0.016750 1.722401 -0.231718
v -0.002899 1.467157 -0.239895
v 0.000060 1.466995 -0.239956
v -0.000208 1.466972 -0.239058
v -0.001779 1.340213 -0.247342
v -0.002790 1.339976 -0.243737
v -0.018743 1.851251 -0.229590
v -0.024801 1.724464 -0.234262
v -0.021711 1.851251 -0.229590
v -0.021837 1.724324 -0.234271
v -0.019884 1.851025 -0.226022
v -0.022687 1.724260 -0.231590
v -0.042304 1.469307 -0.239087
v -0.039341 1.469146 -0.239148
v -0.039609 1.469122 -0.238250
v -0.041240 1.340518 -0.245897
v -0.042251 1.340280 -0.242291
v -0.071069 1.851251 -0.229590
v -0.077100 1.726820 -0.234088
v -0.074037 1.851251 -0.229590
v -0.074136 1.726685 -0.234097
v -0.072210 1.851025 -0.226022
v -0.074986 1.726618 -0.231416
v -0.094582 1.472085 -0.237942
v -0.091617 1.471932 -0.238010
v -0.091885 1.471905 -0.237111
v -0.093530 1.340921 -0.243981
v -0.094541 1.340684 -0.240375
v -0.044932 1.851251 -0.229590
v -0.051000 1.725620 -0.234168
v -0.047900 1.851251 -0.229590
v -0.048023 1.725506 -0.234180
v -0.046073 1.851025 -0.226022
v -0.048880 1.725429 -0.231497
v -0.068468 1.470713 -0.238531
v -0.065502 1.470556 -0.238596
v -0.065770 1.470530 -0.237697
v -0.067411 1.340720 -0.244938
v -0.068422 1.340482 -0.241332
v 0.072598 1.851251 -0.229590
v 0.066389 1.720266 -0.234532
v 0.069630 1.851251 -0.229590
v 0.069353 1.720130 -0.234541
v 0.071457 1.851025 -0.226022
v 0.068502 1.720062 -0.231860
v 0.048777 1.464400 -0.241042
v 0.051735 1.464248 -0.241111
v 0.051468 1.464223 -0.240213
v 0.050037 1.339813 -0.249241
v 0.049025 1.339576 -0.245635
v 0.046935 1.851251 -0.229590
v 0.040770 1.721413 -0.234460
v 0.043967 1.851251 -0.229590
v 0.043718 1.721309 -0.234459
v 0.045794 1.851025 -0.226022
v 0.042871 1.721234 -0.231780
v 0.023205 1.465749 -0.240457
v 0.026162 1.465592 -0.240523
v 0.025894 1.465568 -0.239625
v 0.024392 1.340011 -0.248301
v 0.023381 1.339774 -0.244696
v 0.043967 1.851251 -0.229590
v 0.040770 1.721413 -0.234460
v 0.042589 1.721209 -0.230887
v 0.045794 1.851025 -0.226022
v 0.042871 1.721234 -0.231780
v 0.025894 1.465568 -0.239625
v 0.025092 1.465497 -0.236929
v 0.023205 1.465749 -0.240457
v 0.024392 1.340011 -0.248301
v 0.023381 1.339774 -0.244696
v 0.069630 1.851251 -0.229590
v 0.066389 1.720266 -0.234532
v 0.068219 1.720040 -0.230966
v 0.071457 1.851025 -0.226022
v 0.068502 1.720062 -0.231860
v 0.051468 1.464223 -0.240213
v 0.050667 1.464151 -0.237517
v 0.048777 1.464400 -0.241042
v 0.050037 1.339813 -0.249241
v 0.049025 1.339576 -0.245635
v -0.047900 1.851251 -0.229590
v -0.051000 1.725620 -0.234168
v -0.049166 1.725402 -0.230603
v -0.046073 1.851025 -0.226022
v -0.048880 1.725429 -0.231497
v -0.065770 1.470530 -0.237697
v -0.066575 1.470454 -0.234999
v -0.068468 1.470713 -0.238531
v -0.067411 1.340720 -0.244938
v -0.068422 1.340482 -0.241332
v -0.074037 1.851251 -0.229590
v -0.077100 1.726820 -0.234088
v -0.075270 1.726596 -0.230522
v -0.072210 1.851025 -0.226022
v -0.074986 1.726618 -0.231416
v -0.091885 1.471905 -0.237111
v -0.092688 1.471824 -0.234412
v -0.094582 1.472085 -0.237942
v -0.093530 1.340921 -0.243981
v -0.094541 1.340684 -0.240375
v -0.021711 1.851251 -0.229590
v -0.024801 1.724464 -0.234262
v -0.022971 1.724239 -0.230696
v -0.019884 1.851025 -0.226022
v -0.022687 1.724260 -0.231590
v -0.039609 1.469122 -0.238250
v -0.040415 1.469049 -0.235554
v -0.042304 1.469307 -0.239087
v -0.041240 1.340518 -0.245897
v -0.042251 1.340280 -0.242291
v 0.017778 1.851251 -0.229590
v 0.014636 1.722605 -0.234390
v 0.016466 1.722379 -0.230824
v 0.019605 1.851025 -0.226022
v 0.016750 1.722401 -0.231718
v -0.000208 1.466972 -0.239058
v -0.001012 1.466902 -0.236363
v -0.002899 1.467157 -0.239895
v -0.001779 1.340213 -0.247342
v -0.002790 1.339976 -0.243737
v -0.047900 1.802083 0.149747
v -0.045729 1.677612 0.151033
v -0.043902 1.677724 0.154603
v -0.046073 1.802080 0.153321
v -0.043619 1.677717 0.153709
v -0.030448 1.431691 0.159627
v -0.032328 1.431568 0.156087
v -0.029641 1.431717 0.156932
v -0.027028 1.310344 0.158850
v -0.026022 1.310428 0.155237
v -0.074037 1.802083 0.149747
v -0.071850 1.676687 0.151083
v -0.070020 1.676806 0.154654
v -0.072210 1.802079 0.153321
v -0.069736 1.676802 0.153759
v -0.056485 1.430291 0.160095
v -0.058370 1.430165 0.156553
v -0.055679 1.430322 0.157402
v -0.053140 1.309769 0.159820
v -0.052135 1.309853 0.156207
v 0.043968 1.802083 0.149747
v 0.046056 1.680842 0.150852
v 0.047896 1.680946 0.154426
v 0.045795 1.802080 0.153321
v 0.048181 1.680941 0.153533
v 0.061260 1.436553 0.158018
v 0.059372 1.436428 0.154482
v 0.062070 1.436577 0.155321
v 0.064754 1.312366 0.155442
v 0.065760 1.312450 0.151829
v 0.017778 1.802083 0.149747
v 0.019860 1.679930 0.150893
v 0.021690 1.680052 0.154463
v 0.019605 1.802080 0.153321
v 0.021974 1.680048 0.153569
v 0.035069 1.435166 0.158516
v 0.033185 1.435040 0.154976
v 0.035880 1.435189 0.155821
v 0.038589 1.311790 0.156414
v 0.039595 1.311873 0.152800
v -0.021710 1.802083 0.149747
v -0.019598 1.678491 0.150974
v -0.017767 1.678614 0.154544
v -0.019884 1.802080 0.153321
v -0.017483 1.678610 0.153650
v -0.004352 1.433078 0.159182
v -0.006232 1.432953 0.155640
v -0.003542 1.433101 0.156489
v -0.000863 1.310921 0.157879
v 0.000143 1.311005 0.154265
v 0.080920 1.645286 -0.077039
v 0.042782 1.641561 -0.112952
v 0.079139 1.650166 -0.074379
v 0.080920 1.609280 -0.073867
v 0.042761 1.646748 -0.109184
v 0.042782 1.605750 -0.108058
v -0.000230 1.645913 -0.115290
v -0.000230 1.604912 -0.114181
v -0.000230 1.640725 -0.119076
v -0.079600 1.650166 -0.074379
v -0.043222 1.646748 -0.109184
v -0.043242 1.641561 -0.112952
v -0.081380 1.645286 -0.077039
v -0.000230 1.645913 -0.115290
v -0.081380 1.609280 -0.073867
v -0.000230 1.640725 -0.119076
v -0.043242 1.605750 -0.108058
v -0.000230 1.604912 -0.114181
v 0.019751 1.349102 -0.249958
v 0.020009 1.348608 -0.242823
v 0.026717 1.348557 -0.243069
v 0.026643 1.341418 -0.243561
v 0.019678 1.341964 -0.250450
v 0.026386 1.341912 -0.250695
v 0.045360 1.348905 -0.250896
v 0.045618 1.348411 -0.243762
v 0.052326 1.348359 -0.244007
v 0.052253 1.341220 -0.244499
v 0.045287 1.341766 -0.251388
v 0.051995 1.341714 -0.251634
v -0.045738 1.349608 -0.247558
v -0.045481 1.349114 -0.240424
v -0.038773 1.349062 -0.240670
v -0.038846 1.341923 -0.241161
v -0.045812 1.342469 -0.248050
v -0.039104 1.342417 -0.248296
v -0.006242 1.349303 -0.249006
v -0.005984 1.348809 -0.241871
v 0.000723 1.348757 -0.242117
v 0.000650 1.341618 -0.242608
v -0.006315 1.342164 -0.249497
v 0.000393 1.342112 -0.249743
v -0.004452 1.311823 0.152429
v -0.004184 1.311704 0.159580
v 0.002522 1.311852 0.159331
v 0.002675 1.304698 0.159206
v -0.004299 1.304669 0.152306
v 0.002407 1.304816 0.152057
v 0.035035 1.312692 0.150963
v 0.035304 1.312574 0.158114
v 0.042010 1.312721 0.157865
v 0.042163 1.305568 0.157740
v 0.035188 1.305538 0.150839
v 0.041895 1.305686 0.150590
v -0.179772 1.713432 -0.026386
v 0.129761 1.711388 -0.028246
v 0.129761 1.710992 -0.022000
v 0.137166 1.708250 -0.019876
v 0.129761 1.714798 -0.020201
v -0.179772 1.713255 -0.023586
v -0.185603 1.715093 -0.024875
v -0.179772 1.716754 -0.023365
v -0.179772 1.716932 -0.026164
v 0.129761 1.719802 -0.024577
v 0.129761 1.718800 -0.021505
v 0.137166 1.721251 -0.019052
v 0.158464 1.722854 -0.017594
v 0.158464 1.723712 -0.031119
v 0.168215 1.715094 -0.024875
v 0.158492 1.714459 -0.014854
v 0.158464 1.706476 -0.018632
v 0.158464 1.707333 -0.032157
v 0.086626 1.313828 0.149047
v 0.086894 1.313710 0.156198
v 0.093600 1.313857 0.155949
v 0.093753 1.306704 0.155824
v 0.086779 1.306674 0.148923
v 0.093485 1.306822 0.148674
vn 0.737483 -0.193952 -0.646917
vn 0.978159 -0.020255 -0.206868
vn 0.949579 -0.008977 -0.313398
vn 0.617883 -0.213377 0.756764
vn 0.562295 -0.098762 0.821018
vn 0.708358 -0.543837 0.449966
vn 0.499969 -0.045927 0.864825
vn 0.456505 0.044784 0.888593
vn 0.510363 -0.070603 0.857056
vn 0.631974 0.519104 0.575448
vn 0.232372 0.327912 0.915684
vn 0.361020 0.195537 0.911828
vn 0.425415 0.169124 0.889055
vn 0.458702 -0.020172 0.888361
vn 0.429517 0.347564 0.833496
vn -0.564767 -0.103628 0.818718
vn -0.616518 -0.214658 0.757514
vn -0.707907 -0.537922 0.457721
vn -0.498839 -0.034696 0.866000
vn -0.443791 0.096558 0.890913
vn -0.510997 -0.077761 0.856058
vn -0.631728 0.515511 0.578937
vn -0.204070 0.347789 0.915095
vn -0.292642 0.331195 0.897034
vn -0.491705 0.227759 0.840447
vn -0.567263 0.021322 0.823260
vn -0.431521 0.353099 0.830127
vn 0.982791 -0.107986 0.149870
vn 0.921763 -0.121180 0.368332
vn 0.971272 -0.169081 0.167456
vn 0.939074 -0.132953 0.316959
vn 0.865553 -0.200134 0.459091
vn 0.974883 -0.047124 0.217676
vn 0.977410 -0.073790 0.198051
vn 0.888498 -0.112303 0.444926
vn 0.770033 -0.170073 0.614919
vn 0.924731 0.102952 0.366432
vn 0.804753 0.152452 0.573700
vn 0.794443 -0.063763 0.603983
vn 0.440450 0.115295 0.890343
vn 0.795585 0.200350 0.571756
vn 0.637929 0.481935 0.600653
vn 0.595988 0.259235 0.759997
vn 0.638672 0.195948 0.744112
vn 0.406721 0.232242 0.883540
vn 0.378595 0.212950 0.900732
vn 0.099749 0.268102 0.958213
vn 0.055616 0.232721 0.970952
vn 0.541414 -0.016614 0.840592
vn -0.297571 0.275133 0.914196
vn -0.444342 0.120379 0.887733
vn -0.244556 0.343013 0.906937
vn 0.013070 0.145117 0.989328
vn -0.611824 0.244589 0.752229
vn -0.503709 0.387926 0.771875
vn -0.789308 0.195756 0.581955
vn -0.627357 0.536199 0.564725
vn -0.923493 0.001782 0.383611
vn -0.824831 0.140200 0.547720
vn -0.903325 -0.134775 0.407233
vn -0.834441 -0.095787 0.542710
vn -0.820883 -0.158382 0.548696
vn -0.560824 -0.065765 0.825319
vn 0.056551 -0.189896 0.980174
vn 0.434402 0.031495 0.900168
vn -0.421630 0.049816 0.905399
vn -0.917536 -0.139478 0.372390
vn -0.982808 -0.107984 0.149760
vn -0.971263 -0.169045 0.167548
vn -0.281250 -0.645658 0.709946
vn -0.613931 0.103657 0.782524
vn 0.615857 0.025925 0.787431
vn 0.830296 -0.261711 0.492052
vn 0.632655 0.014376 0.774301
vn 0.583651 -0.183614 0.790973
vn 0.858565 -0.197546 0.473118
vn 0.504490 0.017256 0.863245
vn 0.807381 0.006375 0.589997
vn 0.325925 0.145375 0.934151
vn 0.543074 0.090461 0.834798
vn 0.577932 0.234324 0.781721
vn 0.387387 -0.192089 0.901683
vn 0.077723 -0.131224 0.988301
vn 0.490538 0.157932 0.856989
vn -0.634641 0.071033 0.769536
vn 0.408169 -0.709281 0.574733
vn 0.798440 -0.055266 0.599532
vn 0.724536 0.135817 0.675723
vn 0.937283 0.088709 0.337093
vn 0.969789 0.049051 0.238961
vn 0.977885 0.129297 0.164389
vn 0.970319 0.116229 0.212068
vn 0.933705 0.308292 0.182074
vn 0.981311 -0.014997 0.191842
vn 0.822156 0.260962 0.505923
vn 0.944883 -0.327394 0.003064
vn 0.978158 0.178717 0.106143
vn 0.984947 -0.154237 -0.078041
vn 0.737483 -0.193952 -0.646917
vn 0.938213 -0.229093 -0.259369
vn 0.978159 -0.020255 -0.206868
vn 0.997969 0.050679 -0.038580
vn 0.934419 0.199061 -0.295358
vn 0.949579 -0.008977 -0.313398
vn 0.953015 0.292378 -0.079226
vn 0.778440 0.080662 -0.622515
vn 0.978132 0.134443 -0.158689
vn 0.996161 0.056775 0.066631
vn 0.991363 0.130019 0.017136
vn 0.788732 -0.014804 -0.614559
vn 0.748308 0.137531 -0.648937
vn 0.803531 -0.130735 -0.580730
vn 0.364880 -0.169745 -0.915450
vn 0.324431 0.012368 -0.945829
vn 0.054566 -0.053137 -0.997095
vn 0.104145 -0.235010 -0.966397
vn 0.373730 -0.156659 -0.914212
vn 0.144638 -0.172849 -0.974271
vn 0.152541 0.212311 -0.965223
vn 0.362780 0.190811 -0.912130
vn 0.333829 0.492339 -0.803842
vn 0.171737 0.511440 -0.841983
vn 0.713095 0.394556 -0.579501
vn 0.408308 0.847849 -0.338284
vn 0.201223 0.880975 -0.428243
vn 0.766481 0.630217 -0.123828
vn 0.390906 0.915956 0.090645
vn 0.183946 0.977508 0.103164
vn 0.768925 0.630658 0.104999
vn 0.410357 0.751232 0.516969
vn -0.000038 0.805856 0.592111
vn 0.714681 0.600290 0.359003
vn 0.788325 0.432801 0.437295
vn 0.429120 0.486384 0.761109
vn 0.425386 0.197776 0.883137
vn -0.000044 0.497220 0.867625
vn 0.262076 -0.213003 0.941247
vn -0.001871 0.242636 0.970116
vn -0.231544 0.176998 0.956587
vn -0.542303 0.168673 0.823078
vn -0.835812 0.151144 0.527801
vn -0.517179 -0.052233 0.854282
vn -0.711021 -0.168081 0.682787
vn -0.425436 0.197898 0.883086
vn -0.260702 -0.258863 0.930067
vn -0.796702 -0.037891 0.603183
vn -0.714084 -0.421006 0.559318
vn -0.456406 0.064477 0.887432
vn -0.628677 -0.017589 0.777468
vn -0.954584 -0.067275 0.290247
vn -0.429256 0.486400 0.761022
vn -0.822229 0.261075 0.505747
vn -0.977429 -0.073870 0.197930
vn -0.410437 0.751212 0.516935
vn -0.183961 0.977502 0.103195
vn -0.390919 0.915953 0.090618
vn -0.201158 0.881009 -0.428204
vn -0.714716 0.600273 0.358961
vn -0.788368 0.432778 0.437241
vn -0.933714 0.308284 0.182042
vn -0.970326 0.116268 0.212011
vn -0.977870 0.129419 0.164378
vn -0.911019 0.071144 0.406181
vn -0.408282 0.847853 -0.338307
vn -0.171556 0.511478 -0.841997
vn -0.768923 0.630668 0.104954
vn -0.766476 0.630215 -0.123868
vn -0.333723 0.492286 -0.803918
vn -0.152626 0.212219 -0.965230
vn -0.953015 0.292372 -0.079252
vn -0.713004 0.394465 -0.579675
vn -0.778320 0.080612 -0.622672
vn -0.362917 0.190695 -0.912100
vn -0.373827 -0.156546 -0.914192
vn -0.144812 -0.172854 -0.974244
vn -0.103943 -0.234924 -0.966440
vn -0.803503 -0.130581 -0.580803
vn -0.978153 -0.020208 -0.206902
vn -0.788669 -0.014778 -0.614641
vn -0.364698 -0.169651 -0.915540
vn -0.054406 -0.053221 -0.997100
vn -0.324400 0.012254 -0.945841
vn -0.748310 0.137451 -0.648952
vn -0.978133 0.134424 -0.158699
vn -0.949497 -0.009018 -0.313646
vn -0.934497 0.198729 -0.295335
vn -0.737862 -0.194058 -0.646453
vn -0.978206 0.178497 0.106080
vn -0.997969 0.050673 -0.038589
vn -0.996161 0.056776 0.066631
vn -0.991364 0.130019 0.017115
vn -0.938185 -0.229080 -0.259483
vn -0.944883 -0.327394 0.003198
vn -0.984967 -0.154212 -0.077833
vn -0.981325 -0.014956 0.191774
vn -0.943994 0.021217 0.329280
vn -0.424972 0.113918 0.898010
vn -0.447324 0.193011 0.873297
vn -0.393353 -0.659960 0.640099
vn 0.948625 -0.297286 0.108316
vn 0.846821 -0.418461 0.328306
vn 0.990734 -0.056565 0.123479
vn 0.861761 -0.203068 0.464899
vn 0.747055 -0.367145 0.554178
vn 0.659444 0.136333 0.739288
vn 0.798136 0.090084 0.595704
vn 0.564041 0.288473 0.773719
vn 0.366552 0.248670 0.896550
vn 0.223022 0.288721 0.931075
vn 0.466374 0.053645 0.882960
vn 0.000012 0.165570 0.986198
vn 0.000026 0.225914 0.974147
vn -0.000090 -0.641770 0.766897
vn 0.597493 -0.775871 0.202551
vn 0.746965 -0.653587 0.121933
vn 0.706213 -0.678339 0.202778
vn 0.371859 -0.797076 0.475806
vn 0.683306 -0.227709 0.693716
vn 0.200276 -0.299999 0.932679
vn 0.414374 -0.841621 0.346365
vn -0.000104 -0.996398 0.084797
vn -0.375829 -0.800499 0.466856
vn -0.208100 -0.298952 0.931301
vn 0.000012 0.165570 0.986198
vn -0.222989 0.288734 0.931079
vn 0.000026 0.225914 0.974147
vn -0.366553 0.248701 0.896541
vn -0.564030 0.288540 0.773702
vn -0.466413 0.053690 0.882936
vn -0.000090 -0.641770 0.766897
vn -0.659454 0.136431 0.739261
vn -0.798142 0.090198 0.595679
vn -0.861773 -0.203001 0.464906
vn -0.747087 -0.367064 0.554188
vn -0.414569 -0.841523 0.346370
vn -0.846816 -0.418449 0.328333
vn -0.990733 -0.056565 0.123485
vn -0.948633 -0.297245 0.108351
vn -0.597577 -0.775799 0.202578
vn -0.746938 -0.653621 0.121915
vn -0.706259 -0.678300 0.202747
vn -0.375829 -0.800499 0.466856
vn -0.000104 -0.996398 0.084797
vn -0.683377 -0.227643 0.693667
vn -0.208100 -0.298952 0.931301
vn 0.132969 -0.208422 0.968958
vn 0.228525 -0.532035 0.815301
vn 0.137834 -0.227734 0.963919
vn 0.355274 -0.240573 0.903275
vn 0.167207 -0.214808 0.962236
vn -0.303286 -0.513167 0.802918
vn -0.493700 -0.163612 0.854103
vn -0.136717 0.251416 0.958175
vn 0.311431 0.068856 0.947771
vn 0.198668 -0.158492 0.967167
vn 0.138980 -0.225528 0.964273
vn -0.228359 -0.532047 0.815339
vn -0.132802 -0.208418 0.968982
vn -0.137681 -0.227760 0.963934
vn -0.355131 -0.240586 0.903327
vn -0.167057 -0.214809 0.962263
vn 0.303444 -0.513124 0.802886
vn 0.493810 -0.163591 0.854043
vn 0.136847 0.251402 0.958160
vn -0.311291 0.068868 0.947816
vn -0.198522 -0.158490 0.967197
vn -0.138830 -0.225556 0.964288
vn 0.787672 -0.069951 -0.612111
vn 0.998481 0.053112 0.014638
vn 0.997647 -0.035528 -0.058628
vn 0.592392 -0.745933 -0.304394
vn 0.982463 -0.178208 0.054856
vn 0.154630 -0.982298 0.105740
vn 0.139162 -0.007753 -0.990239
vn 0.169085 -0.149013 -0.974272
vn 0.051409 -0.963942 -0.261099
vn -0.596992 -0.009071 -0.802196
vn -0.591598 -0.384291 -0.708754
vn -0.980659 0.018625 -0.194834
vn -0.949089 0.030900 -0.313490
vn -0.184855 -0.982474 -0.023930
vn -0.139336 -0.989282 -0.043661
vn -0.832694 0.529722 0.161293
vn -0.902701 0.320468 0.287109
vn -0.217078 0.607333 0.764215
vn -0.929394 0.360353 -0.079829
vn -0.059083 -0.996356 -0.061520
vn -0.248730 -0.968228 0.025852
vn -0.113487 0.937251 0.329669
vn 0.805755 0.210032 0.553755
vn -0.861216 0.410035 0.300298
vn -0.099093 -0.982940 0.154952
vn -0.306776 0.882555 0.356351
vn -0.305075 -0.530723 0.790735
vn 0.708327 0.590641 0.386544
vn 0.978629 0.075667 0.191208
vn 0.998481 0.053112 0.014638
vn 0.997647 -0.035528 -0.058628
vn 0.669117 0.589980 0.451891
vn 0.103963 -0.361813 0.926436
vn 0.107662 -0.850865 0.514236
vn 0.204961 -0.950474 0.233647
vn 0.584740 -0.808514 0.066218
vn 0.417173 -0.908304 -0.030832
vn 0.437844 -0.892983 0.104275
vn 0.982463 -0.178208 0.054856
vn 0.154630 -0.982298 0.105740
vn 0.998481 0.053112 0.014638
vn 0.787672 -0.069951 -0.612111
vn 0.967260 -0.226346 0.114784
vn 0.977754 -0.024565 0.208311
vn 0.935902 -0.184239 0.300238
vn 0.985960 -0.112116 0.123747
vn 0.988365 -0.128809 -0.080891
vn 0.828282 -0.041596 -0.558765
vn 0.934384 -0.139943 0.327633
vn 0.963274 -0.009318 0.268360
vn 0.109816 0.029144 -0.993525
vn 0.139162 -0.007753 -0.990239
vn -0.577251 0.051491 -0.814941
vn -0.596992 -0.009071 -0.802196
vn -0.970580 -0.021268 -0.239838
vn -0.980659 0.018625 -0.194834
vn -0.982466 0.003258 -0.186413
vn -0.898127 -0.094131 0.429544
vn -0.902701 0.320468 0.287109
vn -0.900593 -0.130279 0.414680
vn -0.206823 -0.137581 0.968657
vn -0.199551 -0.128849 0.971379
vn -0.217078 0.607333 0.764215
vn 0.650578 -0.100802 0.752720
vn 0.805755 0.210032 0.553755
vn 0.628064 -0.099333 0.771795
vn 0.934384 -0.139943 0.327633
vn 0.963274 -0.009318 0.268360
vn 0.988365 -0.128809 -0.080891
vn 0.985960 -0.112116 0.123747
vn 0.935902 -0.184239 0.300238
vn 0.977754 -0.024565 0.208311
vn 0.967260 -0.226346 0.114784
vn 0.998481 0.053112 0.014638
vn -0.184855 -0.982474 -0.023930
vn -0.591598 -0.384291 -0.708754
vn 0.051409 -0.963942 -0.261099
vn 0.592392 -0.745933 -0.304394
vn 0.154630 -0.982298 0.105740
vn -0.139336 -0.989282 -0.043661
vn 0.437844 -0.892983 0.104275
vn 0.417173 -0.908304 -0.030832
vn -0.059083 -0.996356 -0.061520
vn -0.248730 -0.968228 0.025852
vn 0.584740 -0.808514 0.066218
vn -0.099093 -0.982940 0.154952
vn 0.204961 -0.950474 0.233647
vn 0.107662 -0.850865 0.514236
vn -0.861216 0.410035 0.300298
vn -0.305075 -0.530723 0.790735
vn 0.103963 -0.361813 0.926436
vn -0.306776 0.882555 0.356351
vn -0.844708 -0.079801 -0.529245
vn -0.999367 0.009699 -0.034230
vn -0.967072 -0.227322 0.114437
vn -0.998467 -0.035085 0.042820
vn -0.984689 -0.165804 -0.053816
vn -0.784528 -0.070521 -0.616070
vn -0.913671 -0.080071 0.398490
vn -0.927244 -0.165551 0.335873
vn -0.958901 -0.136335 0.248840
vn -0.868508 0.020412 -0.495254
vn -0.963328 -0.007218 0.268230
vn 0.006328 -0.008664 -0.999942
vn -0.199091 0.050940 -0.978656
vn -0.090212 -0.055577 -0.994371
vn 0.580465 0.038553 -0.813372
vn 0.580417 0.036681 -0.813493
vn 0.633678 -0.046999 -0.772168
vn 0.973168 -0.031798 -0.227886
vn 0.982728 0.005382 -0.184979
vn 0.994614 -0.020035 -0.101697
vn 0.922822 0.121698 0.365499
vn 0.881712 -0.075595 0.465692
vn 0.903701 -0.147276 0.402038
vn 0.162615 -0.148457 0.975457
vn 0.029818 -0.135037 0.990392
vn 0.244789 0.525901 0.814559
vn -0.636208 -0.088604 0.766413
vn -0.749258 -0.061731 0.659395
vn -0.913671 -0.080071 0.398490
vn -0.927244 -0.165551 0.335873
vn -0.958901 -0.136335 0.248840
vn -0.963328 -0.007218 0.268230
vn -0.984689 -0.165804 -0.053816
vn -0.998467 -0.035085 0.042820
vn -0.967072 -0.227322 0.114437
vn -0.999367 0.009699 -0.034230
vn -0.749258 -0.061731 0.659395
vn -0.999367 0.009699 -0.034230
vn -0.993315 0.092328 0.069293
vn -0.809553 0.429917 0.399744
vn 0.244789 0.525901 0.814559
vn -0.715560 -0.695993 0.059731
vn -0.364194 -0.929607 0.056513
vn -0.982334 -0.179128 0.054153
vn -0.144190 -0.980884 0.130676
vn 0.109680 0.945569 0.306381
vn 0.898128 0.433468 0.073967
vn 0.922822 0.121698 0.365499
vn 0.973168 -0.031798 -0.227886
vn -0.767688 0.521103 0.372970
vn -0.694690 -0.111260 0.710653
vn -0.291804 -0.956424 -0.010181
vn -0.056863 -0.984644 0.165056
vn 0.061386 0.875103 0.480027
vn -0.114251 -0.515586 0.849187
vn 0.759194 0.638761 0.124936
vn 0.865339 0.042996 0.499339
vn 0.433941 -0.316163 0.843645
vn 0.608597 -0.793479 0.001190
vn 0.119677 -0.978188 0.169781
vn 0.551636 -0.826798 -0.110008
vn 0.508695 -0.846487 -0.157126
vn 0.765887 -0.613516 -0.192393
vn 0.633678 -0.046999 -0.772168
vn 0.490281 -0.620600 -0.611948
vn -0.141463 -0.396878 -0.906905
vn -0.090212 -0.055577 -0.994371
vn -0.844708 -0.079801 -0.529245
vn -0.634151 -0.649621 -0.419339
vn -0.999367 0.009699 -0.034230
vn -0.993315 0.092328 0.069293
vn -0.982334 -0.179128 0.054153
vn -0.144190 -0.980884 0.130676
vn 0.490281 -0.620600 -0.611948
vn -0.634151 -0.649621 -0.419339
vn -0.141463 -0.396878 -0.906905
vn -0.144190 -0.980884 0.130676
vn 0.765887 -0.613516 -0.192393
vn -0.364194 -0.929607 0.056513
vn 0.508695 -0.846487 -0.157126
vn 0.551636 -0.826798 -0.110008
vn -0.715560 -0.695993 0.059731
vn -0.291804 -0.956424 -0.010181
vn 0.608597 -0.793479 0.001190
vn -0.056863 -0.984644 0.165056
vn 0.119677 -0.978188 0.169781
vn -0.694690 -0.111260 0.710653
vn 0.865339 0.042996 0.499339
vn -0.114251 -0.515586 0.849187
vn 0.433941 -0.316163 0.843645
vn 0.061386 0.875103 0.480027
vn 0.478379 0.845226 -0.238216
vn 0.671289 0.718060 -0.183742
vn -0.108935 0.060286 -0.992219
vn -0.084357 -0.266216 -0.960215
vn -0.250816 -0.522253 -0.815072
vn -0.227336 -0.969492 -0.091675
vn 0.479706 0.792479 -0.376641
vn 0.191355 0.961613 0.196684
vn 0.199807 0.965482 0.167098
vn 0.113563 0.944073 -0.309563
vn 0.191355 0.961613 0.196684
vn 0.479706 0.792479 -0.376641
vn 0.352667 0.889595 -0.290254
vn -0.523425 0.708237 0.473738
vn 0.006198 0.466560 0.884468
vn 0.503102 -0.862108 -0.060476
vn -0.898808 -0.183517 0.398078
vn 0.969475 -0.232781 -0.077011
vn 0.994814 -0.070984 -0.072844
vn -0.625801 0.517408 0.583663
vn 0.905919 0.093060 -0.413100
vn 0.725223 0.311706 0.613914
vn 0.485492 0.361209 0.796132
vn 0.150160 0.941414 0.301978
vn -0.108935 0.060286 -0.992219
vn 0.289503 0.936596 0.197420
vn 0.614894 0.762782 0.200174
vn 0.235920 0.970294 -0.053585
vn 0.643097 -0.374003 -0.668242
vn 0.146137 0.988568 0.037098
vn 0.901122 0.309409 -0.303719
vn 0.924148 -0.381447 0.021177
vn 0.952343 0.097212 0.289125
vn 0.763923 -0.564229 0.313159
vn 0.673308 0.349305 0.651646
vn -0.556012 0.415037 0.720135
vn -0.151319 -0.905515 0.396415
vn 0.693795 -0.719819 0.022555
vn 0.414226 -0.909285 -0.040223
vn 0.895755 -0.444356 -0.013065
vn 0.809703 -0.457455 -0.367581
vn 0.846413 0.532337 0.014235
vn 0.637621 0.730313 -0.245118
vn 0.706895 0.395014 -0.586739
vn 0.910571 0.289403 -0.295137
vn 0.945933 -0.054987 -0.319668
vn 0.957836 -0.001231 -0.287312
vn 0.886592 -0.433728 -0.160732
vn 0.859756 0.159523 -0.485152
vn 0.848392 -0.299361 -0.436594
vn 0.925689 -0.303934 -0.225222
vn 0.706643 0.428346 -0.563183
vn 0.857265 -0.417204 -0.301724
vn 0.975381 0.043274 -0.216238
vn 0.468915 0.720458 -0.510940
vn 0.968396 -0.112635 -0.222538
vn 0.622520 -0.710237 -0.328682
vn 0.030790 -0.936814 -0.348470
vn 0.365444 -0.582787 -0.725817
vn 0.419631 -0.673356 -0.608688
vn 0.639059 -0.583720 -0.500874
vn -0.020740 -0.902993 -0.429155
vn 0.849185 -0.473404 -0.234037
vn 0.905919 0.093060 -0.413100
vn 0.625105 -0.704594 -0.335844
vn -0.223959 -0.894678 -0.386514
vn 0.994883 -0.099025 0.020040
vn 0.969475 -0.232781 -0.077011
vn 0.503102 -0.862108 -0.060476
vn 0.422411 -0.885449 -0.193776
vn -0.027674 -0.923033 -0.383723
vn -0.292659 -0.824970 -0.483503
vn -0.303672 -0.934958 -0.183404
vn -0.773728 -0.197944 -0.601800
vn -0.311942 -0.014708 -0.949987
vn 0.041986 -0.147730 -0.988136
vn 0.138321 -0.950788 0.277253
vn 0.671289 0.718060 -0.183742
vn 0.822823 0.031319 -0.567434
vn 0.994814 -0.070984 -0.072844
vn 0.346178 0.694398 0.630850
vn 0.611480 0.013257 -0.791149
vn 0.653131 0.748799 -0.112782
vn 0.113563 0.944073 -0.309563
vn -0.469233 -0.875046 0.118803
vn 0.479706 0.792479 -0.376641
vn 0.405530 -0.813173 -0.417488
vn -0.625801 0.517408 0.583663
vn -0.391746 -0.915422 -0.092396
vn -0.086669 -0.909530 -0.406501
vn -0.016435 -0.693938 -0.719847
vn -0.291878 -0.779461 -0.554299
vn -0.530289 0.143402 -0.835601
vn -0.289566 0.219801 -0.931579
vn -0.121634 0.520012 -0.845454
vn 0.342371 0.053842 -0.938021
vn 0.270025 -0.952218 0.142715
vn 0.791627 0.251416 -0.556881
vn 0.552039 0.403069 0.729923
vn 0.671289 0.718060 -0.183742
vn 0.762188 -0.285167 0.581162
vn 0.822823 0.031319 -0.567434
vn 0.614894 0.762782 0.200174
vn 0.478379 0.845226 -0.238216
vn -0.108935 0.060286 -0.992219
vn 0.450682 0.395113 0.800482
vn 0.122344 -0.338277 0.933060
vn 0.289503 0.936596 0.197420
vn 0.235920 0.970294 -0.053585
vn -0.534004 0.462122 0.708014
vn 0.146137 0.988568 0.037098
vn -0.766568 0.513305 0.385864
vn -0.768481 0.181952 0.613458
vn -0.615383 -0.252019 0.746854
vn -0.163562 0.890122 0.425359
vn 0.901122 0.309409 -0.303719
vn 0.952343 0.097212 0.289125
vn 0.673308 0.349305 0.651646
vn -0.556012 0.415037 0.720135
vn -0.595778 0.763631 0.248828
vn -0.334207 0.940125 0.066865
vn -0.590653 0.668821 0.451451
vn -0.376245 0.926506 0.005081
vn 0.267380 0.891497 -0.365706
vn -0.151319 -0.905515 0.396415
vn -0.659736 -0.524778 0.537918
vn 0.402062 0.900124 -0.167699
vn -0.531659 0.821851 0.204693
vn -0.731192 -0.474507 0.490103
vn -0.476797 -0.683201 0.553082
vn -0.021930 -0.989974 0.139537
vn -0.618686 0.336325 0.710010
vn 0.193185 -0.872500 0.448802
vn -0.231067 0.866498 0.442481
vn -0.870101 0.408240 0.276161
vn -0.297254 0.930137 0.215602
vn -0.943554 0.225678 0.242436
vn -0.921105 0.034751 0.387761
vn -0.505987 0.262685 0.821568
vn -0.627123 -0.243803 0.739782
vn -0.967347 0.107306 0.229621
vn -0.944596 -0.217257 0.246043
vn -0.969785 0.126589 0.208550
vn -0.769688 0.597995 0.223566
vn -0.980987 -0.167775 0.097546
vn -0.987310 0.147381 0.059148
vn -0.267538 0.950121 0.160291
vn 0.780447 0.619897 -0.081429
vn -0.661756 -0.717114 -0.218691
vn -0.811843 -0.563755 -0.151958
vn -0.817648 -0.568550 -0.090565
vn 0.030790 -0.936814 -0.348470
vn 0.622520 -0.710237 -0.328682
vn 0.975381 0.043274 -0.216238
vn 0.968396 -0.112635 -0.222538
vn 0.468915 0.720458 -0.510940
vn 0.706643 0.428346 -0.563183
vn 0.859756 0.159523 -0.485152
vn 0.957836 -0.001231 -0.287312
vn 0.945933 -0.054987 -0.319668
vn 0.910571 0.289403 -0.295137
vn 0.706895 0.395014 -0.586739
vn 0.637621 0.730313 -0.245118
vn 0.846413 0.532337 0.014235
vn 0.809703 -0.457455 -0.367581
vn 0.970708 0.111628 0.212757
vn 0.414226 -0.909285 -0.040223
vn 0.713004 -0.509379 0.481828
vn -0.618686 0.336325 0.710010
vn -0.311942 -0.014708 -0.949987
vn 0.138321 -0.950788 0.277253
vn -0.773728 -0.197944 -0.601800
vn -0.303672 -0.934958 -0.183404
vn -0.292659 -0.824970 -0.483503
vn -0.027674 -0.923033 -0.383723
vn 0.041986 -0.147730 -0.988136
vn 0.822823 0.031319 -0.567434
vn 0.422411 -0.885449 -0.193776
vn 0.503102 -0.862108 -0.060476
vn -0.898808 -0.183517 0.398078
vn 0.605877 0.792454 -0.070209
vn 0.788747 0.339363 -0.512554
vn 0.216189 0.583220 -0.783017
vn 0.322702 0.943099 -0.080177
vn 0.219395 -0.098468 0.970654
vn 0.250031 0.963458 -0.096090
vn 0.656350 0.745240 0.117567
vn -0.636074 0.409050 -0.654284
vn -0.518508 0.212514 -0.828244
vn 0.863476 0.002250 0.504384
vn 0.489684 0.218570 -0.844060
vn 0.203929 -0.705734 0.678493
vn -0.227336 -0.969492 -0.091675
vn -0.084357 -0.266216 -0.960215
vn 0.610543 -0.539706 -0.579616
vn -0.469233 -0.875046 0.118803
vn -0.250816 -0.522253 -0.815072
vn 0.357115 -0.933960 0.013680
vn -0.674896 -0.151316 -0.722232
vn -0.478415 -0.101335 -0.872267
vn 0.511836 -0.253702 -0.820767
vn 0.489684 0.218570 -0.844060
vn -0.825564 -0.226446 0.516881
vn 0.346178 0.694398 0.630850
vn -0.581127 -0.163465 0.797227
vn -0.516783 0.444845 0.731470
vn 0.266874 0.197584 0.943260
vn 0.653131 0.748799 -0.112782
vn 0.113563 0.944073 -0.309563
vn 0.191355 0.961613 0.196684
vn 0.199807 0.965482 0.167098
vn 0.479706 0.792479 -0.376641
vn -0.294624 -0.950843 0.095365
vn 0.616985 -0.409761 0.671883
vn 0.552039 0.403069 0.729923
vn -0.121634 0.520012 -0.845454
vn 0.791627 0.251416 -0.556881
vn 0.198075 -0.399681 0.894998
vn -0.391746 -0.915422 -0.092396
vn -0.086669 -0.909530 -0.406501
vn 0.405530 -0.813173 -0.417488
vn -0.625801 0.517408 0.583663
vn -0.016435 -0.693938 -0.719847
vn -0.291878 -0.779461 -0.554299
vn -0.523425 0.708237 0.473738
vn -0.710992 -0.228858 0.664917
vn 0.006198 0.466560 0.884468
vn 0.270025 -0.952218 0.142715
vn -0.530289 0.143402 -0.835601
vn -0.289566 0.219801 -0.931579
vn 0.342371 0.053842 -0.938021
vn 0.791627 0.251416 -0.556881
vn 0.262359 -0.483899 0.834871
vn 0.273713 0.907517 0.318580
vn 0.243757 0.928644 0.279648
vn 0.352667 0.889595 -0.290254
vn 0.445048 -0.600521 0.664309
vn 0.681887 0.487199 0.545588
vn -0.087638 0.633309 -0.768921
vn 0.793486 0.312791 -0.522055
vn 0.076421 -0.939307 0.334457
vn 0.079816 -0.947525 -0.309559
vn -0.223959 -0.894678 -0.386514
vn -0.459206 -0.352831 -0.815254
vn -0.473718 -0.830208 -0.293845
vn 0.625105 -0.704594 -0.335844
vn 0.849185 -0.473404 -0.234037
vn -0.020740 -0.902993 -0.429155
vn 0.639059 -0.583720 -0.500874
vn 0.419631 -0.673356 -0.608688
vn 0.365444 -0.582787 -0.725817
vn 0.219405 -0.805733 -0.550141
vn -0.247816 0.327662 -0.911715
vn 0.709652 -0.369469 -0.599906
vn 0.793486 0.312791 -0.522055
vn 0.605877 0.792454 -0.070209
vn -0.898808 -0.183517 0.398078
vn 0.788747 0.339363 -0.512554
vn 0.610543 -0.539706 -0.579616
vn -0.084357 -0.266216 -0.960215
vn -0.250816 -0.522253 -0.815072
vn 0.216189 0.583220 -0.783017
vn 0.322702 0.943099 -0.080177
vn 0.250031 0.963458 -0.096090
vn -0.636074 0.409050 -0.654284
vn -0.674896 -0.151316 -0.722232
vn -0.518508 0.212514 -0.828244
vn -0.478415 -0.101335 -0.872267
vn 0.656350 0.745240 0.117567
vn 0.489684 0.218570 -0.844060
vn 0.511836 -0.253702 -0.820767
vn 0.357115 -0.933960 0.013680
vn 0.352667 0.889595 -0.290254
vn 0.273713 0.907517 0.318580
vn 0.243757 0.928644 0.279648
vn 0.006198 0.466560 0.884468
vn 0.219405 -0.805733 -0.550141
vn 0.793486 0.312791 -0.522055
vn 0.709652 -0.369469 -0.599906
vn 0.681887 0.487199 0.545588
vn -0.247816 0.327662 -0.911715
vn -0.087638 0.633309 -0.768921
vn 0.352667 0.889595 -0.290254
vn -0.459206 -0.352831 -0.815254
vn 0.076421 -0.939307 0.334457
vn 0.079816 -0.947525 -0.309559
vn -0.523425 0.708237 0.473738
vn -0.625801 0.517408 0.583663
vn 0.193185 -0.872500 0.448802
vn 0.713004 -0.509379 0.481828
vn -0.618686 0.336325 0.710010
vn 0.970708 0.111628 0.212757
vn -0.476797 -0.683201 0.553082
vn -0.021930 -0.989974 0.139537
vn -0.731192 -0.474507 0.490103
vn -0.659736 -0.524778 0.537918
vn 0.494269 -0.820133 0.288237
vn 0.720256 -0.584308 0.373919
vn -0.851462 -0.334123 -0.404195
vn -0.027392 -0.983850 -0.176888
vn -0.873124 -0.332615 -0.356402
vn -0.934201 0.080271 -0.347598
vn -0.435775 -0.889073 -0.140177
vn 0.227774 -0.945995 0.230678
vn -0.852843 -0.438573 -0.283395
vn 0.545773 -0.094809 0.832552
vn -0.673309 0.684609 0.279225
vn -0.783240 0.504895 -0.362789
vn -0.916822 0.309636 -0.252117
vn -0.764700 0.604756 -0.222495
vn -0.995436 -0.092487 -0.023521
vn -0.236556 0.949471 0.206266
vn -0.760055 0.013717 -0.649714
vn -0.884546 -0.280418 -0.372753
vn -0.032538 0.887471 0.459713
vn -0.873830 -0.480507 -0.074388
vn -0.699088 0.134521 0.702268
vn -0.786469 0.146815 -0.599927
vn 0.416080 -0.783215 0.462009
vn -0.586711 -0.781319 -0.212863
vn -0.844827 -0.516781 -0.138578
vn -0.316639 -0.873870 -0.368905
vn -0.820888 0.407542 0.400066
vn -0.184942 -0.965946 0.180953
vn -0.377362 -0.788896 -0.485016
vn -0.699673 -0.554693 -0.450303
vn 0.010877 -0.625206 -0.780384
vn 0.241345 -0.608016 -0.756352
vn 0.245282 -0.155380 -0.956919
vn -0.164560 -0.562427 -0.810306
vn 0.488941 -0.747368 -0.449864
vn 0.218472 -0.973879 -0.061881
vn -0.500554 -0.256486 -0.826837
vn -0.030008 0.571511 -0.820045
vn -0.549446 0.101857 -0.829297
vn -0.289520 0.783270 -0.550151
vn -0.308172 -0.296271 -0.904021
vn -0.447394 -0.017022 -0.894175
vn 0.032899 -0.459137 -0.887756
vn 0.495384 -0.710664 -0.499551
vn 0.168851 -0.523785 -0.834948
vn 0.073866 -0.799923 -0.595540
vn -0.275263 -0.600260 -0.750945
vn -0.671733 -0.395881 -0.626142
vn 0.106137 -0.811646 -0.574427
vn -0.751582 -0.436945 -0.494170
vn -0.841993 -0.295612 -0.451288
vn -0.782865 -0.496024 -0.375610
vn -0.175797 -0.819442 -0.545537
vn 0.139130 -0.767126 -0.626227
vn -0.819550 -0.463019 -0.337565
vn 0.375467 -0.743746 -0.553052
vn 0.010672 -0.640962 -0.767499
vn 0.159803 -0.849387 -0.502996
vn -0.914836 -0.300323 -0.269964
vn -0.786416 -0.462322 -0.409644
vn -0.944645 0.314005 -0.095118
vn -0.883294 0.329478 -0.333521
vn -0.823582 -0.194241 -0.532901
vn -0.594074 0.785390 0.173893
vn -0.621372 0.771963 0.134053
vn -0.806489 -0.450861 -0.382492
vn -0.808010 -0.589167 -0.001077
vn 0.690676 -0.669342 -0.273766
vn -0.612461 -0.761145 -0.213426
vn 0.581754 -0.813310 -0.009446
vn -0.127145 0.572947 0.809670
vn -0.292856 -0.519519 0.802705
vn 0.297764 -0.778559 0.552434
vn -0.483133 0.599213 0.638378
vn -0.713165 0.474050 0.516404
vn 0.257437 0.686063 0.680473
vn -0.349729 0.666830 0.658048
vn -0.297877 0.214478 0.930198
vn -0.040109 -0.967120 -0.251137
vn -0.802105 -0.556890 -0.215642
vn 0.292358 -0.906712 -0.303975
vn 0.288351 -0.851557 -0.437841
vn -0.730425 -0.405380 -0.549679
vn -0.204689 -0.723229 -0.659577
vn -0.273712 -0.714674 -0.643679
vn -0.675001 -0.602857 -0.425367
vn -0.704144 0.225611 0.673261
vn -0.915130 0.358287 0.184844
vn 0.117266 -0.972821 -0.199670
vn -0.899287 0.436200 0.031805
vn -0.039028 -0.931200 -0.362414
vn -0.340156 -0.771302 -0.537947
vn -0.749533 0.635548 0.185145
vn -0.748460 0.630111 0.206805
vn -0.782855 0.517967 0.344743
vn -0.032724 -0.902310 -0.429844
vn -0.996086 0.080156 0.037247
vn -0.139539 -0.819300 -0.556126
vn -0.485989 -0.511316 -0.708780
vn -0.584639 -0.570798 -0.576530
vn -0.866700 -0.093241 -0.490038
vn -0.950181 -0.309829 -0.034100
vn -0.786615 -0.313200 0.532112
vn -0.556881 -0.708542 0.433418
vn 0.535883 -0.746713 0.394017
vn -0.629192 -0.769318 0.110758
vn 0.653622 -0.683187 0.325627
vn -0.609454 -0.457222 0.647699
vn -0.078761 0.575612 0.813921
vn -0.032538 0.887471 0.459713
vn -0.699088 0.134521 0.702268
vn 0.534309 0.499299 0.682066
vn 0.771111 0.323233 0.548550
vn -0.236556 0.949471 0.206266
vn -0.760055 0.013717 -0.649714
vn -0.884546 -0.280418 -0.372753
vn -0.764700 0.604756 -0.222495
vn -0.040084 0.994166 0.100138
vn -0.934201 0.080271 -0.347598
vn -0.783240 0.504895 -0.362789
vn -0.916822 0.309636 -0.252117
vn -0.208376 0.968546 0.136007
vn -0.995436 -0.092487 -0.023521
vn -0.844827 -0.516781 -0.138578
vn -0.546554 0.756326 0.359514
vn -0.820888 0.407542 0.400066
vn 0.150160 0.941414 0.301978
vn 0.847894 0.313103 0.427834
vn 0.725223 0.311706 0.613914
vn 0.545773 -0.094809 0.832552
vn 0.227774 -0.945995 0.230678
vn -0.673309 0.684609 0.279225
vn 0.573768 0.545962 0.610505
vn -0.944645 0.314005 -0.095118
vn -0.883294 0.329478 -0.333521
vn -0.594074 0.785390 0.173893
vn 0.206205 0.655684 0.726332
vn -0.621372 0.771963 0.134053
vn -0.823582 -0.194241 -0.532901
vn -0.866700 -0.093241 -0.490038
vn -0.950181 -0.309829 -0.034100
vn -0.786615 -0.313200 0.532112
vn 0.579092 0.274687 0.767594
vn 0.792234 -0.372019 0.483701
vn -0.435775 -0.889073 -0.140177
vn -0.027392 -0.983850 -0.176888
vn 0.494269 -0.820133 0.288237
vn 0.720256 -0.584308 0.373919
vn 0.800004 0.259822 0.540820
vn 0.823217 -0.040733 0.566264
vn 0.416080 -0.783215 0.462009
vn -0.851462 -0.334123 -0.404195
vn -0.786469 0.146815 -0.599927
vn -0.873830 -0.480507 -0.074388
vn -0.699088 0.134521 0.702268
vn -0.032724 -0.902310 -0.429844
vn -0.340156 -0.771302 -0.537947
vn -0.039028 -0.931200 -0.362414
vn -0.139539 -0.819300 -0.556126
vn 0.117266 -0.972821 -0.199670
vn 0.535883 -0.746713 0.394017
vn -0.485989 -0.511316 -0.708780
vn -0.584639 -0.570798 -0.576530
vn -0.556881 -0.708542 0.433418
vn -0.786615 -0.313200 0.532112
vn 0.907087 0.150153 0.393253
vn -0.704144 0.225611 0.673261
vn 0.731436 0.247771 0.635304
vn 0.829419 -0.278296 0.484371
vn 0.821377 -0.107729 0.560120
vn 0.798114 -0.573331 -0.185217
vn 0.495384 -0.710664 -0.499551
vn 0.632104 0.639152 0.438098
vn 0.635435 0.413755 0.651943
vn -0.915130 0.358287 0.184844
vn -0.899287 0.436200 0.031805
vn -0.749533 0.635548 0.185145
vn -0.748460 0.630111 0.206805
vn -0.782855 0.517967 0.344743
vn -0.996086 0.080156 0.037247
vn -0.078761 0.575612 0.813921
vn 0.698944 0.104491 0.707502
vn 0.911774 -0.212458 0.351469
vn -0.609454 -0.457222 0.647699
vn 0.961474 -0.215784 0.170308
vn 0.653622 -0.683187 0.325627
vn -0.629192 -0.769318 0.110758
vn -0.609454 -0.457222 0.647699
vn -0.675001 -0.602857 -0.425367
vn -0.273712 -0.714674 -0.643679
vn -0.204689 -0.723229 -0.659577
vn 0.288351 -0.851557 -0.437841
vn 0.292358 -0.906712 -0.303975
vn 0.275996 -0.951894 -0.133129
vn -0.040109 -0.967120 -0.251137
vn -0.297877 0.214478 0.930198
vn -0.349729 0.666830 0.658048
vn 0.757400 0.439065 0.483288
vn 0.257437 0.686063 0.680473
vn 0.855281 0.214793 0.471549
vn -0.713165 0.474050 0.516404
vn -0.483133 0.599213 0.638378
vn -0.127145 0.572947 0.809670
vn -0.808010 -0.589167 -0.001077
vn -0.292856 -0.519519 0.802705
vn 0.139130 -0.767126 -0.626227
vn -0.175797 -0.819442 -0.545537
vn -0.751582 -0.436945 -0.494170
vn 0.106137 -0.811646 -0.574427
vn 0.375467 -0.743746 -0.553052
vn 0.010672 -0.640962 -0.767499
vn 0.159803 -0.849387 -0.502996
vn -0.275263 -0.600260 -0.750945
vn 0.690676 -0.669342 -0.273766
vn 0.073866 -0.799923 -0.595540
vn 0.168851 -0.523785 -0.834948
vn 0.581754 -0.813310 -0.009446
vn -0.612461 -0.761145 -0.213426
vn 0.297764 -0.778559 0.552434
vn -0.292856 -0.519519 0.802705
vn 0.032899 -0.459137 -0.887756
vn 0.839259 -0.440963 0.318114
vn 0.826495 -0.536489 0.170544
vn 0.547634 0.115414 0.828720
vn 0.527636 0.185818 0.828898
vn 0.625369 0.408797 0.664680
vn 0.485492 0.361209 0.796132
vn 0.341314 0.478013 0.809326
vn -0.018941 0.896859 0.441910
vn -0.132641 0.657405 0.741772
vn -0.500007 0.845175 -0.188870
vn -0.276219 0.750241 0.600701
vn -0.695515 0.562681 -0.446821
vn 0.301728 0.871370 0.386879
vn -0.271481 0.879505 0.390858
vn -0.500067 0.819176 0.280861
vn -0.184942 -0.965946 0.180953
vn -0.455043 -0.223668 0.861921
vn -0.405058 -0.147635 0.902293
vn -0.060994 0.987230 0.147164
vn -0.073447 0.965178 -0.251073
vn -0.680228 0.542051 0.493428
vn -0.474496 -0.443132 0.760583
vn -0.078884 -0.898512 0.431802
vn -0.409792 -0.885944 0.217194
vn -0.474234 0.874938 -0.097901
vn -0.030008 0.571511 -0.820045
vn -0.289520 0.783270 -0.550151
vn -0.549446 0.101857 -0.829297
vn -0.447394 -0.017022 -0.894175
vn 0.279550 0.751801 -0.597199
vn 0.241345 -0.608016 -0.756352
vn -0.164560 -0.562427 -0.810306
vn 0.245282 -0.155380 -0.956919
vn 0.010877 -0.625206 -0.780384
vn 0.488941 -0.747368 -0.449864
vn 0.380424 0.508779 -0.772284
vn 0.020764 0.575257 -0.817709
vn -0.109035 0.141698 -0.983887
vn 0.389305 -0.795669 -0.464060
vn -0.291159 -0.297743 -0.909162
vn 0.218472 -0.973879 -0.061881
vn -0.503057 -0.766445 -0.399369
vn -0.680228 0.542051 0.493428
vn 0.020764 0.575257 -0.817709
vn 0.380424 0.508779 -0.772284
vn 0.389305 -0.795669 -0.464060
vn -0.109035 0.141698 -0.983887
vn -0.503057 -0.766445 -0.399369
vn -0.291159 -0.297743 -0.909162
vn -0.409792 -0.885944 0.217194
vn -0.680228 0.542051 0.493428
vn -0.474496 -0.443132 0.760583
vn -0.078884 -0.898512 0.431802
vn -0.405058 -0.147635 0.902293
vn -0.455043 -0.223668 0.861921
vn -0.015857 0.646488 -0.762759
vn -0.015715 0.655219 -0.755275
vn 0.011615 -0.839431 0.543343
vn -0.015857 0.646488 -0.762759
vn 0.011705 -0.836424 0.547957
vn -0.509928 -0.195743 0.837651
vn 0.000004 -0.193588 0.981083
vn -0.000005 0.239252 0.970958
vn 0.383716 -0.030175 -0.922958
vn 0.042182 0.053914 -0.997654
vn 0.308730 0.746191 -0.589817
vn -0.977570 -0.147772 0.150066
vn -0.684024 0.462371 -0.564203
vn -0.952427 0.295371 0.075093
vn -0.834953 -0.074195 -0.545297
vn -0.976408 -0.165588 0.138593
vn -0.339518 -0.156210 -0.927538
vn -0.161614 0.391711 -0.905783
vn 0.002601 0.314103 -0.949386
vn -0.853476 -0.252193 -0.456046
vn -0.995173 0.012983 0.097275
vn -0.885503 -0.139088 -0.443327
vn -0.999134 0.008571 0.040727
vn -0.436049 -0.323704 -0.839688
vn 0.014719 -0.236645 -0.971485
vn -0.911155 -0.103614 -0.398825
vn -0.371146 -0.328435 -0.868551
vn -0.999508 -0.025853 -0.017785
vn -0.932366 -0.172642 -0.317630
vn -0.737634 -0.206302 -0.642912
vn -0.529406 0.349671 -0.772955
vn -0.016384 0.305052 -0.952195
vn -0.659126 0.497581 -0.563885
vn 0.342744 -0.121539 -0.931534
vn 0.160687 0.401293 -0.901745
vn 0.678694 0.469127 -0.565061
vn -0.454802 -0.218224 -0.863443
vn 0.019220 -0.353732 -0.935149
vn 0.012552 -0.224617 -0.974366
vn 0.441700 -0.324881 -0.836274
vn 0.002087 -0.339272 -0.940686
vn 0.446689 -0.244990 -0.860493
vn 0.340461 -0.335569 -0.878339
vn 0.000000 -0.279767 -0.960068
vn 0.878167 -0.153370 -0.453101
vn 0.847536 -0.250232 -0.468046
vn -0.029862 -0.254890 -0.966509
vn -0.000015 0.057187 -0.998363
vn 0.027313 0.082308 -0.996233
vn -0.465649 0.056512 -0.883163
vn -0.260993 0.759916 -0.595323
vn -0.685940 0.648335 0.330375
vn -0.205093 0.962344 0.178414
vn -0.189583 0.637549 -0.746719
vn 0.826017 -0.047570 -0.561634
vn 0.977570 -0.147783 0.150059
vn 0.952436 0.295347 0.075072
vn 0.977078 -0.163162 0.136739
vn 0.994934 0.013324 0.099648
vn 0.998969 0.009242 0.044438
vn 0.909375 -0.111372 -0.400790
vn 0.995138 -0.093448 0.031129
vn 0.932591 -0.185924 -0.309365
vn 0.675443 -0.333098 -0.657893
vn -0.209830 -0.189385 -0.959221
vn 0.165781 0.627872 -0.760456
vn 0.077481 -0.244941 -0.966437
vn 0.383716 -0.030175 -0.922958
vn 0.225333 0.929027 -0.293485
vn 0.042182 0.053914 -0.997654
vn 0.308730 0.746191 -0.589817
vn 0.406831 0.772769 0.487152
vn 0.312371 0.932396 0.181830
vn 0.275004 0.628144 -0.727879
vn 0.593012 0.804720 0.027619
vn -0.000035 0.534194 -0.845362
vn 0.241150 0.776969 -0.581519
vn 0.316436 0.948281 0.025118
vn -0.000000 0.964894 0.262640
vn -0.213979 0.776509 -0.592661
vn -0.351131 0.934780 -0.053779
vn -0.511447 0.858814 0.029339
vn -0.205093 0.962344 0.178414
vn -0.977570 -0.147772 0.150066
vn -0.952427 0.295371 0.075093
vn -0.860994 0.215089 0.460896
vn -0.818650 -0.217716 0.531424
vn -0.576979 0.062927 0.814331
vn -0.839704 -0.082913 0.536678
vn -0.976408 -0.165588 0.138593
vn -0.509928 -0.195743 0.837651
vn 0.000004 -0.193588 0.981083
vn -0.844035 0.107377 0.525428
vn -0.995173 0.012983 0.097275
vn -0.833923 0.125479 0.537426
vn -0.999134 0.008571 0.040727
vn -0.999508 -0.025853 -0.017785
vn -0.834920 0.159260 0.526824
vn -0.358020 0.243174 0.901492
vn -0.401290 0.271444 0.874805
vn -0.461499 0.106008 0.880784
vn -0.000001 -0.038912 0.999243
vn -0.000005 0.239252 0.970958
vn 0.509869 -0.195773 0.837679
vn 0.000004 -0.193588 0.981083
vn 0.576977 0.062956 0.814331
vn 0.818622 -0.217735 0.531460
vn 0.860983 0.215080 0.460922
vn 0.977570 -0.147783 0.150059
vn 0.952436 0.295347 0.075072
vn 0.840355 -0.082311 0.535751
vn 0.977078 -0.163162 0.136739
vn 0.461515 0.105974 0.880780
vn 0.000000 0.187018 0.982356
vn -0.000000 0.327940 0.944699
vn 0.843225 0.107494 0.526703
vn 0.994934 0.013324 0.099648
vn 0.401298 0.271445 0.874801
vn 0.000000 0.253136 0.967431
vn 0.837070 0.100867 0.537718
vn 0.998969 0.009242 0.044438
vn 0.995138 -0.093448 0.031129
vn 0.834217 0.155804 0.528969
vn 0.350619 0.236772 0.906093
vn 0.000055 0.357603 0.933874
vn 0.254230 0.382059 0.888481
vn 0.260663 0.567835 0.780781
vn 0.003281 0.583002 0.812464
vn -0.280294 0.382038 0.880615
vn -0.253550 0.550094 0.795681
vn 0.499714 0.515372 0.696188
vn 0.506638 0.754313 0.417528
vn 0.537192 0.280536 0.795440
vn 0.278467 0.783732 0.555177
vn 0.406831 0.772769 0.487152
vn 0.312371 0.932396 0.181830
vn 0.593012 0.804720 0.027619
vn 0.316436 0.948281 0.025118
vn 0.109391 0.928926 0.353738
vn -0.000000 0.964894 0.262640
vn 0.046979 0.864005 0.501287
vn -0.160823 0.921243 0.354186
vn -0.351131 0.934780 -0.053779
vn -0.511447 0.858814 0.029339
vn -0.392800 0.817857 0.420497
vn -0.205093 0.962344 0.178414
vn 0.188332 0.851759 0.488914
vn 0.077279 0.710540 0.699401
vn -0.049369 0.662176 0.747720
vn -0.155877 0.853110 0.497901
vn -0.099035 0.691230 0.715816
vn -0.204671 0.855444 0.475737
vn -0.685940 0.648335 0.330375
vn -0.656433 0.380517 0.651385
vn -0.379442 0.297461 0.876094
vn -0.968929 0.246738 0.017222
vn -0.220187 -0.972518 -0.075676
vn -0.208523 -0.976865 0.047471
vn -0.752324 0.289420 -0.591815
vn -0.124200 -0.980809 -0.150290
vn -0.750121 0.270502 -0.603446
vn -0.961306 0.274263 0.025902
vn -0.341239 0.320133 -0.883782
vn -0.006752 -0.998060 -0.061895
vn -0.327112 0.267763 -0.906256
vn 0.003632 0.296593 -0.954997
vn 0.121835 -0.981346 -0.148717
vn -0.755805 0.169388 -0.632508
vn -0.976442 0.213132 0.033701
vn -0.351658 0.120264 -0.928371
vn -0.776513 0.154742 -0.610805
vn -0.974890 0.220103 0.033809
vn -0.974627 0.220701 0.037327
vn -0.344440 0.110632 -0.932267
vn -0.795670 0.175071 -0.579878
vn -0.959869 0.275307 0.053453
vn -0.756378 0.332638 -0.563244
vn -0.952427 0.295371 0.075093
vn -0.684024 0.462371 -0.564203
vn -0.161614 0.391711 -0.905783
vn -0.242873 0.227160 -0.943086
vn -0.169085 0.384311 -0.907587
vn 0.000774 0.381509 -0.924365
vn 0.002601 0.314103 -0.949386
vn 0.160687 0.401293 -0.901745
vn -0.000788 0.258575 -0.965991
vn 0.001264 0.093066 -0.995659
vn 0.000858 0.087775 -0.996140
vn 0.329720 0.116633 -0.936847
vn -0.002476 0.242154 -0.970235
vn 0.337893 0.108558 -0.934903
vn 0.243929 0.226604 -0.942947
vn 0.169545 0.383707 -0.907757
vn 0.756453 0.332573 -0.563183
vn 0.678694 0.469127 -0.565061
vn 0.952436 0.295347 0.075072
vn 0.959913 0.275137 0.053533
vn 0.795748 0.175090 -0.579765
vn 0.974606 0.220759 0.037526
vn 0.776438 0.154828 -0.610878
vn 0.974873 0.220179 0.033823
vn 0.755175 0.168589 -0.633473
vn 0.976444 0.213147 0.033552
vn 0.749038 0.270524 -0.604780
vn 0.961303 0.274271 0.025937
vn 0.301016 0.266346 -0.915669
vn 0.319380 0.327980 -0.889059
vn 0.217703 -0.973496 -0.070081
vn 0.751789 0.288087 -0.593144
vn 0.968144 0.249825 0.016860
vn 0.207999 -0.977065 0.045623
vn 0.027313 0.082308 -0.996233
vn -0.260993 0.759916 -0.595323
vn -0.189583 0.637549 -0.746719
vn -0.205093 0.962344 0.178414
vn -0.644368 -0.425289 0.635547
vn -0.621002 -0.702424 0.347789
vn 0.547788 -0.194500 0.813694
vn 0.468673 -0.344701 0.813343
vn -0.686999 0.118662 0.716904
vn 0.352733 -0.486582 0.799261
vn 0.114399 -0.677493 0.726578
vn -0.168745 0.679507 0.713999
vn -0.189377 -0.622269 0.759551
vn 0.823803 0.520766 0.223944
vn 0.970882 0.211983 -0.111585
vn -0.108390 -0.457301 0.882682
vn 0.930488 -0.292834 -0.220091
vn -0.079251 -0.379403 0.921831
vn -0.083902 -0.302282 0.949519
vn 0.866434 -0.408943 -0.286456
vn 0.547788 -0.194500 0.813694
vn 0.866434 -0.408943 -0.286456
vn -0.083902 -0.302282 0.949519
vn -0.621002 -0.702424 0.347789
vn -0.859343 -0.490252 -0.145543
vn 0.694812 -0.273707 -0.665072
vn -0.862195 -0.482404 -0.154619
vn 0.691494 -0.292804 -0.660380
vn -0.871787 -0.450927 -0.191448
vn 0.688591 -0.320690 -0.650385
vn 0.647295 -0.292027 -0.704081
vn -0.639471 -0.438345 -0.631609
vn 0.808815 -0.296922 -0.507598
vn -0.573534 -0.403755 -0.712770
vn 0.502515 0.065790 -0.862061
vn -0.142606 -0.154937 -0.977578
vn 0.765950 0.196194 -0.612233
vn -0.091351 0.354258 -0.930675
vn 0.759277 0.237310 -0.605955
vn 0.226890 0.539863 -0.810598
vn -0.016384 0.305052 -0.952195
vn -0.529406 0.349671 -0.772955
vn 0.968144 0.249825 0.016860
vn 0.199431 -0.972582 0.119629
vn 0.207999 -0.977065 0.045623
vn 0.805753 0.223984 0.548264
vn 0.106781 -0.968154 0.226443
vn 0.794693 0.251777 0.552332
vn 0.961303 0.274271 0.025937
vn 0.303029 0.152341 0.940726
vn 0.000087 -0.954473 0.298297
vn 0.277123 0.182126 0.943416
vn 0.309499 0.159948 0.937351
vn 0.805275 0.203379 0.556929
vn 0.976444 0.213147 0.033552
vn 0.805342 0.192604 0.560650
vn 0.974873 0.220179 0.033823
vn 0.974606 0.220759 0.037526
vn -0.000835 0.091728 0.995784
vn -0.100661 -0.967097 0.233646
vn 0.000809 0.148423 0.988924
vn 0.815459 0.164931 0.554819
vn 0.959913 0.275137 0.053533
vn -0.300171 0.153560 0.941444
vn -0.199147 -0.972291 0.122433
vn 0.325465 0.116584 0.938339
vn 0.847335 0.283485 0.449066
vn 0.952436 0.295347 0.075072
vn 0.860983 0.215080 0.460922
vn 0.332308 0.123451 0.935057
vn 0.576977 0.062956 0.814331
vn 0.000037 0.083131 0.996539
vn 0.000002 0.000366 1.000000
vn 0.000004 -0.193588 0.981083
vn -0.576979 0.062927 0.814331
vn -0.332333 0.123444 0.935049
vn -0.860994 0.215089 0.460896
vn -0.000451 0.132297 0.991210
vn -0.325444 0.116661 0.938337
vn -0.847309 0.283680 0.448991
vn -0.952427 0.295371 0.075093
vn -0.959869 0.275307 0.053453
vn -0.815478 0.164900 0.554801
vn -0.974627 0.220701 0.037327
vn -0.805335 0.192610 0.560658
vn -0.974890 0.220103 0.033809
vn -0.307906 0.159220 0.937999
vn -0.805243 0.203280 0.557011
vn -0.976442 0.213132 0.033701
vn -0.274542 0.181902 0.944213
vn -0.794705 0.251741 0.552332
vn -0.961306 0.274263 0.025902
vn -0.805404 0.225312 0.548232
vn -0.968929 0.246738 0.017222
vn -0.208523 -0.976865 0.047471
vn 0.165781 0.627872 -0.760456
vn -0.386762 0.135732 -0.912136
vn -0.209830 -0.189385 -0.959221
vn 0.187985 0.865914 -0.463523
vn -0.243463 0.372706 -0.895442
vn 0.390319 0.639387 -0.662446
vn 0.571990 0.322160 -0.754347
vn 0.373959 0.166834 -0.912317
vn 0.992213 0.092489 -0.083417
vn 0.448911 -0.303689 -0.840388
vn 0.947310 -0.024410 -0.319388
vn 0.671001 -0.526166 -0.522405
vn 0.874749 0.149452 0.460953
vn 0.583025 -0.735564 -0.345004
vn 0.385866 -0.866331 -0.317142
vn 0.688598 0.289757 0.664735
vn 0.410295 -0.857442 -0.310566
vn 0.667421 0.318019 0.673360
vn 0.117810 -0.974536 -0.190790
vn 0.083070 0.050535 0.995262
vn -0.644368 -0.425289 0.635547
vn -0.859343 -0.490252 -0.145543
vn -0.621002 -0.702424 0.347789
vn -0.972256 -0.212634 0.097490
vn -0.862195 -0.482404 -0.154619
vn -0.926986 0.299953 0.225221
vn -0.686999 0.118662 0.716904
vn -0.976090 -0.196414 0.093108
vn -0.871787 -0.450927 -0.191448
vn -0.927755 0.305297 0.214625
vn -0.290014 0.937168 0.193930
vn -0.168745 0.679507 0.713999
vn -0.333916 0.923255 0.190003
vn 0.622388 0.763936 -0.170393
vn 0.823803 0.520766 0.223944
vn 0.970882 0.211983 -0.111585
vn 0.628747 0.761032 -0.159711
vn 0.541782 0.799484 -0.259416
vn 0.864840 0.312521 -0.392916
vn 0.930488 -0.292834 -0.220091
vn -0.379978 0.924747 -0.021428
vn -0.939637 0.312308 0.139808
vn 0.868084 0.327158 -0.373360
vn 0.829762 -0.084066 -0.551750
vn -0.984604 -0.173328 0.022625
vn -0.985069 0.171723 -0.012244
vn -0.982584 -0.155156 -0.102255
vn -0.989469 0.144541 -0.007650
vn -0.639471 -0.438345 -0.631609
vn -0.389422 0.856607 -0.338490
vn -0.960521 -0.017311 -0.277668
vn -0.573534 -0.403755 -0.712770
vn -0.879429 0.220003 -0.422141
vn -0.142606 -0.154937 -0.977578
vn -0.695009 0.507512 -0.509308
vn -0.091351 0.354258 -0.930675
vn -0.971236 0.204760 0.121548
vn -0.659383 0.547617 -0.515102
vn 0.226890 0.539863 -0.810598
vn -0.958936 0.144116 0.244278
vn -0.738861 0.508011 -0.442729
vn -0.016384 0.305052 -0.952195
vn -0.659126 0.497581 -0.563885
vn -0.685940 0.648335 0.330375
vn -0.950091 0.168948 0.262267
vn -0.909189 0.275196 0.312477
vn -0.656433 0.380517 0.651385
vn -0.707565 0.018315 0.706411
vn -0.620818 -0.167271 0.765901
vn -0.575896 -0.294576 0.762607
vn -0.829244 -0.320893 0.457583
vn -0.834920 0.159260 0.526824
vn -0.999508 -0.025853 -0.017785
vn 0.228660 -0.500450 0.835023
vn 0.275560 -0.911571 0.305131
vn -0.529406 0.349671 -0.772955
vn 0.759277 0.237310 -0.605955
vn 0.874596 -0.430491 0.223067
vn 0.765950 0.196194 -0.612233
vn 0.687658 -0.317549 0.652909
vn 0.941759 -0.230334 0.245022
vn 0.923130 -0.275114 0.268594
vn 0.502515 0.065790 -0.862061
vn 0.749286 -0.293145 0.593833
vn 0.994472 -0.099752 -0.032780
vn 0.808815 -0.296922 -0.507598
vn -0.585929 -0.348391 0.731650
vn 0.684643 -0.315915 0.656858
vn -0.629653 -0.231074 0.741715
vn 0.386966 0.777063 -0.496418
vn 0.898519 0.351336 -0.263110
vn 0.891763 -0.178930 -0.415623
vn 0.647295 -0.292027 -0.704081
vn 0.873267 0.336199 -0.352668
vn 0.835198 -0.152324 -0.528433
vn 0.688591 -0.320690 -0.650385
vn 0.826026 -0.109435 -0.552906
vn 0.691494 -0.292804 -0.660380
vn 0.694812 -0.273707 -0.665072
vn 0.866434 -0.408943 -0.286456
vn 0.667421 0.318019 0.673360
vn -0.242707 0.217132 0.945488
vn 0.083070 0.050535 0.995262
vn 0.409157 0.568865 0.713430
vn 0.688598 0.289757 0.664735
vn 0.127722 0.565580 0.814743
vn -0.243176 0.030894 0.969490
vn 0.473323 0.483105 0.736597
vn 0.874749 0.149452 0.460953
vn 0.266702 0.464958 0.844206
vn -0.313341 0.834028 0.454108
vn -0.654408 0.253412 0.712413
vn -0.312380 0.901012 0.300992
vn -0.592859 0.644185 -0.483264
vn -0.732301 0.190588 -0.653767
vn -0.476513 -0.094298 -0.874096
vn -0.568026 0.444085 -0.692917
vn -0.390763 0.591774 -0.705059
vn -0.326469 -0.148248 -0.933510
vn -0.100737 -0.914015 -0.392973
vn -0.221376 0.968201 0.116528
vn 0.394139 0.423829 0.815490
vn -0.375309 -0.207584 -0.903356
vn 0.111685 -0.740730 -0.662455
vn 0.622343 0.417832 0.661895
vn 0.631744 0.221026 0.742999
vn 0.749197 0.328662 0.575051
vn 0.700875 0.159487 0.695225
vn 0.947310 -0.024410 -0.319388
vn 0.124984 0.991136 0.045031
vn 0.779164 0.241236 0.578540
vn 0.992213 0.092489 -0.083417
vn 0.776028 0.609227 0.163163
vn 0.571990 0.322160 -0.754347
vn 0.615478 0.776897 0.132730
vn 0.390319 0.639387 -0.662446
vn 0.545862 0.834693 0.072955
vn 0.187985 0.865914 -0.463523
vn 0.552212 0.830252 0.075795
vn 0.165781 0.627872 -0.760456
vn 0.225333 0.929027 -0.293485
vn 0.406831 0.772769 0.487152
vn 0.444408 0.224849 0.867148
vn 0.537192 0.280536 0.795440
vn 0.383981 0.091864 0.918760
vn 0.462811 0.048545 0.885127
vn 0.152483 -0.279849 0.947857
vn 0.586214 0.159329 0.794335
vn -0.056042 -0.496798 0.866055
vn 0.844202 -0.401422 0.355224
vn 0.834217 0.155804 0.528969
vn 0.995138 -0.093448 0.031129
vn -0.042469 -0.618391 0.784723
vn 0.023001 -0.657986 0.752679
vn -0.553139 -0.820061 0.146753
vn -0.439316 -0.811657 -0.384986
vn -0.209830 -0.189385 -0.959221
vn -0.386762 0.135732 -0.912136
vn -0.608627 -0.589811 -0.530751
vn -0.243463 0.372706 -0.895442
vn -0.795401 -0.563387 -0.223455
vn -0.760940 -0.344765 -0.549642
vn -0.821427 -0.317405 -0.473826
vn 0.373959 0.166834 -0.912317
vn -0.837100 -0.503763 -0.213276
vn -0.321749 -0.133419 -0.937378
vn 0.448911 -0.303689 -0.840388
vn -0.873718 -0.458090 -0.163618
vn -0.051483 -0.669861 0.740699
vn -0.292180 0.579265 -0.760975
vn -0.482346 -0.159774 -0.861287
vn -0.018343 -0.744640 -0.667215
vn 0.671001 -0.526166 -0.522405
vn -0.330455 -0.215095 -0.918985
vn 0.082007 -0.763501 -0.640579
vn 0.583025 -0.735564 -0.345004
vn 0.093066 -0.769547 -0.631772
vn 0.385866 -0.866331 -0.317142
vn 0.410295 -0.857442 -0.310566
vn 0.117810 -0.974536 -0.190790
vn -0.498283 0.147603 0.854358
vn -0.827173 0.082438 0.555868
vn -0.995425 0.093643 -0.018966
vn -0.975049 0.219018 -0.036195
vn -0.505644 0.206478 0.837670
vn -0.959428 0.279464 -0.037395
vn 0.005250 0.183767 0.982956
vn 0.004229 0.183821 0.982951
vn 0.447239 0.201910 0.871327
vn -0.501399 0.222976 0.835991
vn -0.966673 0.250366 -0.053475
vn -0.513982 0.192458 0.835932
vn 0.012235 0.126015 0.991953
vn 0.007825 0.153748 0.988079
vn 0.530248 0.214939 0.820145
vn 0.526221 0.179178 0.831256
vn 0.561709 0.143021 0.814879
vn 0.969398 0.228004 -0.091000
vn 0.966882 0.251872 -0.041221
vn 0.973076 0.225422 -0.048048
vn 0.988823 0.148604 -0.012090
vn 0.831081 0.178269 0.526805
vn -0.995425 0.093643 -0.018966
vn -0.844771 0.075316 -0.529801
vn -0.566584 0.150057 -0.810225
vn -0.975049 0.219018 -0.036195
vn -0.558209 0.220583 -0.799841
vn -0.000001 0.217050 -0.976161
vn -0.000001 0.211007 -0.977485
vn 0.566578 0.150060 -0.810229
vn -0.556500 0.249398 -0.792533
vn -0.959428 0.279464 -0.037395
vn -0.000446 0.206028 -0.978546
vn -0.550251 0.229585 -0.802817
vn -0.966673 0.250366 -0.053475
vn 0.000284 0.192263 -0.981343
vn 0.558205 0.220582 -0.799844
vn 0.564860 0.257673 -0.783924
vn 0.584057 0.245888 -0.773574
vn 0.966882 0.251872 -0.041221
vn 0.969398 0.228004 -0.091000
vn 0.973076 0.225422 -0.048048
vn 0.988823 0.148604 -0.012090
vn 0.844764 0.075321 -0.529812
vn -0.083902 -0.302282 0.949519
vn 0.468673 -0.344701 0.813343
vn 0.547788 -0.194500 0.813694
vn -0.079251 -0.379403 0.921831
vn -0.108390 -0.457301 0.882682
vn 0.352733 -0.486582 0.799261
vn -0.189377 -0.622269 0.759551
vn 0.114399 -0.677493 0.726578
vn -0.736348 -0.489638 0.466954
vn -0.750356 0.059453 0.658355
vn -0.870206 -0.368747 0.326753
vn -0.664060 -0.004948 0.747663
vn -0.505821 -0.275887 0.817332
vn -0.642609 -0.561048 0.521803
vn -0.257538 -0.668207 0.697978
vn -0.422527 -0.851190 0.311361
vn -0.100737 -0.914015 -0.392973
vn -0.750356 0.059453 0.658355
vn -0.664060 -0.004948 0.747663
vn -0.505821 -0.275887 0.817332
vn 0.117810 -0.974536 -0.190790
vn -0.476513 -0.094298 -0.874096
vn -0.870206 -0.368747 0.326753
vn 0.083070 0.050535 0.995262
vn -0.242707 0.217132 0.945488
vn -0.736348 -0.489638 0.466954
vn -0.257538 -0.668207 0.697978
vn -0.732301 0.190588 -0.653767
vn -0.654408 0.253412 0.712413
vn -0.422527 -0.851190 0.311361
vn -0.243176 0.030894 0.969490
vn -0.642609 -0.561048 0.521803
vn 0.069747 0.198107 0.977696
vn -0.000787 0.199402 0.979917
vn 0.063692 0.199407 0.977845
vn -0.000001 0.195509 0.980702
vn -0.062442 0.200930 0.977614
vn -0.068250 0.198186 0.977785
vn 0.001003 0.198387 0.980123
vn 0.088695 0.195228 0.976739
vn -0.087527 0.193809 0.977127
vn -0.000763 0.195272 0.980749
vn 0.106135 0.177658 0.978352
vn -0.106710 0.176917 0.978424
vn 0.000803 0.178654 0.983912
vn 0.120236 0.022446 0.992492
vn -0.124082 0.021599 0.992037
vn -0.001522 0.021399 0.999770
vn 0.152837 0.000814 0.988251
vn -0.158294 0.005784 0.987375
vn -0.001439 0.009581 0.999953
vn 0.211809 0.171736 0.962104
vn -0.216303 0.179692 0.959648
vn 0.004454 0.179755 0.983701
vn 0.843908 0.008541 -0.536419
vn -0.947005 0.042700 -0.318369
vn -0.144944 -0.026286 0.989091
vn 0.840290 0.018313 -0.541828
vn -0.952767 -0.011224 -0.303493
vn -0.169160 0.014266 0.985485
vn -0.000636 0.990281 0.139082
vn -0.016716 0.993800 0.109915
vn -1.000000 0.000000 0.000000
vn -0.460553 0.129701 0.878105
vn -0.000000 0.099134 -0.995074
vn 0.000000 0.179319 0.983791
vn -0.000000 0.099134 -0.995074
vn 0.459956 0.129642 0.878427
vn 0.000000 0.179319 0.983791
vn 0.840411 0.018677 -0.541628
vn -0.952831 -0.010912 -0.303306
vn -0.169200 0.013823 0.985485
vn 0.839977 0.019099 -0.542285
vn -0.952611 -0.010999 -0.303991
vn -0.169947 0.013638 0.985359
vn 0.840522 0.019334 -0.541432
vn -0.952866 -0.013015 -0.303112
vn -0.009462 0.012259 0.999880
vn 0.840097 0.018068 -0.542136
vn -0.952672 -0.011885 -0.303769
vn -0.169267 0.014814 0.985459
vn 0.840490 0.018286 -0.541518
vn -0.952939 -0.011713 -0.302935
vn -0.169245 0.014516 0.985467
vn 0.843791 0.008481 -0.536604
vn -0.946951 0.042624 -0.318538
vn -0.144994 -0.025734 0.989098
vn 0.843666 0.008091 -0.536807
vn -0.946822 0.042791 -0.318900
vn -0.144933 -0.024876 0.989129
vn 0.843295 0.008197 -0.537388
vn -0.946561 0.042873 -0.319663
vn -0.144317 -0.025204 0.989210
vn 0.844047 0.008315 -0.536205
vn -0.947015 0.042997 -0.318298
vn -0.144764 -0.026777 0.989104
vn 0.844995 0.008199 -0.534711
vn -0.947181 0.042901 -0.317817
vn -0.146832 -0.026470 0.988807
vn -0.236599 0.700277 -0.673523
vn 0.701276 0.688771 0.183866
vn 0.687191 -0.171728 -0.705888
vn 0.236607 -0.700274 0.673523
vn 0.000319 -0.998178 -0.060343
vn -0.000001 0.990281 0.139082
vn -0.000636 0.990281 0.139082
vn 0.000001 -0.998178 -0.060343
vn 0.000319 -0.998178 -0.060343
vn 1.000000 -0.000001 -0.000000
vn 1.000000 0.000003 -0.000000
vn 0.012648 -0.993860 -0.109922
vn 0.006086 -0.987203 -0.159354
vn 1.000000 0.000001 -0.000000
vn 0.000771 0.993845 0.110780
vn 0.010235 0.987169 0.159349
vn 0.000001 -0.964732 -0.263233
vn -0.023989 -0.986937 -0.159311
vn -0.001232 -0.964732 -0.263233
vn 0.006086 -0.987203 -0.159354
vn 0.000001 -0.993939 -0.109931
vn 0.012648 -0.993860 -0.109922
vn 0.000001 -0.998178 -0.060343
vn 0.000319 -0.998178 -0.060343
vn -0.001232 -0.964732 -0.263233
vn -0.000001 0.993845 0.110780
vn 0.000771 0.993845 0.110780
vn 0.000001 -0.964732 -0.263233
vn -0.001232 -0.964732 -0.263233
vn -0.023989 -0.986937 -0.159311
vn -0.024942 0.986914 0.159308
vn -0.016716 0.993800 0.109915
vn -0.000001 0.990281 0.139082
vn -0.016716 0.993800 0.109915
vn -0.000636 0.990281 0.139082
vn -0.000001 0.993939 0.109931
vn -0.024942 0.986914 0.159308
vn 0.010235 0.987169 0.159349
vn -0.000001 0.993845 0.110780
vn 0.000771 0.993845 0.110780
vn -0.218716 -0.886317 0.408174
vn -0.027525 -0.859606 -0.510216
vn 0.133939 -0.810070 -0.570830
vn -0.025530 0.059771 -0.997886
vn -0.018153 -0.581273 -0.813506
vn 0.095720 0.055231 -0.993875
vn 1.000000 0.000002 0.000001
vn 0.128071 0.870334 -0.475518
vn -0.031520 0.760490 -0.648585
vn -0.173344 0.894668 0.411730
vn -0.012411 0.998065 0.060924
vn -0.019766 0.673555 -0.738873
vn -1.000000 0.000022 -0.000420
vn 0.000001 -0.997620 0.068956
vn 0.014284 -0.988582 0.150006
vn 0.000000 -0.981061 0.193699
vn 0.029402 -0.991200 0.129069
vn -0.080136 -0.989047 0.123950
vn -0.351774 -0.909538 0.221348
vn -0.176440 -0.926348 0.332789
vn 0.000002 -0.935511 0.353298
vn 0.000001 -0.997620 0.068956
vn 0.176444 -0.926346 0.332791
vn 0.000002 -0.935511 0.353298
vn 0.351779 -0.909536 0.221349
vn 0.080139 -0.989047 0.123950
vn -0.029399 -0.991200 0.129071
vn -0.014281 -0.988582 0.150009
vn 0.000000 -0.981061 0.193699
vn 0.000000 0.287119 0.957895
vn 0.000000 0.179319 0.983791
vn 0.459956 0.129642 0.878427
vn 0.437373 0.222611 0.871292
vn 0.889212 -0.000043 0.457495
vn -0.000001 0.679064 0.734079
vn 0.889886 0.040866 0.454349
vn 0.321655 0.661343 0.677616
vn 0.842421 0.317689 0.435203
vn 0.847539 0.526611 0.066020
vn -0.000001 0.999530 0.030646
vn 0.200604 0.978840 0.040371
vn 0.727594 0.545458 -0.416031
vn 0.310199 0.759691 -0.571529
vn -0.000002 0.805536 -0.592547
vn 0.439138 0.038864 -0.897579
vn 0.883154 -0.063193 -0.464808
vn -0.000000 0.076246 -0.997089
vn 0.458488 -0.144921 -0.876805
vn 0.891316 -0.118033 -0.437749
vn -0.000000 -0.140478 -0.990084
vn 0.000000 0.287119 0.957895
vn -0.460553 0.129701 0.878105
vn 0.000000 0.179319 0.983791
vn -0.437373 0.222610 0.871292
vn -0.889212 -0.000046 0.457496
vn -0.000001 0.679064 0.734079
vn -0.889884 0.040863 0.454352
vn -0.321657 0.661343 0.677616
vn -0.842419 0.317687 0.435206
vn -0.847540 0.526609 0.066020
vn -0.000001 0.999530 0.030646
vn -0.200605 0.978840 0.040369
vn -0.727595 0.545457 -0.416032
vn -0.310199 0.759690 -0.571530
vn -0.000002 0.805536 -0.592547
vn -0.439138 0.038863 -0.897579
vn -0.883153 -0.063197 -0.464809
vn -0.000000 0.076246 -0.997089
vn -0.458488 -0.144923 -0.876805
vn -0.891316 -0.118036 -0.437747
vn -0.000000 -0.140478 -0.990084
vn -0.080136 -0.989047 0.123950
vn -0.351774 -0.909538 0.221348
vn -0.899120 0.074594 0.431299
vn -0.998114 0.038771 0.047591
vn 0.029402 -0.991200 0.129069
vn -0.894041 0.028579 -0.447073
vn -0.891316 -0.118036 -0.437747
vn -0.991959 -0.099837 0.077786
vn -0.889212 -0.000046 0.457496
vn -0.899120 0.074594 0.431299
vn -0.460553 0.129701 0.878105
vn -0.889212 -0.000046 0.457496
vn -0.480695 0.040071 0.875972
vn 0.104258 0.041573 -0.993681
vn -0.271937 -0.056065 0.960680
vn 0.000001 -0.062115 0.998069
vn 0.000002 -0.935511 0.353298
vn -0.176440 -0.926348 0.332789
vn -0.351774 -0.909538 0.221348
vn -0.991959 -0.099837 0.077786
vn -0.889212 -0.000046 0.457496
vn -0.889884 0.040863 0.454352
vn -0.997447 -0.045447 0.055074
vn -0.891316 -0.118036 -0.437747
vn -0.842419 0.317687 0.435206
vn -0.883153 -0.063197 -0.464809
vn -0.847540 0.526609 0.066020
vn -0.727595 0.545457 -0.416032
vn -0.460553 0.129701 0.878105
vn 0.104258 0.041573 -0.993681
vn -0.000000 0.099134 -0.995074
vn 0.000033 0.277554 -0.960710
vn 0.041937 0.189689 -0.980948
vn -0.271937 -0.056065 0.960680
vn -0.301949 -0.069390 0.950795
vn -0.000001 -0.062160 0.998066
vn -0.063570 0.189609 -0.979800
vn 0.298023 -0.069474 0.952027
vn -0.063570 0.189609 -0.979800
vn -0.076791 0.041464 -0.996185
vn 0.277038 -0.055907 0.959231
vn 0.000033 0.277554 -0.960710
vn -0.000000 0.099134 -0.995074
vn 0.459956 0.129642 0.878427
vn -0.301949 -0.069390 0.950795
vn -0.271937 -0.056065 0.960680
vn 0.000001 -0.062115 0.998069
vn -0.000001 -0.062160 0.998066
vn 0.000001 -0.062115 0.998069
vn 0.277038 -0.055907 0.959231
vn 0.298023 -0.069474 0.952027
vn -0.000001 -0.062160 0.998066
vn 0.080139 -0.989047 0.123950
vn 0.899120 0.074596 0.431299
vn 0.351779 -0.909536 0.221349
vn 0.998114 0.038772 0.047591
vn -0.029399 -0.991200 0.129071
vn 0.894041 0.028582 -0.447073
vn 0.891316 -0.118033 -0.437749
vn 0.991959 -0.099833 0.077784
vn 0.889212 -0.000043 0.457495
vn 0.899120 0.074596 0.431299
vn 0.176444 -0.926346 0.332791
vn 0.351779 -0.909536 0.221349
vn 0.480607 0.040142 0.876017
vn 0.000002 -0.935511 0.353298
vn 0.000001 -0.062115 0.998069
vn 0.277038 -0.055907 0.959231
vn 0.459956 0.129642 0.878427
vn 0.889212 -0.000043 0.457495
vn -0.076791 0.041464 -0.996185
vn 0.991959 -0.099833 0.077784
vn 0.889886 0.040866 0.454349
vn 0.889212 -0.000043 0.457495
vn 0.997448 -0.045444 0.055073
vn 0.891316 -0.118033 -0.437749
vn 0.842421 0.317689 0.435203
vn 0.883154 -0.063193 -0.464808
vn 0.847539 0.526611 0.066020
vn 0.727594 0.545458 -0.416031
vn -0.236602 0.700275 -0.673524
vn 0.701274 0.688775 0.183858
vn 0.687194 -0.171732 -0.705884
vn 0.236606 -0.700273 0.673525
vn 0.674940 -0.611685 0.412672
vn -0.961069 0.078220 -0.265008
vn 0.184462 -0.817208 -0.546027
vn -0.493070 0.360640 0.791720
vn 0.734187 0.577138 -0.357605
vn -0.961069 0.078220 -0.265008
vn 0.734187 0.577138 -0.357605
vn 0.184462 -0.817208 -0.546027
vn 0.674940 -0.611685 0.412672
vn -0.493070 0.360640 0.791720
vn 0.674940 -0.611683 0.412674
vn -0.961071 0.078218 -0.265001
vn 0.184439 -0.817185 -0.546069
vn -0.493055 0.360628 0.791735
vn 0.734189 0.577136 -0.357603
vn -0.961071 0.078218 -0.265001
vn 0.734189 0.577136 -0.357603
vn 0.184439 -0.817185 -0.546069
vn 0.674940 -0.611683 0.412674
vn -0.493055 0.360628 0.791735
vn 0.674935 -0.611694 0.412666
vn -0.961071 0.078222 -0.264997
vn 0.184430 -0.817214 -0.546029
vn -0.493078 0.360628 0.791721
vn 0.734195 0.577134 -0.357594
vn -0.961071 0.078222 -0.264997
vn 0.734195 0.577134 -0.357594
vn 0.184430 -0.817214 -0.546029
vn 0.674935 -0.611694 0.412666
vn -0.493078 0.360628 0.791721
vn -0.236603 0.700274 -0.673525
vn 0.701279 0.688780 0.183817
vn 0.687189 -0.171731 -0.705889
vn 0.236606 -0.700277 0.673521
vn -0.213724 0.741107 -0.636461
vn 0.722511 0.655907 0.218548
vn 0.682078 -0.156874 -0.714255
vn 0.213730 -0.741106 0.636460
vn -0.213716 0.741108 -0.636463
vn 0.722515 0.655909 0.218532
vn 0.682069 -0.156877 -0.714263
vn 0.213726 -0.741112 0.636455
vn 0.654869 -0.653122 0.380236
vn -0.957876 0.122099 -0.259932
vn 0.158931 -0.793502 -0.587448
vn -0.482178 0.334833 0.809563
vn 0.752447 0.571195 -0.327962
vn -0.957876 0.122099 -0.259932
vn 0.752447 0.571195 -0.327962
vn 0.158931 -0.793502 -0.587448
vn 0.654869 -0.653122 0.380236
vn -0.482178 0.334833 0.809563
vn 0.654865 -0.653132 0.380224
vn -0.957880 0.122097 -0.259920
vn 0.158919 -0.793519 -0.587429
vn -0.482190 0.334836 0.809554
vn 0.752450 0.571195 -0.327958
vn -0.957880 0.122097 -0.259920
vn 0.752450 0.571195 -0.327958
vn 0.158919 -0.793519 -0.587429
vn 0.654865 -0.653132 0.380224
vn -0.482190 0.334836 0.809554
vn -0.213724 0.741104 -0.636464
vn 0.722514 0.655913 0.218522
vn 0.682092 -0.156877 -0.714241
vn 0.213722 -0.741099 0.636471
vn -0.213728 0.741107 -0.636460
vn 0.722516 0.655907 0.218533
vn 0.682061 -0.156870 -0.714272
vn 0.213713 -0.741112 0.636459
vn -0.974922 0.134400 0.177378
vn -0.971610 -0.001717 0.236580
vn -0.976503 0.131004 0.171115
vn -0.966924 -0.040407 0.251845
vn -0.931993 -0.242599 0.269322
vn -0.935530 -0.227784 0.269995
vn -0.788232 -0.529610 0.313375
vn -0.836222 -0.413991 0.359645
vn -0.418725 -0.877937 0.232155
vn -0.625441 -0.673304 0.394315
vn -0.279021 -0.953294 0.115660
vn -0.276955 -0.954740 0.108483
vn -0.944079 0.066399 -0.322965
vn -0.964276 -0.107494 -0.242110
vn -0.961059 -0.111058 -0.253045
vn -0.933480 0.117216 -0.338933
vn -0.912486 0.250409 -0.323518
vn -0.916723 0.251251 -0.310631
vn -0.817459 0.457215 -0.350308
vn -0.863697 0.337570 -0.374264
vn -0.368612 0.918663 -0.142065
vn -0.570208 0.774322 -0.274387
vn -0.254671 0.961457 -0.103651
vn -0.256103 0.960473 -0.109099
vn 0.840290 0.018313 -0.541828
vn -0.954538 -0.044793 -0.294705
vn -0.952767 -0.011224 -0.303493
vn 0.695169 0.013924 -0.718711
vn -0.169160 0.014266 0.985485
vn 0.953628 0.044756 0.297641
vn -0.955616 -0.050937 -0.290177
vn 0.544864 0.017627 -0.838339
vn 0.956110 0.046422 0.289307
vn 0.962164 -0.006326 0.272397
vn 0.951680 -0.006431 0.307023
vn 0.840411 0.018677 -0.541628
vn -0.954679 -0.044346 -0.294316
vn -0.952831 -0.010912 -0.303306
vn 0.694279 0.015219 -0.719545
vn -0.169200 0.013823 0.985485
vn 0.953594 0.044301 0.297819
vn -0.955487 -0.049926 -0.290778
vn 0.542681 0.020227 -0.839695
vn 0.956098 0.045238 0.289534
vn 0.961990 -0.007830 0.272971
vn 0.951582 -0.008159 0.307287
vn 0.839977 0.019099 -0.542285
vn -0.954868 -0.044070 -0.293742
vn -0.952611 -0.010999 -0.303991
vn 0.692417 0.016261 -0.721315
vn -0.169947 0.013638 0.985359
vn 0.953413 0.044059 0.298434
vn -0.955382 -0.049193 -0.291249
vn 0.540765 0.022018 -0.840886
vn 0.956068 0.044346 0.289772
vn 0.962109 -0.009000 0.272516
vn 0.951789 -0.009455 0.306608
vn 0.840522 0.019334 -0.541432
vn -0.952986 -0.035626 -0.300913
vn -0.952866 -0.013015 -0.303112
vn 0.779469 0.014571 -0.626272
vn -0.009462 0.012259 0.999880
vn -0.953821 -0.060064 -0.294310
vn -0.004864 0.009166 0.999946
vn 0.588626 0.020757 -0.808139
vn -0.955621 -0.063309 -0.287717
vn 0.004979 0.009453 0.999943
vn 0.407155 0.024656 -0.913026
vn -0.875587 -0.043022 -0.481141
vn 0.019999 -0.006237 0.999781
vn 0.019999 -0.006237 0.999781
vn -0.955621 -0.063309 -0.287717
vn -0.875587 -0.043022 -0.481141
vn -0.953821 -0.060064 -0.294310
vn 0.004979 0.009453 0.999943
vn -0.952986 -0.035626 -0.300913
vn -0.004864 0.009166 0.999946
vn -0.952866 -0.013015 -0.303112
vn -0.009462 0.012259 0.999880
vn 0.840097 0.018068 -0.542136
vn -0.954363 -0.045636 -0.295141
vn -0.952672 -0.011885 -0.303769
vn 0.695324 0.012294 -0.718591
vn -0.169267 0.014814 0.985459
vn 0.953669 0.045634 0.297376
vn -0.956060 -0.052292 -0.288468
vn 0.546141 0.014139 -0.837574
vn 0.956160 0.047899 0.288901
vn 0.962505 -0.005250 0.271212
vn 0.951884 -0.005044 0.306418
vn 0.840490 0.018286 -0.541518
vn -0.954901 -0.045162 -0.293469
vn -0.952939 -0.011713 -0.302935
vn 0.695063 0.013136 -0.718828
vn -0.169245 0.014516 0.985467
vn 0.953913 0.045166 0.296664
vn -0.956021 -0.051547 -0.288732
vn 0.545756 0.015898 -0.837794
vn 0.956341 0.047114 0.288430
vn 0.962427 -0.005685 0.271479
vn 0.951910 -0.005633 0.306325
vn 0.843908 0.008541 -0.536419
vn -0.950446 0.059254 -0.305190
vn -0.947005 0.042700 -0.318369
vn 0.701143 -0.014704 -0.712869
vn -0.144944 -0.026286 0.989091
vn 0.953595 -0.059223 0.295211
vn -0.958428 0.063290 -0.278226
vn 0.539473 -0.008897 -0.841956
vn 0.956290 -0.057664 0.286676
vn 0.961443 -0.058861 0.268632
vn 0.951409 -0.060138 0.302000
vn 0.843791 0.008481 -0.536604
vn -0.950230 0.058722 -0.305964
vn -0.946951 0.042624 -0.318538
vn 0.699666 -0.016119 -0.714288
vn -0.144994 -0.025734 0.989098
vn 0.953596 -0.058723 0.295307
vn -0.958597 0.062353 -0.277857
vn 0.539014 -0.011545 -0.842218
vn 0.956307 -0.056551 0.286844
vn 0.961358 -0.057187 0.269298
vn 0.951436 -0.058263 0.302282
vn 0.843666 0.008091 -0.536807
vn -0.950045 0.058092 -0.306658
vn -0.946822 0.042791 -0.318900
vn 0.697642 -0.018264 -0.716214
vn -0.144933 -0.024876 0.989129
vn 0.953767 -0.058155 0.294866
vn -0.959344 0.061060 -0.275555
vn 0.537601 -0.015114 -0.843064
vn 0.956587 -0.054995 0.286210
vn 0.961725 -0.054618 0.268517
vn 0.952027 -0.055467 0.300946
vn 0.843295 0.008197 -0.537388
vn -0.949548 0.058423 -0.308132
vn -0.946561 0.042873 -0.319663
vn 0.698821 -0.017101 -0.715092
vn -0.144317 -0.025204 0.989210
vn 0.953387 -0.058468 0.296032
vn -0.958713 0.061656 -0.277610
vn 0.537789 -0.013234 -0.842976
vn 0.956255 -0.055742 0.287174
vn 0.961507 -0.055878 0.269040
vn 0.951691 -0.056835 0.301752
vn 0.844047 0.008315 -0.536205
vn -0.950773 0.060172 -0.303990
vn -0.947015 0.042997 -0.318298
vn 0.702651 -0.012767 -0.711420
vn -0.144764 -0.026777 0.989104
vn 0.953664 -0.060106 0.294807
vn -0.958481 0.064573 -0.277751
vn 0.538432 -0.005167 -0.842653
vn 0.956388 -0.059065 0.286065
vn 0.961796 -0.060412 0.267019
vn 0.951622 -0.061952 0.300960
vn 0.844995 0.008199 -0.534711
vn -0.950511 0.059740 -0.304894
vn -0.947181 0.042901 -0.317817
vn 0.704592 -0.013907 -0.709477
vn -0.146832 -0.026470 0.988807
vn 0.953801 -0.059661 0.294458
vn -0.958582 0.063892 -0.277557
vn 0.540614 -0.007107 -0.841241
vn 0.956463 -0.058321 0.285968
vn 0.961638 -0.059682 0.267750
vn 0.951543 -0.061093 0.301385
vn -0.947181 0.042901 -0.317817
vn -0.950511 0.059740 -0.304894
vn -0.696525 0.013361 0.717408
vn -0.146832 -0.026470 0.988807
vn 0.953801 -0.059661 0.294458
vn 0.956463 -0.058321 0.285968
vn -0.320167 -0.000042 0.947361
vn -0.958582 0.063892 -0.277557
vn 0.961638 -0.059682 0.267750
vn 0.951543 -0.061093 0.301385
vn -0.947015 0.042997 -0.318298
vn -0.950773 0.060172 -0.303990
vn -0.695944 0.012333 0.717990
vn -0.144764 -0.026777 0.989104
vn 0.953664 -0.060106 0.294807
vn 0.956388 -0.059065 0.286065
vn -0.321704 -0.002005 0.946838
vn -0.958481 0.064573 -0.277751
vn 0.961796 -0.060412 0.267019
vn 0.951622 -0.061952 0.300960
vn -0.946561 0.042873 -0.319663
vn -0.949548 0.058423 -0.308132
vn -0.691416 0.016784 0.722262
vn -0.144317 -0.025204 0.989210
vn 0.953387 -0.058468 0.296032
vn 0.956255 -0.055742 0.287174
vn -0.305228 0.006479 0.952257
vn -0.958713 0.061656 -0.277610
vn 0.961507 -0.055878 0.269040
vn 0.951691 -0.056835 0.301752
vn -0.946822 0.042791 -0.318900
vn -0.950045 0.058092 -0.306658
vn -0.691809 0.018074 0.721855
vn -0.144933 -0.024876 0.989129
vn 0.953767 -0.058155 0.294866
vn 0.956587 -0.054995 0.286210
vn -0.301638 0.008581 0.953384
vn -0.959344 0.061060 -0.275555
vn 0.961725 -0.054618 0.268517
vn 0.952027 -0.055467 0.300946
vn -0.946951 0.042624 -0.318538
vn -0.950230 0.058722 -0.305964
vn -0.693804 0.015856 0.719989
vn -0.144994 -0.025734 0.989098
vn 0.953596 -0.058723 0.295307
vn 0.956307 -0.056551 0.286844
vn -0.309974 0.004629 0.950734
vn -0.958597 0.062353 -0.277857
vn 0.961358 -0.057187 0.269298
vn 0.951436 -0.058263 0.302282
vn -0.947005 0.042700 -0.318369
vn -0.950446 0.059254 -0.305190
vn -0.695066 0.014374 0.718802
vn -0.144944 -0.026286 0.989091
vn 0.953595 -0.059223 0.295211
vn 0.956290 -0.057664 0.286676
vn -0.315571 0.001770 0.948900
vn -0.958428 0.063290 -0.278226
vn 0.961443 -0.058861 0.268632
vn 0.951409 -0.060138 0.302000
vn -0.952939 -0.011713 -0.302935
vn -0.954901 -0.045162 -0.293469
vn -0.704018 -0.013711 0.710050
vn -0.169245 0.014516 0.985467
vn 0.953913 0.045166 0.296664
vn -0.306292 -0.009619 0.951889
vn -0.956021 -0.051547 -0.288732
vn 0.956341 0.047114 0.288430
vn 0.951910 -0.005633 0.306325
vn 0.962427 -0.005685 0.271479
vn -0.952672 -0.011885 -0.303769
vn -0.954363 -0.045636 -0.295141
vn -0.703451 -0.012819 0.710628
vn -0.169267 0.014814 0.985459
vn 0.953669 0.045634 0.297376
vn -0.308238 -0.007665 0.951278
vn -0.956060 -0.052292 -0.288468
vn 0.956160 0.047899 0.288901
vn 0.951884 -0.005044 0.306418
vn 0.962505 -0.005250 0.271212
vn -0.952611 -0.010999 -0.303991
vn -0.954868 -0.044070 -0.293742
vn -0.701297 -0.016746 0.712672
vn -0.169947 0.013638 0.985359
vn 0.953413 0.044059 0.298434
vn -0.299458 -0.017120 0.953956
vn -0.955382 -0.049193 -0.291249
vn 0.956068 0.044346 0.289772
vn 0.951789 -0.009455 0.306608
vn 0.962109 -0.009000 0.272516
vn -0.952831 -0.010912 -0.303306
vn -0.954679 -0.044346 -0.294316
vn -0.701866 -0.015608 0.712138
vn -0.169200 0.013823 0.985485
vn 0.953594 0.044301 0.297819
vn -0.302227 -0.014861 0.953120
vn -0.955487 -0.049926 -0.290778
vn 0.956098 0.045238 0.289534
vn 0.951582 -0.008159 0.307287
vn 0.961990 -0.007830 0.272971
vn -0.952767 -0.011224 -0.303493
vn -0.954538 -0.044793 -0.294705
vn -0.702864 -0.014363 0.711179
vn -0.169160 0.014266 0.985485
vn 0.953628 0.044756 0.297641
vn -0.305364 -0.011681 0.952164
vn -0.955616 -0.050937 -0.290177
vn 0.956110 0.046422 0.289307
vn 0.951680 -0.006431 0.307023
vn 0.962164 -0.006326 0.272397
vn 0.894041 0.028582 -0.447073
vn 0.444858 -0.027229 -0.895187
vn 0.891316 -0.118033 -0.437749
vn -0.029399 -0.991200 0.129071
vn 0.458488 -0.144921 -0.876805
vn -0.014281 -0.988582 0.150009
vn -0.000000 -0.140478 -0.990084
vn 0.000000 -0.981061 0.193699
vn -0.000001 -0.033111 -0.999452
vn -0.891316 -0.118036 -0.437747
vn -0.458488 -0.144923 -0.876805
vn -0.444854 -0.027232 -0.895189
vn -0.894041 0.028579 -0.447073
vn -0.000000 -0.140478 -0.990084
vn 0.029402 -0.991200 0.129069
vn -0.000001 -0.033111 -0.999452
vn 0.014284 -0.988582 0.150006
vn 0.000000 -0.981061 0.193699
vn -0.213728 0.741107 -0.636460
vn -0.682075 0.156877 0.714257
vn 0.722516 0.655907 0.218533
vn 0.213713 -0.741112 0.636459
vn -0.722517 -0.655910 -0.218519
vn 0.682061 -0.156870 -0.714272
vn -0.213724 0.741104 -0.636464
vn -0.682085 0.156876 0.714247
vn 0.722514 0.655913 0.218522
vn 0.213722 -0.741099 0.636471
vn -0.722515 -0.655915 -0.218512
vn 0.682092 -0.156877 -0.714241
vn -0.213716 0.741108 -0.636463
vn -0.682073 0.156870 0.714261
vn 0.722515 0.655909 0.218532
vn 0.213726 -0.741112 0.636455
vn -0.722516 -0.655903 -0.218543
vn 0.682069 -0.156877 -0.714263
vn -0.213724 0.741107 -0.636461
vn -0.682083 0.156875 0.714250
vn 0.722511 0.655907 0.218548
vn 0.213730 -0.741106 0.636460
vn -0.722513 -0.655909 -0.218538
vn 0.682078 -0.156874 -0.714255
vn -0.236603 0.700274 -0.673525
vn -0.687195 0.171779 0.705872
vn 0.701279 0.688780 0.183817
vn 0.236606 -0.700277 0.673521
vn -0.701281 -0.688767 -0.183860
vn 0.687189 -0.171731 -0.705889
vn -0.236602 0.700275 -0.673524
vn -0.687189 0.171778 0.705878
vn 0.701274 0.688775 0.183858
vn 0.236606 -0.700273 0.673525
vn -0.701276 -0.688762 -0.183897
vn 0.687194 -0.171732 -0.705884
vn -0.018153 -0.581273 -0.813506
vn -0.027525 -0.859606 -0.510216
vn -0.020732 -0.920209 0.390877
vn -0.218716 -0.886317 0.408174
vn -0.023848 -0.060286 0.997896
vn -0.018191 -0.673734 0.738750
vn -1.000000 0.000022 -0.000420
vn -0.019762 0.574886 0.817995
vn -0.019766 0.673555 -0.738873
vn -0.012411 0.998065 0.060924
vn -0.020894 0.658187 0.752565
vn -0.173344 0.894668 0.411730
vn 0.143199 0.818585 0.556248
vn 0.128071 0.870334 -0.475518
vn 1.000000 0.000002 0.000001
vn 0.141190 -0.002698 0.989979
vn 0.193868 -0.902907 0.383633
vn 0.133939 -0.810070 -0.570830
vn -0.236599 0.700277 -0.673523
vn -0.687195 0.171773 0.705873
vn 0.701276 0.688771 0.183866
vn 0.236607 -0.700274 0.673523
vn -0.701276 -0.688759 -0.183911
vn 0.687191 -0.171728 -0.705888
f 65537//65537 196611//196611 327685//327685
f 393220//393220 393221//393221 458756//458756
f 458761//458761 196612//196612 524298//524298
f 524296//524296 720907//720907 655368//655368
f 458765//458765 786444//786444 851980//851980
f 786440//786440 983055//983055 1114129//1114129
f 1048595//1048595 1048592//1048592 1245203//1245203
f 1310740//1310740 1376273//1376273 1310737//1310737
f 1245205//1245205 1245207//1245207 1441816//1441816
f 1507353//1507353 1572884//1572884 1507354//1507354
f 1245209//1245209 1769499//1769499 1900573//1900573
f 1966108//1966108 1835037//1835037 2031647//2031647
f 2031649//2031649 1769503//1769503 1966114//1966114
f 2097186//2097186 1835039//1835039 2228256//2228256
f 2228260//2228260 1835040//1835040 2359331//2359331
f 2228261//2228261 2293798//2293798 2228263//2228263
f 2424871//2424871 2490403//2490403 2424872//2424872
f 2424869//2424869 2621481//2621481 2555942//2555942
f 2687017//2687017 2621477//2621477 2687019//2687019
f 2621483//2621483 2621484//2621484 2818088//2818088
f 2883628//2883628 2818091//2818091 2883630//2883630
f 2949160//2949160 2949164//2949164 2883631//2883631
f 3080238//3080238 2555951//2555951 2949168//2949168
f 2490408//2490408 3145777//3145777 2293799//2293799
f 3014706//3014706 3276848//3276848 3080242//3080242
f 3342386//3342386 2555951//2555951 3080245//3080245
f 2555957//2555957 3276849//3276849 3407920//3407920
f 3342390//3342390 3473458//3473458 3276850//3276850
f 3538998//3538998 3604532//3604532 3473463//3473463
f 3604531//3604531 3538998//3538998 3670072//3670072
f 3735608//3735608 3801145//3801145 3604538//3604538
f 3801139//3801139 3801144//3801144 3735612//3735612
f 3932211//3932211 3801147//3801147 3866685//3866685
f 3866686//3866686 3276861//3276861 3932223//3932223
f 3407923//3407923 3932223//3932223 3997759//3997759
f 3407936//3407936 3407921//3407921 4063296//4063296
f 4128833//4128833 2293809//2293809 3145793//3145793
f 4128831//4128831 4259906//4259906 4063294//4063294
f 4194368//4194368 3997762//3997762 3866691//3866691
f 4390979//4390979 4390972//4390972 3866693//3866693
f 4194370//4194370 4587590//4587590 4259902//4259902
f 4522050//4522050 2293831//2293831 4194376//4194376
f 4653121//4653121 4522057//4522057 4718657//4718657
f 4784164//4784164 4653128//4653128 4718666//4718666
f 4784203//4784203 4849700//4849700 2031652//2031652
f 2031691//2031691 2097228//2097228 2031692//2031692
f 4849741//4849741 4980812//4980812 4849738//4849738
f 4915278//4915278 4980769//4980769 5046348//5046348
f 4980815//4980815 4980814//4980814 4784208//4784208
f 5177423//5177423 4718669//4718669 5242954//5242954
f 5242960//5242960 5177418//5177418 5242962//5242962
f 4718675//4718675 5374033//5374033 5308497//5308497
f 5374025//5374025 5111878//5111878 5177428//5177428
f 5308500//5308500 5374032//5374032 4522069//4522069
f 4587605//4587605 5570630//5570630 5111892//5111892
f 5308502//5308502 5111892//5111892 5570647//5570647
f 5570642//5570642 5111895//5111895 5701710//5701710
f 5767256//5767256 5767247//5767247 5046360//5046360
f 5111895//5111895 5767257//5767257 5832782//5832782
f 5767259//5767259 5898330//5898330 2097242//2097242
f 2097230//2097230 5963866//5963866 5767255//5767255
f 5898329//5898329 5898332//5898332 5963869//5963869
f 2097243//2097243 2162782//2162782 2097246//2097246
f 5963863//5963863 6029407//6029407 5963871//5963871
f 6094944//6094944 2162722//2162722 6225948//6225948
f 6291550//6291550 6226011//6226011 6094946//6094946
f 6094945//6094945 6226018//6226018 6357091//6357091
f 6291555//6291555 1769570//1769570 6226020//6226020
f 6226019//6226019 1769572//1769572 6488165//6488165
f 6553700//6553700 6553699//6553699 6619164//6619164
f 6422625//6422625 6291559//6291559 5898343//5898343
f 6684776//6684776 6684771//6684771 5898345//5898345
f 6815848//6815848 6029415//6029415 6815835//6815835
f 6881381//6881381 6881384//6881384 6750313//6750313
f 6946918//6946918 6946917//6946917 7012454//7012454
f 6946925//6946925 7143532//7143532 6946917//6946917
f 6946926//6946926 6881391//6881391 7274597//7274597
f 7143525//7143525 7209072//7209072 7143537//7143537
f 7209073//7209073 7471218//7471218 7405681//7405681
f 7471217//7471217 7602292//7602292 7340142//7340142
f 7602292//7602292 7143537//7143537 7274613//7274613
f 7536757//7536757 7733366//7733366 7667829//7667829
f 7274616//7274616 7602293//7602293 7798903//7798903
f 7798896//7798896 7733354//7733354 7798905//7798905
f 6881401//6881401 7864440//7864440 7929975//7929975
f 7864426//7864426 6815867//6815867 7995498//7995498
f 8061050//8061050 8061049//8061049 7864443//7864443
f 7929980//7929980 6815869//6815869 8192123//8192123
f 8061051//8061051 8192126//8192126 6815837//6815837
f 8257661//8257661 8257660//8257660 8061054//8061054
f 8126591//8126591 6029440//6029440 8388734//8388734
f 8257662//8257662 8323201//8323201 8257666//8257666
f 8323202//8323202 8257667//8257667 8388740//8388740
f 6029444//6029444 8585345//8585345 8454271//8454271
f 8585309//8585309 6160517//6160517 8650845//8650845
f 8585350//8585350 8585346//8585346 8650886//8650886
f 6160518//6160518 8519813//8519813 8454278//8454278
f 8716383//8716383 5636231//5636231 8781919//8781919
f 8519814//8519814 8847496//8847496 8716423//8716423
f 5636233//5636233 5308551//5308551 8912983//8912983
f 8781961//8781961 8781962//8781962 8978568//8978568
f 5308555//5308555 9044105//9044105 8978569//8978569
f 5308499//5308499 5374091//5374091 9109643//9109643
f 9109642//9109642 5374091//5374091 5505164//5505164
f 9175180//9175180 5505109//5505109 4587661//4587661
f 9175111//9175111 3997838//3997838 9240647//9240647
f 9240638//9240638 4325519//4325519 9306174//9306174
f 9371784//9371784 9109642//9109642 9437322//9437322
f 9437328//9437328 9437322//9437322 9502864//9502864
f 9109651//9109651 9109649//9109649 9175187//9175187
f 9568402//9568402 9175185//9175185 9240724//9240724
f 9568397//9568397 9240724//9240724 9306261//9306261
f 9633934//9633934 4325525//4325525 9765007//9765007
f 9306262//9306262 9371797//9371797 9830536//9830536
f 9830531//9830531 9502856//9502856 9896080//9896080
f 9896087//9896087 9765008//9765008 4325529//4325529
f 9961539//9961539 9830468//9830468 10027139//10027139
f 10027163//10027163 10027139//10027139 10158235//10158235
f 10158237//10158237 10289307//10289307 10027159//10027159
f 10289308//10289308 9896090//9896090 10354839//10354839
f 10289303//10289303 10420383//10420383 10354840//10354840
f 10420382//10420382 9502879//9502879 10485912//10485912
f 10420376//10420376 10420385//10420385 10485922//10485922
f 10616994//10616994 9502881//9502881 10616993//10616993
f 10223772//10223772 10748068//10748068 10223780//10223780
f 10158238//10158238 10420390//10420390 10813598//10813598
f 10879132//10879132 10879142//10879142 10813600//10813600
f 10158247//10158247 10682532//10682532 10944677//10944677
f 10944681//10944681 10420389//10420389 11075751//11075751
f 10420386//10420386 10682538//10682538 10879147//10879147
f 10682539//10682539 11075752//11075752 11141287//11141287
f 11206824//11206824 11206827//11206827 11141290//11141290
f 11010216//11010216 11206829//11206829 11272360//11272360
f 11337897//11337897 11337901//11337901 11403433//11403433
f 11337904//11337904 11272367//11272367 11206833//11206833
f 11272369//11272369 11600046//11600046 11534508//11534508
f 11600051//11600051 11337905//11337905 11534515//11534515
f 11468974//11468974 11665588//11665588 11731118//11731118
f 11731125//11731125 11731120//11731120 11862197//11862197
f 11731127//11731127 11731126//11731126 11665591//11665591
f 11665592//11665592 11600055//11600055 11993267//11993267
f 11600044//11600044 11075769//11075769 12058796//12058796
f 12124345//12124345 12124330//12124330 11075746//11075746
f 12189881//12189881 11600058//11600058 12058811//12058811
f 10551484//10551484 12189882//12189882 12124348//12124348
f 12320952//12320952 12320946//12320946 12386488//12386488
f 12452024//12452024 4391102//4391102 12320946//12320946
f 4391090//4391090 12517568//12517568 11600059//11600059
f 12582980//12582980 12583104//12583104 12517563//12517563
f 9961540//9961540 12255425//12255425 12648635//12648635
f 12583099//12583099 12714178//12714178 9961665//9961665
f 12583106//12583106 12714179//12714179 12648636//12648636
f 12714172//12714172 9765026//9765026 9961667//9961667
f 10551446//10551446 9765059//9765059 10551492//10551492
f 9699478//9699478 10617028//10617028 12779682//12779682
f 12779717//12779717 12845205//12845205 12779683//12779683
f 12845204//12845204 12845205//12845205 10616978//10616978
f 12910740//12910740 12910789//12910789 9568404//9568404
f 12845202//12845202 12976327//12976327 12910789//12910789
f 9568455//9568455 12976274//12976274 9568454//9568454
f 13107400//13107400 13172938//13172938 13238473//13238473
f 13107403//13107403 13369548//13369548 13304011//13304011
f 13369547//13369547 13500622//13500622 13369550//13369550
f 13566157//13566157 13500623//13500623 13631696//13631696
f 13369552//13369552 13304018//13304018 13369554//13369554
f 13631699//13631699 13697232//13697232 13566163//13566163
f 13828307//13828307 13697233//13697233 13762773//13762773
f 13304022//13304022 14024905//14024905 13107414//13107414
f 14024918//14024918 14155992//14155992 14090454//14090454
f 14221528//14221528 14287065//14287065 14221529//14221529
f 13304018//13304018 13304028//13304028 14352598//14352598
f 13697237//13697237 14352604//14352604 14155990//14155990
f 13893849//13893849 13893852//13893852 14418137//14418137
f 14418142//14418142 14287065//14287065 14155998//14155998
f 14287070//14287070 14614751//14614751 14745825//14745825
f 14811360//14811360 14876897//14876897 14811361//14811361
f 14942432//14942432 14614755//14614755 14942438//14942438
f 15073507//15073507 15073508//15073508 14942435//14942435
f 15073508//15073508 15073512//15073512 15139049//15139049
f 15270117//15270117 15204583//15204583 15270119//15270119
f 15007973//15007973 15270123//15270123 15335653//15335653
f 15270121//15270121 15466732//15466732 15401193//15401193
f 15532268//15532268 15270125//15270125 15401199//15401199
f 15270127//15270127 15597803//15597803 15401200//15401200
f 15597808//15597808 15007985//15007985 15335666//15335666
f 15335663//15335663 15794418//15794418 15597809//15597809
f 15007986//15007986 15925491//15925491 15794417//15794417
f 15991026//15991026 16056564//16056564 16187639//16187639
f 16056567//16056567 16122105//16122105 16318713//16318713
f 16384250//16384250 16384247//16384247 16449786//16449786
f 16318716//16318716 16253181//16253181 16318718//16318718
f 16515326//16515326 16253178//16253178 16580863//16580863
f 16580861//16580861 16777472//16777472 16908546//16908546
f 16777474//16777474 16777476//16777476 16974085//16974085
f 17039622//17039622 17039617//17039617 17170694//17170694
f 17170693//17170693 16974088//16974088 17301765//17301765
f 17301768//17301768 17367301//17367301 17301764//17301764
f 17236233//17236233 17498379//17498379 17629453//17629453
f 17629452//17629452 17760527//17760527 17629455//17629455
f 17694993//17694993 17891600//17891600 17694988//17694988
f 17694994//17694994 17694995//17694995 17957140//17957140
f 17891605//17891605 18022675//18022675 17957142//17957142
f 17957141//17957141 18219286//18219286 18153749//18153749
f 18153751//18153751 18153752//18153752 18284825//18284825
f 18350360//18350360 18219290//18219290 18481432//18481432
f 18219292//18219292 18546971//18546971 18612507//18612507
f 18284830//18284830 18284826//18284826 18481438//18481438
f 18415902//18415902 18678047//18678047 18809119//18809119
f 18874651//18874651 18874653//18874653 18612514//18612514
f 18678051//18678051 19005728//19005728 19071264//19071264
f 19136798//19136798 18678043//18678043 19136803//19136803
f 18874661//18874661 19202331//19202331 19005733//19005733
f 19267873//19267873 19136802//19136802 18874663//18874663
f 19267874//19267874 19398952//19398952 19333410//19333410
f 19333417//19333417 19136810//19136810 19267883//19267883
f 19595557//19595557 19530027//19530027 19661100//19661100
f 19530030//19530030 19726637//19726637 19530031//19530031
f 19792171//19792171 19267879//19267879 19333423//19333423
f 19857711//19857711 19923240//19923240 19857704//19857704
f 19464497//19464497 19923240//19923240 19464498//19464498
f 20054321//20054321 20119858//20119858 20250933//20250933
f 20316469//20316469 20316470//20316470 20382005//20382005
f 20447541//20447541 20185400//20185400 20447546//20447546
f 20578613//20578613 20578618//20578618 20513084//20513084
f 20709691//20709691 20775228//20775228 20185403//20185403
f 20840757//20840757 20840766//20840766 20775232//20775232
f 20971839//20971839 20971840//20971840 20906306//20906306
f 21102913//21102913 21037378//21037378 20906308//20906308
f 21233987//21233987 21168450//21168450 21233986//21233986
f 21299523//21299523 21168453//21168453 21365061//21365061
f 21430598//21430598 21430597//21430597 21233991//21233991
f 21496136//21496136 21299527//21299527 21430602//21430602
f 21561672//21561672 21561675//21561675 21627212//21627212
f 21430601//21430601 21627213//21627213 21430605//21430605
f 21758286//21758286 21823819//21823819 21758287//21758287
f 21627214//21627214 22020432//22020432 21627216//21627216
f 22085963//22085963 22151505//22151505 21627218//21627218
f 22151500//22151500 22151499//22151499 22217036//22217036
f 22282572//22282572 22348116//22348116 22479191//22479191
f 22479190//22479190 22348121//22348121 22610265//22610265
f 22675802//22675802 22610262//22610262 22675804//22675804
f 22675805//22675805 22806876//22806876 22675806//22675806
f 22937949//22937949 22806878//22806878 22937952//22937952
f 23069024//23069024 23003487//23003487 23069026//23069026
f 23134561//23134561 23069027//23069027 23265635//23265635
f 23331171//23331171 23200100//23200100 23331174//23331174
f 23331175//23331175 23527782//23527782 23658857//23658857
f 23527787//23527787 23527786//23527786 23789931//23789931
f 23527789//23527789 23921004//23921004 23789933//23789933
f 23921005//23921005 24052079//24052079 23986541//23986541
f 23855473//23855473 24117616//24117616 24183152//24183152
f 23855475//23855475 24314225//24314225 23855464//23855464
f 24314227//24314227 23527789//23527789 24379764//24379764
f 24314230//24314230 24314227//24314227 24379767//24379767
f 24510838//24510838 24576372//24576372 24510837//24510837
f 24576377//24576377 24707447//24707447 24445303//24445303
f 24772983//24772983 24707449//24707449 24510843//24510843
f 24838523//24838523 24772985//24772985 24904058//24904058
f 24772988//24772988 24707453//24707453 24904062//24904062
f 24904063//24904063 25100670//25100670 24904060//24904060
f 25100671//25100671 25100669//25100669 24838529//24838529
f 25035136//25035136 25166210//25166210 25297280//25297280
f 25231744//25231744 25231747//25231747 25297284//25297284
f 25362821//25362821 25231746//25231746 25428358//25428358
f 25493895//25493895 25297282//25297282 25624964//25624964
f 25690504//25690504 25297283//25297283 25756041//25756041
f 25297291//25297291 25887114//25887114 26018189//26018189
f 26018188//26018188 25887119//25887119 26149263//26149263
f 26018191//26018191 26018193//26018193 26214802//26214802
f 26280339//26280339 26411406//26411406 26345874//26345874
f 26476943//26476943 26476944//26476944 26149270//26149270
f 26608022//26608022 26673552//26673552 26542487//26542487
f 26083737//26083737 26083729//26083729 26476953//26476953
f 26739098//26739098 26870161//26870161 26214810//26214810
f 26804636//26804636 26804635//26804635 26739101//26739101
f 27001241//27001241 27066773//27066773 26804637//26804637
f 27132317//27132317 27132309//27132309 26476950//26476950
f 27197853//27197853 27197855//27197855 27263389//27263389
f 27328928//27328928 26542495//26542495 27328927//27328927
f 27197858//27197858 26542499//26542499 27460002//27460002
f 27525540//27525540 27591062//27591062 27525526//27525526
f 26673574//26673574 27656598//27656598 27591064//27591064
f 27722150//27722150 27722151//27722151 27656617//27656617
f 27656618//27656618 27918761//27918761 27787690//27787690
f 27787691//27787691 28049836//28049836 27984299//27984299
f 27984301//27984301 27984302//27984302 28115375//28115375
f 28246444//28246444 28311983//28311983 28443058//28443058
f 28508593//28508593 28311986//28311986 28508597//28508597
f 28508598//28508598 28639669//28639669 28705205//28705205
f 28639672//28639672 28770743//28770743 28639673//28639673
f 28836282//28836282 28901816//28901816 28967352//28967352
f 28901820//28901820 29032891//29032891 29098427//29098427
f 29032894//29032894 29163965//29163965 29229501//29229501
f 29295039//29295039 29229502//29229502 29295041//29295041
f 29426113//29426113 29491648//29491648 29622724//29622724
f 29753798//29753798 29884872//29884872 30015946//30015946
f 30147020//30147020 30278094//30278094 30409168//30409168
f 30540242//30540242 30671316//30671316 30802390//30802390
f 30933464//30933464 31064538//31064538 31195612//31195612
f 31130078//31130078 31261147//31261147 31326683//31326683
f 31326686//31326686 31326688//31326688 31392225//31392225
f 31326689//31326689 31523298//31523298 31457763//31457763
f 31654370//31654370 31654371//31654371 31588837//31588837
f 31654373//31654373 31785446//31785446 31850980//31850980
f 31916516//31916516 31982055//31982055 31916519//31916519
f 31916522//31916522 31523300//31523300 31654378//31654378
f 32113128//32113128 31982057//31982057 32178667//32178667
f 32113133//32113133 31916520//31916520 32244206//32244206
f 31916526//31916526 31916527//31916527 32375280//32375280
f 32506344//32506344 32571888//32571888 31916529//31916529
f 32047592//32047592 32506354//32506354 32637426//32637426
f 32637428//32637428 32702962//32702962 32047602//32047602
f 32702965//32702965 32637418//32637418 32834036//32834036
f 32899573//32899573 32702964//32702964 32965111//32965111
f 32834040//32834040 32834036//32834036 33030648//33030648
f 33096183//33096183 32899576//32899576 33096187//33096187
f 32899579//32899579 33227260//33227260 33292791//33292791
f 32899581//32899581 33423870//33423870 32899582//32899582
f 32768503//32768503 33423871//33423871 33489397//33489397
f 32768512//32768512 33620481//33620481 32768513//32768513
f 33620481//33620481 33686019//33686019 33751554//33751554
f 33620485//33620485 33817077//33817077 32047605//32047605
f 32047621//32047621 31523298//31523298 33817094//33817094
f 31523334//31523334 31326727//31326727 31523335//31523335
f 31326727//31326727 31326728//31326728 34013705//34013705
f 31064543//31064543 34079241//34079241 34144731//34144731
f 31064586//31064586 34275851//34275851 31064587//31064587
f 31064588//31064588 31064589//31064589 34341390//34341390
f 34341391//34341391 34406926//34406926 34537947//34537947
f 34406929//34406929 33817104//33817104 34669062//34669062
f 33817090//33817090 33882642//33882642 34669075//34669075
f 34800147//34800147 34800146//34800146 34865683//34865683
f 34800150//34800150 34734613//34734613 34996742//34996742
f 35062294//35062294 34800148//34800148 34669081//34669081
f 34669082//34669082 35127833//35127833 35258900//35258900
f 35324436//35324436 34800155//34800155 35324440//35324440
f 35062300//35062300 35389981//35389981 35455512//35455512
f 35062302//35062302 35586591//35586591 35062303//35062303
f 35652120//35652120 35652128//35652128 35586594//35586594
f 35586595//35586595 35848738//35848738 35652130//35652130
f 35652132//35652132 35979813//35979813 36110887//36110887
f 36176422//36176422 36176423//36176423 36241958//36241958
f 36241961//36241961 36176427//36176427 36045356//36045356
f 36438572//36438572 36373031//36373031 36504105//36504105
f 36373039//36373039 36635182//36635182 36569644//36569644
f 36438576//36438576 36635180//36635180 36700719//36700719
f 36635186//36635186 36831793//36831793 36766256//36766256
f 36831792//36831792 36438580//36438580 36897328//36897328
f 36700722//36700722 36700725//36700725 36962870//36962870
f 36962871//36962871 37159478//37159478 37093941//37093941
f 37225016//37225016 36766261//36766261 37290549//37290549
f 37290553//37290553 37356085//37356085 37225018//37225018
f 37356092//37356092 37487161//37487161 37356090//37356090
f 37552699//37552699 37618237//37618237 37225020//37225020
f 37618236//37618236 37487168//37487168 37749310//37749310
f 37487170//37487170 37290561//37290561 37814845//37814845
f 37290546//37290546 37880386//37880386 37683772//37683772
f 37945923//37945923 37945916//37945916 38011459//38011459
f 37945916//37945916 38076998//38076998 37421627//37421627
f 38142532//38142532 37356102//37356102 38208070//38208070
f 38273602//38273602 37749298//37749298 37814858//37814858
f 38273610//38273610 38273602//38273602 36766283//36766283
f 36766259//36766259 38404683//38404683 36831820//36831820
f 36831821//36831821 38470220//38470220 38535758//38535758
f 38666825//38666825 38666827//38666827 38404684//38404684
f 38732367//38732367 38666828//38666828 38797897//38797897
f 38339145//38339145 38863442//38863442 38273617//38273617
f 38928977//38928977 38928975//38928975 38666832//38666832
f 38797908//38797908 38339154//38339154 38863444//38863444
f 38928980//38928980 38994513//38994513 39060042//39060042
f 39060033//39060033 37749322//37749322 39060054//39060054
f 39191124//39191124 38732371//38732371 39191123//39191123
f 38994519//38994519 39191128//39191128 38732377//38732377
f 39191129//39191129 39256666//39256666 39191130//39191130
f 39256666//39256666 39518811//39518811 37749334//37749334
f 39518806//39518806 37749341//37749341 39518814//39518814
f 39715393//39715393 37552734//37552734 37749343//37749343
f 37552735//37552735 37552736//37552736 39780961//39780961
f 39911998//39911998 37552737//37552737 39912035//39912035
f 39977531//39977531 39977534//39977534 40043067//40043067
f 40108603//40108603 40108644//40108644 38208059//38208059
f 40108646//40108646 40108616//40108616 40239718//40239718
f 40174184//40174184 40174152//40174152 40370792//40370792
f 38208104//38208104 38208106//38208106 40436331//40436331
f 40632940//40632940 40764014//40764014 40632942//40632942
f 36438637//36438637 40764015//40764015 40829485//40829485
f 40829553//40829553 36438573//36438573 36045421//36045421
f 40632871//40632871 36045426//36045426 41026162//41026162
f 36438641//36438641 41091636//41091636 36897393//36897393
f 41157172//41157172 41157236//41157236 36831796//36831796
f 41222707//41222707 41222773//41222773 41288243//41288243
f 38535731//38535731 41288311//41288311 41353805//41353805
f 41419341//41419341 41419384//41419384 41484877//41484877
f 41484923//41484923 41550413//41550413 41484924//41484924
f 38601293//38601293 41550459//41550459 41615997//41615997
f 41681532//41681532 41681534//41681534 41747071//41747071
f 41878139//41878139 41878141//41878141 41681537//41681537
f 42009166//42009166 41550459//41550459 41878146//41878146
f 42074702//42074702 42140290//42140290 38601347//38601347
f 42205774//42205774 38601348//38601348 42205830//42205830
f 42009223//42009223 42271363//42271363 38470222//38470222
f 42009224//42009224 42402439//42402439 42009216//42009216
f 42467975//42467975 42533512//42533512 42467976//42467976
f 42402432//42402432 41878155//41878155 42664587//42664587
f 38470278//38470278 42795661//42795661 42730118//42730118
f 42730064//42730064 42730060//42730060 42861136//42861136
f 42926733//42926733 42730126//42730126 42926735//42926735
f 42992271//42992271 43057808//43057808 42926734//42926734
f 43123344//43123344 42992274//42992274 42926739//42926739
f 42992275//42992275 42992276//42992276 43188885//43188885
f 42992277//42992277 42861206//42861206 43385424//43385424
f 43385433//43385433 42992208//42992208 43319960//43319960
f 43319961//43319961 43319960//43319960 43582105//43582105
f 43451033//43451033 42861211//42861211 42992284//42992284
f 43713169//43713169 43778712//43778712 43385487//43385487
f 43778703//43778703 43844254//43844254 42861212//42861212
f 43385501//43385501 43975327//43975327 43385503//43385503
f 39322263//39322263 43844256//43844256 43713185//43713185
f 43713186//43713186 39322273//39322273 43975331//43975331
f 39322275//39322275 44303012//44303012 44237475//44237475
f 43713190//43713190 43713186//43713186 43451046//43451046
f 44434082//44434082 44499622//44499622 44434086//44434086
f 44368536//44368536 43451049//43451049 44630697//44630697
f 44696228//44696228 44303013//44303013 44761771//44761771
f 44761773//44761773 44696235//44696235 44827310//44827310
f 44696238//44696238 45023919//45023919 44958382//44958382
f 45023918//45023918 45023921//45023921 45154991//45154991
f 45220516//45220516 45220523//45220523 44696239//44696239
f 45220532//45220532 45351588//45351588 44237492//44237492
f 45417139//45417139 45482671//45482671 44237493//44237493
f 45482677//45482677 45482680//45482680 45548217//45548217
f 44237495//44237495 45613657//45613657 45679287//45679287
f 45482682//45482682 45679193//45679193 39387737//39387737
f 39387834//39387834 45744827//45744827 45810266//45810266
f 39387836//39387836 45417149//45417149 44958398//44958398
f 45417150//45417150 44958399//44958399 46072510//46072510
f 46072495//46072495 46203585//46203585 46268934//46268934
f 46334658//46334658 46334470//46334470 33882647//33882647
f 46334487//46334487 46334661//46334661 46400198//46400198
f 46531268//46531268 46596806//46596806 46334663//46334663
f 46662344//46662344 46531271//46531271 46727881//46727881
f 46793418//46793418 46531271//46531271 46858955//46858955
f 46858957//46858957 46858955//46858955 46990029//46990029
f 46924494//46924494 47121103//47121103 47055566//47055566
f 47121102//47121102 47186641//47186641 46990034//46990034
f 47383251//47383251 47317717//47317717 47383254//47383254
f 47645399//47645399 47645401//47645401 47776471//47776471
f 47842007//47842007 47907546//47907546 47842010//47842010
f 47973083//47973083 47842012//47842012 47973086//47973086
f 47973087//47973087 48169694//48169694 48104157//48104157
f 47972868//47972868 33620704//33620704 33751773//33751773
f 33620701//33620701 33620705//33620705 48235234//48235234
f 48431843//48431843 48431845//48431845 31982307//31982307
f 31982308//31982308 31982310//31982310 48628451//48628451
f 31982312//31982312 31982311//31982311 31851240//31851240
f 31851241//31851241 48825064//48825064 48759271//48759271
f 48956139//48956139 49087213//49087213 49021675//49021675
f 49087215//49087215 49218285//49218285 49021679//49021679
f 49283823//49283823 49349358//49349358 49152753//49152753
f 49349363//49349363 49349359//49349359 49480435//49480435
f 49480437//49480437 49218291//49218291 49152758//49152758
f 49611503//49611503 49218295//49218295 49742573//49742573
f 49677039//49677039 49414905//49414905 49808111//49808111
f 49873645//49873645 49021688//49021688 49873659//49873659
f 50004717//50004717 50004731//50004731 50070253//50070253
f 50070270//50070270 50201325//50201325 50135805//50135805
f 50266861//50266861 50332414//50332414 50266878//50266878
f 49414914//49414914 50463481//50463481 49808130//49808130
f 50529027//50529027 50594562//50594562 50463492//50463492
f 50660101//50660101 50397956//50397956 50725636//50725636
f 50397939//50397939 50725640//50725640 50397960//50397960
f 50660100//50660100 50725641//50725641 50856708//50856708
f 50856711//50856711 50856714//50856714 50922251//50922251
f 51053322//51053322 50660103//50660103 50856717//50856717
f 51118862//51118862 51249926//51249926 51053319//51053319
f 50725640//50725640 51053327//51053327 51249936//51249936
f 51249937//51249937 51315472//51315472 51381010//51381010
f 51381007//51381007 51512083//51512083 51577617//51577617
f 51577619//51577619 51643157//51643157 51512086//51512086
f 51774230//51774230 51774227//51774227 51512088//51512088
f 51512089//51512089 51970840//51970840 51512079//51512079
f 51905299//51905299 51970842//51970842 51249928//51249928
f 51905306//51905306 52036379//52036379 51970844//51970844
f 50791197//50791197 51970842//51970842 52167452//52167452
f 52101917//52101917 52101918//52101918 52232991//52232991
f 52167432//52167432 52298483//52298483 52232992//52232992
f 52364062//52364062 52364065//52364065 52429602//52429602
f 52560674//52560674 52560673//52560673 52429604//52429604
f 49414949//49414949 49414941//49414941 49546021//49546021
f 52691701//52691701 52757286//52757286 49546023//49546023
f 52822824//52822824 52888358//52888358 52953894//52953894
f 52953896//52953896 52953898//52953898 53019435//53019435
f 53150494//53150494 52167453//52167453 52691756//52691756
f 52429613//52429613 52626212//52626212 53216046//53216046
f 53347118//53347118 53216045//53216045 53412655//53412655
f 53478192//53478192 53543725//53543725 53412657//53412657
f 53609264//53609264 53674802//53674802 53216033//53216033
f 53674785//53674785 52429621//52429621 53805877//53805877
f 53805857//53805857 52429623//52429623 52233015//52233015
f 53871390//53871390 53150520//53150520 53936926//53936926
f 54002488//54002488 54068012//54068012 54002476//54002476
f 54133561//54133561 54068026//54068026 54199099//54199099
f 54199098//54199098 54199101//54199101 54264638//54264638
f 54395710//54395710 54461245//54461245 54395709//54395709
f 53150529//53150529 52691770//52691770 54526764//54526764
f 54592314//54592314 54526785//54526785 52691779//52691779
f 54592324//54592324 54723386//54723386 54264634//54264634
f 52691750//52691750 54657859//54657859 52757317//52757317
f 54788902//54788902 54723398//54723398 54919997//54919997
f 54854438//54854438 54264617//54264617 54920008//54920008
f 55051069//55051069 54854472//54854472 52953930//52953930
f 54264649//54264649 55116619//55116619 52953932//52953932
f 55313228//55313228 55378729//55378729 55313193//55313193
f 55378729//55378729 55378767//55378767 55444304//55444304
f 55509841//55509841 55378766//55378766 55575378//55575378
f 55378770//55378770 54264659//54264659 55182144//55182144
f 54461259//54461259 55837524//55837524 54461268//54461268
f 55182166//55182166 55903060//55903060 55182167//55182167
f 56099672//56099672 56034138//56034138 56230746//56230746
f 56296283//56296283 56296280//56296280 56034141//56034141
f 56361816//56361816 56230750//56230750 56296287//56296287
f 56492896//56492896 56558427//56558427 56492897//56492897
f 56689504//56689504 56755041//56755041 56558434//56558434
f 56820576//56820576 56558435//56558435 56820571//56820571
f 56755045//56755045 56951652//56951652 56820581//56820581
f 56820582//56820582 56951655//56951655 57082727//57082727
f 57148251//57148251 57017188//57017188 57148260//57148260
f 56230761//56230761 57213802//57213802 57148267//57148267
f 57213803//57213803 56165228//56165228 56230762//56230762
f 57410410//57410410 57344876//57344876 57279342//57279342
f 57279343//57279343 57475950//57475950 57541488//57541488
f 57607023//57607023 57672561//57672561 57541490//57541490
f 57541491//57541491 57803634//57803634 57869170//57869170
f 57934708//57934708 57803635//57803635 58000245//58000245
f 58000243//58000243 58065783//58065783 57803640//57803640
f 57803641//57803641 57803640//57803640 57541497//57541497
f 57213805//57213805 58262394//58262394 57410427//57410427
f 58393466//58393466 58393467//58393467 58459002//58459002
f 57213818//57213818 58262362//58262362 58458970//58458970
f 58459006//58459006 58196826//58196826 57541503//57541503
f 57541483//57541483 58590079//58590079 58655609//58655609
f 58524545//58524545 58524506//58524506 58786689//58786689
f 58786691//58786691 56165249//56165249 58721156//58721156
f 58983258//58983258 58590084//58590084 59048832//59048832
f 58590087//58590087 58590086//58590086 59179911//59179911
f 59048841//59048841 58590080//58590080 59310984//59310984
f 59245451//59245451 59376512//59376512 58196864//58196864
f 59376521//59376521 59507596//59507596 59376524//59376524
f 59573113//59573113 58196875//58196875 59573135//59573135
f 59704202//59704202 59769727//59769727 59310992//59310992
f 59835280//59835280 59900799//59900799 59704210//59704210
f 59835263//59835263 59900779//59900779 59966352//59966352
f 59966355//59966355 60031893//60031893 59900822//59900822
f 60162961//60162961 59966352//59966352 60162960//60162960
f 59769751//59769751 60228504//60228504 60294033//60294033
f 60294040//60294040 60359578//60359578 60228507//60228507
f 60425112//60425112 60490652//60490652 60228509//60228509
f 60556184//60556184 60228510//60228510 60687262//60687262
f 60228512//60228512 60162975//60162975 60752792//60752792
f 60752791//60752791 60687265//60687265 60752802//60752802
f 60949399//60949399 60818324//60818324 60162979//60162979
f 60818340//60818340 60752800//60752800 61014949//61014949
f 61146016//61146016 61014949//61014949 60818343//60818343
f 61277095//61277095 61342625//61342625 61277089//61277089
f 60818346//60818346 61408169//61408169 60818339//60818339
f 61408163//61408163 61473707//61473707 60949420//60949420
f 61539235//61539235 61473684//61473684 61539245//61539245
f 61539246//61539246 61539245//61539245 59966382//59966382
f 61670292//61670292 61735855//61735855 59966384//59966384
f 61735856//61735856 61866929//61866929 61801394//61801394
f 61866930//61866930 62063539//62063539 61998002//61998002
f 59966357//59966357 62129072//62129072 62063538//62063538
f 62194612//62194612 62129077//62129077 61932471//61932471
f 61801365//61801365 62325688//62325688 60031929//60031929
f 62391189//62391189 62456762//62456762 60031931//60031931
f 61801400//61801400 60097468//60097468 62522261//62522261
f 61801404//61801404 62653373//62653373 62718896//62718896
f 62784443//62784443 62849942//62849942 61801406//61801406
f 61932464//61932464 62784448//62784448 60097473//60097473
f 62981057//62981057 62849942//62849942 63046578//63046578
f 63112131//63112131 61932480//61932480 63046597//63046597
f 63243186//63243186 60097477//60097477 63374279//63374279
f 63439816//63439816 63439766//63439766 63505352//63505352
f 59900873//59900873 63505302//63505302 63439763//63439763
f 63570890//63570890 59835283//59835283 63570835//63570835
f 59835243//59835243 63636427//63636427 63570795//63570795
f 63701964//63701964 63505259//63505259 63570894//63570894
f 63767499//63767499 63833036//63833036 63636429//63636429
f 57148367//57148367 57148365//57148365 57017295//57017295
f 63767504//63767504 63898570//63898570 63767505//63767505
f 63898577//63898577 63505362//63505362 63898578//63898578
f 64029649//64029649 63636435//63636435 64160718//64160718
f 63833044//63833044 63767500//63767500 64160721//64160721
f 57017301//57017301 57017295//57017295 57082837//57082837
f 57082838//57082838 64357333//64357333 64291688//64291688
f 64422870//64422870 64488407//64488407 64291800//64291800
f 64160719//64160719 64226266//64226266 64553935//64553935
f 63964116//63964116 64226266//64226266 64291803//64291803
f 64553941//64553941 64685019//64685019 64619478//64619478
f 64291801//64291801 64291805//64291805 64750556//64750556
f 64816093//64816093 64750553//64750553 64881628//64881628
f 64947163//64947163 64553948//64553948 65012689//65012689
f 65078225//65078225 63964129//63964129 65078243//65078243
f 63964131//63964131 64095187//64095187 65143780//65143780
f 65274849//65274849 64619482//64619482 65274842//65274842
f 65274854//65274854 65012705//65012705 65340391//65340391
f 65340389//65340389 65274856//65274856 65537000//65537000
f 65274843//65274843 65537001//65537001 64619498//64619498
f 65668074//65668074 65668059//65668059 64619500//64619500
f 64947180//64947180 65799131//65799131 65733600//65733600
f 65864684//65864684 65930221//65930221 65799136//65799136
f 65995757//65995757 65930223//65930223 64947185//64947185
f 66061280//66061280 51119090//51119090 66257907//66257907
f 51119091//51119091 51119093//51119093 66323214//66323214
f 66388750//66388750 66454517//66454517 51184632//51184632
f 51184631//51184631 66585593//66585593 66454522//66454522
f 66716430//66716430 66782201//66782201 51184635//51184635
f 50660110//50660110 66847740//66847740 50660348//50660348
f 66847742//66847742 66978566//66978566 67109888//67109888
f 67109890//67109890 67306499//67306499 67437573//67437573
f 67568647//67568647 67699721//67699721 67830795//67830795
f 67896330//67896330 67961867//67961867 67699725//67699725
f 67765263//67765263 68027405//68027405 67765264//67765264
f 68092945//68092945 67961871//67961871 67896338//67896338
f 67896335//67896335 68289554//68289554 67961874//67961874
f 68355091//68355091 68420626//68420626 68289556//68289556
f 68224015//68224015 68355094//68355094 68224022//68224022
f 68027409//68027409 68551703//68551703 68486159//68486159
f 68617237//68617237 68355092//68355092 68682776//68682776
f 68617242//68617242 68748309//68748309 68617243//68617243
f 68617241//68617241 68879387//68879387 68748315//68748315
f 68879387//68879387 68879385//68879385 68944922//68944922
f 68879390//68879390 69075997//69075997 69010460//69010460
f 68551697//68551697 68158496//68158496 69207072//69207072
f 69207074//69207074 68355104//68355104 68486179//68486179
f 68682772//68682772 68551715//68551715 69403670//69403670
f 69338134//69338134 68486181//68486181 69403685//69403685
f 69403671//69403671 68551718//68551718 69141542//69141542
f 69403686//69403686 69600293//69600293 69338149//69338149
f 69338151//69338151 69534745//69534745 69665829//69665829
f 69469224//69469224 69665831//69665831 69731367//69731367
f 69796889//69796889 69731367//69731367 69796903//69796903
f 69665830//69665830 69731371//69731371 69665835//69665835
f 69141548//69141548 69534758//69534758 69927979//69927979
f 69993497//69993497 69993514//69993514 69796910//69796910
f 68879385//68879385 68879405//68879405 69993519//69993519
f 70124589//70124589 70124590//70124590 70190108//70190108
f 68879408//68879408 70124575//70124575 70255664//70255664
f 70190129//70190129 70255647//70255647 70321183//70321183
f 70255667//70255667 70124594//70124594 70059060//70059060
f 70517804//70517804 69272608//69272608 70517792//70517792
f 70517794//70517794 69272630//69272630 70648886//70648886
f 70714421//70714421 70517814//70517814 70714412//70714412
f 70779948//70779948 69927992//69927992 70779947//70779947
f 70845483//70845483 69862457//69862457 70845499//70845499
f 70911017//70911017 70911019//70911019 70845500//70845500
f 71042107//71042107 71042108//71042108 69731387//69731387
f 71042108//71042108 71107646//71107646 69731389//69731389
f 71107644//71107644 71107647//71107647 71173184//71173184
f 69731390//69731390 69731393//69731393 71304234//71304234
f 71304238//71304238 71107626//71107626 71238722//71238722
f 71369792//71369792 71500867//71500867 71304254//71304254
f 71500862//71500862 70059074//70059074 71304260//71304260
f 71566402//71566402 71435331//71435331 71631941//71631941
f 71697477//71697477 71566406//71566406 71763012//71763012
f 71566407//71566407 71500872//71500872 71762990//71762990
f 71697481//71697481 70059080//70059080 71763018//71763018
f 70452270//70452270 71828554//71828554 71959624//71959624
f 71894088//71894088 71828555//71828555 72025163//72025163
f 72090699//72090699 71894092//71894092 71959629//71959629
f 71894093//71894093 71894094//71894094 72156212//72156212
f 72156237//72156237 70452303//70452303 72156239//72156239
f 72287284//72287284 72352847//72352847 70452304//70452304
f 72483922//72483922 72418388//72418388 72614996//72614996
f 72614998//72614998 72746068//72746068 72614994//72614994
f 72811607//72811607 72680530//72680530 72615001//72615001
f 72614999//72614999 72877145//72877145 72942678//72942678
f 72811611//72811611 73008215//73008215 72811612//72811612
f 73073757//73073757 73139291//73139291 73073758//73073758
f 73204831//73204831 73335901//73335901 73139295//73139295
f 73401435//73401435 73401437//73401437 73139296//73139296
f 73466967//73466967 73008219//73008219 73401442//73401442
f 72877143//72877143 72746083//72746083 73466979//73466979
f 72877155//72877155 73598052//73598052 73663577//73663577
f 73663588//73663588 73663590//73663590 73729127//73729127
f 73794662//73794662 73860200//73860200 73729129//73729129
f 73991272//73991272 73991273//73991273 73925739//73925739
f 74122346//74122346 74056811//74056811 73925741//73925741
f 73925734//73925734 74056813//74056813 74187886//74187886
f 73598063//73598063 73729126//73729126 74318957//74318957
f 73598051//73598051 74318960//74318960 73598064//73598064
f 73532529//73532529 74450032//74450032 74318960//74318960
f 73466993//73466993 74253411//74253411 74187890//74187890
f 74581102//74581102 74187890//74187890 74318964//74318964
f 74318961//74318961 74187892//74187892 74646642//74646642
f 73466997//73466997 74712177//74712177 74646641//74646641
f 73401461//73401461 74581090//74581090 74515574//74515574
f 74843251//74843251 74777718//74777718 74908791//74908791
f 74974328//74974328 75039862//75039862 74515572//74515572
f 74515578//74515578 74712182//74712182 75039860//75039860
f 74974326//74974326 73401466//73401466 75105397//75105397
f 74712187//74712187 75039866//75039866 75170937//75170937
f 75039867//75039867 74974332//74974332 75170941//75170941
f 75105406//75105406 75302012//75302012 75236476//75236476
f 75105377//75105377 75302015//75302015 75105407//75105407
f 73401440//73401440 75433087//75433087 75367520//75367520
f 75433086//75433086 74974335//74974335 75236481//75236481
f 75564161//75564161 75498621//75498621 75629689//75629689
f 75629697//75629697 75564164//75564164 75695233//75695233
f 75695237//75695237 75760771//75760771 75695238//75695238
f 75695234//75695234 75564166//75564166 75891846//75891846
f 75891842//75891842 75564168//75564168 76022920//76022920
f 76088456//76088456 76088457//76088457 76022923//76022923
f 76088459//76088459 76088460//76088460 76219533//76219533
f 76219534//76219534 76350605//76350605 76219535//76219535
f 76416144//76416144 76022926//76022926 75564177//75564177
f 76153993//76153993 75236497//75236497 76547202//76547202
f 76547197//76547197 76154002//76154002 76547218//76547218
f 76612733//76612733 76612755//76612755 76678283//76678283
f 75236478//75236478 76154003//76154003 76678270//76678270
f 76219531//76219531 76219540//76219540 76743823//76743823
f 76153982//76153982 76809365//76809365 76743819//76743819
f 76809359//76809359 75433108//75433108 76809342//76809342
f 75433103//75433103 76481685//76481685 76416150//76416150
f 76874903//76874903 76940432//76940432 76874904//76874904
f 77071503//77071503 77071488//77071488 76874895//76874895
f 77071512//77071512 77071510//77071510 75433056//75433056
f 73335960//73335960 77137049//77137049 77268123//77268123
f 77333658//77333658 77333659//77333659 77202590//77202590
f 77333663//77333663 77464730//77464730 77530266//77530266
f 77595805//77595805 77595806//77595806 77399202//77399202
f 77595811//77595811 77726877//77726877 77464733//77464733
f 77792417//77792417 77726882//77726882 77595812//77595812
f 77857956//77857956 77530274//77530274 77464742//77464742
f 77989024//77989024 77464742//77464742 77726888//77726888
f 77923487//77923487 77989032//77989032 77923497//77923497
f 78185639//78185639 78251177//78251177 78185641//78185641
f 78120102//78120102 77923500//77923500 78054572//78054572
f 78382251//78382251 78382249//78382249 78120108//78120108
f 78382254//78382254 78447787//78447787 78382255//78382255
f 78447791//78447791 78513328//78513328 78644400//78644400
f 78513330//78513330 78513329//78513329 78382259//78382259
f 78775469//78775469 78709932//78709932 78513332//78513332
f 78841007//78841007 78906547//78906547 78709940//78709940
f 78775477//78775477 78906548//78906548 78972082//78972082
f 78972085//78972085 79103159//79103159 78775468//78775468
f 79103157//79103157 78054579//78054579 79168684//79168684
f 79168696//79168696 78054572//78054572 79234233//79234233
f 79234235//79234235 77726905//77726905 79234216//79234216
f 79234211//79234211 79299772//79299772 79234236//79234236
f 79365283//79365283 79430820//79430820 79103161//79103161
f 79168699//79168699 79496381//79496381 78906552//78906552
f 79103165//79103165 78906558//78906558 79561911//79561911
f 78906558//78906558 79627455//79627455 79037631//79037631
f 79496384//79496384 79627455//79627455 79692983//79692983
f 79692992//79692992 79627458//79627458 79824066//79824066
f 79889600//79889600 79889598//79889598 79824064//79824064
f 79496381//79496381 79889604//79889604 79955139//79955139
f 79889597//79889597 80020678//80020678 79955140//79955140
f 79430843//79430843 80020678//80020678 80086213//80086213
f 80020680//80020680 79299783//79299783 80151750//80151750
f 80086216//80086216 80282825//80282825 80217288//80217288
f 80151739//80151739 80282826//80282826 80348361//80348361
f 80282811//80282811 79299788//79299788 79365324//79365324
f 77792460//77792460 80413884//80413884 77792461//77792461
f 80479434//80479434 77792460//77792460 77857997//77857997
f 80544973//80544973 80348325//80348325 80282831//80282831
f 80610506//80610506 80479437//80479437 80544975//80544975
f 80676043//80676043 80610511//80610511 80544977//80544977
f 80676047//80676047 80807121//80807121 80938195//80938195
f 81003731//81003731 81069268//81069268 81200343//81200343
f 81200342//81200342 81331417//81331417 81265878//81265878
f 81265882//81265882 81331419//81331419 81462491//81462491
f 81462490//81462490 81593565//81593565 81462493//81462493
f 81659102//81659102 81593565//81593565 81659104//81659104
f 81790174//81790174 81855712//81855712 81790176//81790176
f 81790178//81790178 81986787//81986787 81921250//81921250
f 82052324//82052324 82117858//82117858 82248935//82248935
f 82314470//82314470 82380007//82380007 82314471//82314471
f 82445546//82445546 82445543//82445543 82511082//82511082
f 82511083//82511083 82576621//82576621 82642156//82642156
f 82642157//82642157 82642159//82642159 82707696//82707696
f 82838766//82838766 82838768//82838768 82773234//82773234
f 82969841//82969841 82969842//82969842 82904308//82904308
f 83100915//83100915 83100916//83100916 83035382//83035382
f 83231989//83231989 83231990//83231990 83166456//83166456
f 83363063//83363063 83297528//83297528 83428601//83428601
f 83428600//83428600 83559675//83559675 83690749//83690749
f 83756284//83756284 83756285//83756285 83625216//83625216
f 83756289//83756289 83887356//83887356 83952892//83952892
f 84018431//84018431 84018432//84018432 83821828//83821828
f 83756293//83756293 84149505//84149505 83756291//83756291
f 84149510//84149510 83952897//83952897 83887367//83887367
f 83887366//83887366 83952903//83952903 84280584//84280584
f 84411656//84411656 84215047//84215047 84411655//84411655
f 84477192//84477192 84411657//84411657 84542730//84542730
f 84608259//84608259 84608260//84608260 84083981//84083981
f 84018446//84018446 84215045//84215045 84149518//84149518
f 84608270//84608270 84411651//84411651 84804875//84804875
f 84542735//84542735 84608272//84608272 84673809//84673809
f 85001489//85001489 84215053//84215053 85067017//85067017
f 84411667//84411667 84804879//84804879 85132560//85132560
f 84870420//84870420 85132565//85132565 85263637//85263637
f 84804887//84804887 85329172//85329172 85263636//85263636
f 84804883//84804883 85329175//85329175 85394710//85394710
f 85067014//85067014 85460249//85460249 85329171//85329171
f 85525784//85525784 85460247//85460247 85525783//85525783
f 85525787//85525787 85591320//85591320 85525788//85525788
f 85656858//85656858 85722397//85722397 85525785//85525785
f 85722398//85722398 84215068//84215068 85853465//85853465
f 85853446//85853446 85853454//85853454 85919001//85919001
f 85919005//85919005 85787929//85787929 85722401//85722401
f 85984546//85984546 86050078//86050078 85984547//85984547
f 86181153//86181153 86115613//86115613 85984548//85984548
f 85722400//85722400 86115620//86115620 86181157//86181157
f 86181158//86181158 85919013//85919013 86312228//86312228
f 86246694//86246694 85853479//85853479 86443296//86443296
f 85853454//85853454 86443304//86443304 86312224//86312224
f 86312233//86312233 86443303//86443303 86508838//86508838
f 86377769//86377769 84739370//84739370 86639912//86639912
f 86443307//86443307 86639913//86639913 84739340//84739340
f 84935979//84935979 86705420//86705420 86574377//86574377
f 86508843//86508843 86705452//86705452 86639889//86639889
f 86574380//86574380 86705453//86705453 84935982//84935982
f 86836525//86836525 84935980//84935980 85001518//85001518
f 86902061//86902061 86836526//86836526 85001520//85001520
f 86902062//86902062 87033136//87033136 87164210//87164210
f 87229745//87229745 87295282//87295282 87229746//87229746
f 87229749//87229749 87295286//87295286 87426358//87426358
f 87426357//87426357 87491896//87491896 87557431//87557431
f 87557432//87557432 87622970//87622970 87688505//87688505
f 87688506//87688506 87754044//87754044 87819579//87819579
f 87819580//87819580 87819582//87819582 87885119//87885119
f 88016189//88016189 88081727//88081727 88016191//88016191
f 88016193//88016193 88212802//88212802 88147265//88147265
f 88147267//88147267 88343876//88343876 88474950//88474950
f 88540485//88540485 88606022//88606022 88540486//88540486
f 88540490//88540490 88671557//88671557 88737093//88737093
f 88540489//88540489 88868172//88868172 88802633//88802633
f 88540494//88540494 88933706//88933706 88540492//88540492
f 88671567//88671567 88999243//88999243 89064779//89064779
f 88933713//88933713 89130314//89130314 88999242//88999242
f 88999250//88999250 89195856//89195856 89261392//89261392
f 89195860//89195860 88999251//88999251 89392466//89392466
f 89392463//89392463 89130321//89130321 89458005//89458005
f 89523540//89523540 89392466//89392466 89523538//89523538
f 89523544//89523544 88933716//88933716 89654609//89654609
f 89458001//89458001 88802649//88802649 89720142//89720142
f 89654606//89654606 89392474//89392474 89785687//89785687
f 89392470//89392470 89589083//89589083 89523548//89523548
f 89523547//89523547 88802652//88802652 89916762//89916762
f 88802637//88802637 89982301//89982301 89654618//89654618
f 89916766//89916766 90047834//90047834 89916749//89916749
f 90047838//90047838 90047837//90047837 90113374//90113374
f 90178911//90178911 89982285//89982285 90244441//90244441
f 90244438//90244438 90113369//90113369 90244446//90244446
f 90047841//90047841 90047843//90047843 90309984//90309984
f 90309985//90309985 90441060//90441060 90309988//90309988
f 90441056//90441056 90441059//90441059 90375526//90375526
f 90506599//90506599 90572133//90572133 90506600//90506600
f 90703200//90703200 90703205//90703205 90441063//90441063
f 90637674//90637674 90768743//90768743 90637675//90637675
f 90899817//90899817 90899815//90899815 90572138//90572138
f 90768747//90768747 90834285//90834285 91030893//91030893
f 91096429//91096429 91161966//91161966 90965359//90965359
f 90768749//90768749 90899825//90899825 90768753//90768753
f 91161970//91161970 90965357//90965357 91293041//91293041
f 91161971//91161971 91227506//91227506 91293044//91293044
f 91293043//91293043 91489652//91489652 90899825//90899825
f 91489649//91489649 91555188//91555188 90703212//90703212
f 90899829//90899829 91620726//91620726 91424115//91424115
f 91358584//91358584 91751799//91751799 91620728//91620728
f 91489652//91489652 91424122//91424122 91620730//91620730
f 91620729//91620729 91751803//91751803 91948411//91948411
f 92013947//92013947 91620732//91620732 91882878//91882878
f 92079483//92079483 91620733//91620733 92079482//92079482
f 92013951//92013951 92210558//92210558 91489658//91489658
f 91489664//91489664 92276086//92276086 91817342//91817342
f 92079487//92079487 92276097//92276097 92210554//92210554
f 92276095//92276095 92341634//92341634 92210561//92210561
f 92341631//92341631 92472707//92472707 91555200//91555200
f 92210562//92210562 92407172//92407172 92538242//92538242
f 92341637//92341637 92407172//92407172 92603781//92603781
f 91555204//91555204 91555207//91555207 92669289//92669289
f 90703239//90703239 92734816//92734816 92669316//92669316
f 92472709//92472709 92669320//92669320 92800352//92800352
f 92669320//92669320 90113417//90113417 92800354//92800354
f 92734858//92734858 92865929//92865929 90244489//90244489
f 92538250//92538250 89458056//89458056 90244490//90244490
f 92931466//92931466 92931461//92931461 92538246//92538246
f 92931414//92931414 92931466//92931466 92603788//92603788
f 92603789//92603789 89458060//89458060 92931470//92931470
f 92997006//92997006 89458059//89458059 93128027//93128027
f 92997005//92997005 93128079//93128079 92997007//92997007
f 93193563//93193563 93062542//93062542 93259151//93259151
f 93324635//93324635 93324687//93324687 93193616//93193616
f 93390225//93390225 89785744//89785744 93324636//93324636
f 93324690//93324690 93390172//93390172 93455708//93455708
f 89851283//89851283 93455704//93455704 93521240//93521240
f 93652373//93652373 93586839//93586839 93652376//93652376
f 93783449//93783449 93652373//93652373 93914520//93914520
f 93914518//93914518 93848987//93848987 93783452//93783452
f 93848988//93848988 94176669//94176669 93783450//93783450
f 93783454//93783454 93980060//93980060 94242202//94242202
f 94242203//94242203 93914528//93914528 94373278//94373278
f 94373274//94373274 94307743//94307743 94438815//94438815
f 94438816//94438816 94438819//94438819 94504356//94504356
f 94635423//94635423 94242210//94242210 94635425//94635425
f 94635430//94635430 94438817//94438817 94569895//94569895
f 94766501//94766501 94766498//94766498 94569896//94569896
f 94373289//94373289 94700958//94700958 94897569//94897569
f 94176682//94176682 94897564//94897564 94963102//94963102
f 95028645//95028645 95028647//95028647 94700965//94700965
f 95094183//95094183 95028648//95028648 94766508//94766508
f 94045610//94045610 94045613//94045613 95159709//95159709
f 94897582//94897582 95159722//95159722 94963118//94963118
f 95159727//95159727 95159709//95159709 95225263//95225263
f 95225264//95225264 95290799//95290799 95421853//95421853
f 95487406//95487406 95487401//95487401 94897574//94897574
f 95487408//95487408 95552942//95552942 95421871//95421871
f 95290800//95290800 95552947//95552947 95618481//95618481
f 95684020//95684020 95684019//95684019 95552944//95552944
f 95749556//95749556 95749557//95749557 95684023//95684023
f 95880630//95880630 95880631//95880631 95815097//95815097
f 96011704//96011704 96077241//96077241 96011705//96011705
f 96011707//96011707 96208316//96208316 96142779//96142779
f 96273853//96273853 96077243//96077243 96339390//96339390
f 95946175//95946175 96339387//96339387 96404926//96404926
f 95946167//95946167 96339393//96339393 95946177//95946177
f 95815093//95815093 95815106//95815106 96536001//96536001
f 96404927//96404927 96601539//96601539 96339393//96339393
f 96535989//96535989 95684036//95684036 95356356//95356356
f 96470466//96470466 96601541//96601541 96470469//96470469
f 96798144//96798144 96404931//96404931 96798151//96798151
f 96798152//96798152 96667079//96667079 96994754//96994754
f 96732610//96732610 95356361//95356361 97060292//97060292
f 96994756//96994756 97125834//97125834 96601541//96601541
f 96601547//96601547 96929222//96929222 96798156//96798156
f 97256904//97256904 97322444//97322444 97256908//97256908
f 97191366//97191366 97322447//97322447 97191375//97191375
f 97387974//97387974 97453515//97453515 97322447//97322447
f 97519045//97519045 96732617//96732617 97519051//97519051
f 97387979//97387979 97453522//97453522 97387986//97387986
f 97584587//97584587 97650129//97650129 97453522//97453522
f 97584593//97584593 97650131//97650131 97715664//97715664
f 97519049//97519049 97519061//97519061 97781203//97781203
f 97781193//97781193 97846730//97846730 97715667//97715667
f 97650133//97650133 97846742//97846742 97912276//97912276
f 97781194//97781194 97781208//97781208 97977814//97977814
f 97977802//97977802 95356377//95356377 98043338//98043338
f 98043312//98043312 98043314//98043314 98108888//98108888
f 98108889//98108889 97846706//97846706 97977818//97977818
f 98108850//98108850 97846694//97846694 98108891//98108891
f 98174423//98174423 98174422//98174422 98108838//98108838
f 98239959//98239959 97912283//97912283 98239965//98239965
f 98371035//98371035 98239910//98239910 98174430//98174430
f 94700971//94700971 98436574//98436574 98305500//98305500
f 98436572//98436572 98436574//98436574 98370987//98370987
f 98305503//98305503 98436576//98436576 95028705//95028705
f 98567648//98567648 98502111//98502111 98567650//98567650
f 98567595//98567595 98633132//98633132 98567596//98567596
f 98698722//98698722 94832044//94832044 98698668//98698668
f 98698664//98698664 98829796//98829796 98960870//98960870
f 98960869//98960869 99026408//99026408 98829801//98829801
f 99026409//99026409 98829802//98829802 99223017//99223017
f 99223013//99223013 99223020//99223020 99288557//99288557
f 99157481//99157481 99419630//99419630 99485162//99485162
f 99485166//99485166 99616240//99616240 99550702//99550702
f 99419625//99419625 99091954//99091954 99223026//99223026
f 99681777//99681777 99681774//99681774 99223027//99223027
f 99747307//99747307 99812845//99812845 99616242//99616242
f 99812850//99812850 99812851//99812851 99878385//99878385
f 99812854//99812854 99943925//99943925 99812855//99812855
f 100009460//100009460 99812856//99812856 99747320//99747320
f 99747309//99747309 100075000//100075000 99354105//99354105
f 100206073//100206073 100271597//100271597 100402684//100402684
f 100271614//100271614 100402685//100402685 100468223//100468223
f 100533760//100533760 100599293//100599293 100664829//100664829
f 100599298//100599298 100468225//100468225 100795903//100795903
f 100795902//100795902 100926980//100926980 100599295//100599295
f 100795909//100795909 100861439//100861439 100992515//100992515
f 100992516//100992516 100795911//100795911 100992520//100992520
f 100926979//100926979 101189128//101189128 100599301//100599301
f 101189122//101189122 101123584//101123584 101254661//101254661
f 101254665//101254665 101123589//101123589 101320202//101320202
f 101254667//101254667 101385740//101385740 101189130//101189130
f 101385739//101385739 101385741//101385741 101516809//101516809
f 101189134//101189134 100730370//100730370 101516815//101516815
f 101647874//101647874 101713423//101713423 101844498//101844498
f 101910033//101910033 101975570//101975570 101910034//101910034
f 102041109//102041109 102041106//102041106 102106645//102106645
f 102106646//102106646 102237720//102237720 102368794//102368794
f 102434329//102434329 102237722//102237722 102434333//102434333
f 102565401//102565401 102630941//102630941 102565405//102565405
f 102565407//102565407 102762016//102762016 102893090//102893090
f 102893089//102893089 102762020//102762020 102827557//102827557
f 102958625//102958625 103024166//103024166 102827559//102827559
f 103220773//103220773 103286311//103286311 103220775//103220775
f 103351849//103351849 103089703//103089703 103417380//103417380
f 103417382//103417382 103548460//103548460 103417388//103417388
f 103417389//103417389 103351854//103351854 103679529//103679529
f 103548463//103548463 103351854//103351854 103745071//103745071
f 103613999//103613999 103810608//103810608 103941682//103941682
f 103876147//103876147 103876148//103876148 104007221//104007221
f 104138290//104138290 103810613//103810613 103876151//103876151
f 104203826//104203826 104269366//104269366 103810615//103810615
f 104334903//104334903 104269366//104269366 104203834//104203834
f 104400439//104400439 104465977//104465977 104269370//104269370
f 104531514//104531514 104465977//104465977 104400445//104400445
f 104597050//104597050 104597052//104597052 104662587//104662587
f 104531519//104531519 104597053//104597053 104793662//104793662
f 104597055//104597055 104793664//104793664 104859198//104859198
f 104728130//104728130 104793664//104793664 104990273//104990273
f 104793666//104793666 105055811//105055811 104859203//104859203
f 105121347//105121347 105055810//105055810 104990278//104990278
f 105186883//105186883 105252421//105252421 105383496//105383496
f 105514570//105514570 105645644//105645644 105776718//105776718
f 105907792//105907792 106038866//106038866 106169940//106169940
f 106301014//106301014 106432088//106432088 106563162//106563162
f 106694236//106694236 106825310//106825310 106956384//106956384
f 107087458//107087458 107218532//107218532 107349606//107349606
f 107480680//107480680 107611754//107611754 107742828//107742828
f 107873902//107873902 108004976//108004976 108136050//108136050
f 108267124//108267124 108267126//108267126 108332663//108332663
f 108529272//108529272 108463738//108463738 108660346//108660346
f 108791420//108791420 108725886//108725886 108791423//108791423
f 108922493//108922493 108791424//108791424 109053568//109053568
f 109053570//109053570 109119104//109119104 109053571//109053571
f 109315716//109315716 109250182//109250182 109315719//109315719
f 109315720//109315720 109512327//109512327 109577863//109577863
f 109512330//109512330 109643401//109643401 109708937//109708937
f 109840012//109840012 109774478//109774478 109971086//109971086
f 110102160//110102160 110233234//110233234 110102162//110102162
f 110364308//110364308 110298774//110298774 110364311//110364311
f 110560919//110560919 110495381//110495381 110560921//110560921
f 110560922//110560922 110691993//110691993 110757529//110757529
f 110888604//110888604 110954142//110954142 111019677//111019677
f 111019680//111019680 110954141//110954141 111150751//111150751
f 111150750//111150750 111216290//111216290 111281825//111281825
f 111347361//111347361 111150755//111150755 111347359//111347359
f 111347363//111347363 111412901//111412901 111478436//111478436
f 111347366//111347366 111543975//111543975 111019684//111019684
f 111019687//111019687 111543968//111543968 111609504//111609504
f 111740585//111740585 111871659//111871659 111675050//111675050
f 111937193//111937193 111675052//111675052 111937198//111937198
f 112068265//112068265 112133806//112133806 111675055//111675055
f 112264881//112264881 112395955//112395955 112199346//112199346
f 112395957//112395957 112527025//112527025 112199349//112199349
f 112592561//112592561 112658102//112658102 112199351//112199351
f 112789177//112789177 112723643//112723643 112920251//112920251
f 112920253//112920253 113051323//113051323 112920249//112920249
f 113116861//113116861 113051324//113051324 113182396//113182396
f 112920256//112920256 113182399//113182399 113247935//113247935
f 113313473//113313473 113051328//113051328 113379008//113379008
f 113444546//113444546 113182400//113182400 113379012//113379012
f 113510082//113510082 113444548//113444548 113379014//113379014
f 113575621//113575621 113379012//113379012 113641158//113641158
f 113706693//113706693 113575622//113575622 113641160//113641160
f 113772229//113772229 113641160//113641160 113837768//113837768
f 113903305//113903305 113706696//113706696 113837771//113837771
f 113903308//113903308 113837769//113837769 114034379//114034379
f 114165454//114165454 114099920//114099920 114165457//114165457
f 114165458//114165458 114427601//114427601 114099921//114099921
f 114296530//114296530 114427604//114427604 114296533//114296533
f 114493141//114493141 114558673//114558673 114493142//114493142
f 114689749//114689749 114755286//114755286 114427605//114427605
f 114820821//114820821 114755287//114755287 114558681//114558681
f 114886361//114886361 114755287//114755287 114820827//114820827
f 114951897//114951897 115017434//115017434 114755291//114755291
f 115082971//115082971 115017434//115017434 114951901//114951901
f 115148509//115148509 115214042//115214042 115017437//115017437
f 115279581//115279581 115214046//115214046 115082976//115082976
f 115279582//115279582 115410657//115410657 115214048//115214048
f 115541731//115541731 115476197//115476197 115672805//115672805
f 115476199//115476199 115738342//115738342 115803878//115803878
f 115869414//115869414 115672808//115672808 115869418//115869418
f 115934949//115934949 115607270//115607270 115934955//115934955
f 116131564//116131564 116262638//116262638 116066029//116066029
f 116328175//116328175 116262637//116262637 116328177//116328177
f 116393714//116393714 116524783//116524783 116262642//116262642
f 116262643//116262643 116066036//116066036 116262644//116262644
f 116655852//116655852 116721396//116721396 116852471//116852471
f 116852470//116852470 116721401//116721401 116983545//116983545
f 116918011//116918011 116983544//116983544 117114617//117114617
f 117180155//117180155 117114617//117114617 117180153//117180153
f 117114622//117114622 117311229//117311229 117442304//117442304
f 117442306//117442306 117507840//117507840 117573376//117573376
f 117376771//117376771 117573380//117573380 117704452//117704452
f 117573378//117573378 117507845//117507845 117769989//117769989
f 117835526//117835526 117769986//117769986 117966600//117966600
f 118032136//118032136 117901065//117901065 118032139//118032139
f 117966604//117966604 118163210//118163210 118228746//118228746
f 118032141//118032141 118359822//118359822 118490896//118490896
f 118490895//118490895 118621970//118621970 118753044//118753044
f 118753043//118753043 118884118//118884118 119015192//119015192
f 119080727//119080727 119080728//119080728 119146263//119146263
f 119080732//119080732 119211803//119211803 119080733//119080733
f 119342877//119342877 119080730//119080730 118949662//118949662
f 119408414//119408414 119473944//119473944 119605025//119605025
f 119670560//119670560 119736097//119736097 119670561//119670561
f 119670564//119670564 119801637//119801637 119867171//119867171
f 119932704//119932704 119932707//119932707 119670566//119670566
f 119932712//119932712 119932704//119932704 119867177//119867177
f 120194858//120194858 120129324//120129324 120194861//120194861
f 120325934//120325934 120457002//120457002 120325931//120325931
f 120325936//120325936 120457006//120457006 120588077//120588077
f 120325937//120325937 120588080//120588080 120653616//120653616
f 120784691//120784691 120784693//120784693 120850230//120850230
f 121046839//121046839 120981305//120981305 121046842//121046842
f 121243450//121243450 121308984//121308984 121440061//121440061
f 121374526//121374526 121571135//121571135 121374527//121374527
f 121702209//121702209 121636675//121636675 121702212//121702212
f 121898820//121898820 121964354//121964354 122095431//122095431
f 122029896//122029896 122226505//122226505 122029897//122029897
f 122357579//122357579 122292045//122292045 122357582//122357582
f 122554190//122554190 122619724//122619724 122750801//122750801
f 122685266//122685266 122881875//122881875 122685267//122685267
f 123012949//123012949 123012951//123012951 123078488//123078488
f 123275097//123275097 123275099//123275099 123340636//123340636
f 123537245//123537245 123537247//123537247 123602784//123602784
f 123799393//123799393 123733859//123733859 123799396//123799396
f 123996004//123996004 124061538//124061538 124192615//124192615
f 124127080//124127080 124323689//124323689 124127081//124127081
f 124454763//124454763 124389229//124389229 124454766//124454766
f 124651374//124651374 124716908//124716908 124847985//124847985
f 124782450//124782450 124979059//124979059 124782451//124782451
f 125110133//125110133 125110135//125110135 125175672//125175672
f 125372281//125372281 125372283//125372283 125437820//125437820
f 125634429//125634429 125568895//125568895 125634432//125634432
f 125634433//125634433 125831040//125831040 125896576//125896576
f 125962114//125962114 125896577//125896577 125962116//125962116
f 126093188//126093188 126027651//126027651 126093190//126093190
f 126158725//126158725 126158727//126158727 126224264//126224264
f 126420873//126420873 126551947//126551947 126486409//126486409
f 126551945//126551945 126683021//126683021 126617481//126617481
f 126748557//126748557 126617486//126617486 126748560//126748560
f 126879632//126879632 126814095//126814095 126879634//126879634
f 127010706//127010706 126945169//126945169 127010708//127010708
f 127207317//127207317 127141783//127141783 127207320//127207320
f 127338393//127338393 127403925//127403925 127338394//127338394
f 127207323//127207323 127600536//127600536 127469464//127469464
f 127338395//127338395 127600540//127600540 127666074//127666074
f 127666076//127666076 127535006//127535006 127731612//127731612
f 127535007//127535007 127862686//127862686 127993761//127993761
f 128059296//128059296 128124833//128124833 127862691//127862691
f 128190372//128190372 128255907//128255907 128059297//128059297
f 128059303//128059303 128255909//128255909 128321443//128321443
f 128190375//128190375 128321448//128321448 128452520//128452520
f 128321446//128321446 128518057//128518057 128452518//128452518
f 128649131//128649131 128583597//128583597 128649134//128649134
f 128780207//128780207 128845739//128845739 128780208//128780208
f 128649137//128649137 129042350//129042350 128911278//128911278
f 128780209//128780209 129042354//129042354 129107888//129107888
f 129107890//129107890 128976820//128976820 129173426//129173426
f 128976821//128976821 129304500//129304500 129435575//129435575
f 129501110//129501110 129566647//129566647 129304505//129304505
f 129370043//129370043 129566649//129566649 129501116//129501116
f 129501115//129501115 129763261//129763261 129697721//129697721
f 129632190//129632190 129763261//129763261 129894332//129894332
f 129763262//129763262 129959872//129959872 129894333//129894333
f 129959870//129959870 129959873//129959873 130090943//130090943
f 130090944//130090944 130156481//130156481 130287556//130287556
f 130353091//130353091 130156484//130156484 130353095//130353095
f 130484167//130484167 130418630//130418630 130484169//130484169
f 130484170//130484170 130615241//130615241 130680777//130680777
f 130811852//130811852 130746318//130746318 130811855//130811855
f 130942928//130942928 131008460//131008460 130942929//130942929
f 130811858//130811858 131205071//131205071 131073999//131073999
f 130942930//130942930 131205075//131205075 131270609//131270609
f 131270611//131270611 131139541//131139541 131336147//131336147
f 131139542//131139542 131467221//131467221 131598296//131598296
f 131663831//131663831 131729368//131729368 131467226//131467226
f 131794907//131794907 131860442//131860442 131663832//131663832
f 131663838//131663838 131860444//131860444 131925978//131925978
f 131794910//131794910 131925983//131925983 132057055//132057055
f 131925981//131925981 132122592//132122592 132057053//132057053
f 132253666//132253666 132188132//132188132 132253669//132253669
f 132384742//132384742 132450274//132450274 132384743//132384743
f 132253672//132253672 132646885//132646885 132515813//132515813
f 132384744//132384744 132646889//132646889 132712423//132712423
f 132712425//132712425 132581355//132581355 132777961//132777961
f 132581356//132581356 132909035//132909035 133040110//133040110
f 133105645//133105645 133171182//133171182 132909040//132909040
f 133236721//133236721 133302256//133302256 133105646//133105646
f 133105652//133105652 133302258//133302258 133367792//133367792
f 133236724//133236724 133367797//133367797 133498869//133498869
f 133367795//133367795 133564406//133564406 133498867//133498867
f 133695480//133695480 133629946//133629946 133695483//133695483
f 133826556//133826556 133892088//133892088 133826557//133826557
f 133695486//133695486 134088699//134088699 133957627//133957627
f 133826558//133826558 134088703//134088703 134154237//134154237
f 134154239//134154239 134023169//134023169 134219775//134219775
f 134023170//134023170 134350849//134350849 134481924//134481924
f 134547459//134547459 134612996//134612996 134350854//134350854
f 134678535//134678535 134744070//134744070 134547460//134547460
f 134547466//134547466 134744072//134744072 134809606//134809606
f 134678538//134678538 134809611//134809611 134940683//134940683
f 134809609//134809609 135006220//135006220 134940681//134940681
f 135137294//135137294 135071760//135071760 135137297//135137297
f 135268370//135268370 135333902//135333902 135268371//135268371
f 135137300//135137300 135530513//135530513 135399441//135399441
f 135268372//135268372 135530517//135530517 135596051//135596051
f 135596053//135596053 135464983//135464983 135661589//135661589
f 135464984//135464984 135792663//135792663 135923738//135923738
f 135989273//135989273 136054810//136054810 135792668//135792668
f 136120349//136120349 136185884//136185884 135989274//135989274
f 135989280//135989280 136185886//136185886 136251420//136251420
f 136120352//136120352 136251425//136251425 136382497//136382497
f 136251423//136251423 136448034//136448034 136382495//136382495
f 136579108//136579108 136513574//136513574 136710182//136710182
f 136775718//136775718 136841255//136841255 136644648//136644648
f 136644650//136644650 136841253//136841253 136906790//136906790
f 136579114//136579114 137037867//137037867 136906793//136906793
f 136972330//136972330 137037869//137037869 137103402//137103402
f 137234478//137234478 137168944//137168944 137365552//137365552
f 137431088//137431088 137496625//137496625 137300018//137300018
f 137300020//137300020 137496623//137496623 137562160//137562160
f 137234484//137234484 137693237//137693237 137562163//137562163
f 137627700//137627700 137693239//137693239 137758772//137758772
f 137889848//137889848 137824314//137824314 138020922//138020922
f 138086458//138086458 138151995//138151995 137955388//137955388
f 137955390//137955390 138151993//138151993 138217530//138217530
f 137889854//137889854 138348607//138348607 138217533//138217533
f 138283070//138283070 138348609//138348609 138414142//138414142
f 138545218//138545218 138479684//138479684 138676292//138676292
f 138741828//138741828 138807365//138807365 138610758//138610758
f 138610760//138610760 138807363//138807363 138872900//138872900
f 138545224//138545224 139003977//139003977 138872903//138872903
f 138938440//138938440 139003979//139003979 139069512//139069512
f 139200588//139200588 139135054//139135054 139331662//139331662
f 139397198//139397198 139462735//139462735 139266128//139266128
f 139266130//139266130 139462733//139462733 139528270//139528270
f 139200594//139200594 139659347//139659347 139528273//139528273
f 139593810//139593810 139659349//139659349 139724882//139724882
f 139855958//139855958 139790424//139790424 139987032//139987032
f 140052568//140052568 140118105//140118105 139921498//139921498
f 139921500//139921500 140118103//140118103 140183640//140183640
f 139855964//139855964 140314717//140314717 140183643//140183643
f 140249180//140249180 140314719//140314719 140380252//140380252
f 140511328//140511328 140445794//140445794 140642402//140642402
f 140707938//140707938 140773475//140773475 140511330//140511330
f 140576868//140576868 140773477//140773477 140839009//140839009
f 140773476//140773476 140773479//140773479 140970086//140970086
f 140904553//140904553 141035621//141035621 140970085//140970085
f 141166698//141166698 141101164//141101164 141297772//141297772
f 141363308//141363308 141428845//141428845 141166700//141166700
f 141232238//141232238 141428847//141428847 141494379//141494379
f 141428846//141428846 141428849//141428849 141625456//141625456
f 141559923//141559923 141690991//141690991 141625455//141625455
f 141822068//141822068 141756534//141756534 141953142//141953142
f 142018678//142018678 142084215//142084215 141822070//141822070
f 141887608//141887608 142084217//142084217 142149749//142149749
f 142084216//142084216 142084219//142084219 142280826//142280826
f 142215293//142215293 142346361//142346361 142280825//142280825
f 142477438//142477438 142411904//142411904 142608512//142608512
f 142674048//142674048 142739585//142739585 142477440//142477440
f 142542978//142542978 142739587//142739587 142805119//142805119
f 142739586//142739586 142739589//142739589 142936196//142936196
f 142870663//142870663 143001731//143001731 142936195//142936195
f 143132808//143132808 143067274//143067274 143263882//143263882
f 143329418//143329418 143394955//143394955 143132810//143132810
f 143198348//143198348 143394957//143394957 143460489//143460489
f 143394956//143394956 143394959//143394959 143591566//143591566
f 143526033//143526033 143657101//143657101 143591565//143591565
f 143788178//143788178 143919252//143919252 143722643//143722643
f 143984787//143984787 144050324//144050324 143919251//143919251
f 143984792//143984792 144181395//144181395 144050323//144050323
f 143788184//143788184 144246938//144246938 144181395//144181395
f 144378011//144378011 144312477//144312477 144509085//144509085
f 144378013//144378013 144509087//144509087 144640157//144640157
f 144443553//144443553 144640159//144640159 144771229//144771229
f 144443555//144443555 144771233//144771233 144836765//144836765
f 144967844//144967844 144967846//144967846 145033383//145033383
f 145164452//145164452 145098917//145098917 145164453//145164453
f 145229988//145229988 145098920//145098920 145229992//145229992
f 145361066//145361066 145361068//145361068 145426605//145426605
f 145557674//145557674 145492139//145492139 145557675//145557675
f 145623210//145623210 145492142//145492142 145623214//145623214
f 145754288//145754288 145754290//145754290 145819827//145819827
f 145950896//145950896 145885361//145885361 145950897//145950897
f 146016432//146016432 145885364//145885364 146016436//146016436
f 146147510//146147510 146147512//146147512 146213049//146213049
f 146344118//146344118 146278583//146278583 146344119//146344119
f 146409654//146409654 146278586//146278586 146409658//146409658
f 146540732//146540732 146540734//146540734 146606271//146606271
f 146737340//146737340 146671805//146671805 146737341//146737341
f 146802876//146802876 146671808//146671808 146802880//146802880
f 146933954//146933954 146933956//146933956 146999493//146999493
f 147130562//147130562 147065027//147065027 147130563//147130563
f 147196098//147196098 147065030//147065030 147196102//147196102
f 147327176//147327176 147392714//147392714 147458249//147458249
f 147458250//147458250 147261644//147261644 147589322//147589322
f 147392717//147392717 147654860//147654860 147589320//147589320
f 147654863//147654863 147589325//147589325 147720396//147720396
f 147785935//147785935 147720398//147720398 147785937//147785937
f 147917007//147917007 147720401//147720401 147917004//147917004
f 147982546//147982546 147523793//147523793 147917011//147917011
f 147982548//147982548 148113612//148113612 148048083//148048083
f 148179156//148179156 148048085//148048085 148244684//148244684
f 147523799//147523799 148244683//148244683 148048086//148048086
f 147458263//147458263 148310232//148310232 148244694//148244694
f 148375755//148375755 148310232//148310232 148179161//148179161
f 148506842//148506842 148506844//148506844 148572381//148572381
f 148703450//148703450 148637915//148637915 148703451//148703451
f 148768986//148768986 148637918//148637918 148768990//148768990
