# OceanPlane verts=2652 tris=2550
v -50.000000 -0.000000 50.000000
v -48.000000 -0.000000 50.000000
v -50.000000 -0.000000 48.039215
v -48.000000 -0.000000 48.039215
v -46.000000 -0.000000 50.000000
v -50.000000 -0.000000 46.078430
v -46.000000 -0.000000 48.039215
v -44.000000 -0.000000 50.000000
v -48.000000 -0.000000 46.078430
v -50.000000 -0.000000 44.117645
v -44.000000 -0.000000 48.039215
v -42.000000 -0.000000 50.000000
v -46.000000 -0.000000 46.078430
v -48.000000 -0.000000 44.117645
v -50.000000 -0.000000 42.156860
v -42.000000 -0.000000 48.039215
v -40.000000 -0.000000 50.000000
v -44.000000 -0.000000 46.078430
v -46.000000 -0.000000 44.117645
v -48.000000 -0.000000 42.156860
v -50.000000 -0.000000 40.196075
v -40.000000 -0.000000 48.039215
v -38.000000 -0.000000 50.000000
v -42.000000 -0.000000 46.078430
v -44.000000 -0.000000 44.117645
v -46.000000 -0.000000 42.156860
v -48.000000 -0.000000 40.196075
v -50.000000 -0.000000 38.235291
v -38.000000 -0.000000 48.039215
v -36.000000 -0.000000 50.000000
v -40.000000 -0.000000 46.078430
v -42.000000 -0.000000 44.117645
v -44.000000 -0.000000 42.156860
v -46.000000 -0.000000 40.196075
v -48.000000 -0.000000 38.235291
v -50.000000 -0.000000 36.274506
v -36.000000 -0.000000 48.039215
v -34.000000 -0.000000 50.000000
v -38.000000 -0.000000 46.078430
v -40.000000 -0.000000 44.117645
v -42.000000 -0.000000 42.156860
v -44.000000 -0.000000 40.196075
v -46.000000 -0.000000 38.235291
v -48.000000 -0.000000 36.274506
v -50.000000 -0.000000 34.313721
v -34.000000 -0.000000 48.039215
v -32.000000 -0.000000 50.000000
v -36.000000 -0.000000 46.078430
v -38.000000 -0.000000 44.117645
v -40.000000 -0.000000 42.156860
v -42.000000 -0.000000 40.196075
v -44.000000 -0.000000 38.235291
v -46.000000 -0.000000 36.274506
v -32.000000 -0.000000 48.039215
v -30.000000 -0.000000 50.000000
v -34.000000 -0.000000 46.078430
v -36.000000 -0.000000 44.117645
v -38.000000 -0.000000 42.156860
v -40.000000 -0.000000 40.196075
v -42.000000 -0.000000 38.235291
v -30.000000 -0.000000 48.039215
v -28.000000 -0.000000 50.000000
v -32.000000 -0.000000 46.078430
v -34.000000 -0.000000 44.117645
v -36.000000 -0.000000 42.156860
v -38.000000 -0.000000 40.196075
v -28.000000 -0.000000 48.039215
v -26.000000 -0.000000 50.000000
v -30.000000 -0.000000 46.078430
v -32.000000 -0.000000 44.117645
v -34.000000 -0.000000 42.156860
v -26.000000 -0.000000 48.039215
v -24.000000 -0.000000 50.000000
v -28.000000 -0.000000 46.078430
v -30.000000 -0.000000 44.117645
v -24.000000 -0.000000 48.039215
v -22.000000 -0.000000 50.000000
v -26.000000 -0.000000 46.078430
v -22.000000 -0.000000 48.039215
v -20.000000 -0.000000 50.000000
v -36.000000 -0.000000 40.196075
v -32.000000 -0.000000 42.156860
v -28.000000 -0.000000 44.117645
v -24.000000 -0.000000 46.078430
v -20.000000 -0.000000 48.039215
v -18.000000 -0.000000 50.000000
v -34.000000 -0.000000 40.196075
v -30.000000 -0.000000 42.156860
v -26.000000 -0.000000 44.117645
v -22.000000 -0.000000 46.078430
v -18.000000 -0.000000 48.039215
v -16.000000 -0.000000 50.000000
v -32.000000 -0.000000 40.196075
v -28.000000 -0.000000 42.156860
v -24.000000 -0.000000 44.117645
v -20.000000 -0.000000 46.078430
v -16.000000 -0.000000 48.039215
v -14.000000 -0.000000 50.000000
v -30.000000 -0.000000 40.196075
v -26.000000 -0.000000 42.156860
v -22.000000 -0.000000 44.117645
v -18.000000 -0.000000 46.078430
v -14.000000 -0.000000 48.039215
v -12.000000 -0.000000 50.000000
v -28.000000 -0.000000 40.196075
v -24.000000 -0.000000 42.156860
v -20.000000 -0.000000 44.117645
v -16.000000 -0.000000 46.078430
v -12.000000 -0.000000 48.039215
v -10.000000 -0.000000 50.000000
v -26.000000 -0.000000 40.196075
v -22.000000 -0.000000 42.156860
v -18.000000 -0.000000 44.117645
v -14.000000 -0.000000 46.078430
v -10.000000 -0.000000 48.039215
v -8.000000 -0.000000 50.000000
v -24.000000 -0.000000 40.196075
v -20.000000 -0.000000 42.156860
v -16.000000 -0.000000 44.117645
v -12.000000 -0.000000 46.078430
v -8.000000 -0.000000 48.039215
v -6.000000 -0.000000 50.000000
v -22.000000 -0.000000 40.196075
v -18.000000 -0.000000 42.156860
v -14.000000 -0.000000 44.117645
v -10.000000 -0.000000 46.078430
v -6.000000 -0.000000 48.039215
v -4.000000 -0.000000 50.000000
v -20.000000 -0.000000 40.196075
v -16.000000 -0.000000 42.156860
v -12.000000 -0.000000 44.117645
v -8.000000 -0.000000 46.078430
v -4.000000 -0.000000 48.039215
v -2.000000 -0.000000 50.000000
v -18.000000 -0.000000 40.196075
v -14.000000 -0.000000 42.156860
v -10.000000 -0.000000 44.117645
v -6.000000 -0.000000 46.078430
v -2.000000 -0.000000 48.039215
v 0.000000 -0.000000 50.000000
v -16.000000 -0.000000 40.196075
v -12.000000 -0.000000 42.156860
v -8.000000 -0.000000 44.117645
v -4.000000 -0.000000 46.078430
v 0.000000 -0.000000 48.039215
v 2.000000 -0.000000 50.000000
v -14.000000 -0.000000 40.196075
v -10.000000 -0.000000 42.156860
v -6.000000 -0.000000 44.117645
v -2.000000 -0.000000 46.078430
v 2.000000 -0.000000 48.039215
v 4.000000 -0.000000 50.000000
v -12.000000 -0.000000 40.196075
v -8.000000 -0.000000 42.156860
v -4.000000 -0.000000 44.117645
v 0.000000 -0.000000 46.078430
v 4.000000 -0.000000 48.039215
v 6.000000 -0.000000 50.000000
v -10.000000 -0.000000 40.196075
v -6.000000 -0.000000 42.156860
v -2.000000 -0.000000 44.117645
v 2.000000 -0.000000 46.078430
v 6.000000 -0.000000 48.039215
v 8.000000 -0.000000 50.000000
v -8.000000 -0.000000 40.196075
v -4.000000 -0.000000 42.156860
v 0.000000 -0.000000 44.117645
v 4.000000 -0.000000 46.078430
v 8.000000 -0.000000 48.039215
v 10.000000 -0.000000 50.000000
v -6.000000 -0.000000 40.196075
v -2.000000 -0.000000 42.156860
v 2.000000 -0.000000 44.117645
v 6.000000 -0.000000 46.078430
v 10.000000 -0.000000 48.039215
v 12.000000 -0.000000 50.000000
v -4.000000 -0.000000 40.196075
v 0.000000 -0.000000 42.156860
v 4.000000 -0.000000 44.117645
v 8.000000 -0.000000 46.078430
v 12.000000 -0.000000 48.039215
v 14.000000 -0.000000 50.000000
v -2.000000 -0.000000 40.196075
v 2.000000 -0.000000 42.156860
v 6.000000 -0.000000 44.117645
v 10.000000 -0.000000 46.078430
v 14.000000 -0.000000 48.039215
v 16.000000 -0.000000 50.000000
v 0.000000 -0.000000 40.196075
v 4.000000 -0.000000 42.156860
v 8.000000 -0.000000 44.117645
v 12.000000 -0.000000 46.078430
v 16.000000 -0.000000 48.039215
v 18.000000 -0.000000 50.000000
v 2.000000 -0.000000 40.196075
v 6.000000 -0.000000 42.156860
v 10.000000 -0.000000 44.117645
v 14.000000 -0.000000 46.078430
v 18.000000 -0.000000 48.039215
v 20.000000 -0.000000 50.000000
v 4.000000 -0.000000 40.196075
v 8.000000 -0.000000 42.156860
v 12.000000 -0.000000 44.117645
v 16.000000 -0.000000 46.078430
v 20.000000 -0.000000 48.039215
v 22.000000 -0.000000 50.000000
v 6.000000 -0.000000 40.196075
v 10.000000 -0.000000 42.156860
v 14.000000 -0.000000 44.117645
v 18.000000 -0.000000 46.078430
v 22.000000 -0.000000 48.039215
v 24.000000 -0.000000 50.000000
v 8.000000 -0.000000 40.196075
v 12.000000 -0.000000 42.156860
v 16.000000 -0.000000 44.117645
v 20.000000 -0.000000 46.078430
v 24.000000 -0.000000 48.039215
v 26.000000 -0.000000 50.000000
v 10.000000 -0.000000 40.196075
v 14.000000 -0.000000 42.156860
v 18.000000 -0.000000 44.117645
v 22.000000 -0.000000 46.078430
v 26.000000 -0.000000 48.039215
v 28.000000 -0.000000 50.000000
v 12.000000 -0.000000 40.196075
v 16.000000 -0.000000 42.156860
v 20.000000 -0.000000 44.117645
v 24.000000 -0.000000 46.078430
v 28.000000 -0.000000 48.039215
v 30.000000 -0.000000 50.000000
v 14.000000 -0.000000 40.196075
v 18.000000 -0.000000 42.156860
v 22.000000 -0.000000 44.117645
v 26.000000 -0.000000 46.078430
v 30.000000 -0.000000 48.039215
v 32.000000 -0.000000 50.000000
v 16.000000 -0.000000 40.196075
v 20.000000 -0.000000 42.156860
v 24.000000 -0.000000 44.117645
v 28.000000 -0.000000 46.078430
v 32.000000 -0.000000 48.039215
v 34.000000 -0.000000 50.000000
v 18.000000 -0.000000 40.196075
v 22.000000 -0.000000 42.156860
v 26.000000 -0.000000 44.117645
v 30.000000 -0.000000 46.078430
v 34.000000 -0.000000 48.039215
v 36.000000 -0.000000 50.000000
v 20.000000 -0.000000 40.196075
v 24.000000 -0.000000 42.156860
v 28.000000 -0.000000 44.117645
v 32.000000 -0.000000 46.078430
v 36.000000 -0.000000 48.039215
v 38.000000 -0.000000 50.000000
v 22.000000 -0.000000 40.196075
v 26.000000 -0.000000 42.156860
v 30.000000 -0.000000 44.117645
v 34.000000 -0.000000 46.078430
v 38.000000 -0.000000 48.039215
v 40.000000 -0.000000 50.000000
v 24.000000 -0.000000 40.196075
v 28.000000 -0.000000 42.156860
v 32.000000 -0.000000 44.117645
v 36.000000 -0.000000 46.078430
v 40.000000 -0.000000 48.039215
v 42.000000 -0.000000 50.000000
v 26.000000 -0.000000 40.196075
v 30.000000 -0.000000 42.156860
v 34.000000 -0.000000 44.117645
v 38.000000 -0.000000 46.078430
v 42.000000 -0.000000 48.039215
v 44.000000 -0.000000 50.000000
v 28.000000 -0.000000 40.196075
v 32.000000 -0.000000 42.156860
v 36.000000 -0.000000 44.117645
v 40.000000 -0.000000 46.078430
v 44.000000 -0.000000 48.039215
v 46.000000 -0.000000 50.000000
v 30.000000 -0.000000 40.196075
v 34.000000 -0.000000 42.156860
v 38.000000 -0.000000 44.117645
v 42.000000 -0.000000 46.078430
v 46.000000 -0.000000 48.039215
v 48.000000 -0.000000 50.000000
v 32.000000 -0.000000 40.196075
v 36.000000 -0.000000 42.156860
v 40.000000 -0.000000 44.117645
v 44.000000 -0.000000 46.078430
v 48.000000 -0.000000 48.039215
v 50.000000 -0.000000 50.000000
v 50.000000 -0.000000 48.039215
v 46.000000 -0.000000 46.078430
v 48.000000 -0.000000 46.078430
v 50.000000 -0.000000 46.078430
v 42.000000 -0.000000 44.117645
v 38.000000 -0.000000 42.156860
v 44.000000 -0.000000 44.117645
v 48.000000 -0.000000 44.117645
v 50.000000 -0.000000 44.117645
v 46.000000 -0.000000 44.117645
v 40.000000 -0.000000 42.156860
v 48.000000 -0.000000 42.156860
v 50.000000 -0.000000 42.156860
v 42.000000 -0.000000 42.156860
v 46.000000 -0.000000 42.156860
v 44.000000 -0.000000 42.156860
v 48.000000 -0.000000 40.196075
v 50.000000 -0.000000 40.196075
v 46.000000 -0.000000 40.196075
v 44.000000 -0.000000 40.196075
v 42.000000 -0.000000 40.196075
v 40.000000 -0.000000 40.196075
v 48.000000 -0.000000 38.235291
v 50.000000 -0.000000 38.235291
v 46.000000 -0.000000 38.235291
v 44.000000 -0.000000 38.235291
v 42.000000 -0.000000 38.235291
v 48.000000 -0.000000 36.274506
v 50.000000 -0.000000 36.274506
v 46.000000 -0.000000 36.274506
v 44.000000 -0.000000 36.274506
v 48.000000 -0.000000 34.313721
v 50.000000 -0.000000 34.313721
v 46.000000 -0.000000 34.313721
v 48.000000 -0.000000 32.352936
v 50.000000 -0.000000 32.352936
v 40.000000 -0.000000 38.235291
v 42.000000 -0.000000 36.274506
v 44.000000 -0.000000 34.313721
v 46.000000 -0.000000 32.352936
v 48.000000 -0.000000 30.392151
v 50.000000 -0.000000 30.392151
v 40.000000 -0.000000 36.274506
v 42.000000 -0.000000 34.313721
v 44.000000 -0.000000 32.352936
v 46.000000 -0.000000 30.392151
v 48.000000 -0.000000 28.431366
v 50.000000 -0.000000 28.431366
v 40.000000 -0.000000 34.313721
v 42.000000 -0.000000 32.352936
v 44.000000 -0.000000 30.392151
v 46.000000 -0.000000 28.431366
v 48.000000 -0.000000 26.470581
v 50.000000 -0.000000 26.470581
v 40.000000 -0.000000 32.352936
v 42.000000 -0.000000 30.392151
v 44.000000 -0.000000 28.431366
v 46.000000 -0.000000 26.470581
v 48.000000 -0.000000 24.509796
v 50.000000 -0.000000 24.509796
v 40.000000 -0.000000 30.392151
v 42.000000 -0.000000 28.431366
v 44.000000 -0.000000 26.470581
v 46.000000 -0.000000 24.509796
v 48.000000 -0.000000 22.549011
v 50.000000 -0.000000 22.549011
v 40.000000 -0.000000 28.431366
v 42.000000 -0.000000 26.470581
v 44.000000 -0.000000 24.509796
v 46.000000 -0.000000 22.549011
v 48.000000 -0.000000 20.588226
v 50.000000 -0.000000 20.588226
v 40.000000 -0.000000 26.470581
v 42.000000 -0.000000 24.509796
v 44.000000 -0.000000 22.549011
v 46.000000 -0.000000 20.588226
v 48.000000 -0.000000 18.627441
v 50.000000 -0.000000 18.627441
v 40.000000 -0.000000 24.509796
v 42.000000 -0.000000 22.549011
v 44.000000 -0.000000 20.588226
v 46.000000 -0.000000 18.627441
v 48.000000 -0.000000 16.666656
v 50.000000 -0.000000 16.666656
v 40.000000 -0.000000 22.549011
v 42.000000 -0.000000 20.588226
v 44.000000 -0.000000 18.627441
v 46.000000 -0.000000 16.666656
v 48.000000 -0.000000 14.705873
v 50.000000 -0.000000 14.705873
v 40.000000 -0.000000 20.588226
v 42.000000 -0.000000 18.627441
v 44.000000 -0.000000 16.666656
v 46.000000 -0.000000 14.705873
v 48.000000 -0.000000 12.745089
v 50.000000 -0.000000 12.745089
v 40.000000 -0.000000 18.627441
v 42.000000 -0.000000 16.666656
v 44.000000 -0.000000 14.705873
v 46.000000 -0.000000 12.745089
v 48.000000 -0.000000 10.784305
v 50.000000 -0.000000 10.784305
v 40.000000 -0.000000 16.666656
v 42.000000 -0.000000 14.705873
v 44.000000 -0.000000 12.745089
v 46.000000 -0.000000 10.784305
v 48.000000 -0.000000 8.823521
v 50.000000 -0.000000 8.823521
v 40.000000 -0.000000 14.705873
v 42.000000 -0.000000 12.745089
v 44.000000 -0.000000 10.784305
v 46.000000 -0.000000 8.823521
v 48.000000 -0.000000 6.862736
v 50.000000 -0.000000 6.862736
v 40.000000 -0.000000 12.745089
v 42.000000 -0.000000 10.784305
v 44.000000 -0.000000 8.823521
v 46.000000 -0.000000 6.862736
v 48.000000 -0.000000 4.901952
v 50.000000 -0.000000 4.901952
v 40.000000 -0.000000 10.784305
v 42.000000 -0.000000 8.823521
v 44.000000 -0.000000 6.862736
v 46.000000 -0.000000 4.901952
v 48.000000 -0.000000 2.941167
v 50.000000 -0.000000 2.941167
v 40.000000 -0.000000 8.823521
v 42.000000 -0.000000 6.862736
v 44.000000 -0.000000 4.901952
v 46.000000 -0.000000 2.941167
v 48.000000 -0.000000 0.980383
v 50.000000 -0.000000 0.980383
v 40.000000 -0.000000 6.862736
v 42.000000 -0.000000 4.901952
v 44.000000 -0.000000 2.941167
v 46.000000 -0.000000 0.980383
v 48.000000 0.000000 -0.980401
v 50.000000 0.000000 -0.980401
v 40.000000 -0.000000 4.901952
v 42.000000 -0.000000 2.941167
v 44.000000 -0.000000 0.980383
v 46.000000 0.000000 -0.980401
v 48.000000 0.000000 -2.941185
v 50.000000 0.000000 -2.941185
v 40.000000 -0.000000 2.941167
v 42.000000 -0.000000 0.980383
v 44.000000 0.000000 -0.980401
v 46.000000 0.000000 -2.941185
v 48.000000 0.000000 -4.901970
v 50.000000 0.000000 -4.901970
v 40.000000 -0.000000 0.980383
v 42.000000 0.000000 -0.980401
v 44.000000 0.000000 -2.941185
v 46.000000 0.000000 -4.901970
v 48.000000 0.000000 -6.862754
v 50.000000 0.000000 -6.862754
v 40.000000 0.000000 -0.980401
v 42.000000 0.000000 -2.941185
v 44.000000 0.000000 -4.901970
v 46.000000 0.000000 -6.862754
v 48.000000 0.000000 -8.823539
v 50.000000 0.000000 -8.823539
v 40.000000 0.000000 -2.941185
v 42.000000 0.000000 -4.901970
v 44.000000 0.000000 -6.862754
v 46.000000 0.000000 -8.823539
v 48.000000 0.000000 -10.784323
v 50.000000 0.000000 -10.784323
v 40.000000 0.000000 -4.901970
v 42.000000 0.000000 -6.862754
v 44.000000 0.000000 -8.823539
v 46.000000 0.000000 -10.784323
v 48.000000 0.000000 -12.745107
v 50.000000 0.000000 -12.745107
v 40.000000 0.000000 -6.862754
v 42.000000 0.000000 -8.823539
v 44.000000 0.000000 -10.784323
v 46.000000 0.000000 -12.745107
v 48.000000 0.000000 -14.705891
v 50.000000 0.000000 -14.705891
v 40.000000 0.000000 -8.823539
v 42.000000 0.000000 -10.784323
v 44.000000 0.000000 -12.745107
v 46.000000 0.000000 -14.705891
v 48.000000 0.000000 -16.666676
v 50.000000 0.000000 -16.666676
v 40.000000 0.000000 -10.784323
v 42.000000 0.000000 -12.745107
v 44.000000 0.000000 -14.705891
v 46.000000 0.000000 -16.666676
v 48.000000 0.000000 -18.627460
v 50.000000 0.000000 -18.627460
v 40.000000 0.000000 -12.745107
v 42.000000 0.000000 -14.705891
v 44.000000 0.000000 -16.666676
v 46.000000 0.000000 -18.627460
v 48.000000 0.000000 -20.588245
v 50.000000 0.000000 -20.588245
v 40.000000 0.000000 -14.705891
v 42.000000 0.000000 -16.666676
v 44.000000 0.000000 -18.627460
v 46.000000 0.000000 -20.588245
v 48.000000 0.000000 -22.549030
v 50.000000 0.000000 -22.549030
v 40.000000 0.000000 -16.666676
v 42.000000 0.000000 -18.627460
v 44.000000 0.000000 -20.588245
v 46.000000 0.000000 -22.549030
v 48.000000 0.000000 -24.509815
v 50.000000 0.000000 -24.509815
v 40.000000 0.000000 -18.627460
v 42.000000 0.000000 -20.588245
v 44.000000 0.000000 -22.549030
v 46.000000 0.000000 -24.509815
v 48.000000 0.000000 -26.470600
v 50.000000 0.000000 -26.470600
v 40.000000 0.000000 -20.588245
v 42.000000 0.000000 -22.549030
v 44.000000 0.000000 -24.509815
v 46.000000 0.000000 -26.470600
v 48.000000 0.000000 -28.431385
v 50.000000 0.000000 -28.431385
v 40.000000 0.000000 -22.549030
v 42.000000 0.000000 -24.509815
v 44.000000 0.000000 -26.470600
v 46.000000 0.000000 -28.431385
v 48.000000 0.000000 -30.392170
v 50.000000 0.000000 -30.392170
v 40.000000 0.000000 -24.509815
v 42.000000 0.000000 -26.470600
v 44.000000 0.000000 -28.431385
v 46.000000 0.000000 -30.392170
v 48.000000 0.000000 -32.352955
v 50.000000 0.000000 -32.352955
v 40.000000 0.000000 -26.470600
v 42.000000 0.000000 -28.431385
v 44.000000 0.000000 -30.392170
v 46.000000 0.000000 -32.352955
v 48.000000 0.000000 -34.313740
v 50.000000 0.000000 -34.313740
v 40.000000 0.000000 -28.431385
v 42.000000 0.000000 -30.392170
v 44.000000 0.000000 -32.352955
v 46.000000 0.000000 -34.313740
v 48.000000 0.000000 -36.274525
v 50.000000 0.000000 -36.274525
v 40.000000 0.000000 -30.392170
v 42.000000 0.000000 -32.352955
v 44.000000 0.000000 -34.313740
v 46.000000 0.000000 -36.274525
v 48.000000 0.000000 -38.235310
v 50.000000 0.000000 -38.235310
v 40.000000 0.000000 -32.352955
v 42.000000 0.000000 -34.313740
v 44.000000 0.000000 -36.274525
v 46.000000 0.000000 -38.235310
v 48.000000 0.000000 -40.196095
v 50.000000 0.000000 -40.196095
v 40.000000 0.000000 -34.313740
v 42.000000 0.000000 -36.274525
v 44.000000 0.000000 -38.235310
v 46.000000 0.000000 -40.196095
v 48.000000 0.000000 -42.156879
v 50.000000 0.000000 -42.156879
v 40.000000 0.000000 -36.274525
v 42.000000 0.000000 -38.235310
v 44.000000 0.000000 -40.196095
v 46.000000 0.000000 -42.156879
v 48.000000 0.000000 -44.117664
v 50.000000 0.000000 -44.117664
v 40.000000 0.000000 -38.235310
v 42.000000 0.000000 -40.196095
v 44.000000 0.000000 -42.156879
v 46.000000 0.000000 -44.117664
v 48.000000 0.000000 -46.078449
v 50.000000 0.000000 -46.078449
v 40.000000 0.000000 -40.196095
v 42.000000 0.000000 -42.156879
v 44.000000 0.000000 -44.117664
v 46.000000 0.000000 -46.078449
v 48.000000 0.000000 -48.039234
v 50.000000 0.000000 -48.039234
v 48.000000 0.000000 -50.000019
v 50.000000 0.000000 -50.000019
v 46.000000 0.000000 -50.000019
v 46.000000 0.000000 -48.039234
v 44.000000 0.000000 -50.000019
v 44.000000 0.000000 -48.039234
v 42.000000 0.000000 -50.000019
v 44.000000 0.000000 -46.078449
v 42.000000 0.000000 -48.039234
v 40.000000 0.000000 -50.000019
v 42.000000 0.000000 -46.078449
v 40.000000 0.000000 -48.039234
v 38.000000 0.000000 -50.000019
v 42.000000 0.000000 -44.117664
v 38.000000 0.000000 -48.039234
v 36.000000 0.000000 -50.000019
v 40.000000 0.000000 -46.078449
v 40.000000 0.000000 -44.117664
v 36.000000 0.000000 -48.039234
v 34.000000 0.000000 -50.000019
v 38.000000 0.000000 -46.078449
v 40.000000 0.000000 -42.156879
v 34.000000 0.000000 -48.039234
v 32.000000 0.000000 -50.000019
v 38.000000 0.000000 -44.117664
v 36.000000 0.000000 -46.078449
v 38.000000 0.000000 -42.156879
v 32.000000 0.000000 -48.039234
v 30.000000 0.000000 -50.000019
v 36.000000 0.000000 -44.117664
v 34.000000 0.000000 -46.078449
v 38.000000 0.000000 -40.196095
v 30.000000 0.000000 -48.039234
v 28.000000 0.000000 -50.000019
v 32.000000 0.000000 -46.078449
v 36.000000 0.000000 -42.156879
v 34.000000 0.000000 -44.117664
v 38.000000 0.000000 -38.235310
v 28.000000 0.000000 -48.039234
v 26.000000 0.000000 -50.000019
v 30.000000 0.000000 -46.078449
v 32.000000 0.000000 -44.117664
v 36.000000 0.000000 -40.196095
v 34.000000 0.000000 -42.156879
v 38.000000 0.000000 -36.274525
v 26.000000 0.000000 -48.039234
v 24.000000 0.000000 -50.000019
v 28.000000 0.000000 -46.078449
v 30.000000 0.000000 -44.117664
v 32.000000 0.000000 -42.156879
v 36.000000 0.000000 -38.235310
v 34.000000 0.000000 -40.196095
v 38.000000 0.000000 -34.313740
v 36.000000 0.000000 -36.274525
v 34.000000 0.000000 -38.235310
v 32.000000 0.000000 -40.196095
v 30.000000 0.000000 -42.156879
v 38.000000 0.000000 -32.352955
v 36.000000 0.000000 -34.313740
v 34.000000 0.000000 -36.274525
v 32.000000 0.000000 -38.235310
v 38.000000 0.000000 -30.392170
v 36.000000 0.000000 -32.352955
v 34.000000 0.000000 -34.313740
v 38.000000 0.000000 -28.431385
v 36.000000 0.000000 -30.392170
v 38.000000 0.000000 -26.470600
v 30.000000 0.000000 -40.196095
v 32.000000 0.000000 -36.274525
v 34.000000 0.000000 -32.352955
v 36.000000 0.000000 -28.431385
v 38.000000 0.000000 -24.509815
v 30.000000 0.000000 -38.235310
v 32.000000 0.000000 -34.313740
v 34.000000 0.000000 -30.392170
v 36.000000 0.000000 -26.470600
v 38.000000 0.000000 -22.549030
v 30.000000 0.000000 -36.274525
v 32.000000 0.000000 -32.352955
v 34.000000 0.000000 -28.431385
v 36.000000 0.000000 -24.509815
v 38.000000 0.000000 -20.588245
v 30.000000 0.000000 -34.313740
v 32.000000 0.000000 -30.392170
v 34.000000 0.000000 -26.470600
v 36.000000 0.000000 -22.549030
v 38.000000 0.000000 -18.627460
v 30.000000 0.000000 -32.352955
v 32.000000 0.000000 -28.431385
v 34.000000 0.000000 -24.509815
v 36.000000 0.000000 -20.588245
v 38.000000 0.000000 -16.666676
v 30.000000 0.000000 -30.392170
v 32.000000 0.000000 -26.470600
v 34.000000 0.000000 -22.549030
v 36.000000 0.000000 -18.627460
v 38.000000 0.000000 -14.705891
v 30.000000 0.000000 -28.431385
v 32.000000 0.000000 -24.509815
v 34.000000 0.000000 -20.588245
v 36.000000 0.000000 -16.666676
v 38.000000 0.000000 -12.745107
v 30.000000 0.000000 -26.470600
v 32.000000 0.000000 -22.549030
v 34.000000 0.000000 -18.627460
v 36.000000 0.000000 -14.705891
v 38.000000 0.000000 -10.784323
v 30.000000 0.000000 -24.509815
v 32.000000 0.000000 -20.588245
v 34.000000 0.000000 -16.666676
v 36.000000 0.000000 -12.745107
v 38.000000 0.000000 -8.823539
v 30.000000 0.000000 -22.549030
v 32.000000 0.000000 -18.627460
v 34.000000 0.000000 -14.705891
v 36.000000 0.000000 -10.784323
v 38.000000 0.000000 -6.862754
v 30.000000 0.000000 -20.588245
v 32.000000 0.000000 -16.666676
v 34.000000 0.000000 -12.745107
v 36.000000 0.000000 -8.823539
v 38.000000 0.000000 -4.901970
v 30.000000 0.000000 -18.627460
v 32.000000 0.000000 -14.705891
v 34.000000 0.000000 -10.784323
v 36.000000 0.000000 -6.862754
v 38.000000 0.000000 -2.941185
v 30.000000 0.000000 -16.666676
v 32.000000 0.000000 -12.745107
v 34.000000 0.000000 -8.823539
v 36.000000 0.000000 -4.901970
v 38.000000 0.000000 -0.980401
v 30.000000 0.000000 -14.705891
v 32.000000 0.000000 -10.784323
v 34.000000 0.000000 -6.862754
v 36.000000 0.000000 -2.941185
v 38.000000 -0.000000 0.980383
v 30.000000 0.000000 -12.745107
v 32.000000 0.000000 -8.823539
v 34.000000 0.000000 -4.901970
v 36.000000 0.000000 -0.980401
v 38.000000 -0.000000 2.941167
v 30.000000 0.000000 -10.784323
v 32.000000 0.000000 -6.862754
v 34.000000 0.000000 -2.941185
v 36.000000 -0.000000 0.980383
v 38.000000 -0.000000 4.901952
v 30.000000 0.000000 -8.823539
v 32.000000 0.000000 -4.901970
v 34.000000 0.000000 -0.980401
v 36.000000 -0.000000 2.941167
v 38.000000 -0.000000 6.862736
v 30.000000 0.000000 -6.862754
v 32.000000 0.000000 -2.941185
v 34.000000 -0.000000 0.980383
v 36.000000 -0.000000 4.901952
v 38.000000 -0.000000 8.823521
v 30.000000 0.000000 -4.901970
v 32.000000 0.000000 -0.980401
v 34.000000 -0.000000 2.941167
v 36.000000 -0.000000 6.862736
v 38.000000 -0.000000 10.784305
v 30.000000 0.000000 -2.941185
v 32.000000 -0.000000 0.980383
v 34.000000 -0.000000 4.901952
v 36.000000 -0.000000 8.823521
v 38.000000 -0.000000 12.745089
v 30.000000 0.000000 -0.980401
v 32.000000 -0.000000 2.941167
v 34.000000 -0.000000 6.862736
v 36.000000 -0.000000 10.784305
v 38.000000 -0.000000 14.705873
v 30.000000 -0.000000 0.980383
v 32.000000 -0.000000 4.901952
v 34.000000 -0.000000 8.823521
v 36.000000 -0.000000 12.745089
v 38.000000 -0.000000 16.666656
v 30.000000 -0.000000 2.941167
v 32.000000 -0.000000 6.862736
v 34.000000 -0.000000 10.784305
v 36.000000 -0.000000 14.705873
v 38.000000 -0.000000 18.627441
v 30.000000 -0.000000 4.901952
v 32.000000 -0.000000 8.823521
v 34.000000 -0.000000 12.745089
v 36.000000 -0.000000 16.666656
v 38.000000 -0.000000 20.588226
v 30.000000 -0.000000 6.862736
v 32.000000 -0.000000 10.784305
v 34.000000 -0.000000 14.705873
v 36.000000 -0.000000 18.627441
v 38.000000 -0.000000 22.549011
v 30.000000 -0.000000 8.823521
v 32.000000 -0.000000 12.745089
v 34.000000 -0.000000 16.666656
v 36.000000 -0.000000 20.588226
v 38.000000 -0.000000 24.509796
v 30.000000 -0.000000 10.784305
v 32.000000 -0.000000 14.705873
v 34.000000 -0.000000 18.627441
v 36.000000 -0.000000 22.549011
v 38.000000 -0.000000 26.470581
v 30.000000 -0.000000 12.745089
v 32.000000 -0.000000 16.666656
v 34.000000 -0.000000 20.588226
v 36.000000 -0.000000 24.509796
v 38.000000 -0.000000 28.431366
v 30.000000 -0.000000 14.705873
v 32.000000 -0.000000 18.627441
v 34.000000 -0.000000 22.549011
v 36.000000 -0.000000 26.470581
v 38.000000 -0.000000 30.392151
v 30.000000 -0.000000 16.666656
v 32.000000 -0.000000 20.588226
v 34.000000 -0.000000 24.509796
v 36.000000 -0.000000 28.431366
v 38.000000 -0.000000 32.352936
v 30.000000 -0.000000 18.627441
v 32.000000 -0.000000 22.549011
v 34.000000 -0.000000 26.470581
v 36.000000 -0.000000 30.392151
v 38.000000 -0.000000 34.313721
v 30.000000 -0.000000 20.588226
v 32.000000 -0.000000 24.509796
v 34.000000 -0.000000 28.431366
v 36.000000 -0.000000 32.352936
v 38.000000 -0.000000 36.274506
v 30.000000 -0.000000 22.549011
v 32.000000 -0.000000 26.470581
v 34.000000 -0.000000 30.392151
v 36.000000 -0.000000 34.313721
v 38.000000 -0.000000 38.235291
v 30.000000 -0.000000 24.509796
v 32.000000 -0.000000 28.431366
v 34.000000 -0.000000 32.352936
v 36.000000 -0.000000 36.274506
v 38.000000 -0.000000 40.196075
v 36.000000 -0.000000 38.235291
v 36.000000 -0.000000 40.196075
v 34.000000 -0.000000 34.313721
v 32.000000 -0.000000 30.392151
v 34.000000 -0.000000 36.274506
v 34.000000 -0.000000 40.196075
v 34.000000 -0.000000 38.235291
v 32.000000 -0.000000 32.352936
v 32.000000 -0.000000 38.235291
v 32.000000 -0.000000 36.274506
v 32.000000 -0.000000 34.313721
v 30.000000 -0.000000 38.235291
v 30.000000 -0.000000 36.274506
v 30.000000 -0.000000 34.313721
v 30.000000 -0.000000 32.352936
v 30.000000 -0.000000 30.392151
v 28.000000 -0.000000 38.235291
v 28.000000 -0.000000 36.274506
v 28.000000 -0.000000 34.313721
v 28.000000 -0.000000 32.352936
v 26.000000 -0.000000 38.235291
v 26.000000 -0.000000 36.274506
v 26.000000 -0.000000 34.313721
v 24.000000 -0.000000 38.235291
v 24.000000 -0.000000 36.274506
v 22.000000 -0.000000 38.235291
v 28.000000 -0.000000 30.392151
v 26.000000 -0.000000 32.352936
v 24.000000 -0.000000 34.313721
v 22.000000 -0.000000 36.274506
v 20.000000 -0.000000 38.235291
v 26.000000 -0.000000 30.392151
v 24.000000 -0.000000 32.352936
v 22.000000 -0.000000 34.313721
v 20.000000 -0.000000 36.274506
v 18.000000 -0.000000 38.235291
v 24.000000 -0.000000 30.392151
v 22.000000 -0.000000 32.352936
v 20.000000 -0.000000 34.313721
v 18.000000 -0.000000 36.274506
v 16.000000 -0.000000 38.235291
v 22.000000 -0.000000 30.392151
v 20.000000 -0.000000 32.352936
v 18.000000 -0.000000 34.313721
v 16.000000 -0.000000 36.274506
v 14.000000 -0.000000 38.235291
v 20.000000 -0.000000 30.392151
v 18.000000 -0.000000 32.352936
v 16.000000 -0.000000 34.313721
v 14.000000 -0.000000 36.274506
v 12.000000 -0.000000 38.235291
v 18.000000 -0.000000 30.392151
v 16.000000 -0.000000 32.352936
v 14.000000 -0.000000 34.313721
v 12.000000 -0.000000 36.274506
v 10.000000 -0.000000 38.235291
v 16.000000 -0.000000 30.392151
v 14.000000 -0.000000 32.352936
v 12.000000 -0.000000 34.313721
v 10.000000 -0.000000 36.274506
v 8.000000 -0.000000 38.235291
v 14.000000 -0.000000 30.392151
v 12.000000 -0.000000 32.352936
v 10.000000 -0.000000 34.313721
v 8.000000 -0.000000 36.274506
v 6.000000 -0.000000 38.235291
v 12.000000 -0.000000 30.392151
v 10.000000 -0.000000 32.352936
v 8.000000 -0.000000 34.313721
v 6.000000 -0.000000 36.274506
v 4.000000 -0.000000 38.235291
v 10.000000 -0.000000 30.392151
v 8.000000 -0.000000 32.352936
v 6.000000 -0.000000 34.313721
v 4.000000 -0.000000 36.274506
v 2.000000 -0.000000 38.235291
v 8.000000 -0.000000 30.392151
v 6.000000 -0.000000 32.352936
v 4.000000 -0.000000 34.313721
v 2.000000 -0.000000 36.274506
v 0.000000 -0.000000 38.235291
v 6.000000 -0.000000 30.392151
v 4.000000 -0.000000 32.352936
v 2.000000 -0.000000 34.313721
v 0.000000 -0.000000 36.274506
v -2.000000 -0.000000 38.235291
v 4.000000 -0.000000 30.392151
v 2.000000 -0.000000 32.352936
v 0.000000 -0.000000 34.313721
v -2.000000 -0.000000 36.274506
v -4.000000 -0.000000 38.235291
v 2.000000 -0.000000 30.392151
v 0.000000 -0.000000 32.352936
v -2.000000 -0.000000 34.313721
v -4.000000 -0.000000 36.274506
v -6.000000 -0.000000 38.235291
v 0.000000 -0.000000 30.392151
v -2.000000 -0.000000 32.352936
v -4.000000 -0.000000 34.313721
v -6.000000 -0.000000 36.274506
v -8.000000 -0.000000 38.235291
v -2.000000 -0.000000 30.392151
v -4.000000 -0.000000 32.352936
v -6.000000 -0.000000 34.313721
v -8.000000 -0.000000 36.274506
v -10.000000 -0.000000 38.235291
v -4.000000 -0.000000 30.392151
v -6.000000 -0.000000 32.352936
v -8.000000 -0.000000 34.313721
v -10.000000 -0.000000 36.274506
v -12.000000 -0.000000 38.235291
v -6.000000 -0.000000 30.392151
v -8.000000 -0.000000 32.352936
v -10.000000 -0.000000 34.313721
v -12.000000 -0.000000 36.274506
v -14.000000 -0.000000 38.235291
v -8.000000 -0.000000 30.392151
v -10.000000 -0.000000 32.352936
v -12.000000 -0.000000 34.313721
v -14.000000 -0.000000 36.274506
v -16.000000 -0.000000 38.235291
v -10.000000 -0.000000 30.392151
v -12.000000 -0.000000 32.352936
v -14.000000 -0.000000 34.313721
v -16.000000 -0.000000 36.274506
v -18.000000 -0.000000 38.235291
v -12.000000 -0.000000 30.392151
v -14.000000 -0.000000 32.352936
v -16.000000 -0.000000 34.313721
v -18.000000 -0.000000 36.274506
v -20.000000 -0.000000 38.235291
v -14.000000 -0.000000 30.392151
v -16.000000 -0.000000 32.352936
v -18.000000 -0.000000 34.313721
v -20.000000 -0.000000 36.274506
v -22.000000 -0.000000 38.235291
v -16.000000 -0.000000 30.392151
v -18.000000 -0.000000 32.352936
v -20.000000 -0.000000 34.313721
v -22.000000 -0.000000 36.274506
v -24.000000 -0.000000 38.235291
v -18.000000 -0.000000 30.392151
v -20.000000 -0.000000 32.352936
v -22.000000 -0.000000 34.313721
v -24.000000 -0.000000 36.274506
v -26.000000 -0.000000 38.235291
v -20.000000 -0.000000 30.392151
v -22.000000 -0.000000 32.352936
v -24.000000 -0.000000 34.313721
v -26.000000 -0.000000 36.274506
v -28.000000 -0.000000 38.235291
v -22.000000 -0.000000 30.392151
v -24.000000 -0.000000 32.352936
v -26.000000 -0.000000 34.313721
v -28.000000 -0.000000 36.274506
v -30.000000 -0.000000 38.235291
v -24.000000 -0.000000 30.392151
v -26.000000 -0.000000 32.352936
v -28.000000 -0.000000 34.313721
v -30.000000 -0.000000 36.274506
v -32.000000 -0.000000 38.235291
v -26.000000 -0.000000 30.392151
v -28.000000 -0.000000 32.352936
v -30.000000 -0.000000 34.313721
v -32.000000 -0.000000 36.274506
v -34.000000 -0.000000 38.235291
v -28.000000 -0.000000 30.392151
v -30.000000 -0.000000 32.352936
v -32.000000 -0.000000 34.313721
v -34.000000 -0.000000 36.274506
v -36.000000 -0.000000 38.235291
v -30.000000 -0.000000 30.392151
v -32.000000 -0.000000 32.352936
v -34.000000 -0.000000 34.313721
v -36.000000 -0.000000 36.274506
v -38.000000 -0.000000 38.235291
v -32.000000 -0.000000 30.392151
v -34.000000 -0.000000 32.352936
v -36.000000 -0.000000 34.313721
v -38.000000 -0.000000 36.274506
v -40.000000 -0.000000 38.235291
v -40.000000 -0.000000 36.274506
v -38.000000 -0.000000 34.313721
v -36.000000 -0.000000 32.352936
v -42.000000 -0.000000 36.274506
v -40.000000 -0.000000 34.313721
v -38.000000 -0.000000 32.352936
v -44.000000 -0.000000 36.274506
v -42.000000 -0.000000 34.313721
v -40.000000 -0.000000 32.352936
v -44.000000 -0.000000 34.313721
v -46.000000 -0.000000 34.313721
v -42.000000 -0.000000 32.352936
v -44.000000 -0.000000 32.352936
v -48.000000 -0.000000 34.313721
v -50.000000 -0.000000 32.352936
v -48.000000 -0.000000 32.352936
v -50.000000 -0.000000 30.392151
v -46.000000 -0.000000 32.352936
v -48.000000 -0.000000 30.392151
v -50.000000 -0.000000 28.431366
v -46.000000 -0.000000 30.392151
v -48.000000 -0.000000 28.431366
v -50.000000 -0.000000 26.470581
v -44.000000 -0.000000 30.392151
v -46.000000 -0.000000 28.431366
v -48.000000 -0.000000 26.470581
v -50.000000 -0.000000 24.509796
v -42.000000 -0.000000 30.392151
v -44.000000 -0.000000 28.431366
v -46.000000 -0.000000 26.470581
v -48.000000 -0.000000 24.509796
v -50.000000 -0.000000 22.549011
v -40.000000 -0.000000 30.392151
v -42.000000 -0.000000 28.431366
v -44.000000 -0.000000 26.470581
v -46.000000 -0.000000 24.509796
v -48.000000 -0.000000 22.549011
v -50.000000 -0.000000 20.588226
v -38.000000 -0.000000 30.392151
v -40.000000 -0.000000 28.431366
v -42.000000 -0.000000 26.470581
v -44.000000 -0.000000 24.509796
v -46.000000 -0.000000 22.549011
v -48.000000 -0.000000 20.588226
v -50.000000 -0.000000 18.627441
v -36.000000 -0.000000 30.392151
v -38.000000 -0.000000 28.431366
v -40.000000 -0.000000 26.470581
v -42.000000 -0.000000 24.509796
v -44.000000 -0.000000 22.549011
v -46.000000 -0.000000 20.588226
v -48.000000 -0.000000 18.627441
v -50.000000 -0.000000 16.666656
v -34.000000 -0.000000 30.392151
v -48.000000 -0.000000 16.666656
v -50.000000 -0.000000 14.705873
v -46.000000 -0.000000 18.627441
v -44.000000 -0.000000 20.588226
v -36.000000 -0.000000 28.431366
v -34.000000 -0.000000 28.431366
v -48.000000 -0.000000 14.705873
v -50.000000 -0.000000 12.745089
v -46.000000 -0.000000 16.666656
v -38.000000 -0.000000 26.470581
v -48.000000 -0.000000 12.745089
v -50.000000 -0.000000 10.784305
v -32.000000 -0.000000 28.431366
v -36.000000 -0.000000 26.470581
v -40.000000 -0.000000 24.509796
v -46.000000 -0.000000 14.705873
v -48.000000 -0.000000 10.784305
v -50.000000 -0.000000 8.823521
v -30.000000 -0.000000 28.431366
v -38.000000 -0.000000 24.509796
v -46.000000 -0.000000 12.745089
v -48.000000 -0.000000 8.823521
v -50.000000 -0.000000 6.862736
v -28.000000 -0.000000 28.431366
v -46.000000 -0.000000 10.784305
v -48.000000 -0.000000 6.862736
v -50.000000 -0.000000 4.901952
v -26.000000 -0.000000 28.431366
v -46.000000 -0.000000 8.823521
v -48.000000 -0.000000 4.901952
v -50.000000 -0.000000 2.941167
v -24.000000 -0.000000 28.431366
v -46.000000 -0.000000 6.862736
v -48.000000 -0.000000 2.941167
v -50.000000 -0.000000 0.980383
v -22.000000 -0.000000 28.431366
v -46.000000 -0.000000 4.901952
v -48.000000 -0.000000 0.980383
v -50.000000 0.000000 -0.980401
v -20.000000 -0.000000 28.431366
v -46.000000 -0.000000 2.941167
v -48.000000 0.000000 -0.980401
v -50.000000 0.000000 -2.941185
v -18.000000 -0.000000 28.431366
v -46.000000 -0.000000 0.980383
v -48.000000 0.000000 -2.941185
v -50.000000 0.000000 -4.901970
v -16.000000 -0.000000 28.431366
v -46.000000 0.000000 -0.980401
v -48.000000 0.000000 -4.901970
v -50.000000 0.000000 -6.862754
v -14.000000 -0.000000 28.431366
v -46.000000 0.000000 -2.941185
v -48.000000 0.000000 -6.862754
v -50.000000 0.000000 -8.823539
v -12.000000 -0.000000 28.431366
v -46.000000 0.000000 -4.901970
v -48.000000 0.000000 -8.823539
v -50.000000 0.000000 -10.784323
v -10.000000 -0.000000 28.431366
v -46.000000 0.000000 -6.862754
v -48.000000 0.000000 -10.784323
v -50.000000 0.000000 -12.745107
v -8.000000 -0.000000 28.431366
v -46.000000 0.000000 -8.823539
v -48.000000 0.000000 -12.745107
v -50.000000 0.000000 -14.705891
v -6.000000 -0.000000 28.431366
v -46.000000 0.000000 -10.784323
v -48.000000 0.000000 -14.705891
v -50.000000 0.000000 -16.666676
v -4.000000 -0.000000 28.431366
v -46.000000 0.000000 -12.745107
v -48.000000 0.000000 -16.666676
v -50.000000 0.000000 -18.627460
v -2.000000 -0.000000 28.431366
v -46.000000 0.000000 -14.705891
v -48.000000 0.000000 -18.627460
v -50.000000 0.000000 -20.588245
v 0.000000 -0.000000 28.431366
v -46.000000 0.000000 -16.666676
v -48.000000 0.000000 -20.588245
v -50.000000 0.000000 -22.549030
v 2.000000 -0.000000 28.431366
v -46.000000 0.000000 -18.627460
v -48.000000 0.000000 -22.549030
v -50.000000 0.000000 -24.509815
v 4.000000 -0.000000 28.431366
v -46.000000 0.000000 -20.588245
v -48.000000 0.000000 -24.509815
v -50.000000 0.000000 -26.470600
v 6.000000 -0.000000 28.431366
v -46.000000 0.000000 -22.549030
v -48.000000 0.000000 -26.470600
v -50.000000 0.000000 -28.431385
v 8.000000 -0.000000 28.431366
v -46.000000 0.000000 -24.509815
v -48.000000 0.000000 -28.431385
v -50.000000 0.000000 -30.392170
v 10.000000 -0.000000 28.431366
v -46.000000 0.000000 -26.470600
v -48.000000 0.000000 -30.392170
v -50.000000 0.000000 -32.352955
v 12.000000 -0.000000 28.431366
v -46.000000 0.000000 -28.431385
v -48.000000 0.000000 -32.352955
v -50.000000 0.000000 -34.313740
v 14.000000 -0.000000 28.431366
v -46.000000 0.000000 -30.392170
v -48.000000 0.000000 -34.313740
v -50.000000 0.000000 -36.274525
v 16.000000 -0.000000 28.431366
v -46.000000 0.000000 -32.352955
v -48.000000 0.000000 -36.274525
v -50.000000 0.000000 -38.235310
v 18.000000 -0.000000 28.431366
v -46.000000 0.000000 -34.313740
v -48.000000 0.000000 -38.235310
v -50.000000 0.000000 -40.196095
v 20.000000 -0.000000 28.431366
v -46.000000 0.000000 -36.274525
v -48.000000 0.000000 -40.196095
v -50.000000 0.000000 -42.156879
v 22.000000 -0.000000 28.431366
v -46.000000 0.000000 -38.235310
v -48.000000 0.000000 -42.156879
v -50.000000 0.000000 -44.117664
v 24.000000 -0.000000 28.431366
v -46.000000 0.000000 -40.196095
v -48.000000 0.000000 -44.117664
v -50.000000 0.000000 -46.078449
v 26.000000 -0.000000 28.431366
v -46.000000 0.000000 -42.156879
v -48.000000 0.000000 -46.078449
v -50.000000 0.000000 -48.039234
v 28.000000 -0.000000 28.431366
v -46.000000 0.000000 -44.117664
v -48.000000 0.000000 -48.039234
v -50.000000 0.000000 -50.000019
v -48.000000 0.000000 -50.000019
v -46.000000 0.000000 -46.078449
v -46.000000 0.000000 -48.039234
v -46.000000 0.000000 -50.000019
v -44.000000 0.000000 -48.039234
v -44.000000 0.000000 -50.000019
v -44.000000 0.000000 -46.078449
v -44.000000 0.000000 -44.117664
v -44.000000 0.000000 -42.156879
v -42.000000 0.000000 -48.039234
v -42.000000 0.000000 -50.000019
v -42.000000 0.000000 -46.078449
v -42.000000 0.000000 -44.117664
v -40.000000 0.000000 -48.039234
v -40.000000 0.000000 -50.000019
v -40.000000 0.000000 -46.078449
v -38.000000 0.000000 -48.039234
v -38.000000 0.000000 -50.000019
v -44.000000 0.000000 -40.196095
v -42.000000 0.000000 -42.156879
v -40.000000 0.000000 -44.117664
v -38.000000 0.000000 -46.078449
v -36.000000 0.000000 -48.039234
v -36.000000 0.000000 -50.000019
v -44.000000 0.000000 -38.235310
v -40.000000 0.000000 -42.156879
v -38.000000 0.000000 -44.117664
v -36.000000 0.000000 -46.078449
v -34.000000 0.000000 -48.039234
v -34.000000 0.000000 -50.000019
v -44.000000 0.000000 -36.274525
v -38.000000 0.000000 -42.156879
v -36.000000 0.000000 -44.117664
v -34.000000 0.000000 -46.078449
v -32.000000 0.000000 -48.039234
v -32.000000 0.000000 -50.000019
v -44.000000 0.000000 -34.313740
v -36.000000 0.000000 -42.156879
v -34.000000 0.000000 -44.117664
v -32.000000 0.000000 -46.078449
v -30.000000 0.000000 -48.039234
v -30.000000 0.000000 -50.000019
v -44.000000 0.000000 -32.352955
v -34.000000 0.000000 -42.156879
v -32.000000 0.000000 -44.117664
v -30.000000 0.000000 -46.078449
v -28.000000 0.000000 -48.039234
v -28.000000 0.000000 -50.000019
v -44.000000 0.000000 -30.392170
v -32.000000 0.000000 -42.156879
v -30.000000 0.000000 -44.117664
v -28.000000 0.000000 -46.078449
v -26.000000 0.000000 -48.039234
v -26.000000 0.000000 -50.000019
v -44.000000 0.000000 -28.431385
v -30.000000 0.000000 -42.156879
v -28.000000 0.000000 -44.117664
v -26.000000 0.000000 -46.078449
v -24.000000 0.000000 -48.039234
v -24.000000 0.000000 -50.000019
v -44.000000 0.000000 -26.470600
v -28.000000 0.000000 -42.156879
v -26.000000 0.000000 -44.117664
v -24.000000 0.000000 -46.078449
v -22.000000 0.000000 -48.039234
v -22.000000 0.000000 -50.000019
v -44.000000 0.000000 -24.509815
v -26.000000 0.000000 -42.156879
v -24.000000 0.000000 -44.117664
v -22.000000 0.000000 -46.078449
v -20.000000 0.000000 -48.039234
v -20.000000 0.000000 -50.000019
v -44.000000 0.000000 -22.549030
v -24.000000 0.000000 -42.156879
v -22.000000 0.000000 -44.117664
v -20.000000 0.000000 -46.078449
v -18.000000 0.000000 -48.039234
v -18.000000 0.000000 -50.000019
v -44.000000 0.000000 -20.588245
v -22.000000 0.000000 -42.156879
v -20.000000 0.000000 -44.117664
v -18.000000 0.000000 -46.078449
v -16.000000 0.000000 -48.039234
v -16.000000 0.000000 -50.000019
v -44.000000 0.000000 -18.627460
v -20.000000 0.000000 -42.156879
v -18.000000 0.000000 -44.117664
v -16.000000 0.000000 -46.078449
v -14.000000 0.000000 -48.039234
v -14.000000 0.000000 -50.000019
v -44.000000 0.000000 -16.666676
v -18.000000 0.000000 -42.156879
v -16.000000 0.000000 -44.117664
v -14.000000 0.000000 -46.078449
v -12.000000 0.000000 -48.039234
v -12.000000 0.000000 -50.000019
v -44.000000 0.000000 -14.705891
v -16.000000 0.000000 -42.156879
v -14.000000 0.000000 -44.117664
v -12.000000 0.000000 -46.078449
v -10.000000 0.000000 -48.039234
v -10.000000 0.000000 -50.000019
v -44.000000 0.000000 -12.745107
v -14.000000 0.000000 -42.156879
v -12.000000 0.000000 -44.117664
v -10.000000 0.000000 -46.078449
v -8.000000 0.000000 -48.039234
v -8.000000 0.000000 -50.000019
v -44.000000 0.000000 -10.784323
v -12.000000 0.000000 -42.156879
v -10.000000 0.000000 -44.117664
v -8.000000 0.000000 -46.078449
v -6.000000 0.000000 -48.039234
v -6.000000 0.000000 -50.000019
v -44.000000 0.000000 -8.823539
v -10.000000 0.000000 -42.156879
v -8.000000 0.000000 -44.117664
v -6.000000 0.000000 -46.078449
v -4.000000 0.000000 -48.039234
v -4.000000 0.000000 -50.000019
v -44.000000 0.000000 -6.862754
v -8.000000 0.000000 -42.156879
v -6.000000 0.000000 -44.117664
v -4.000000 0.000000 -46.078449
v -2.000000 0.000000 -48.039234
v -2.000000 0.000000 -50.000019
v -44.000000 0.000000 -4.901970
v -6.000000 0.000000 -42.156879
v -4.000000 0.000000 -44.117664
v -2.000000 0.000000 -46.078449
v 0.000000 0.000000 -48.039234
v 0.000000 0.000000 -50.000019
v -44.000000 0.000000 -2.941185
v -4.000000 0.000000 -42.156879
v -2.000000 0.000000 -44.117664
v 0.000000 0.000000 -46.078449
v 2.000000 0.000000 -48.039234
v 2.000000 0.000000 -50.000019
v -44.000000 0.000000 -0.980401
v -2.000000 0.000000 -42.156879
v 0.000000 0.000000 -44.117664
v 2.000000 0.000000 -46.078449
v 4.000000 0.000000 -48.039234
v 4.000000 0.000000 -50.000019
v -44.000000 -0.000000 0.980383
v 0.000000 0.000000 -42.156879
v 2.000000 0.000000 -44.117664
v 4.000000 0.000000 -46.078449
v 6.000000 0.000000 -48.039234
v 6.000000 0.000000 -50.000019
v -44.000000 -0.000000 2.941167
v 2.000000 0.000000 -42.156879
v 4.000000 0.000000 -44.117664
v 6.000000 0.000000 -46.078449
v 8.000000 0.000000 -48.039234
v 8.000000 0.000000 -50.000019
v -44.000000 -0.000000 4.901952
v 4.000000 0.000000 -42.156879
v 6.000000 0.000000 -44.117664
v 8.000000 0.000000 -46.078449
v 10.000000 0.000000 -48.039234
v 10.000000 0.000000 -50.000019
v -44.000000 -0.000000 6.862736
v 6.000000 0.000000 -42.156879
v 8.000000 0.000000 -44.117664
v 10.000000 0.000000 -46.078449
v 12.000000 0.000000 -48.039234
v 12.000000 0.000000 -50.000019
v -44.000000 -0.000000 8.823521
v 8.000000 0.000000 -42.156879
v 10.000000 0.000000 -44.117664
v 12.000000 0.000000 -46.078449
v 14.000000 0.000000 -48.039234
v 14.000000 0.000000 -50.000019
v -44.000000 -0.000000 10.784305
v 10.000000 0.000000 -42.156879
v 12.000000 0.000000 -44.117664
v 14.000000 0.000000 -46.078449
v 16.000000 0.000000 -48.039234
v 16.000000 0.000000 -50.000019
v -44.000000 -0.000000 12.745089
v 12.000000 0.000000 -42.156879
v 14.000000 0.000000 -44.117664
v 16.000000 0.000000 -46.078449
v 18.000000 0.000000 -48.039234
v 18.000000 0.000000 -50.000019
v -44.000000 -0.000000 14.705873
v 14.000000 0.000000 -42.156879
v 16.000000 0.000000 -44.117664
v 18.000000 0.000000 -46.078449
v 20.000000 0.000000 -48.039234
v 20.000000 0.000000 -50.000019
v -44.000000 -0.000000 16.666656
v 16.000000 0.000000 -42.156879
v 18.000000 0.000000 -44.117664
v 20.000000 0.000000 -46.078449
v 22.000000 0.000000 -48.039234
v 22.000000 0.000000 -50.000019
v -44.000000 -0.000000 18.627441
v 18.000000 0.000000 -42.156879
v 20.000000 0.000000 -44.117664
v 22.000000 0.000000 -46.078449
v 20.000000 0.000000 -42.156879
v 22.000000 0.000000 -44.117664
v 22.000000 0.000000 -42.156879
v -42.000000 -0.000000 20.588226
v -42.000000 -0.000000 22.549011
v -40.000000 -0.000000 22.549011
v -42.000000 -0.000000 18.627441
v -40.000000 -0.000000 20.588226
v -38.000000 -0.000000 22.549011
v -42.000000 -0.000000 16.666656
v -40.000000 -0.000000 18.627441
v -42.000000 -0.000000 14.705873
v -36.000000 -0.000000 24.509796
v -38.000000 -0.000000 20.588226
v -40.000000 -0.000000 16.666656
v -42.000000 -0.000000 12.745089
v -34.000000 -0.000000 26.470581
v -36.000000 -0.000000 22.549011
v -38.000000 -0.000000 18.627441
v -40.000000 -0.000000 14.705873
v -42.000000 -0.000000 10.784305
v -32.000000 -0.000000 26.470581
v -36.000000 -0.000000 20.588226
v -38.000000 -0.000000 16.666656
v -40.000000 -0.000000 12.745089
v -42.000000 -0.000000 8.823521
v -30.000000 -0.000000 26.470581
v -36.000000 -0.000000 18.627441
v -38.000000 -0.000000 14.705873
v -40.000000 -0.000000 10.784305
v -42.000000 -0.000000 6.862736
v -28.000000 -0.000000 26.470581
v -36.000000 -0.000000 16.666656
v -38.000000 -0.000000 12.745089
v -40.000000 -0.000000 8.823521
v -42.000000 -0.000000 4.901952
v -26.000000 -0.000000 26.470581
v -36.000000 -0.000000 14.705873
v -38.000000 -0.000000 10.784305
v -40.000000 -0.000000 6.862736
v -42.000000 -0.000000 2.941167
v -24.000000 -0.000000 26.470581
v -36.000000 -0.000000 12.745089
v -38.000000 -0.000000 8.823521
v -40.000000 -0.000000 4.901952
v -42.000000 -0.000000 0.980383
v -22.000000 -0.000000 26.470581
v -36.000000 -0.000000 10.784305
v -38.000000 -0.000000 6.862736
v -40.000000 -0.000000 2.941167
v -42.000000 0.000000 -0.980401
v -20.000000 -0.000000 26.470581
v -36.000000 -0.000000 8.823521
v -38.000000 -0.000000 4.901952
v -40.000000 -0.000000 0.980383
v -42.000000 0.000000 -2.941185
v -18.000000 -0.000000 26.470581
v -36.000000 -0.000000 6.862736
v -38.000000 -0.000000 2.941167
v -40.000000 0.000000 -0.980401
v -42.000000 0.000000 -4.901970
v -16.000000 -0.000000 26.470581
v -36.000000 -0.000000 4.901952
v -38.000000 -0.000000 0.980383
v -40.000000 0.000000 -2.941185
v -42.000000 0.000000 -6.862754
v -14.000000 -0.000000 26.470581
v -36.000000 -0.000000 2.941167
v -38.000000 0.000000 -0.980401
v -40.000000 0.000000 -4.901970
v -42.000000 0.000000 -8.823539
v -12.000000 -0.000000 26.470581
v -36.000000 -0.000000 0.980383
v -38.000000 0.000000 -2.941185
v -40.000000 0.000000 -6.862754
v -42.000000 0.000000 -10.784323
v -10.000000 -0.000000 26.470581
v -36.000000 0.000000 -0.980401
v -38.000000 0.000000 -4.901970
v -40.000000 0.000000 -8.823539
v -42.000000 0.000000 -12.745107
v -8.000000 -0.000000 26.470581
v -36.000000 0.000000 -2.941185
v -38.000000 0.000000 -6.862754
v -40.000000 0.000000 -10.784323
v -42.000000 0.000000 -14.705891
v -6.000000 -0.000000 26.470581
v -36.000000 0.000000 -4.901970
v -38.000000 0.000000 -8.823539
v -40.000000 0.000000 -12.745107
v -42.000000 0.000000 -16.666676
v -4.000000 -0.000000 26.470581
v -36.000000 0.000000 -6.862754
v -38.000000 0.000000 -10.784323
v -40.000000 0.000000 -14.705891
v -42.000000 0.000000 -18.627460
v -2.000000 -0.000000 26.470581
v -36.000000 0.000000 -8.823539
v -38.000000 0.000000 -12.745107
v -40.000000 0.000000 -16.666676
v -42.000000 0.000000 -20.588245
v 0.000000 -0.000000 26.470581
v -36.000000 0.000000 -10.784323
v -38.000000 0.000000 -14.705891
v -40.000000 0.000000 -18.627460
v -42.000000 0.000000 -22.549030
v 2.000000 -0.000000 26.470581
v -36.000000 0.000000 -12.745107
v -38.000000 0.000000 -16.666676
v -40.000000 0.000000 -20.588245
v -42.000000 0.000000 -24.509815
v 4.000000 -0.000000 26.470581
v -36.000000 0.000000 -14.705891
v -38.000000 0.000000 -18.627460
v -40.000000 0.000000 -22.549030
v -42.000000 0.000000 -26.470600
v 6.000000 -0.000000 26.470581
v -36.000000 0.000000 -16.666676
v -38.000000 0.000000 -20.588245
v -40.000000 0.000000 -24.509815
v -42.000000 0.000000 -28.431385
v 8.000000 -0.000000 26.470581
v -36.000000 0.000000 -18.627460
v -38.000000 0.000000 -22.549030
v -40.000000 0.000000 -26.470600
v -42.000000 0.000000 -30.392170
v 10.000000 -0.000000 26.470581
v -36.000000 0.000000 -20.588245
v -38.000000 0.000000 -24.509815
v -40.000000 0.000000 -28.431385
v -42.000000 0.000000 -32.352955
v 12.000000 -0.000000 26.470581
v -36.000000 0.000000 -22.549030
v -38.000000 0.000000 -26.470600
v -40.000000 0.000000 -30.392170
v -42.000000 0.000000 -34.313740
v 14.000000 -0.000000 26.470581
v -36.000000 0.000000 -24.509815
v -38.000000 0.000000 -28.431385
v -40.000000 0.000000 -32.352955
v -42.000000 0.000000 -36.274525
v 16.000000 -0.000000 26.470581
v -36.000000 0.000000 -26.470600
v -38.000000 0.000000 -30.392170
v -40.000000 0.000000 -34.313740
v -42.000000 0.000000 -38.235310
v 18.000000 -0.000000 26.470581
v -36.000000 0.000000 -28.431385
v -38.000000 0.000000 -32.352955
v -40.000000 0.000000 -36.274525
v -42.000000 0.000000 -40.196095
v -40.000000 0.000000 -38.235310
v -40.000000 0.000000 -40.196095
v -38.000000 0.000000 -34.313740
v -36.000000 0.000000 -30.392170
v -38.000000 0.000000 -36.274525
v -38.000000 0.000000 -40.196095
v -38.000000 0.000000 -38.235310
v -36.000000 0.000000 -32.352955
v -36.000000 0.000000 -40.196095
v -36.000000 0.000000 -34.313740
v -36.000000 0.000000 -36.274525
v -36.000000 0.000000 -38.235310
v -34.000000 0.000000 -40.196095
v -34.000000 0.000000 -38.235310
v -34.000000 0.000000 -36.274525
v -34.000000 0.000000 -34.313740
v -34.000000 0.000000 -32.352955
v -32.000000 0.000000 -40.196095
v -32.000000 0.000000 -38.235310
v -32.000000 0.000000 -36.274525
v -32.000000 0.000000 -34.313740
v -30.000000 0.000000 -40.196095
v -30.000000 0.000000 -38.235310
v -30.000000 0.000000 -36.274525
v -28.000000 0.000000 -40.196095
v -28.000000 0.000000 -38.235310
v -26.000000 0.000000 -40.196095
v -32.000000 0.000000 -32.352955
v -30.000000 0.000000 -34.313740
v -28.000000 0.000000 -36.274525
v -26.000000 0.000000 -38.235310
v -24.000000 0.000000 -40.196095
v -30.000000 0.000000 -32.352955
v -28.000000 0.000000 -34.313740
v -26.000000 0.000000 -36.274525
v -24.000000 0.000000 -38.235310
v -22.000000 0.000000 -40.196095
v -28.000000 0.000000 -32.352955
v -26.000000 0.000000 -34.313740
v -24.000000 0.000000 -36.274525
v -22.000000 0.000000 -38.235310
v -20.000000 0.000000 -40.196095
v -26.000000 0.000000 -32.352955
v -24.000000 0.000000 -34.313740
v -22.000000 0.000000 -36.274525
v -20.000000 0.000000 -38.235310
v -18.000000 0.000000 -40.196095
v -24.000000 0.000000 -32.352955
v -22.000000 0.000000 -34.313740
v -20.000000 0.000000 -36.274525
v -18.000000 0.000000 -38.235310
v -16.000000 0.000000 -40.196095
v -22.000000 0.000000 -32.352955
v -20.000000 0.000000 -34.313740
v -18.000000 0.000000 -36.274525
v -16.000000 0.000000 -38.235310
v -14.000000 0.000000 -40.196095
v -20.000000 0.000000 -32.352955
v -18.000000 0.000000 -34.313740
v -16.000000 0.000000 -36.274525
v -14.000000 0.000000 -38.235310
v -12.000000 0.000000 -40.196095
v -18.000000 0.000000 -32.352955
v -16.000000 0.000000 -34.313740
v -14.000000 0.000000 -36.274525
v -12.000000 0.000000 -38.235310
v -10.000000 0.000000 -40.196095
v -16.000000 0.000000 -32.352955
v -14.000000 0.000000 -34.313740
v -12.000000 0.000000 -36.274525
v -10.000000 0.000000 -38.235310
v -8.000000 0.000000 -40.196095
v -14.000000 0.000000 -32.352955
v -12.000000 0.000000 -34.313740
v -10.000000 0.000000 -36.274525
v -8.000000 0.000000 -38.235310
v -6.000000 0.000000 -40.196095
v -12.000000 0.000000 -32.352955
v -10.000000 0.000000 -34.313740
v -8.000000 0.000000 -36.274525
v -6.000000 0.000000 -38.235310
v -4.000000 0.000000 -40.196095
v -10.000000 0.000000 -32.352955
v -8.000000 0.000000 -34.313740
v -6.000000 0.000000 -36.274525
v -4.000000 0.000000 -38.235310
v -2.000000 0.000000 -40.196095
v -8.000000 0.000000 -32.352955
v -6.000000 0.000000 -34.313740
v -4.000000 0.000000 -36.274525
v -2.000000 0.000000 -38.235310
v 0.000000 0.000000 -40.196095
v -6.000000 0.000000 -32.352955
v -4.000000 0.000000 -34.313740
v -2.000000 0.000000 -36.274525
v 0.000000 0.000000 -38.235310
v 2.000000 0.000000 -40.196095
v -4.000000 0.000000 -32.352955
v -2.000000 0.000000 -34.313740
v 0.000000 0.000000 -36.274525
v 2.000000 0.000000 -38.235310
v 4.000000 0.000000 -40.196095
v -2.000000 0.000000 -32.352955
v 0.000000 0.000000 -34.313740
v 2.000000 0.000000 -36.274525
v 4.000000 0.000000 -38.235310
v 6.000000 0.000000 -40.196095
v 0.000000 0.000000 -32.352955
v 2.000000 0.000000 -34.313740
v 4.000000 0.000000 -36.274525
v 6.000000 0.000000 -38.235310
v 8.000000 0.000000 -40.196095
v 2.000000 0.000000 -32.352955
v 4.000000 0.000000 -34.313740
v 6.000000 0.000000 -36.274525
v 8.000000 0.000000 -38.235310
v 10.000000 0.000000 -40.196095
v 4.000000 0.000000 -32.352955
v 6.000000 0.000000 -34.313740
v 8.000000 0.000000 -36.274525
v 10.000000 0.000000 -38.235310
v 12.000000 0.000000 -40.196095
v 6.000000 0.000000 -32.352955
v 8.000000 0.000000 -34.313740
v 10.000000 0.000000 -36.274525
v 12.000000 0.000000 -38.235310
v 14.000000 0.000000 -40.196095
v 8.000000 0.000000 -32.352955
v 10.000000 0.000000 -34.313740
v 12.000000 0.000000 -36.274525
v 14.000000 0.000000 -38.235310
v 16.000000 0.000000 -40.196095
v 10.000000 0.000000 -32.352955
v 12.000000 0.000000 -34.313740
v 14.000000 0.000000 -36.274525
v 16.000000 0.000000 -38.235310
v 18.000000 0.000000 -40.196095
v 12.000000 0.000000 -32.352955
v 14.000000 0.000000 -34.313740
v 16.000000 0.000000 -36.274525
v 18.000000 0.000000 -38.235310
v 20.000000 0.000000 -40.196095
v 14.000000 0.000000 -32.352955
v 16.000000 0.000000 -34.313740
v 18.000000 0.000000 -36.274525
v 20.000000 0.000000 -38.235310
v 22.000000 0.000000 -40.196095
v 16.000000 0.000000 -32.352955
v 18.000000 0.000000 -34.313740
v 20.000000 0.000000 -36.274525
v 22.000000 0.000000 -38.235310
v 18.000000 0.000000 -32.352955
v 20.000000 0.000000 -34.313740
v 22.000000 0.000000 -36.274525
v 20.000000 0.000000 -32.352955
v 22.000000 0.000000 -34.313740
v 22.000000 0.000000 -32.352955
v 24.000000 0.000000 -38.235310
v 24.000000 0.000000 -36.274525
v 24.000000 0.000000 -34.313740
v 24.000000 0.000000 -32.352955
v 24.000000 0.000000 -40.196095
v 24.000000 0.000000 -42.156879
v 24.000000 0.000000 -44.117664
v 24.000000 0.000000 -46.078449
v 24.000000 0.000000 -48.039234
v 26.000000 0.000000 -46.078449
v 26.000000 0.000000 -44.117664
v 28.000000 0.000000 -44.117664
v 28.000000 0.000000 -42.156879
v 26.000000 0.000000 -42.156879
v 28.000000 0.000000 -40.196095
v 26.000000 0.000000 -40.196095
v 28.000000 0.000000 -38.235310
v 26.000000 0.000000 -38.235310
v 28.000000 0.000000 -36.274525
v 26.000000 0.000000 -36.274525
v 28.000000 0.000000 -34.313740
v 26.000000 0.000000 -34.313740
v 28.000000 0.000000 -32.352955
v 26.000000 0.000000 -32.352955
v 28.000000 0.000000 -30.392170
v 26.000000 0.000000 -30.392170
v 28.000000 0.000000 -28.431385
v 24.000000 0.000000 -30.392170
v 28.000000 0.000000 -26.470600
v 26.000000 0.000000 -28.431385
v 22.000000 0.000000 -30.392170
v 28.000000 0.000000 -24.509815
v 26.000000 0.000000 -26.470600
v 24.000000 0.000000 -28.431385
v 20.000000 0.000000 -30.392170
v 28.000000 0.000000 -22.549030
v 22.000000 0.000000 -28.431385
v 26.000000 0.000000 -24.509815
v 24.000000 0.000000 -26.470600
v 18.000000 0.000000 -30.392170
v 28.000000 0.000000 -20.588245
v 20.000000 0.000000 -28.431385
v 22.000000 0.000000 -26.470600
v 26.000000 0.000000 -22.549030
v 24.000000 0.000000 -24.509815
v 16.000000 0.000000 -30.392170
v 28.000000 0.000000 -18.627460
v 18.000000 0.000000 -28.431385
v 20.000000 0.000000 -26.470600
v 22.000000 0.000000 -24.509815
v 26.000000 0.000000 -20.588245
v 24.000000 0.000000 -22.549030
v 14.000000 0.000000 -30.392170
v 16.000000 0.000000 -28.431385
v 18.000000 0.000000 -26.470600
v 20.000000 0.000000 -24.509815
v 22.000000 0.000000 -22.549030
v 24.000000 0.000000 -20.588245
v 12.000000 0.000000 -30.392170
v 14.000000 0.000000 -28.431385
v 16.000000 0.000000 -26.470600
v 18.000000 0.000000 -24.509815
v 20.000000 0.000000 -22.549030
v 10.000000 0.000000 -30.392170
v 12.000000 0.000000 -28.431385
v 14.000000 0.000000 -26.470600
v 16.000000 0.000000 -24.509815
v 8.000000 0.000000 -30.392170
v 10.000000 0.000000 -28.431385
v 12.000000 0.000000 -26.470600
v 6.000000 0.000000 -30.392170
v 8.000000 0.000000 -28.431385
v 4.000000 0.000000 -30.392170
v 18.000000 0.000000 -22.549030
v 14.000000 0.000000 -24.509815
v 10.000000 0.000000 -26.470600
v 6.000000 0.000000 -28.431385
v 2.000000 0.000000 -30.392170
v 16.000000 0.000000 -22.549030
v 12.000000 0.000000 -24.509815
v 8.000000 0.000000 -26.470600
v 4.000000 0.000000 -28.431385
v 0.000000 0.000000 -30.392170
v 14.000000 0.000000 -22.549030
v 10.000000 0.000000 -24.509815
v 6.000000 0.000000 -26.470600
v 2.000000 0.000000 -28.431385
v -2.000000 0.000000 -30.392170
v 12.000000 0.000000 -22.549030
v 8.000000 0.000000 -24.509815
v 4.000000 0.000000 -26.470600
v 0.000000 0.000000 -28.431385
v -4.000000 0.000000 -30.392170
v 10.000000 0.000000 -22.549030
v 6.000000 0.000000 -24.509815
v 2.000000 0.000000 -26.470600
v -2.000000 0.000000 -28.431385
v -6.000000 0.000000 -30.392170
v 8.000000 0.000000 -22.549030
v 4.000000 0.000000 -24.509815
v 0.000000 0.000000 -26.470600
v -4.000000 0.000000 -28.431385
v -8.000000 0.000000 -30.392170
v 6.000000 0.000000 -22.549030
v 2.000000 0.000000 -24.509815
v -2.000000 0.000000 -26.470600
v -6.000000 0.000000 -28.431385
v -10.000000 0.000000 -30.392170
v 4.000000 0.000000 -22.549030
v 0.000000 0.000000 -24.509815
v -4.000000 0.000000 -26.470600
v -8.000000 0.000000 -28.431385
v -12.000000 0.000000 -30.392170
v 2.000000 0.000000 -22.549030
v -2.000000 0.000000 -24.509815
v -6.000000 0.000000 -26.470600
v -10.000000 0.000000 -28.431385
v -14.000000 0.000000 -30.392170
v 0.000000 0.000000 -22.549030
v -4.000000 0.000000 -24.509815
v -8.000000 0.000000 -26.470600
v -12.000000 0.000000 -28.431385
v -16.000000 0.000000 -30.392170
v -2.000000 0.000000 -22.549030
v -6.000000 0.000000 -24.509815
v -10.000000 0.000000 -26.470600
v -14.000000 0.000000 -28.431385
v -18.000000 0.000000 -30.392170
v -4.000000 0.000000 -22.549030
v -8.000000 0.000000 -24.509815
v -12.000000 0.000000 -26.470600
v -16.000000 0.000000 -28.431385
v -20.000000 0.000000 -30.392170
v -6.000000 0.000000 -22.549030
v -10.000000 0.000000 -24.509815
v -14.000000 0.000000 -26.470600
v -18.000000 0.000000 -28.431385
v -22.000000 0.000000 -30.392170
v -8.000000 0.000000 -22.549030
v -12.000000 0.000000 -24.509815
v -16.000000 0.000000 -26.470600
v -20.000000 0.000000 -28.431385
v -24.000000 0.000000 -30.392170
v -10.000000 0.000000 -22.549030
v -14.000000 0.000000 -24.509815
v -18.000000 0.000000 -26.470600
v -22.000000 0.000000 -28.431385
v -26.000000 0.000000 -30.392170
v -12.000000 0.000000 -22.549030
v -16.000000 0.000000 -24.509815
v -20.000000 0.000000 -26.470600
v -24.000000 0.000000 -28.431385
v -28.000000 0.000000 -30.392170
v -14.000000 0.000000 -22.549030
v -18.000000 0.000000 -24.509815
v -22.000000 0.000000 -26.470600
v -26.000000 0.000000 -28.431385
v -30.000000 0.000000 -30.392170
v -16.000000 0.000000 -22.549030
v -20.000000 0.000000 -24.509815
v -24.000000 0.000000 -26.470600
v -28.000000 0.000000 -28.431385
v -32.000000 0.000000 -30.392170
v -18.000000 0.000000 -22.549030
v -22.000000 0.000000 -24.509815
v -26.000000 0.000000 -26.470600
v -30.000000 0.000000 -28.431385
v -34.000000 0.000000 -30.392170
v -32.000000 0.000000 -28.431385
v -34.000000 0.000000 -28.431385
v -28.000000 0.000000 -26.470600
v -24.000000 0.000000 -24.509815
v -30.000000 0.000000 -26.470600
v -34.000000 0.000000 -26.470600
v -32.000000 0.000000 -26.470600
v -26.000000 0.000000 -24.509815
v -34.000000 0.000000 -24.509815
v -28.000000 0.000000 -24.509815
v -30.000000 0.000000 -24.509815
v -32.000000 0.000000 -24.509815
v -34.000000 0.000000 -22.549030
v -32.000000 0.000000 -22.549030
v -30.000000 0.000000 -22.549030
v -28.000000 0.000000 -22.549030
v -26.000000 0.000000 -22.549030
v -34.000000 0.000000 -20.588245
v -32.000000 0.000000 -20.588245
v -30.000000 0.000000 -20.588245
v -28.000000 0.000000 -20.588245
v -34.000000 0.000000 -18.627460
v -32.000000 0.000000 -18.627460
v -30.000000 0.000000 -18.627460
v -34.000000 0.000000 -16.666676
v -32.000000 0.000000 -16.666676
v -34.000000 0.000000 -14.705891
v -26.000000 0.000000 -20.588245
v -28.000000 0.000000 -18.627460
v -30.000000 0.000000 -16.666676
v -32.000000 0.000000 -14.705891
v -34.000000 0.000000 -12.745107
v -26.000000 0.000000 -18.627460
v -28.000000 0.000000 -16.666676
v -30.000000 0.000000 -14.705891
v -32.000000 0.000000 -12.745107
v -34.000000 0.000000 -10.784323
v -26.000000 0.000000 -16.666676
v -28.000000 0.000000 -14.705891
v -30.000000 0.000000 -12.745107
v -32.000000 0.000000 -10.784323
v -34.000000 0.000000 -8.823539
v -26.000000 0.000000 -14.705891
v -28.000000 0.000000 -12.745107
v -30.000000 0.000000 -10.784323
v -32.000000 0.000000 -8.823539
v -34.000000 0.000000 -6.862754
v -26.000000 0.000000 -12.745107
v -28.000000 0.000000 -10.784323
v -30.000000 0.000000 -8.823539
v -32.000000 0.000000 -6.862754
v -34.000000 0.000000 -4.901970
v -26.000000 0.000000 -10.784323
v -28.000000 0.000000 -8.823539
v -30.000000 0.000000 -6.862754
v -32.000000 0.000000 -4.901970
v -34.000000 0.000000 -2.941185
v -26.000000 0.000000 -8.823539
v -28.000000 0.000000 -6.862754
v -30.000000 0.000000 -4.901970
v -32.000000 0.000000 -2.941185
v -34.000000 0.000000 -0.980401
v -26.000000 0.000000 -6.862754
v -28.000000 0.000000 -4.901970
v -30.000000 0.000000 -2.941185
v -32.000000 0.000000 -0.980401
v -34.000000 -0.000000 0.980383
v -26.000000 0.000000 -4.901970
v -28.000000 0.000000 -2.941185
v -30.000000 0.000000 -0.980401
v -32.000000 -0.000000 0.980383
v -34.000000 -0.000000 2.941167
v -26.000000 0.000000 -2.941185
v -28.000000 0.000000 -0.980401
v -30.000000 -0.000000 0.980383
v -32.000000 -0.000000 2.941167
v -34.000000 -0.000000 4.901952
v -26.000000 0.000000 -0.980401
v -28.000000 -0.000000 0.980383
v -30.000000 -0.000000 2.941167
v -32.000000 -0.000000 4.901952
v -34.000000 -0.000000 6.862736
v -26.000000 -0.000000 0.980383
v -28.000000 -0.000000 2.941167
v -30.000000 -0.000000 4.901952
v -32.000000 -0.000000 6.862736
v -34.000000 -0.000000 8.823521
v -26.000000 -0.000000 2.941167
v -28.000000 -0.000000 4.901952
v -30.000000 -0.000000 6.862736
v -32.000000 -0.000000 8.823521
v -34.000000 -0.000000 10.784305
v -26.000000 -0.000000 4.901952
v -28.000000 -0.000000 6.862736
v -30.000000 -0.000000 8.823521
v -32.000000 -0.000000 10.784305
v -34.000000 -0.000000 12.745089
v -26.000000 -0.000000 6.862736
v -28.000000 -0.000000 8.823521
v -30.000000 -0.000000 10.784305
v -32.000000 -0.000000 12.745089
v -34.000000 -0.000000 14.705873
v -26.000000 -0.000000 8.823521
v -28.000000 -0.000000 10.784305
v -30.000000 -0.000000 12.745089
v -32.000000 -0.000000 14.705873
v -34.000000 -0.000000 16.666656
v -26.000000 -0.000000 10.784305
v -28.000000 -0.000000 12.745089
v -30.000000 -0.000000 14.705873
v -32.000000 -0.000000 16.666656
v -34.000000 -0.000000 18.627441
v -26.000000 -0.000000 12.745089
v -28.000000 -0.000000 14.705873
v -30.000000 -0.000000 16.666656
v -32.000000 -0.000000 18.627441
v -34.000000 -0.000000 20.588226
v -26.000000 -0.000000 14.705873
v -28.000000 -0.000000 16.666656
v -30.000000 -0.000000 18.627441
v -32.000000 -0.000000 20.588226
v -34.000000 -0.000000 22.549011
v -26.000000 -0.000000 16.666656
v -28.000000 -0.000000 18.627441
v -30.000000 -0.000000 20.588226
v -32.000000 -0.000000 22.549011
v -34.000000 -0.000000 24.509796
v -32.000000 -0.000000 24.509796
v -30.000000 -0.000000 24.509796
v -30.000000 -0.000000 22.549011
v -28.000000 -0.000000 24.509796
v -28.000000 -0.000000 22.549011
v -26.000000 -0.000000 24.509796
v -28.000000 -0.000000 20.588226
v -24.000000 -0.000000 24.509796
v -26.000000 -0.000000 22.549011
v -26.000000 -0.000000 20.588226
v -22.000000 -0.000000 24.509796
v -24.000000 -0.000000 22.549011
v -26.000000 -0.000000 18.627441
v -20.000000 -0.000000 24.509796
v -22.000000 -0.000000 22.549011
v -24.000000 -0.000000 20.588226
v -24.000000 -0.000000 18.627441
v -18.000000 -0.000000 24.509796
v -20.000000 -0.000000 22.549011
v -22.000000 -0.000000 20.588226
v -24.000000 -0.000000 16.666656
v -16.000000 -0.000000 24.509796
v -18.000000 -0.000000 22.549011
v -20.000000 -0.000000 20.588226
v -22.000000 -0.000000 18.627441
v -24.000000 -0.000000 14.705873
v -14.000000 -0.000000 24.509796
v -16.000000 -0.000000 22.549011
v -18.000000 -0.000000 20.588226
v -20.000000 -0.000000 18.627441
v -22.000000 -0.000000 16.666656
v -24.000000 -0.000000 12.745089
v -12.000000 -0.000000 24.509796
v -14.000000 -0.000000 22.549011
v -16.000000 -0.000000 20.588226
v -18.000000 -0.000000 18.627441
v -20.000000 -0.000000 16.666656
v -22.000000 -0.000000 14.705873
v -24.000000 -0.000000 10.784305
v -22.000000 -0.000000 12.745089
v -20.000000 -0.000000 14.705873
v -18.000000 -0.000000 16.666656
v -16.000000 -0.000000 18.627441
v -24.000000 -0.000000 8.823521
v -22.000000 -0.000000 10.784305
v -20.000000 -0.000000 12.745089
v -18.000000 -0.000000 14.705873
v -24.000000 -0.000000 6.862736
v -22.000000 -0.000000 8.823521
v -20.000000 -0.000000 10.784305
v -24.000000 -0.000000 4.901952
v -22.000000 -0.000000 6.862736
v -24.000000 -0.000000 2.941167
v -16.000000 -0.000000 16.666656
v -18.000000 -0.000000 12.745089
v -20.000000 -0.000000 8.823521
v -22.000000 -0.000000 4.901952
v -24.000000 -0.000000 0.980383
v -16.000000 -0.000000 14.705873
v -18.000000 -0.000000 10.784305
v -20.000000 -0.000000 6.862736
v -22.000000 -0.000000 2.941167
v -24.000000 0.000000 -0.980401
v -16.000000 -0.000000 12.745089
v -18.000000 -0.000000 8.823521
v -20.000000 -0.000000 4.901952
v -22.000000 -0.000000 0.980383
v -24.000000 0.000000 -2.941185
v -16.000000 -0.000000 10.784305
v -18.000000 -0.000000 6.862736
v -20.000000 -0.000000 2.941167
v -22.000000 0.000000 -0.980401
v -24.000000 0.000000 -4.901970
v -16.000000 -0.000000 8.823521
v -18.000000 -0.000000 4.901952
v -20.000000 -0.000000 0.980383
v -22.000000 0.000000 -2.941185
v -24.000000 0.000000 -6.862754
v -16.000000 -0.000000 6.862736
v -18.000000 -0.000000 2.941167
v -20.000000 0.000000 -0.980401
v -22.000000 0.000000 -4.901970
v -24.000000 0.000000 -8.823539
v -16.000000 -0.000000 4.901952
v -18.000000 -0.000000 0.980383
v -20.000000 0.000000 -2.941185
v -22.000000 0.000000 -6.862754
v -24.000000 0.000000 -10.784323
v -16.000000 -0.000000 2.941167
v -18.000000 0.000000 -0.980401
v -20.000000 0.000000 -4.901970
v -22.000000 0.000000 -8.823539
v -24.000000 0.000000 -12.745107
v -16.000000 -0.000000 0.980383
v -18.000000 0.000000 -2.941185
v -20.000000 0.000000 -6.862754
v -22.000000 0.000000 -10.784323
v -24.000000 0.000000 -14.705891
v -16.000000 0.000000 -0.980401
v -18.000000 0.000000 -4.901970
v -20.000000 0.000000 -8.823539
v -22.000000 0.000000 -12.745107
v -24.000000 0.000000 -16.666676
v -16.000000 0.000000 -2.941185
v -18.000000 0.000000 -6.862754
v -20.000000 0.000000 -10.784323
v -22.000000 0.000000 -14.705891
v -24.000000 0.000000 -18.627460
v -16.000000 0.000000 -4.901970
v -18.000000 0.000000 -8.823539
v -20.000000 0.000000 -12.745107
v -22.000000 0.000000 -16.666676
v -24.000000 0.000000 -20.588245
v -16.000000 0.000000 -6.862754
v -18.000000 0.000000 -10.784323
v -20.000000 0.000000 -14.705891
v -22.000000 0.000000 -18.627460
v -24.000000 0.000000 -22.549030
v -22.000000 0.000000 -20.588245
v -22.000000 0.000000 -22.549030
v -20.000000 0.000000 -16.666676
v -18.000000 0.000000 -12.745107
v -20.000000 0.000000 -18.627460
v -20.000000 0.000000 -22.549030
v -20.000000 0.000000 -20.588245
v -18.000000 0.000000 -14.705891
v -18.000000 0.000000 -20.588245
v -18.000000 0.000000 -16.666676
v -18.000000 0.000000 -18.627460
v -16.000000 0.000000 -20.588245
v -16.000000 0.000000 -18.627460
v -16.000000 0.000000 -16.666676
v -16.000000 0.000000 -14.705891
v -16.000000 0.000000 -12.745107
v -14.000000 0.000000 -20.588245
v -14.000000 0.000000 -18.627460
v -14.000000 0.000000 -16.666676
v -14.000000 0.000000 -14.705891
v -12.000000 0.000000 -20.588245
v -12.000000 0.000000 -18.627460
v -12.000000 0.000000 -16.666676
v -10.000000 0.000000 -20.588245
v -10.000000 0.000000 -18.627460
v -8.000000 0.000000 -20.588245
v -14.000000 0.000000 -12.745107
v -12.000000 0.000000 -14.705891
v -10.000000 0.000000 -16.666676
v -8.000000 0.000000 -18.627460
v -6.000000 0.000000 -20.588245
v -12.000000 0.000000 -12.745107
v -10.000000 0.000000 -14.705891
v -8.000000 0.000000 -16.666676
v -6.000000 0.000000 -18.627460
v -4.000000 0.000000 -20.588245
v -10.000000 0.000000 -12.745107
v -8.000000 0.000000 -14.705891
v -6.000000 0.000000 -16.666676
v -4.000000 0.000000 -18.627460
v -2.000000 0.000000 -20.588245
v -8.000000 0.000000 -12.745107
v -6.000000 0.000000 -14.705891
v -4.000000 0.000000 -16.666676
v -2.000000 0.000000 -18.627460
v 0.000000 0.000000 -20.588245
v -6.000000 0.000000 -12.745107
v -4.000000 0.000000 -14.705891
v -2.000000 0.000000 -16.666676
v 0.000000 0.000000 -18.627460
v 2.000000 0.000000 -20.588245
v -4.000000 0.000000 -12.745107
v -2.000000 0.000000 -14.705891
v 0.000000 0.000000 -16.666676
v 2.000000 0.000000 -18.627460
v 4.000000 0.000000 -20.588245
v -2.000000 0.000000 -12.745107
v 0.000000 0.000000 -14.705891
v 2.000000 0.000000 -16.666676
v 4.000000 0.000000 -18.627460
v 6.000000 0.000000 -20.588245
v 0.000000 0.000000 -12.745107
v 2.000000 0.000000 -14.705891
v 4.000000 0.000000 -16.666676
v 6.000000 0.000000 -18.627460
v 8.000000 0.000000 -20.588245
v 2.000000 0.000000 -12.745107
v 4.000000 0.000000 -14.705891
v 6.000000 0.000000 -16.666676
v 8.000000 0.000000 -18.627460
v 10.000000 0.000000 -20.588245
v 4.000000 0.000000 -12.745107
v 6.000000 0.000000 -14.705891
v 8.000000 0.000000 -16.666676
v 10.000000 0.000000 -18.627460
v 12.000000 0.000000 -20.588245
v 6.000000 0.000000 -12.745107
v 8.000000 0.000000 -14.705891
v 10.000000 0.000000 -16.666676
v 12.000000 0.000000 -18.627460
v 14.000000 0.000000 -20.588245
v 8.000000 0.000000 -12.745107
v 10.000000 0.000000 -14.705891
v 12.000000 0.000000 -16.666676
v 14.000000 0.000000 -18.627460
v 16.000000 0.000000 -20.588245
v 10.000000 0.000000 -12.745107
v 12.000000 0.000000 -14.705891
v 14.000000 0.000000 -16.666676
v 16.000000 0.000000 -18.627460
v 18.000000 0.000000 -20.588245
v 12.000000 0.000000 -12.745107
v 14.000000 0.000000 -14.705891
v 16.000000 0.000000 -16.666676
v 18.000000 0.000000 -18.627460
v 20.000000 0.000000 -20.588245
v 14.000000 0.000000 -12.745107
v 16.000000 0.000000 -14.705891
v 18.000000 0.000000 -16.666676
v 20.000000 0.000000 -18.627460
v 22.000000 0.000000 -20.588245
v 22.000000 0.000000 -18.627460
v 20.000000 0.000000 -16.666676
v 18.000000 0.000000 -14.705891
v 24.000000 0.000000 -18.627460
v 22.000000 0.000000 -16.666676
v 20.000000 0.000000 -14.705891
v 26.000000 0.000000 -18.627460
v 24.000000 0.000000 -16.666676
v 22.000000 0.000000 -14.705891
v 28.000000 0.000000 -16.666676
v 26.000000 0.000000 -16.666676
v 28.000000 0.000000 -14.705891
v 24.000000 0.000000 -14.705891
v 26.000000 0.000000 -14.705891
v 28.000000 0.000000 -12.745107
v 26.000000 0.000000 -12.745107
v 28.000000 0.000000 -10.784323
v 24.000000 0.000000 -12.745107
v 28.000000 0.000000 -8.823539
v 26.000000 0.000000 -10.784323
v 22.000000 0.000000 -12.745107
v 28.000000 0.000000 -6.862754
v 26.000000 0.000000 -8.823539
v 24.000000 0.000000 -10.784323
v 20.000000 0.000000 -12.745107
v 28.000000 0.000000 -4.901970
v 22.000000 0.000000 -10.784323
v 26.000000 0.000000 -6.862754
v 24.000000 0.000000 -8.823539
v 18.000000 0.000000 -12.745107
v 28.000000 0.000000 -2.941185
v 20.000000 0.000000 -10.784323
v 22.000000 0.000000 -8.823539
v 26.000000 0.000000 -4.901970
v 24.000000 0.000000 -6.862754
v 16.000000 0.000000 -12.745107
v 28.000000 0.000000 -0.980401
v 18.000000 0.000000 -10.784323
v 20.000000 0.000000 -8.823539
v 22.000000 0.000000 -6.862754
v 26.000000 0.000000 -2.941185
v 24.000000 0.000000 -4.901970
v 28.000000 -0.000000 0.980383
v 16.000000 0.000000 -10.784323
v 18.000000 0.000000 -8.823539
v 20.000000 0.000000 -6.862754
v 22.000000 0.000000 -4.901970
v 26.000000 0.000000 -0.980401
v 24.000000 0.000000 -2.941185
v 28.000000 -0.000000 2.941167
v 26.000000 -0.000000 0.980383
v 24.000000 0.000000 -0.980401
v 22.000000 0.000000 -2.941185
v 20.000000 0.000000 -4.901970
v 28.000000 -0.000000 4.901952
v 26.000000 -0.000000 2.941167
v 24.000000 -0.000000 0.980383
v 22.000000 0.000000 -0.980401
v 28.000000 -0.000000 6.862736
v 26.000000 -0.000000 4.901952
v 24.000000 -0.000000 2.941167
v 28.000000 -0.000000 8.823521
v 26.000000 -0.000000 6.862736
v 28.000000 -0.000000 10.784305
v 20.000000 0.000000 -2.941185
v 22.000000 -0.000000 0.980383
v 24.000000 -0.000000 4.901952
v 26.000000 -0.000000 8.823521
v 28.000000 -0.000000 12.745089
v 20.000000 0.000000 -0.980401
v 22.000000 -0.000000 2.941167
v 24.000000 -0.000000 6.862736
v 26.000000 -0.000000 10.784305
v 28.000000 -0.000000 14.705873
v 20.000000 -0.000000 0.980383
v 22.000000 -0.000000 4.901952
v 24.000000 -0.000000 8.823521
v 26.000000 -0.000000 12.745089
v 28.000000 -0.000000 16.666656
v 20.000000 -0.000000 2.941167
v 22.000000 -0.000000 6.862736
v 24.000000 -0.000000 10.784305
v 26.000000 -0.000000 14.705873
v 28.000000 -0.000000 18.627441
v 20.000000 -0.000000 4.901952
v 22.000000 -0.000000 8.823521
v 24.000000 -0.000000 12.745089
v 26.000000 -0.000000 16.666656
v 28.000000 -0.000000 20.588226
v 20.000000 -0.000000 6.862736
v 22.000000 -0.000000 10.784305
v 24.000000 -0.000000 14.705873
v 26.000000 -0.000000 18.627441
v 28.000000 -0.000000 22.549011
v 20.000000 -0.000000 8.823521
v 22.000000 -0.000000 12.745089
v 24.000000 -0.000000 16.666656
v 26.000000 -0.000000 20.588226
v 20.000000 -0.000000 10.784305
v 22.000000 -0.000000 14.705873
v 24.000000 -0.000000 18.627441
v 20.000000 -0.000000 12.745089
v 22.000000 -0.000000 16.666656
v 20.000000 -0.000000 14.705873
v 26.000000 -0.000000 22.549011
v 24.000000 -0.000000 20.588226
v 22.000000 -0.000000 18.627441
v 20.000000 -0.000000 16.666656
v 28.000000 -0.000000 24.509796
v 30.000000 -0.000000 26.470581
v 30.000000 -0.000000 28.431366
v 28.000000 -0.000000 26.470581
v 26.000000 -0.000000 24.509796
v 26.000000 -0.000000 26.470581
v 24.000000 -0.000000 22.549011
v 24.000000 -0.000000 26.470581
v 24.000000 -0.000000 24.509796
v 22.000000 -0.000000 20.588226
v 22.000000 -0.000000 26.470581
v 22.000000 -0.000000 24.509796
v 22.000000 -0.000000 22.549011
v 20.000000 -0.000000 18.627441
v 20.000000 -0.000000 26.470581
v 20.000000 -0.000000 24.509796
v 20.000000 -0.000000 22.549011
v 20.000000 -0.000000 20.588226
v 18.000000 -0.000000 24.509796
v 18.000000 -0.000000 22.549011
v 18.000000 -0.000000 20.588226
v 18.000000 -0.000000 18.627441
v 16.000000 -0.000000 24.509796
v 16.000000 -0.000000 22.549011
v 16.000000 -0.000000 20.588226
v 14.000000 -0.000000 24.509796
v 14.000000 -0.000000 22.549011
v 12.000000 -0.000000 24.509796
v 18.000000 -0.000000 16.666656
v 16.000000 -0.000000 18.627441
v 14.000000 -0.000000 20.588226
v 12.000000 -0.000000 22.549011
v 10.000000 -0.000000 24.509796
v 18.000000 -0.000000 14.705873
v 14.000000 -0.000000 18.627441
v 12.000000 -0.000000 20.588226
v 10.000000 -0.000000 22.549011
v 8.000000 -0.000000 24.509796
v 18.000000 -0.000000 12.745089
v 12.000000 -0.000000 18.627441
v 10.000000 -0.000000 20.588226
v 8.000000 -0.000000 22.549011
v 6.000000 -0.000000 24.509796
v 18.000000 -0.000000 10.784305
v 10.000000 -0.000000 18.627441
v 8.000000 -0.000000 20.588226
v 6.000000 -0.000000 22.549011
v 4.000000 -0.000000 24.509796
v 18.000000 -0.000000 8.823521
v 8.000000 -0.000000 18.627441
v 6.000000 -0.000000 20.588226
v 4.000000 -0.000000 22.549011
v 2.000000 -0.000000 24.509796
v 18.000000 -0.000000 6.862736
v 6.000000 -0.000000 18.627441
v 4.000000 -0.000000 20.588226
v 2.000000 -0.000000 22.549011
v 0.000000 -0.000000 24.509796
v 18.000000 -0.000000 4.901952
v 4.000000 -0.000000 18.627441
v 2.000000 -0.000000 20.588226
v 0.000000 -0.000000 22.549011
v -2.000000 -0.000000 24.509796
v 18.000000 -0.000000 2.941167
v 2.000000 -0.000000 18.627441
v 0.000000 -0.000000 20.588226
v -2.000000 -0.000000 22.549011
v -4.000000 -0.000000 24.509796
v 18.000000 -0.000000 0.980383
v 0.000000 -0.000000 18.627441
v -2.000000 -0.000000 20.588226
v -4.000000 -0.000000 22.549011
v -6.000000 -0.000000 24.509796
v 18.000000 0.000000 -0.980401
v -2.000000 -0.000000 18.627441
v -4.000000 -0.000000 20.588226
v -6.000000 -0.000000 22.549011
v -8.000000 -0.000000 24.509796
v 18.000000 0.000000 -2.941185
v -4.000000 -0.000000 18.627441
v -6.000000 -0.000000 20.588226
v -8.000000 -0.000000 22.549011
v -10.000000 -0.000000 24.509796
v -10.000000 -0.000000 22.549011
v -12.000000 -0.000000 22.549011
v -8.000000 -0.000000 20.588226
v -6.000000 -0.000000 18.627441
v -10.000000 -0.000000 20.588226
v -12.000000 -0.000000 20.588226
v -14.000000 -0.000000 20.588226
v -14.000000 -0.000000 18.627441
v -8.000000 -0.000000 18.627441
v -10.000000 -0.000000 18.627441
v -12.000000 -0.000000 18.627441
v -14.000000 -0.000000 16.666656
v -12.000000 -0.000000 16.666656
v -14.000000 -0.000000 14.705873
v -10.000000 -0.000000 16.666656
v -8.000000 -0.000000 16.666656
v -12.000000 -0.000000 14.705873
v -14.000000 -0.000000 12.745089
v -10.000000 -0.000000 14.705873
v -6.000000 -0.000000 16.666656
v -12.000000 -0.000000 12.745089
v -14.000000 -0.000000 10.784305
v -8.000000 -0.000000 14.705873
v -4.000000 -0.000000 16.666656
v -10.000000 -0.000000 12.745089
v -12.000000 -0.000000 10.784305
v -14.000000 -0.000000 8.823521
v -6.000000 -0.000000 14.705873
v -2.000000 -0.000000 16.666656
v -8.000000 -0.000000 12.745089
v -10.000000 -0.000000 10.784305
v -12.000000 -0.000000 8.823521
v -14.000000 -0.000000 6.862736
v -4.000000 -0.000000 14.705873
v 0.000000 -0.000000 16.666656
v -6.000000 -0.000000 12.745089
v -8.000000 -0.000000 10.784305
v -10.000000 -0.000000 8.823521
v -12.000000 -0.000000 6.862736
v -14.000000 -0.000000 4.901952
v -14.000000 -0.000000 2.941167
v -12.000000 -0.000000 4.901952
v -10.000000 -0.000000 6.862736
v -8.000000 -0.000000 8.823521
v -6.000000 -0.000000 10.784305
v -14.000000 -0.000000 0.980383
v -12.000000 -0.000000 2.941167
v -10.000000 -0.000000 4.901952
v -8.000000 -0.000000 6.862736
v -14.000000 0.000000 -0.980401
v -12.000000 -0.000000 0.980383
v -10.000000 -0.000000 2.941167
v -14.000000 0.000000 -2.941185
v -12.000000 0.000000 -0.980401
v -14.000000 0.000000 -4.901970
v -6.000000 -0.000000 8.823521
v -8.000000 -0.000000 4.901952
v -10.000000 -0.000000 0.980383
v -12.000000 0.000000 -2.941185
v -6.000000 -0.000000 6.862736
v -8.000000 -0.000000 2.941167
v -10.000000 0.000000 -0.980401
v -6.000000 -0.000000 4.901952
v -8.000000 -0.000000 0.980383
v -6.000000 -0.000000 2.941167
v -12.000000 0.000000 -4.901970
v -10.000000 0.000000 -2.941185
v -8.000000 0.000000 -0.980401
v -6.000000 -0.000000 0.980383
v -14.000000 0.000000 -6.862754
v -16.000000 0.000000 -8.823539
v -16.000000 0.000000 -10.784323
v -14.000000 0.000000 -8.823539
v -14.000000 0.000000 -10.784323
v -12.000000 0.000000 -6.862754
v -12.000000 0.000000 -10.784323
v -12.000000 0.000000 -8.823539
v -10.000000 0.000000 -4.901970
v -10.000000 0.000000 -10.784323
v -10.000000 0.000000 -6.862754
v -10.000000 0.000000 -8.823539
v -8.000000 0.000000 -2.941185
v -8.000000 0.000000 -10.784323
v -8.000000 0.000000 -8.823539
v -8.000000 0.000000 -4.901970
v -8.000000 0.000000 -6.862754
v -6.000000 0.000000 -0.980401
v -6.000000 0.000000 -10.784323
v -6.000000 0.000000 -8.823539
v -6.000000 0.000000 -6.862754
v -6.000000 0.000000 -2.941185
v -6.000000 0.000000 -4.901970
v -4.000000 0.000000 -10.784323
v -4.000000 0.000000 -8.823539
v -4.000000 0.000000 -6.862754
v -4.000000 0.000000 -4.901970
v -4.000000 0.000000 -2.941185
v -4.000000 0.000000 -0.980401
v -2.000000 0.000000 -10.784323
v -2.000000 0.000000 -8.823539
v -2.000000 0.000000 -6.862754
v -2.000000 0.000000 -4.901970
v -2.000000 0.000000 -2.941185
v 0.000000 0.000000 -10.784323
v 0.000000 0.000000 -8.823539
v 0.000000 0.000000 -6.862754
v 0.000000 0.000000 -4.901970
v 2.000000 0.000000 -10.784323
v 2.000000 0.000000 -8.823539
v 2.000000 0.000000 -6.862754
v 4.000000 0.000000 -10.784323
v 4.000000 0.000000 -8.823539
v 6.000000 0.000000 -10.784323
v 0.000000 0.000000 -2.941185
v 2.000000 0.000000 -4.901970
v 4.000000 0.000000 -6.862754
v 6.000000 0.000000 -8.823539
v 8.000000 0.000000 -10.784323
v 2.000000 0.000000 -2.941185
v 4.000000 0.000000 -4.901970
v 6.000000 0.000000 -6.862754
v 8.000000 0.000000 -8.823539
v 10.000000 0.000000 -10.784323
v 4.000000 0.000000 -2.941185
v 6.000000 0.000000 -4.901970
v 8.000000 0.000000 -6.862754
v 10.000000 0.000000 -8.823539
v 12.000000 0.000000 -10.784323
v 6.000000 0.000000 -2.941185
v 8.000000 0.000000 -4.901970
v 10.000000 0.000000 -6.862754
v 12.000000 0.000000 -8.823539
v 14.000000 0.000000 -10.784323
v 14.000000 0.000000 -8.823539
v 16.000000 0.000000 -8.823539
v 12.000000 0.000000 -6.862754
v 10.000000 0.000000 -4.901970
v 14.000000 0.000000 -6.862754
v 18.000000 0.000000 -6.862754
v 16.000000 0.000000 -6.862754
v 18.000000 0.000000 -4.901970
v 16.000000 0.000000 -4.901970
v 14.000000 0.000000 -4.901970
v 16.000000 0.000000 -2.941185
v 12.000000 0.000000 -4.901970
v 16.000000 0.000000 -0.980401
v 14.000000 0.000000 -2.941185
v 12.000000 0.000000 -2.941185
v 16.000000 -0.000000 0.980383
v 14.000000 0.000000 -0.980401
v 10.000000 0.000000 -2.941185
v 16.000000 -0.000000 2.941167
v 14.000000 -0.000000 0.980383
v 12.000000 0.000000 -0.980401
v 8.000000 0.000000 -2.941185
v 16.000000 -0.000000 4.901952
v 10.000000 0.000000 -0.980401
v 14.000000 -0.000000 2.941167
v 12.000000 -0.000000 0.980383
v 8.000000 0.000000 -0.980401
v 16.000000 -0.000000 6.862736
v 10.000000 -0.000000 0.980383
v 14.000000 -0.000000 4.901952
v 12.000000 -0.000000 2.941167
v 6.000000 0.000000 -0.980401
v 16.000000 -0.000000 8.823521
v 8.000000 -0.000000 0.980383
v 10.000000 -0.000000 2.941167
v 14.000000 -0.000000 6.862736
v 12.000000 -0.000000 4.901952
v 4.000000 0.000000 -0.980401
v 16.000000 -0.000000 10.784305
v 6.000000 -0.000000 0.980383
v 8.000000 -0.000000 2.941167
v 10.000000 -0.000000 4.901952
v 14.000000 -0.000000 8.823521
v 12.000000 -0.000000 6.862736
v 2.000000 0.000000 -0.980401
v 4.000000 -0.000000 0.980383
v 6.000000 -0.000000 2.941167
v 8.000000 -0.000000 4.901952
v 10.000000 -0.000000 6.862736
v 12.000000 -0.000000 8.823521
v 0.000000 0.000000 -0.980401
v 2.000000 -0.000000 0.980383
v 4.000000 -0.000000 2.941167
v 6.000000 -0.000000 4.901952
v 8.000000 -0.000000 6.862736
v -2.000000 0.000000 -0.980401
v 0.000000 -0.000000 0.980383
v 2.000000 -0.000000 2.941167
v 4.000000 -0.000000 4.901952
v -2.000000 -0.000000 0.980383
v 0.000000 -0.000000 2.941167
v -4.000000 -0.000000 0.980383
v -2.000000 -0.000000 2.941167
v -4.000000 -0.000000 2.941167
v 2.000000 -0.000000 4.901952
v 6.000000 -0.000000 6.862736
v 0.000000 -0.000000 4.901952
v -4.000000 -0.000000 4.901952
v -2.000000 -0.000000 4.901952
v 4.000000 -0.000000 6.862736
v -4.000000 -0.000000 6.862736
v 2.000000 -0.000000 6.862736
v 0.000000 -0.000000 6.862736
v -2.000000 -0.000000 6.862736
v -4.000000 -0.000000 8.823521
v -2.000000 -0.000000 8.823521
v 0.000000 -0.000000 8.823521
v 2.000000 -0.000000 8.823521
v 4.000000 -0.000000 8.823521
v -4.000000 -0.000000 10.784305
v -2.000000 -0.000000 10.784305
v 0.000000 -0.000000 10.784305
v 2.000000 -0.000000 10.784305
v -4.000000 -0.000000 12.745089
v -2.000000 -0.000000 12.745089
v -2.000000 -0.000000 14.705873
v 0.000000 -0.000000 12.745089
v 0.000000 -0.000000 14.705873
v 2.000000 -0.000000 12.745089
v 2.000000 -0.000000 16.666656
v 2.000000 -0.000000 14.705873
v 4.000000 -0.000000 16.666656
v 4.000000 -0.000000 14.705873
v 6.000000 -0.000000 16.666656
v 4.000000 -0.000000 12.745089
v 8.000000 -0.000000 16.666656
v 6.000000 -0.000000 14.705873
v 4.000000 -0.000000 10.784305
v 10.000000 -0.000000 16.666656
v 8.000000 -0.000000 14.705873
v 6.000000 -0.000000 12.745089
v 6.000000 -0.000000 10.784305
v 12.000000 -0.000000 16.666656
v 10.000000 -0.000000 14.705873
v 8.000000 -0.000000 12.745089
v 6.000000 -0.000000 8.823521
v 14.000000 -0.000000 16.666656
v 12.000000 -0.000000 14.705873
v 10.000000 -0.000000 12.745089
v 8.000000 -0.000000 10.784305
v 8.000000 -0.000000 8.823521
v 16.000000 -0.000000 16.666656
v 14.000000 -0.000000 14.705873
v 16.000000 -0.000000 14.705873
v 12.000000 -0.000000 12.745089
v 10.000000 -0.000000 10.784305
v 10.000000 -0.000000 8.823521
v 12.000000 -0.000000 10.784305
v 14.000000 -0.000000 12.745089
v 16.000000 -0.000000 12.745089
v 14.000000 -0.000000 10.784305
vn 0.000000 1.000000 0.000000
vn 0.000000 1.000000 0.000000
vn 0.000000 1.000000 0.000000
vn 0.000000 1.000000 0.000000
vn 0.000000 1.000000 0.000000
vn 0.000000 1.000000 0.000000
vn 0.000000 1.000000 0.000000
vn 0.000000 1.000000 0.000000
vn 0.000000 1.000000 0.000000
vn 0.000000 1.000000 0.000000
vn 0.000000 1.000000 0.000000
vn 0.000000 1.000000 0.000000
vn 0.000000 1.000000 0.000000
vn 0.000000 1.000000 0.000000
vn 0.000000 1.000000 0.000000
vn 0.000000 1.000000 0.000000
vn 0.000000 1.000000 0.000000
vn 0.000000 1.000000 0.000000
vn 0.000000 1.000000 0.000000
vn 0.000000 1.000000 0.000000
vn 0.000000 1.000000 0.000000
vn 0.000000 1.000000 0.000000
vn 0.000000 1.000000 0.000000
vn 0.000000 1.000000 0.000000
vn 0.000000 1.000000 0.000000
vn 0.000000 1.000000 0.000000
vn 0.000000 1.000000 0.000000
vn 0.000000 1.000000 0.000000
vn 0.000000 1.000000 0.000000
vn 0.000000 1.000000 0.000000
vn 0.000000 1.000000 0.000000
vn 0.000000 1.000000 0.000000
vn 0.000000 1.000000 0.000000
vn 0.000000 1.000000 0.000000
vn 0.000000 1.000000 0.000000
vn 0.000000 1.000000 0.000000
vn 0.000000 1.000000 0.000000
vn 0.000000 1.000000 0.000000
vn 0.000000 1.000000 0.000000
vn 0.000000 1.000000 0.000000
vn 0.000000 1.000000 0.000000
vn 0.000000 1.000000 0.000000
vn 0.000000 1.000000 0.000000
vn 0.000000 1.000000 0.000000
vn 0.000000 1.000000 0.000000
vn 0.000000 1.000000 0.000000
vn 0.000000 1.000000 0.000000
vn 0.000000 1.000000 0.000000
vn 0.000000 1.000000 0.000000
vn 0.000000 1.000000 0.000000
vn 0.000000 1.000000 0.000000
vn 0.000000 1.000000 0.000000
vn 0.000000 1.000000 0.000000
vn 0.000000 1.000000 0.000000
vn 0.000000 1.000000 0.000000
vn 0.000000 1.000000 0.000000
vn 0.000000 1.000000 0.000000
vn 0.000000 1.000000 0.000000
vn 0.000000 1.000000 0.000000
vn 0.000000 1.000000 0.000000
vn 0.000000 1.000000 0.000000
vn 0.000000 1.000000 0.000000
vn 0.000000 1.000000 0.000000
vn 0.000000 1.000000 0.000000
vn 0.000000 1.000000 0.000000
vn 0.000000 1.000000 0.000000
vn 0.000000 1.000000 0.000000
vn 0.000000 1.000000 0.000000
vn 0.000000 1.000000 0.000000
vn 0.000000 1.000000 0.000000
vn 0.000000 1.000000 0.000000
vn 0.000000 1.000000 0.000000
vn 0.000000 1.000000 0.000000
vn 0.000000 1.000000 0.000000
vn 0.000000 1.000000 0.000000
vn 0.000000 1.000000 0.000000
vn 0.000000 1.000000 0.000000
vn 0.000000 1.000000 0.000000
vn 0.000000 1.000000 0.000000
vn 0.000000 1.000000 0.000000
vn 0.000000 1.000000 0.000000
vn 0.000000 1.000000 0.000000
vn 0.000000 1.000000 0.000000
vn 0.000000 1.000000 0.000000
vn 0.000000 1.000000 0.000000
vn 0.000000 1.000000 0.000000
vn 0.000000 1.000000 0.000000
vn 0.000000 1.000000 0.000000
vn 0.000000 1.000000 0.000000
vn 0.000000 1.000000 0.000000
vn 0.000000 1.000000 0.000000
vn 0.000000 1.000000 0.000000
vn 0.000000 1.000000 0.000000
vn 0.000000 1.000000 0.000000
vn 0.000000 1.000000 0.000000
vn 0.000000 1.000000 0.000000
vn 0.000000 1.000000 0.000000
vn 0.000000 1.000000 0.000000
vn 0.000000 1.000000 0.000000
vn 0.000000 1.000000 0.000000
vn 0.000000 1.000000 0.000000
vn 0.000000 1.000000 0.000000
vn 0.000000 1.000000 0.000000
vn 0.000000 1.000000 0.000000
vn 0.000000 1.000000 0.000000
vn 0.000000 1.000000 0.000000
vn 0.000000 1.000000 0.000000
vn 0.000000 1.000000 0.000000
vn 0.000000 1.000000 0.000000
vn 0.000000 1.000000 0.000000
vn 0.000000 1.000000 0.000000
vn 0.000000 1.000000 0.000000
vn 0.000000 1.000000 0.000000
vn 0.000000 1.000000 0.000000
vn 0.000000 1.000000 0.000000
vn 0.000000 1.000000 0.000000
vn 0.000000 1.000000 0.000000
vn 0.000000 1.000000 0.000000
vn 0.000000 1.000000 0.000000
vn 0.000000 1.000000 0.000000
vn 0.000000 1.000000 0.000000
vn 0.000000 1.000000 0.000000
vn 0.000000 1.000000 0.000000
vn 0.000000 1.000000 0.000000
vn 0.000000 1.000000 0.000000
vn 0.000000 1.000000 0.000000
vn 0.000000 1.000000 0.000000
vn 0.000000 1.000000 0.000000
vn 0.000000 1.000000 0.000000
vn 0.000000 1.000000 0.000000
vn 0.000000 1.000000 0.000000
vn 0.000000 1.000000 0.000000
vn 0.000000 1.000000 0.000000
vn 0.000000 1.000000 0.000000
vn 0.000000 1.000000 0.000000
vn 0.000000 1.000000 0.000000
vn 0.000000 1.000000 0.000000
vn 0.000000 1.000000 0.000000
vn 0.000000 1.000000 0.000000
vn 0.000000 1.000000 0.000000
vn 0.000000 1.000000 0.000000
vn 0.000000 1.000000 0.000000
vn 0.000000 1.000000 0.000000
vn 0.000000 1.000000 0.000000
vn 0.000000 1.000000 0.000000
vn 0.000000 1.000000 0.000000
vn 0.000000 1.000000 0.000000
vn 0.000000 1.000000 0.000000
vn 0.000000 1.000000 0.000000
vn 0.000000 1.000000 0.000000
vn 0.000000 1.000000 0.000000
vn 0.000000 1.000000 0.000000
vn 0.000000 1.000000 0.000000
vn 0.000000 1.000000 0.000000
vn 0.000000 1.000000 0.000000
vn 0.000000 1.000000 0.000000
vn 0.000000 1.000000 0.000000
vn 0.000000 1.000000 0.000000
vn 0.000000 1.000000 0.000000
vn 0.000000 1.000000 0.000000
vn 0.000000 1.000000 0.000000
vn 0.000000 1.000000 0.000000
vn 0.000000 1.000000 0.000000
vn 0.000000 1.000000 0.000000
vn 0.000000 1.000000 0.000000
vn 0.000000 1.000000 0.000000
vn 0.000000 1.000000 0.000000
vn 0.000000 1.000000 0.000000
vn 0.000000 1.000000 0.000000
vn 0.000000 1.000000 0.000000
vn 0.000000 1.000000 0.000000
vn 0.000000 1.000000 0.000000
vn 0.000000 1.000000 0.000000
vn 0.000000 1.000000 0.000000
vn 0.000000 1.000000 0.000000
vn 0.000000 1.000000 0.000000
vn 0.000000 1.000000 0.000000
vn 0.000000 1.000000 0.000000
vn 0.000000 1.000000 0.000000
vn 0.000000 1.000000 0.000000
vn 0.000000 1.000000 0.000000
vn 0.000000 1.000000 0.000000
vn 0.000000 1.000000 0.000000
vn 0.000000 1.000000 0.000000
vn 0.000000 1.000000 0.000000
vn 0.000000 1.000000 0.000000
vn 0.000000 1.000000 0.000000
vn 0.000000 1.000000 0.000000
vn 0.000000 1.000000 0.000000
vn 0.000000 1.000000 0.000000
vn 0.000000 1.000000 0.000000
vn 0.000000 1.000000 0.000000
vn 0.000000 1.000000 0.000000
vn 0.000000 1.000000 0.000000
vn 0.000000 1.000000 0.000000
vn 0.000000 1.000000 0.000000
vn 0.000000 1.000000 0.000000
vn 0.000000 1.000000 0.000000
vn 0.000000 1.000000 0.000000
vn 0.000000 1.000000 0.000000
vn 0.000000 1.000000 0.000000
vn 0.000000 1.000000 0.000000
vn 0.000000 1.000000 0.000000
vn 0.000000 1.000000 0.000000
vn 0.000000 1.000000 0.000000
vn 0.000000 1.000000 0.000000
vn 0.000000 1.000000 0.000000
vn 0.000000 1.000000 0.000000
vn 0.000000 1.000000 0.000000
vn 0.000000 1.000000 0.000000
vn 0.000000 1.000000 0.000000
vn 0.000000 1.000000 0.000000
vn 0.000000 1.000000 0.000000
vn 0.000000 1.000000 0.000000
vn 0.000000 1.000000 0.000000
vn 0.000000 1.000000 0.000000
vn 0.000000 1.000000 0.000000
vn 0.000000 1.000000 0.000000
vn 0.000000 1.000000 0.000000
vn 0.000000 1.000000 0.000000
vn 0.000000 1.000000 0.000000
vn 0.000000 1.000000 0.000000
vn 0.000000 1.000000 0.000000
vn 0.000000 1.000000 0.000000
vn 0.000000 1.000000 0.000000
vn 0.000000 1.000000 0.000000
vn 0.000000 1.000000 0.000000
vn 0.000000 1.000000 0.000000
vn 0.000000 1.000000 0.000000
vn 0.000000 1.000000 0.000000
vn 0.000000 1.000000 0.000000
vn 0.000000 1.000000 0.000000
vn 0.000000 1.000000 0.000000
vn 0.000000 1.000000 0.000000
vn 0.000000 1.000000 0.000000
vn 0.000000 1.000000 0.000000
vn 0.000000 1.000000 0.000000
vn 0.000000 1.000000 0.000000
vn 0.000000 1.000000 0.000000
vn 0.000000 1.000000 0.000000
vn 0.000000 1.000000 0.000000
vn 0.000000 1.000000 0.000000
vn 0.000000 1.000000 0.000000
vn 0.000000 1.000000 0.000000
vn 0.000000 1.000000 0.000000
vn 0.000000 1.000000 0.000000
vn 0.000000 1.000000 0.000000
vn 0.000000 1.000000 0.000000
vn 0.000000 1.000000 0.000000
vn 0.000000 1.000000 0.000000
vn 0.000000 1.000000 0.000000
vn 0.000000 1.000000 0.000000
vn 0.000000 1.000000 0.000000
vn 0.000000 1.000000 0.000000
vn 0.000000 1.000000 0.000000
vn 0.000000 1.000000 0.000000
vn 0.000000 1.000000 0.000000
vn 0.000000 1.000000 0.000000
vn 0.000000 1.000000 0.000000
vn 0.000000 1.000000 0.000000
vn 0.000000 1.000000 0.000000
vn 0.000000 1.000000 0.000000
vn 0.000000 1.000000 0.000000
vn 0.000000 1.000000 0.000000
vn 0.000000 1.000000 0.000000
vn 0.000000 1.000000 0.000000
vn 0.000000 1.000000 0.000000
vn 0.000000 1.000000 0.000000
vn 0.000000 1.000000 0.000000
vn 0.000000 1.000000 0.000000
vn 0.000000 1.000000 0.000000
vn 0.000000 1.000000 0.000000
vn 0.000000 1.000000 0.000000
vn 0.000000 1.000000 0.000000
vn 0.000000 1.000000 0.000000
vn 0.000000 1.000000 0.000000
vn 0.000000 1.000000 0.000000
vn 0.000000 1.000000 0.000000
vn 0.000000 1.000000 0.000000
vn 0.000000 1.000000 0.000000
vn 0.000000 1.000000 0.000000
vn 0.000000 1.000000 0.000000
vn 0.000000 1.000000 0.000000
vn 0.000000 1.000000 0.000000
vn 0.000000 1.000000 0.000000
vn 0.000000 1.000000 0.000000
vn 0.000000 1.000000 0.000000
vn 0.000000 1.000000 0.000000
vn 0.000000 1.000000 0.000000
vn 0.000000 1.000000 0.000000
vn 0.000000 1.000000 0.000000
vn 0.000000 1.000000 0.000000
vn 0.000000 1.000000 0.000000
vn 0.000000 1.000000 0.000000
vn 0.000000 1.000000 0.000000
vn 0.000000 1.000000 0.000000
vn 0.000000 1.000000 0.000000
vn 0.000000 1.000000 0.000000
vn 0.000000 1.000000 0.000000
vn 0.000000 1.000000 0.000000
vn 0.000000 1.000000 0.000000
vn 0.000000 1.000000 0.000000
vn 0.000000 1.000000 0.000000
vn 0.000000 1.000000 0.000000
vn 0.000000 1.000000 0.000000
vn 0.000000 1.000000 0.000000
vn 0.000000 1.000000 0.000000
vn 0.000000 1.000000 0.000000
vn 0.000000 1.000000 0.000000
vn 0.000000 1.000000 0.000000
vn 0.000000 1.000000 0.000000
vn 0.000000 1.000000 0.000000
vn 0.000000 1.000000 0.000000
vn 0.000000 1.000000 0.000000
vn 0.000000 1.000000 0.000000
vn 0.000000 1.000000 0.000000
vn 0.000000 1.000000 0.000000
vn 0.000000 1.000000 0.000000
vn 0.000000 1.000000 0.000000
vn 0.000000 1.000000 0.000000
vn 0.000000 1.000000 0.000000
vn 0.000000 1.000000 0.000000
vn 0.000000 1.000000 0.000000
vn 0.000000 1.000000 0.000000
vn 0.000000 1.000000 0.000000
vn 0.000000 1.000000 0.000000
vn 0.000000 1.000000 0.000000
vn 0.000000 1.000000 0.000000
vn 0.000000 1.000000 0.000000
vn 0.000000 1.000000 0.000000
vn 0.000000 1.000000 0.000000
vn 0.000000 1.000000 0.000000
vn 0.000000 1.000000 0.000000
vn 0.000000 1.000000 0.000000
vn 0.000000 1.000000 0.000000
vn 0.000000 1.000000 0.000000
vn 0.000000 1.000000 0.000000
vn 0.000000 1.000000 0.000000
vn 0.000000 1.000000 0.000000
vn 0.000000 1.000000 0.000000
vn 0.000000 1.000000 0.000000
vn 0.000000 1.000000 0.000000
vn 0.000000 1.000000 0.000000
vn 0.000000 1.000000 0.000000
vn 0.000000 1.000000 0.000000
vn 0.000000 1.000000 0.000000
vn 0.000000 1.000000 0.000000
vn 0.000000 1.000000 0.000000
vn 0.000000 1.000000 0.000000
vn 0.000000 1.000000 0.000000
vn 0.000000 1.000000 0.000000
vn 0.000000 1.000000 0.000000
vn 0.000000 1.000000 0.000000
vn 0.000000 1.000000 0.000000
vn 0.000000 1.000000 0.000000
vn 0.000000 1.000000 0.000000
vn 0.000000 1.000000 0.000000
vn 0.000000 1.000000 0.000000
vn 0.000000 1.000000 0.000000
vn 0.000000 1.000000 0.000000
vn 0.000000 1.000000 0.000000
vn 0.000000 1.000000 0.000000
vn 0.000000 1.000000 0.000000
vn 0.000000 1.000000 0.000000
vn 0.000000 1.000000 0.000000
vn 0.000000 1.000000 0.000000
vn 0.000000 1.000000 0.000000
vn 0.000000 1.000000 0.000000
vn 0.000000 1.000000 0.000000
vn 0.000000 1.000000 0.000000
vn 0.000000 1.000000 0.000000
vn 0.000000 1.000000 0.000000
vn 0.000000 1.000000 0.000000
vn 0.000000 1.000000 0.000000
vn 0.000000 1.000000 0.000000
vn 0.000000 1.000000 0.000000
vn 0.000000 1.000000 0.000000
vn 0.000000 1.000000 0.000000
vn 0.000000 1.000000 0.000000
vn 0.000000 1.000000 0.000000
vn 0.000000 1.000000 0.000000
vn 0.000000 1.000000 0.000000
vn 0.000000 1.000000 0.000000
vn 0.000000 1.000000 0.000000
vn 0.000000 1.000000 0.000000
vn 0.000000 1.000000 0.000000
vn 0.000000 1.000000 0.000000
vn 0.000000 1.000000 0.000000
vn 0.000000 1.000000 0.000000
vn 0.000000 1.000000 0.000000
vn 0.000000 1.000000 0.000000
vn 0.000000 1.000000 0.000000
vn 0.000000 1.000000 0.000000
vn 0.000000 1.000000 0.000000
vn 0.000000 1.000000 0.000000
vn 0.000000 1.000000 0.000000
vn 0.000000 1.000000 0.000000
vn 0.000000 1.000000 0.000000
vn 0.000000 1.000000 0.000000
vn 0.000000 1.000000 0.000000
vn 0.000000 1.000000 0.000000
vn 0.000000 1.000000 0.000000
vn 0.000000 1.000000 0.000000
vn 0.000000 1.000000 0.000000
vn 0.000000 1.000000 0.000000
vn 0.000000 1.000000 0.000000
vn 0.000000 1.000000 0.000000
vn 0.000000 1.000000 0.000000
vn 0.000000 1.000000 0.000000
vn 0.000000 1.000000 0.000000
vn 0.000000 1.000000 0.000000
vn 0.000000 1.000000 0.000000
vn 0.000000 1.000000 0.000000
vn 0.000000 1.000000 0.000000
vn 0.000000 1.000000 0.000000
vn 0.000000 1.000000 0.000000
vn 0.000000 1.000000 0.000000
vn 0.000000 1.000000 0.000000
vn 0.000000 1.000000 0.000000
vn 0.000000 1.000000 0.000000
vn 0.000000 1.000000 0.000000
vn 0.000000 1.000000 0.000000
vn 0.000000 1.000000 0.000000
vn 0.000000 1.000000 0.000000
vn 0.000000 1.000000 0.000000
vn 0.000000 1.000000 0.000000
vn 0.000000 1.000000 0.000000
vn 0.000000 1.000000 0.000000
vn 0.000000 1.000000 0.000000
vn 0.000000 1.000000 0.000000
vn 0.000000 1.000000 0.000000
vn 0.000000 1.000000 0.000000
vn 0.000000 1.000000 0.000000
vn 0.000000 1.000000 0.000000
vn 0.000000 1.000000 0.000000
vn 0.000000 1.000000 0.000000
vn 0.000000 1.000000 0.000000
vn 0.000000 1.000000 0.000000
vn 0.000000 1.000000 0.000000
vn 0.000000 1.000000 0.000000
vn 0.000000 1.000000 0.000000
vn 0.000000 1.000000 0.000000
vn 0.000000 1.000000 0.000000
vn 0.000000 1.000000 0.000000
vn 0.000000 1.000000 0.000000
vn 0.000000 1.000000 0.000000
vn 0.000000 1.000000 0.000000
vn 0.000000 1.000000 0.000000
vn 0.000000 1.000000 0.000000
vn 0.000000 1.000000 0.000000
vn 0.000000 1.000000 0.000000
vn 0.000000 1.000000 0.000000
vn 0.000000 1.000000 0.000000
vn 0.000000 1.000000 0.000000
vn 0.000000 1.000000 0.000000
vn 0.000000 1.000000 0.000000
vn 0.000000 1.000000 0.000000
vn 0.000000 1.000000 0.000000
vn 0.000000 1.000000 0.000000
vn 0.000000 1.000000 0.000000
vn 0.000000 1.000000 0.000000
vn 0.000000 1.000000 0.000000
vn 0.000000 1.000000 0.000000
vn 0.000000 1.000000 0.000000
vn 0.000000 1.000000 0.000000
vn 0.000000 1.000000 0.000000
vn 0.000000 1.000000 0.000000
vn 0.000000 1.000000 0.000000
vn 0.000000 1.000000 0.000000
vn 0.000000 1.000000 0.000000
vn 0.000000 1.000000 0.000000
vn 0.000000 1.000000 0.000000
vn 0.000000 1.000000 0.000000
vn 0.000000 1.000000 0.000000
vn 0.000000 1.000000 0.000000
vn 0.000000 1.000000 0.000000
vn 0.000000 1.000000 0.000000
vn 0.000000 1.000000 0.000000
vn 0.000000 1.000000 0.000000
vn 0.000000 1.000000 0.000000
vn 0.000000 1.000000 0.000000
vn 0.000000 1.000000 0.000000
vn 0.000000 1.000000 0.000000
vn 0.000000 1.000000 0.000000
vn 0.000000 1.000000 0.000000
vn 0.000000 1.000000 0.000000
vn 0.000000 1.000000 0.000000
vn 0.000000 1.000000 0.000000
vn 0.000000 1.000000 0.000000
vn 0.000000 1.000000 0.000000
vn 0.000000 1.000000 0.000000
vn 0.000000 1.000000 0.000000
vn 0.000000 1.000000 0.000000
vn 0.000000 1.000000 0.000000
vn 0.000000 1.000000 0.000000
vn 0.000000 1.000000 0.000000
vn 0.000000 1.000000 0.000000
vn 0.000000 1.000000 0.000000
vn 0.000000 1.000000 0.000000
vn 0.000000 1.000000 0.000000
vn 0.000000 1.000000 0.000000
vn 0.000000 1.000000 0.000000
vn 0.000000 1.000000 0.000000
vn 0.000000 1.000000 0.000000
vn 0.000000 1.000000 0.000000
vn 0.000000 1.000000 0.000000
vn 0.000000 1.000000 0.000000
vn 0.000000 1.000000 0.000000
vn 0.000000 1.000000 0.000000
vn 0.000000 1.000000 0.000000
vn 0.000000 1.000000 0.000000
vn 0.000000 1.000000 0.000000
vn 0.000000 1.000000 0.000000
vn 0.000000 1.000000 0.000000
vn 0.000000 1.000000 0.000000
vn 0.000000 1.000000 0.000000
vn 0.000000 1.000000 0.000000
vn 0.000000 1.000000 0.000000
vn 0.000000 1.000000 0.000000
vn 0.000000 1.000000 0.000000
vn 0.000000 1.000000 0.000000
vn 0.000000 1.000000 0.000000
vn 0.000000 1.000000 0.000000
vn 0.000000 1.000000 0.000000
vn 0.000000 1.000000 0.000000
vn 0.000000 1.000000 0.000000
vn 0.000000 1.000000 0.000000
vn 0.000000 1.000000 0.000000
vn 0.000000 1.000000 0.000000
vn 0.000000 1.000000 0.000000
vn 0.000000 1.000000 0.000000
vn 0.000000 1.000000 0.000000
vn 0.000000 1.000000 0.000000
vn 0.000000 1.000000 0.000000
vn 0.000000 1.000000 0.000000
vn 0.000000 1.000000 0.000000
vn 0.000000 1.000000 0.000000
vn 0.000000 1.000000 0.000000
vn 0.000000 1.000000 0.000000
vn 0.000000 1.000000 0.000000
vn 0.000000 1.000000 0.000000
vn 0.000000 1.000000 0.000000
vn 0.000000 1.000000 0.000000
vn 0.000000 1.000000 0.000000
vn 0.000000 1.000000 0.000000
vn 0.000000 1.000000 0.000000
vn 0.000000 1.000000 0.000000
vn 0.000000 1.000000 0.000000
vn 0.000000 1.000000 0.000000
vn 0.000000 1.000000 0.000000
vn 0.000000 1.000000 0.000000
vn 0.000000 1.000000 0.000000
vn 0.000000 1.000000 0.000000
vn 0.000000 1.000000 0.000000
vn 0.000000 1.000000 0.000000
vn 0.000000 1.000000 0.000000
vn 0.000000 1.000000 0.000000
vn 0.000000 1.000000 0.000000
vn 0.000000 1.000000 0.000000
vn 0.000000 1.000000 0.000000
vn 0.000000 1.000000 0.000000
vn 0.000000 1.000000 0.000000
vn 0.000000 1.000000 0.000000
vn 0.000000 1.000000 0.000000
vn 0.000000 1.000000 0.000000
vn 0.000000 1.000000 0.000000
vn 0.000000 1.000000 0.000000
vn 0.000000 1.000000 0.000000
vn 0.000000 1.000000 0.000000
vn 0.000000 1.000000 0.000000
vn 0.000000 1.000000 0.000000
vn 0.000000 1.000000 0.000000
vn 0.000000 1.000000 0.000000
vn 0.000000 1.000000 0.000000
vn 0.000000 1.000000 0.000000
vn 0.000000 1.000000 0.000000
vn 0.000000 1.000000 0.000000
vn 0.000000 1.000000 0.000000
vn 0.000000 1.000000 0.000000
vn 0.000000 1.000000 0.000000
vn 0.000000 1.000000 0.000000
vn 0.000000 1.000000 0.000000
vn 0.000000 1.000000 0.000000
vn 0.000000 1.000000 0.000000
vn 0.000000 1.000000 0.000000
vn 0.000000 1.000000 0.000000
vn 0.000000 1.000000 0.000000
vn 0.000000 1.000000 0.000000
vn 0.000000 1.000000 0.000000
vn 0.000000 1.000000 0.000000
vn 0.000000 1.000000 0.000000
vn 0.000000 1.000000 0.000000
vn 0.000000 1.000000 0.000000
vn 0.000000 1.000000 0.000000
vn 0.000000 1.000000 0.000000
vn 0.000000 1.000000 0.000000
vn 0.000000 1.000000 0.000000
vn 0.000000 1.000000 0.000000
vn 0.000000 1.000000 0.000000
vn 0.000000 1.000000 0.000000
vn 0.000000 1.000000 0.000000
vn 0.000000 1.000000 0.000000
vn 0.000000 1.000000 0.000000
vn 0.000000 1.000000 0.000000
vn 0.000000 1.000000 0.000000
vn 0.000000 1.000000 0.000000
vn 0.000000 1.000000 0.000000
vn 0.000000 1.000000 0.000000
vn 0.000000 1.000000 0.000000
vn 0.000000 1.000000 0.000000
vn 0.000000 1.000000 0.000000
vn 0.000000 1.000000 0.000000
vn 0.000000 1.000000 0.000000
vn 0.000000 1.000000 0.000000
vn 0.000000 1.000000 0.000000
vn 0.000000 1.000000 0.000000
vn 0.000000 1.000000 0.000000
vn 0.000000 1.000000 0.000000
vn 0.000000 1.000000 0.000000
vn 0.000000 1.000000 0.000000
vn 0.000000 1.000000 0.000000
vn 0.000000 1.000000 0.000000
vn 0.000000 1.000000 0.000000
vn 0.000000 1.000000 0.000000
vn 0.000000 1.000000 0.000000
vn 0.000000 1.000000 0.000000
vn 0.000000 1.000000 0.000000
vn 0.000000 1.000000 0.000000
vn 0.000000 1.000000 0.000000
vn 0.000000 1.000000 0.000000
vn 0.000000 1.000000 0.000000
vn 0.000000 1.000000 0.000000
vn 0.000000 1.000000 0.000000
vn 0.000000 1.000000 0.000000
vn 0.000000 1.000000 0.000000
vn 0.000000 1.000000 0.000000
vn 0.000000 1.000000 0.000000
vn 0.000000 1.000000 0.000000
vn 0.000000 1.000000 0.000000
vn 0.000000 1.000000 0.000000
vn 0.000000 1.000000 0.000000
vn 0.000000 1.000000 0.000000
vn 0.000000 1.000000 0.000000
vn 0.000000 1.000000 0.000000
vn 0.000000 1.000000 0.000000
vn 0.000000 1.000000 0.000000
vn 0.000000 1.000000 0.000000
vn 0.000000 1.000000 0.000000
vn 0.000000 1.000000 0.000000
vn 0.000000 1.000000 0.000000
vn 0.000000 1.000000 0.000000
vn 0.000000 1.000000 0.000000
vn 0.000000 1.000000 0.000000
vn 0.000000 1.000000 0.000000
vn 0.000000 1.000000 0.000000
vn 0.000000 1.000000 0.000000
vn 0.000000 1.000000 0.000000
vn 0.000000 1.000000 0.000000
vn 0.000000 1.000000 0.000000
vn 0.000000 1.000000 0.000000
vn 0.000000 1.000000 0.000000
vn 0.000000 1.000000 0.000000
vn 0.000000 1.000000 0.000000
vn 0.000000 1.000000 0.000000
vn 0.000000 1.000000 0.000000
vn 0.000000 1.000000 0.000000
vn 0.000000 1.000000 0.000000
vn 0.000000 1.000000 0.000000
vn 0.000000 1.000000 0.000000
vn 0.000000 1.000000 0.000000
vn 0.000000 1.000000 0.000000
vn 0.000000 1.000000 0.000000
vn 0.000000 1.000000 0.000000
vn 0.000000 1.000000 0.000000
vn 0.000000 1.000000 0.000000
vn 0.000000 1.000000 0.000000
vn 0.000000 1.000000 0.000000
vn 0.000000 1.000000 0.000000
vn 0.000000 1.000000 0.000000
vn 0.000000 1.000000 0.000000
vn 0.000000 1.000000 0.000000
vn 0.000000 1.000000 0.000000
vn 0.000000 1.000000 0.000000
vn 0.000000 1.000000 0.000000
vn 0.000000 1.000000 0.000000
vn 0.000000 1.000000 0.000000
vn 0.000000 1.000000 0.000000
vn 0.000000 1.000000 0.000000
vn 0.000000 1.000000 0.000000
vn 0.000000 1.000000 0.000000
vn 0.000000 1.000000 0.000000
vn 0.000000 1.000000 0.000000
vn 0.000000 1.000000 0.000000
vn 0.000000 1.000000 0.000000
vn 0.000000 1.000000 0.000000
vn 0.000000 1.000000 0.000000
vn 0.000000 1.000000 0.000000
vn 0.000000 1.000000 0.000000
vn 0.000000 1.000000 0.000000
vn 0.000000 1.000000 0.000000
vn 0.000000 1.000000 0.000000
vn 0.000000 1.000000 0.000000
vn 0.000000 1.000000 0.000000
vn 0.000000 1.000000 0.000000
vn 0.000000 1.000000 0.000000
vn 0.000000 1.000000 0.000000
vn 0.000000 1.000000 0.000000
vn 0.000000 1.000000 0.000000
vn 0.000000 1.000000 0.000000
vn 0.000000 1.000000 0.000000
vn 0.000000 1.000000 0.000000
vn 0.000000 1.000000 0.000000
vn 0.000000 1.000000 0.000000
vn 0.000000 1.000000 0.000000
vn 0.000000 1.000000 0.000000
vn 0.000000 1.000000 0.000000
vn 0.000000 1.000000 0.000000
vn 0.000000 1.000000 0.000000
vn 0.000000 1.000000 0.000000
vn 0.000000 1.000000 0.000000
vn 0.000000 1.000000 0.000000
vn 0.000000 1.000000 0.000000
vn 0.000000 1.000000 0.000000
vn 0.000000 1.000000 0.000000
vn 0.000000 1.000000 0.000000
vn 0.000000 1.000000 0.000000
vn 0.000000 1.000000 0.000000
vn 0.000000 1.000000 0.000000
vn 0.000000 1.000000 0.000000
vn 0.000000 1.000000 0.000000
vn 0.000000 1.000000 0.000000
vn 0.000000 1.000000 0.000000
vn 0.000000 1.000000 0.000000
vn 0.000000 1.000000 0.000000
vn 0.000000 1.000000 0.000000
vn 0.000000 1.000000 0.000000
vn 0.000000 1.000000 0.000000
vn 0.000000 1.000000 0.000000
vn 0.000000 1.000000 0.000000
vn 0.000000 1.000000 0.000000
vn 0.000000 1.000000 0.000000
vn 0.000000 1.000000 0.000000
vn 0.000000 1.000000 0.000000
vn 0.000000 1.000000 0.000000
vn 0.000000 1.000000 0.000000
vn 0.000000 1.000000 0.000000
vn 0.000000 1.000000 0.000000
vn 0.000000 1.000000 0.000000
vn 0.000000 1.000000 0.000000
vn 0.000000 1.000000 0.000000
vn 0.000000 1.000000 0.000000
vn 0.000000 1.000000 0.000000
vn 0.000000 1.000000 0.000000
vn 0.000000 1.000000 0.000000
vn 0.000000 1.000000 0.000000
vn 0.000000 1.000000 0.000000
vn 0.000000 1.000000 0.000000
vn 0.000000 1.000000 0.000000
vn 0.000000 1.000000 0.000000
vn 0.000000 1.000000 0.000000
vn 0.000000 1.000000 0.000000
vn 0.000000 1.000000 0.000000
vn 0.000000 1.000000 0.000000
vn 0.000000 1.000000 0.000000
vn 0.000000 1.000000 0.000000
vn 0.000000 1.000000 0.000000
vn 0.000000 1.000000 0.000000
vn 0.000000 1.000000 0.000000
vn 0.000000 1.000000 0.000000
vn 0.000000 1.000000 0.000000
vn 0.000000 1.000000 0.000000
vn 0.000000 1.000000 0.000000
vn 0.000000 1.000000 0.000000
vn 0.000000 1.000000 0.000000
vn 0.000000 1.000000 0.000000
vn 0.000000 1.000000 0.000000
vn 0.000000 1.000000 0.000000
vn 0.000000 1.000000 0.000000
vn 0.000000 1.000000 0.000000
vn 0.000000 1.000000 0.000000
vn 0.000000 1.000000 0.000000
vn 0.000000 1.000000 0.000000
vn 0.000000 1.000000 0.000000
vn 0.000000 1.000000 0.000000
vn 0.000000 1.000000 0.000000
vn 0.000000 1.000000 0.000000
vn 0.000000 1.000000 0.000000
vn 0.000000 1.000000 0.000000
vn 0.000000 1.000000 0.000000
vn 0.000000 1.000000 0.000000
vn 0.000000 1.000000 0.000000
vn 0.000000 1.000000 0.000000
vn 0.000000 1.000000 0.000000
vn 0.000000 1.000000 0.000000
vn 0.000000 1.000000 0.000000
vn 0.000000 1.000000 0.000000
vn 0.000000 1.000000 0.000000
vn 0.000000 1.000000 0.000000
vn 0.000000 1.000000 0.000000
vn 0.000000 1.000000 0.000000
vn 0.000000 1.000000 0.000000
vn 0.000000 1.000000 0.000000
vn 0.000000 1.000000 0.000000
vn 0.000000 1.000000 0.000000
vn 0.000000 1.000000 0.000000
vn 0.000000 1.000000 0.000000
vn 0.000000 1.000000 0.000000
vn 0.000000 1.000000 0.000000
vn 0.000000 1.000000 0.000000
vn 0.000000 1.000000 0.000000
vn 0.000000 1.000000 0.000000
vn 0.000000 1.000000 0.000000
vn 0.000000 1.000000 0.000000
vn 0.000000 1.000000 0.000000
vn 0.000000 1.000000 0.000000
vn 0.000000 1.000000 0.000000
vn 0.000000 1.000000 0.000000
vn 0.000000 1.000000 0.000000
vn 0.000000 1.000000 0.000000
vn 0.000000 1.000000 0.000000
vn 0.000000 1.000000 0.000000
vn 0.000000 1.000000 0.000000
vn 0.000000 1.000000 0.000000
vn 0.000000 1.000000 0.000000
vn 0.000000 1.000000 0.000000
vn 0.000000 1.000000 0.000000
vn 0.000000 1.000000 0.000000
vn 0.000000 1.000000 0.000000
vn 0.000000 1.000000 0.000000
vn 0.000000 1.000000 0.000000
vn 0.000000 1.000000 0.000000
vn 0.000000 1.000000 0.000000
vn 0.000000 1.000000 0.000000
vn 0.000000 1.000000 0.000000
vn 0.000000 1.000000 0.000000
vn 0.000000 1.000000 0.000000
vn 0.000000 1.000000 0.000000
vn 0.000000 1.000000 0.000000
vn 0.000000 1.000000 0.000000
vn 0.000000 1.000000 0.000000
vn 0.000000 1.000000 0.000000
vn 0.000000 1.000000 0.000000
vn 0.000000 1.000000 0.000000
vn 0.000000 1.000000 0.000000
vn 0.000000 1.000000 0.000000
vn 0.000000 1.000000 0.000000
vn 0.000000 1.000000 0.000000
vn 0.000000 1.000000 0.000000
vn 0.000000 1.000000 0.000000
vn 0.000000 1.000000 0.000000
vn 0.000000 1.000000 0.000000
vn 0.000000 1.000000 0.000000
vn 0.000000 1.000000 0.000000
vn 0.000000 1.000000 0.000000
vn 0.000000 1.000000 0.000000
vn 0.000000 1.000000 0.000000
vn 0.000000 1.000000 0.000000
vn 0.000000 1.000000 0.000000
vn 0.000000 1.000000 0.000000
vn 0.000000 1.000000 0.000000
vn 0.000000 1.000000 0.000000
vn 0.000000 1.000000 0.000000
vn 0.000000 1.000000 0.000000
vn 0.000000 1.000000 0.000000
vn 0.000000 1.000000 0.000000
vn 0.000000 1.000000 0.000000
vn 0.000000 1.000000 0.000000
vn 0.000000 1.000000 0.000000
vn 0.000000 1.000000 0.000000
vn 0.000000 1.000000 0.000000
vn 0.000000 1.000000 0.000000
vn 0.000000 1.000000 0.000000
vn 0.000000 1.000000 0.000000
vn 0.000000 1.000000 0.000000
vn 0.000000 1.000000 0.000000
vn 0.000000 1.000000 0.000000
vn 0.000000 1.000000 0.000000
vn 0.000000 1.000000 0.000000
vn 0.000000 1.000000 0.000000
vn 0.000000 1.000000 0.000000
vn 0.000000 1.000000 0.000000
vn 0.000000 1.000000 0.000000
vn 0.000000 1.000000 0.000000
vn 0.000000 1.000000 0.000000
vn 0.000000 1.000000 0.000000
vn 0.000000 1.000000 0.000000
vn 0.000000 1.000000 0.000000
vn 0.000000 1.000000 0.000000
vn 0.000000 1.000000 0.000000
vn 0.000000 1.000000 0.000000
vn 0.000000 1.000000 0.000000
vn 0.000000 1.000000 0.000000
vn 0.000000 1.000000 0.000000
vn 0.000000 1.000000 0.000000
vn 0.000000 1.000000 0.000000
vn 0.000000 1.000000 0.000000
vn 0.000000 1.000000 0.000000
vn 0.000000 1.000000 0.000000
vn 0.000000 1.000000 0.000000
vn 0.000000 1.000000 0.000000
vn 0.000000 1.000000 0.000000
vn 0.000000 1.000000 0.000000
vn 0.000000 1.000000 0.000000
vn 0.000000 1.000000 0.000000
vn 0.000000 1.000000 0.000000
vn 0.000000 1.000000 0.000000
vn 0.000000 1.000000 0.000000
vn 0.000000 1.000000 0.000000
vn 0.000000 1.000000 0.000000
vn 0.000000 1.000000 0.000000
vn 0.000000 1.000000 0.000000
vn 0.000000 1.000000 0.000000
vn 0.000000 1.000000 0.000000
vn 0.000000 1.000000 0.000000
vn 0.000000 1.000000 0.000000
vn 0.000000 1.000000 0.000000
vn 0.000000 1.000000 0.000000
vn 0.000000 1.000000 0.000000
vn 0.000000 1.000000 0.000000
vn 0.000000 1.000000 0.000000
vn 0.000000 1.000000 0.000000
vn 0.000000 1.000000 0.000000
vn 0.000000 1.000000 0.000000
vn 0.000000 1.000000 0.000000
vn 0.000000 1.000000 0.000000
vn 0.000000 1.000000 0.000000
vn 0.000000 1.000000 0.000000
vn 0.000000 1.000000 0.000000
vn 0.000000 1.000000 0.000000
vn 0.000000 1.000000 0.000000
vn 0.000000 1.000000 0.000000
vn 0.000000 1.000000 0.000000
vn 0.000000 1.000000 0.000000
vn 0.000000 1.000000 0.000000
vn 0.000000 1.000000 0.000000
vn 0.000000 1.000000 0.000000
vn 0.000000 1.000000 0.000000
vn 0.000000 1.000000 0.000000
vn 0.000000 1.000000 0.000000
vn 0.000000 1.000000 0.000000
vn 0.000000 1.000000 0.000000
vn 0.000000 1.000000 0.000000
vn 0.000000 1.000000 0.000000
vn 0.000000 1.000000 0.000000
vn 0.000000 1.000000 0.000000
vn 0.000000 1.000000 0.000000
vn 0.000000 1.000000 0.000000
vn 0.000000 1.000000 0.000000
vn 0.000000 1.000000 0.000000
vn 0.000000 1.000000 0.000000
vn 0.000000 1.000000 0.000000
vn 0.000000 1.000000 0.000000
vn 0.000000 1.000000 0.000000
vn 0.000000 1.000000 0.000000
vn 0.000000 1.000000 0.000000
vn 0.000000 1.000000 0.000000
vn 0.000000 1.000000 0.000000
vn 0.000000 1.000000 0.000000
vn 0.000000 1.000000 0.000000
vn 0.000000 1.000000 0.000000
vn 0.000000 1.000000 0.000000
vn 0.000000 1.000000 0.000000
vn 0.000000 1.000000 0.000000
vn 0.000000 1.000000 0.000000
vn 0.000000 1.000000 0.000000
vn 0.000000 1.000000 0.000000
vn 0.000000 1.000000 0.000000
vn 0.000000 1.000000 0.000000
vn 0.000000 1.000000 0.000000
vn 0.000000 1.000000 0.000000
vn 0.000000 1.000000 0.000000
vn 0.000000 1.000000 0.000000
vn 0.000000 1.000000 0.000000
vn 0.000000 1.000000 0.000000
vn 0.000000 1.000000 0.000000
vn 0.000000 1.000000 0.000000
vn 0.000000 1.000000 0.000000
vn 0.000000 1.000000 0.000000
vn 0.000000 1.000000 0.000000
vn 0.000000 1.000000 0.000000
vn 0.000000 1.000000 0.000000
vn 0.000000 1.000000 0.000000
vn 0.000000 1.000000 0.000000
vn 0.000000 1.000000 0.000000
vn 0.000000 1.000000 0.000000
vn 0.000000 1.000000 0.000000
vn 0.000000 1.000000 0.000000
vn 0.000000 1.000000 0.000000
vn 0.000000 1.000000 0.000000
vn 0.000000 1.000000 0.000000
vn 0.000000 1.000000 0.000000
vn 0.000000 1.000000 0.000000
vn 0.000000 1.000000 0.000000
vn 0.000000 1.000000 0.000000
vn 0.000000 1.000000 0.000000
vn 0.000000 1.000000 0.000000
vn 0.000000 1.000000 0.000000
vn 0.000000 1.000000 0.000000
vn 0.000000 1.000000 0.000000
vn 0.000000 1.000000 0.000000
vn 0.000000 1.000000 0.000000
vn 0.000000 1.000000 0.000000
vn 0.000000 1.000000 0.000000
vn 0.000000 1.000000 0.000000
vn 0.000000 1.000000 0.000000
vn 0.000000 1.000000 0.000000
vn 0.000000 1.000000 0.000000
vn 0.000000 1.000000 0.000000
vn 0.000000 1.000000 0.000000
vn 0.000000 1.000000 0.000000
vn 0.000000 1.000000 0.000000
vn 0.000000 1.000000 0.000000
vn 0.000000 1.000000 0.000000
vn 0.000000 1.000000 0.000000
vn 0.000000 1.000000 0.000000
vn 0.000000 1.000000 0.000000
vn 0.000000 1.000000 0.000000
vn 0.000000 1.000000 0.000000
vn 0.000000 1.000000 0.000000
vn 0.000000 1.000000 0.000000
vn 0.000000 1.000000 0.000000
vn 0.000000 1.000000 0.000000
vn 0.000000 1.000000 0.000000
vn 0.000000 1.000000 0.000000
vn 0.000000 1.000000 0.000000
vn 0.000000 1.000000 0.000000
vn 0.000000 1.000000 0.000000
vn 0.000000 1.000000 0.000000
vn 0.000000 1.000000 0.000000
vn 0.000000 1.000000 0.000000
vn 0.000000 1.000000 0.000000
vn 0.000000 1.000000 0.000000
vn 0.000000 1.000000 0.000000
vn 0.000000 1.000000 0.000000
vn 0.000000 1.000000 0.000000
vn 0.000000 1.000000 0.000000
vn 0.000000 1.000000 0.000000
vn 0.000000 1.000000 0.000000
vn 0.000000 1.000000 0.000000
vn 0.000000 1.000000 0.000000
vn 0.000000 1.000000 0.000000
vn 0.000000 1.000000 0.000000
vn 0.000000 1.000000 0.000000
vn 0.000000 1.000000 0.000000
vn 0.000000 1.000000 0.000000
vn 0.000000 1.000000 0.000000
vn 0.000000 1.000000 0.000000
vn 0.000000 1.000000 0.000000
vn 0.000000 1.000000 0.000000
vn 0.000000 1.000000 0.000000
vn 0.000000 1.000000 0.000000
vn 0.000000 1.000000 0.000000
vn 0.000000 1.000000 0.000000
vn 0.000000 1.000000 0.000000
vn 0.000000 1.000000 0.000000
vn 0.000000 1.000000 0.000000
vn 0.000000 1.000000 0.000000
vn 0.000000 1.000000 0.000000
vn 0.000000 1.000000 0.000000
vn 0.000000 1.000000 0.000000
vn 0.000000 1.000000 0.000000
vn 0.000000 1.000000 0.000000
vn 0.000000 1.000000 0.000000
vn 0.000000 1.000000 0.000000
vn 0.000000 1.000000 0.000000
vn 0.000000 1.000000 0.000000
vn 0.000000 1.000000 0.000000
vn 0.000000 1.000000 0.000000
vn 0.000000 1.000000 0.000000
vn 0.000000 1.000000 0.000000
vn 0.000000 1.000000 0.000000
vn 0.000000 1.000000 0.000000
vn 0.000000 1.000000 0.000000
vn 0.000000 1.000000 0.000000
vn 0.000000 1.000000 0.000000
vn 0.000000 1.000000 0.000000
vn 0.000000 1.000000 0.000000
vn 0.000000 1.000000 0.000000
vn 0.000000 1.000000 0.000000
vn 0.000000 1.000000 0.000000
vn 0.000000 1.000000 0.000000
vn 0.000000 1.000000 0.000000
vn 0.000000 1.000000 0.000000
vn 0.000000 1.000000 0.000000
vn 0.000000 1.000000 0.000000
vn 0.000000 1.000000 0.000000
vn 0.000000 1.000000 0.000000
vn 0.000000 1.000000 0.000000
vn 0.000000 1.000000 0.000000
vn 0.000000 1.000000 0.000000
vn 0.000000 1.000000 0.000000
vn 0.000000 1.000000 0.000000
vn 0.000000 1.000000 0.000000
vn 0.000000 1.000000 0.000000
vn 0.000000 1.000000 0.000000
vn 0.000000 1.000000 0.000000
vn 0.000000 1.000000 0.000000
vn 0.000000 1.000000 0.000000
vn 0.000000 1.000000 0.000000
vn 0.000000 1.000000 0.000000
vn 0.000000 1.000000 0.000000
vn 0.000000 1.000000 0.000000
vn 0.000000 1.000000 0.000000
vn 0.000000 1.000000 0.000000
vn 0.000000 1.000000 0.000000
vn 0.000000 1.000000 0.000000
vn 0.000000 1.000000 0.000000
vn 0.000000 1.000000 0.000000
vn 0.000000 1.000000 0.000000
vn 0.000000 1.000000 0.000000
vn 0.000000 1.000000 0.000000
vn 0.000000 1.000000 0.000000
vn 0.000000 1.000000 0.000000
vn 0.000000 1.000000 0.000000
vn 0.000000 1.000000 0.000000
vn 0.000000 1.000000 0.000000
vn 0.000000 1.000000 0.000000
vn 0.000000 1.000000 0.000000
vn 0.000000 1.000000 0.000000
vn 0.000000 1.000000 0.000000
vn 0.000000 1.000000 0.000000
vn 0.000000 1.000000 0.000000
vn 0.000000 1.000000 0.000000
vn 0.000000 1.000000 0.000000
vn 0.000000 1.000000 0.000000
vn 0.000000 1.000000 0.000000
vn 0.000000 1.000000 0.000000
vn 0.000000 1.000000 0.000000
vn 0.000000 1.000000 0.000000
vn 0.000000 1.000000 0.000000
vn 0.000000 1.000000 0.000000
vn 0.000000 1.000000 0.000000
vn 0.000000 1.000000 0.000000
vn 0.000000 1.000000 0.000000
vn 0.000000 1.000000 0.000000
vn 0.000000 1.000000 0.000000
vn 0.000000 1.000000 0.000000
vn 0.000000 1.000000 0.000000
vn 0.000000 1.000000 0.000000
vn 0.000000 1.000000 0.000000
vn 0.000000 1.000000 0.000000
vn 0.000000 1.000000 0.000000
vn 0.000000 1.000000 0.000000
vn 0.000000 1.000000 0.000000
vn 0.000000 1.000000 0.000000
vn 0.000000 1.000000 0.000000
vn 0.000000 1.000000 0.000000
vn 0.000000 1.000000 0.000000
vn 0.000000 1.000000 0.000000
vn 0.000000 1.000000 0.000000
vn 0.000000 1.000000 0.000000
vn 0.000000 1.000000 0.000000
vn 0.000000 1.000000 0.000000
vn 0.000000 1.000000 0.000000
vn 0.000000 1.000000 0.000000
vn 0.000000 1.000000 0.000000
vn 0.000000 1.000000 0.000000
vn 0.000000 1.000000 0.000000
vn 0.000000 1.000000 0.000000
vn 0.000000 1.000000 0.000000
vn 0.000000 1.000000 0.000000
vn 0.000000 1.000000 0.000000
vn 0.000000 1.000000 0.000000
vn 0.000000 1.000000 0.000000
vn 0.000000 1.000000 0.000000
vn 0.000000 1.000000 0.000000
vn 0.000000 1.000000 0.000000
vn 0.000000 1.000000 0.000000
vn 0.000000 1.000000 0.000000
vn 0.000000 1.000000 0.000000
vn 0.000000 1.000000 0.000000
vn 0.000000 1.000000 0.000000
vn 0.000000 1.000000 0.000000
vn 0.000000 1.000000 0.000000
vn 0.000000 1.000000 0.000000
vn 0.000000 1.000000 0.000000
vn 0.000000 1.000000 0.000000
vn 0.000000 1.000000 0.000000
vn 0.000000 1.000000 0.000000
vn 0.000000 1.000000 0.000000
vn 0.000000 1.000000 0.000000
vn 0.000000 1.000000 0.000000
vn 0.000000 1.000000 0.000000
vn 0.000000 1.000000 0.000000
vn 0.000000 1.000000 0.000000
vn 0.000000 1.000000 0.000000
vn 0.000000 1.000000 0.000000
vn 0.000000 1.000000 0.000000
vn 0.000000 1.000000 0.000000
vn 0.000000 1.000000 0.000000
vn 0.000000 1.000000 0.000000
vn 0.000000 1.000000 0.000000
vn 0.000000 1.000000 0.000000
vn 0.000000 1.000000 0.000000
vn 0.000000 1.000000 0.000000
vn 0.000000 1.000000 0.000000
vn 0.000000 1.000000 0.000000
vn 0.000000 1.000000 0.000000
vn 0.000000 1.000000 0.000000
vn 0.000000 1.000000 0.000000
vn 0.000000 1.000000 0.000000
vn 0.000000 1.000000 0.000000
vn 0.000000 1.000000 0.000000
vn 0.000000 1.000000 0.000000
vn 0.000000 1.000000 0.000000
vn 0.000000 1.000000 0.000000
vn 0.000000 1.000000 0.000000
vn 0.000000 1.000000 0.000000
vn 0.000000 1.000000 0.000000
vn 0.000000 1.000000 0.000000
vn 0.000000 1.000000 0.000000
vn 0.000000 1.000000 0.000000
vn 0.000000 1.000000 0.000000
vn 0.000000 1.000000 0.000000
vn 0.000000 1.000000 0.000000
vn 0.000000 1.000000 0.000000
vn 0.000000 1.000000 0.000000
vn 0.000000 1.000000 0.000000
vn 0.000000 1.000000 0.000000
vn 0.000000 1.000000 0.000000
vn 0.000000 1.000000 0.000000
vn 0.000000 1.000000 0.000000
vn 0.000000 1.000000 0.000000
vn 0.000000 1.000000 0.000000
vn 0.000000 1.000000 0.000000
vn 0.000000 1.000000 0.000000
vn 0.000000 1.000000 0.000000
vn 0.000000 1.000000 0.000000
vn 0.000000 1.000000 0.000000
vn 0.000000 1.000000 0.000000
vn 0.000000 1.000000 0.000000
vn 0.000000 1.000000 0.000000
vn 0.000000 1.000000 0.000000
vn 0.000000 1.000000 0.000000
vn 0.000000 1.000000 0.000000
vn 0.000000 1.000000 0.000000
vn 0.000000 1.000000 0.000000
vn 0.000000 1.000000 0.000000
vn 0.000000 1.000000 0.000000
vn 0.000000 1.000000 0.000000
vn 0.000000 1.000000 0.000000
vn 0.000000 1.000000 0.000000
vn 0.000000 1.000000 0.000000
vn 0.000000 1.000000 0.000000
vn 0.000000 1.000000 0.000000
vn 0.000000 1.000000 0.000000
vn 0.000000 1.000000 0.000000
vn 0.000000 1.000000 0.000000
vn 0.000000 1.000000 0.000000
vn 0.000000 1.000000 0.000000
vn 0.000000 1.000000 0.000000
vn 0.000000 1.000000 0.000000
vn 0.000000 1.000000 0.000000
vn 0.000000 1.000000 0.000000
vn 0.000000 1.000000 0.000000
vn 0.000000 1.000000 0.000000
vn 0.000000 1.000000 0.000000
vn 0.000000 1.000000 0.000000
vn 0.000000 1.000000 0.000000
vn 0.000000 1.000000 0.000000
vn 0.000000 1.000000 0.000000
vn 0.000000 1.000000 0.000000
vn 0.000000 1.000000 0.000000
vn 0.000000 1.000000 0.000000
vn 0.000000 1.000000 0.000000
vn 0.000000 1.000000 0.000000
vn 0.000000 1.000000 0.000000
vn 0.000000 1.000000 0.000000
vn 0.000000 1.000000 0.000000
vn 0.000000 1.000000 0.000000
vn 0.000000 1.000000 0.000000
vn 0.000000 1.000000 0.000000
vn 0.000000 1.000000 0.000000
vn 0.000000 1.000000 0.000000
vn 0.000000 1.000000 0.000000
vn 0.000000 1.000000 0.000000
vn 0.000000 1.000000 0.000000
vn 0.000000 1.000000 0.000000
vn 0.000000 1.000000 0.000000
vn 0.000000 1.000000 0.000000
vn 0.000000 1.000000 0.000000
vn 0.000000 1.000000 0.000000
vn 0.000000 1.000000 0.000000
vn 0.000000 1.000000 0.000000
vn 0.000000 1.000000 0.000000
vn 0.000000 1.000000 0.000000
vn 0.000000 1.000000 0.000000
vn 0.000000 1.000000 0.000000
vn 0.000000 1.000000 0.000000
vn 0.000000 1.000000 0.000000
vn 0.000000 1.000000 0.000000
vn 0.000000 1.000000 0.000000
vn 0.000000 1.000000 0.000000
vn 0.000000 1.000000 0.000000
vn 0.000000 1.000000 0.000000
vn 0.000000 1.000000 0.000000
vn 0.000000 1.000000 0.000000
vn 0.000000 1.000000 0.000000
vn 0.000000 1.000000 0.000000
vn 0.000000 1.000000 0.000000
vn 0.000000 1.000000 0.000000
vn 0.000000 1.000000 0.000000
vn 0.000000 1.000000 0.000000
vn 0.000000 1.000000 0.000000
vn 0.000000 1.000000 0.000000
vn 0.000000 1.000000 0.000000
vn 0.000000 1.000000 0.000000
vn 0.000000 1.000000 0.000000
vn 0.000000 1.000000 0.000000
vn 0.000000 1.000000 0.000000
vn 0.000000 1.000000 0.000000
vn 0.000000 1.000000 0.000000
vn 0.000000 1.000000 0.000000
vn 0.000000 1.000000 0.000000
vn 0.000000 1.000000 0.000000
vn 0.000000 1.000000 0.000000
vn 0.000000 1.000000 0.000000
vn 0.000000 1.000000 0.000000
vn 0.000000 1.000000 0.000000
vn 0.000000 1.000000 0.000000
vn 0.000000 1.000000 0.000000
vn 0.000000 1.000000 0.000000
vn 0.000000 1.000000 0.000000
vn 0.000000 1.000000 0.000000
vn 0.000000 1.000000 0.000000
vn 0.000000 1.000000 0.000000
vn 0.000000 1.000000 0.000000
vn 0.000000 1.000000 0.000000
vn 0.000000 1.000000 0.000000
vn 0.000000 1.000000 0.000000
vn 0.000000 1.000000 0.000000
vn 0.000000 1.000000 0.000000
vn 0.000000 1.000000 0.000000
vn 0.000000 1.000000 0.000000
vn 0.000000 1.000000 0.000000
vn 0.000000 1.000000 0.000000
vn 0.000000 1.000000 0.000000
vn 0.000000 1.000000 0.000000
vn 0.000000 1.000000 0.000000
vn 0.000000 1.000000 0.000000
vn 0.000000 1.000000 0.000000
vn 0.000000 1.000000 0.000000
vn 0.000000 1.000000 0.000000
vn 0.000000 1.000000 0.000000
vn 0.000000 1.000000 0.000000
vn 0.000000 1.000000 0.000000
vn 0.000000 1.000000 0.000000
vn 0.000000 1.000000 0.000000
vn 0.000000 1.000000 0.000000
vn 0.000000 1.000000 0.000000
vn 0.000000 1.000000 0.000000
vn 0.000000 1.000000 0.000000
vn 0.000000 1.000000 0.000000
vn 0.000000 1.000000 0.000000
vn 0.000000 1.000000 0.000000
vn 0.000000 1.000000 0.000000
vn 0.000000 1.000000 0.000000
vn 0.000000 1.000000 0.000000
vn 0.000000 1.000000 0.000000
vn 0.000000 1.000000 0.000000
vn 0.000000 1.000000 0.000000
vn 0.000000 1.000000 0.000000
vn 0.000000 1.000000 0.000000
vn 0.000000 1.000000 0.000000
vn 0.000000 1.000000 0.000000
vn 0.000000 1.000000 0.000000
vn 0.000000 1.000000 0.000000
vn 0.000000 1.000000 0.000000
vn 0.000000 1.000000 0.000000
vn 0.000000 1.000000 0.000000
vn 0.000000 1.000000 0.000000
vn 0.000000 1.000000 0.000000
vn 0.000000 1.000000 0.000000
vn 0.000000 1.000000 0.000000
vn 0.000000 1.000000 0.000000
vn 0.000000 1.000000 0.000000
vn 0.000000 1.000000 0.000000
vn 0.000000 1.000000 0.000000
vn 0.000000 1.000000 0.000000
vn 0.000000 1.000000 0.000000
vn 0.000000 1.000000 0.000000
vn 0.000000 1.000000 0.000000
vn 0.000000 1.000000 0.000000
vn 0.000000 1.000000 0.000000
vn 0.000000 1.000000 0.000000
vn 0.000000 1.000000 0.000000
vn 0.000000 1.000000 0.000000
vn 0.000000 1.000000 0.000000
vn 0.000000 1.000000 0.000000
vn 0.000000 1.000000 0.000000
vn 0.000000 1.000000 0.000000
vn 0.000000 1.000000 0.000000
vn 0.000000 1.000000 0.000000
vn 0.000000 1.000000 0.000000
vn 0.000000 1.000000 0.000000
vn 0.000000 1.000000 0.000000
vn 0.000000 1.000000 0.000000
vn 0.000000 1.000000 0.000000
vn 0.000000 1.000000 0.000000
vn 0.000000 1.000000 0.000000
vn 0.000000 1.000000 0.000000
vn 0.000000 1.000000 0.000000
vn 0.000000 1.000000 0.000000
vn 0.000000 1.000000 0.000000
vn 0.000000 1.000000 0.000000
vn 0.000000 1.000000 0.000000
vn 0.000000 1.000000 0.000000
vn 0.000000 1.000000 0.000000
vn 0.000000 1.000000 0.000000
vn 0.000000 1.000000 0.000000
vn 0.000000 1.000000 0.000000
vn 0.000000 1.000000 0.000000
vn 0.000000 1.000000 0.000000
vn 0.000000 1.000000 0.000000
vn 0.000000 1.000000 0.000000
vn 0.000000 1.000000 0.000000
vn 0.000000 1.000000 0.000000
vn 0.000000 1.000000 0.000000
vn 0.000000 1.000000 0.000000
vn 0.000000 1.000000 0.000000
vn 0.000000 1.000000 0.000000
vn 0.000000 1.000000 0.000000
vn 0.000000 1.000000 0.000000
vn 0.000000 1.000000 0.000000
vn 0.000000 1.000000 0.000000
vn 0.000000 1.000000 0.000000
vn 0.000000 1.000000 0.000000
vn 0.000000 1.000000 0.000000
vn 0.000000 1.000000 0.000000
vn 0.000000 1.000000 0.000000
vn 0.000000 1.000000 0.000000
vn 0.000000 1.000000 0.000000
vn 0.000000 1.000000 0.000000
vn 0.000000 1.000000 0.000000
vn 0.000000 1.000000 0.000000
vn 0.000000 1.000000 0.000000
vn 0.000000 1.000000 0.000000
vn 0.000000 1.000000 0.000000
vn 0.000000 1.000000 0.000000
vn 0.000000 1.000000 0.000000
vn 0.000000 1.000000 0.000000
vn 0.000000 1.000000 0.000000
vn 0.000000 1.000000 0.000000
vn 0.000000 1.000000 0.000000
vn 0.000000 1.000000 0.000000
vn 0.000000 1.000000 0.000000
vn 0.000000 1.000000 0.000000
vn 0.000000 1.000000 0.000000
vn 0.000000 1.000000 0.000000
vn 0.000000 1.000000 0.000000
vn 0.000000 1.000000 0.000000
vn 0.000000 1.000000 0.000000
vn 0.000000 1.000000 0.000000
vn 0.000000 1.000000 0.000000
vn 0.000000 1.000000 0.000000
vn 0.000000 1.000000 0.000000
vn 0.000000 1.000000 0.000000
vn 0.000000 1.000000 0.000000
vn 0.000000 1.000000 0.000000
vn 0.000000 1.000000 0.000000
vn 0.000000 1.000000 0.000000
vn 0.000000 1.000000 0.000000
vn 0.000000 1.000000 0.000000
vn 0.000000 1.000000 0.000000
vn 0.000000 1.000000 0.000000
vn 0.000000 1.000000 0.000000
vn 0.000000 1.000000 0.000000
vn 0.000000 1.000000 0.000000
vn 0.000000 1.000000 0.000000
vn 0.000000 1.000000 0.000000
vn 0.000000 1.000000 0.000000
vn 0.000000 1.000000 0.000000
vn 0.000000 1.000000 0.000000
vn 0.000000 1.000000 0.000000
vn 0.000000 1.000000 0.000000
vn 0.000000 1.000000 0.000000
vn 0.000000 1.000000 0.000000
vn 0.000000 1.000000 0.000000
vn 0.000000 1.000000 0.000000
vn 0.000000 1.000000 0.000000
vn 0.000000 1.000000 0.000000
vn 0.000000 1.000000 0.000000
vn 0.000000 1.000000 0.000000
vn 0.000000 1.000000 0.000000
vn 0.000000 1.000000 0.000000
vn 0.000000 1.000000 0.000000
vn 0.000000 1.000000 0.000000
vn 0.000000 1.000000 0.000000
vn 0.000000 1.000000 0.000000
vn 0.000000 1.000000 0.000000
vn 0.000000 1.000000 0.000000
vn 0.000000 1.000000 0.000000
vn 0.000000 1.000000 0.000000
vn 0.000000 1.000000 0.000000
vn 0.000000 1.000000 0.000000
vn 0.000000 1.000000 0.000000
vn 0.000000 1.000000 0.000000
vn 0.000000 1.000000 0.000000
vn 0.000000 1.000000 0.000000
vn 0.000000 1.000000 0.000000
vn 0.000000 1.000000 0.000000
vn 0.000000 1.000000 0.000000
vn 0.000000 1.000000 0.000000
vn 0.000000 1.000000 0.000000
vn 0.000000 1.000000 0.000000
vn 0.000000 1.000000 0.000000
vn 0.000000 1.000000 0.000000
vn 0.000000 1.000000 0.000000
vn 0.000000 1.000000 0.000000
vn 0.000000 1.000000 0.000000
vn 0.000000 1.000000 0.000000
vn 0.000000 1.000000 0.000000
vn 0.000000 1.000000 0.000000
vn 0.000000 1.000000 0.000000
vn 0.000000 1.000000 0.000000
vn 0.000000 1.000000 0.000000
vn 0.000000 1.000000 0.000000
vn 0.000000 1.000000 0.000000
vn 0.000000 1.000000 0.000000
vn 0.000000 1.000000 0.000000
vn 0.000000 1.000000 0.000000
vn 0.000000 1.000000 0.000000
vn 0.000000 1.000000 0.000000
vn 0.000000 1.000000 0.000000
vn 0.000000 1.000000 0.000000
vn 0.000000 1.000000 0.000000
vn 0.000000 1.000000 0.000000
vn 0.000000 1.000000 0.000000
vn 0.000000 1.000000 0.000000
vn 0.000000 1.000000 0.000000
vn 0.000000 1.000000 0.000000
vn 0.000000 1.000000 0.000000
vn 0.000000 1.000000 0.000000
vn 0.000000 1.000000 0.000000
vn 0.000000 1.000000 0.000000
vn 0.000000 1.000000 0.000000
vn 0.000000 1.000000 0.000000
vn 0.000000 1.000000 0.000000
vn 0.000000 1.000000 0.000000
vn 0.000000 1.000000 0.000000
vn 0.000000 1.000000 0.000000
vn 0.000000 1.000000 0.000000
vn 0.000000 1.000000 0.000000
vn 0.000000 1.000000 0.000000
vn 0.000000 1.000000 0.000000
vn 0.000000 1.000000 0.000000
vn 0.000000 1.000000 0.000000
vn 0.000000 1.000000 0.000000
vn 0.000000 1.000000 0.000000
vn 0.000000 1.000000 0.000000
vn 0.000000 1.000000 0.000000
vn 0.000000 1.000000 0.000000
vn 0.000000 1.000000 0.000000
vn 0.000000 1.000000 0.000000
vn 0.000000 1.000000 0.000000
vn 0.000000 1.000000 0.000000
vn 0.000000 1.000000 0.000000
vn 0.000000 1.000000 0.000000
vn 0.000000 1.000000 0.000000
vn 0.000000 1.000000 0.000000
vn 0.000000 1.000000 0.000000
vn 0.000000 1.000000 0.000000
vn 0.000000 1.000000 0.000000
vn 0.000000 1.000000 0.000000
vn 0.000000 1.000000 0.000000
vn 0.000000 1.000000 0.000000
vn 0.000000 1.000000 0.000000
vn 0.000000 1.000000 0.000000
vn 0.000000 1.000000 0.000000
vn 0.000000 1.000000 0.000000
vn 0.000000 1.000000 0.000000
vn 0.000000 1.000000 0.000000
vn 0.000000 1.000000 0.000000
vn 0.000000 1.000000 0.000000
vn 0.000000 1.000000 0.000000
vn 0.000000 1.000000 0.000000
vn 0.000000 1.000000 0.000000
vn 0.000000 1.000000 0.000000
vn 0.000000 1.000000 0.000000
vn 0.000000 1.000000 0.000000
vn 0.000000 1.000000 0.000000
vn 0.000000 1.000000 0.000000
vn 0.000000 1.000000 0.000000
vn 0.000000 1.000000 0.000000
vn 0.000000 1.000000 0.000000
vn 0.000000 1.000000 0.000000
vn 0.000000 1.000000 0.000000
vn 0.000000 1.000000 0.000000
vn 0.000000 1.000000 0.000000
vn 0.000000 1.000000 0.000000
vn 0.000000 1.000000 0.000000
vn 0.000000 1.000000 0.000000
vn 0.000000 1.000000 0.000000
vn 0.000000 1.000000 0.000000
vn 0.000000 1.000000 0.000000
vn 0.000000 1.000000 0.000000
vn 0.000000 1.000000 0.000000
vn 0.000000 1.000000 0.000000
vn 0.000000 1.000000 0.000000
vn 0.000000 1.000000 0.000000
vn 0.000000 1.000000 0.000000
vn 0.000000 1.000000 0.000000
vn 0.000000 1.000000 0.000000
vn 0.000000 1.000000 0.000000
vn 0.000000 1.000000 0.000000
vn 0.000000 1.000000 0.000000
vn 0.000000 1.000000 0.000000
vn 0.000000 1.000000 0.000000
vn 0.000000 1.000000 0.000000
vn 0.000000 1.000000 0.000000
vn 0.000000 1.000000 0.000000
vn 0.000000 1.000000 0.000000
vn 0.000000 1.000000 0.000000
vn 0.000000 1.000000 0.000000
vn 0.000000 1.000000 0.000000
vn 0.000000 1.000000 0.000000
vn 0.000000 1.000000 0.000000
vn 0.000000 1.000000 0.000000
vn 0.000000 1.000000 0.000000
vn 0.000000 1.000000 0.000000
vn 0.000000 1.000000 0.000000
vn 0.000000 1.000000 0.000000
vn 0.000000 1.000000 0.000000
vn 0.000000 1.000000 0.000000
vn 0.000000 1.000000 0.000000
vn 0.000000 1.000000 0.000000
vn 0.000000 1.000000 0.000000
vn 0.000000 1.000000 0.000000
vn 0.000000 1.000000 0.000000
vn 0.000000 1.000000 0.000000
vn 0.000000 1.000000 0.000000
vn 0.000000 1.000000 0.000000
vn 0.000000 1.000000 0.000000
vn 0.000000 1.000000 0.000000
vn 0.000000 1.000000 0.000000
vn 0.000000 1.000000 0.000000
vn 0.000000 1.000000 0.000000
vn 0.000000 1.000000 0.000000
vn 0.000000 1.000000 0.000000
vn 0.000000 1.000000 0.000000
vn 0.000000 1.000000 0.000000
vn 0.000000 1.000000 0.000000
vn 0.000000 1.000000 0.000000
vn 0.000000 1.000000 0.000000
vn 0.000000 1.000000 0.000000
vn 0.000000 1.000000 0.000000
vn 0.000000 1.000000 0.000000
vn 0.000000 1.000000 0.000000
vn 0.000000 1.000000 0.000000
vn 0.000000 1.000000 0.000000
vn 0.000000 1.000000 0.000000
vn 0.000000 1.000000 0.000000
vn 0.000000 1.000000 0.000000
vn 0.000000 1.000000 0.000000
vn 0.000000 1.000000 0.000000
vn 0.000000 1.000000 0.000000
vn 0.000000 1.000000 0.000000
vn 0.000000 1.000000 0.000000
vn 0.000000 1.000000 0.000000
vn 0.000000 1.000000 0.000000
vn 0.000000 1.000000 0.000000
vn 0.000000 1.000000 0.000000
vn 0.000000 1.000000 0.000000
vn 0.000000 1.000000 0.000000
vn 0.000000 1.000000 0.000000
vn 0.000000 1.000000 0.000000
vn 0.000000 1.000000 0.000000
vn 0.000000 1.000000 0.000000
vn 0.000000 1.000000 0.000000
vn 0.000000 1.000000 0.000000
vn 0.000000 1.000000 0.000000
vn 0.000000 1.000000 0.000000
vn 0.000000 1.000000 0.000000
vn 0.000000 1.000000 0.000000
vn 0.000000 1.000000 0.000000
vn 0.000000 1.000000 0.000000
vn 0.000000 1.000000 0.000000
vn 0.000000 1.000000 0.000000
vn 0.000000 1.000000 0.000000
vn 0.000000 1.000000 0.000000
vn 0.000000 1.000000 0.000000
vn 0.000000 1.000000 0.000000
vn 0.000000 1.000000 0.000000
vn 0.000000 1.000000 0.000000
vn 0.000000 1.000000 0.000000
vn 0.000000 1.000000 0.000000
vn 0.000000 1.000000 0.000000
vn 0.000000 1.000000 0.000000
vn 0.000000 1.000000 0.000000
vn 0.000000 1.000000 0.000000
vn 0.000000 1.000000 0.000000
vn 0.000000 1.000000 0.000000
vn 0.000000 1.000000 0.000000
vn 0.000000 1.000000 0.000000
vn 0.000000 1.000000 0.000000
vn 0.000000 1.000000 0.000000
vn 0.000000 1.000000 0.000000
vn 0.000000 1.000000 0.000000
vn 0.000000 1.000000 0.000000
vn 0.000000 1.000000 0.000000
vn 0.000000 1.000000 0.000000
vn 0.000000 1.000000 0.000000
vn 0.000000 1.000000 0.000000
vn 0.000000 1.000000 0.000000
vn 0.000000 1.000000 0.000000
vn 0.000000 1.000000 0.000000
vn 0.000000 1.000000 0.000000
vn 0.000000 1.000000 0.000000
vn 0.000000 1.000000 0.000000
vn 0.000000 1.000000 0.000000
vn 0.000000 1.000000 0.000000
vn 0.000000 1.000000 0.000000
vn 0.000000 1.000000 0.000000
vn 0.000000 1.000000 0.000000
vn 0.000000 1.000000 0.000000
vn 0.000000 1.000000 0.000000
vn 0.000000 1.000000 0.000000
vn 0.000000 1.000000 0.000000
vn 0.000000 1.000000 0.000000
vn 0.000000 1.000000 0.000000
vn 0.000000 1.000000 0.000000
vn 0.000000 1.000000 0.000000
vn 0.000000 1.000000 0.000000
vn 0.000000 1.000000 0.000000
vn 0.000000 1.000000 0.000000
vn 0.000000 1.000000 0.000000
vn 0.000000 1.000000 0.000000
vn 0.000000 1.000000 0.000000
vn 0.000000 1.000000 0.000000
vn 0.000000 1.000000 0.000000
vn 0.000000 1.000000 0.000000
vn 0.000000 1.000000 0.000000
vn 0.000000 1.000000 0.000000
vn 0.000000 1.000000 0.000000
vn 0.000000 1.000000 0.000000
vn 0.000000 1.000000 0.000000
vn 0.000000 1.000000 0.000000
vn 0.000000 1.000000 0.000000
vn 0.000000 1.000000 0.000000
vn 0.000000 1.000000 0.000000
vn 0.000000 1.000000 0.000000
vn 0.000000 1.000000 0.000000
vn 0.000000 1.000000 0.000000
vn 0.000000 1.000000 0.000000
vn 0.000000 1.000000 0.000000
vn 0.000000 1.000000 0.000000
vn 0.000000 1.000000 0.000000
vn 0.000000 1.000000 0.000000
vn 0.000000 1.000000 0.000000
vn 0.000000 1.000000 0.000000
vn 0.000000 1.000000 0.000000
vn 0.000000 1.000000 0.000000
vn 0.000000 1.000000 0.000000
vn 0.000000 1.000000 0.000000
vn 0.000000 1.000000 0.000000
vn 0.000000 1.000000 0.000000
vn 0.000000 1.000000 0.000000
vn 0.000000 1.000000 0.000000
vn 0.000000 1.000000 0.000000
vn 0.000000 1.000000 0.000000
vn 0.000000 1.000000 0.000000
vn 0.000000 1.000000 0.000000
vn 0.000000 1.000000 0.000000
vn 0.000000 1.000000 0.000000
vn 0.000000 1.000000 0.000000
vn 0.000000 1.000000 0.000000
vn 0.000000 1.000000 0.000000
vn 0.000000 1.000000 0.000000
vn 0.000000 1.000000 0.000000
vn 0.000000 1.000000 0.000000
vn 0.000000 1.000000 0.000000
vn 0.000000 1.000000 0.000000
vn 0.000000 1.000000 0.000000
vn 0.000000 1.000000 0.000000
vn 0.000000 1.000000 0.000000
vn 0.000000 1.000000 0.000000
vn 0.000000 1.000000 0.000000
vn 0.000000 1.000000 0.000000
vn 0.000000 1.000000 0.000000
vn 0.000000 1.000000 0.000000
vn 0.000000 1.000000 0.000000
vn 0.000000 1.000000 0.000000
vn 0.000000 1.000000 0.000000
vn 0.000000 1.000000 0.000000
vn 0.000000 1.000000 0.000000
vn 0.000000 1.000000 0.000000
vn 0.000000 1.000000 0.000000
vn 0.000000 1.000000 0.000000
vn 0.000000 1.000000 0.000000
vn 0.000000 1.000000 0.000000
vn 0.000000 1.000000 0.000000
vn 0.000000 1.000000 0.000000
vn 0.000000 1.000000 0.000000
vn 0.000000 1.000000 0.000000
vn 0.000000 1.000000 0.000000
vn 0.000000 1.000000 0.000000
vn 0.000000 1.000000 0.000000
vn 0.000000 1.000000 0.000000
vn 0.000000 1.000000 0.000000
vn 0.000000 1.000000 0.000000
vn 0.000000 1.000000 0.000000
vn 0.000000 1.000000 0.000000
vn 0.000000 1.000000 0.000000
vn 0.000000 1.000000 0.000000
vn 0.000000 1.000000 0.000000
vn 0.000000 1.000000 0.000000
vn 0.000000 1.000000 0.000000
vn 0.000000 1.000000 0.000000
vn 0.000000 1.000000 0.000000
vn 0.000000 1.000000 0.000000
vn 0.000000 1.000000 0.000000
vn 0.000000 1.000000 0.000000
vn 0.000000 1.000000 0.000000
vn 0.000000 1.000000 0.000000
vn 0.000000 1.000000 0.000000
vn 0.000000 1.000000 0.000000
vn 0.000000 1.000000 0.000000
vn 0.000000 1.000000 0.000000
vn 0.000000 1.000000 0.000000
vn 0.000000 1.000000 0.000000
vn 0.000000 1.000000 0.000000
vn 0.000000 1.000000 0.000000
vn 0.000000 1.000000 0.000000
vn 0.000000 1.000000 0.000000
vn 0.000000 1.000000 0.000000
vn 0.000000 1.000000 0.000000
vn 0.000000 1.000000 0.000000
vn 0.000000 1.000000 0.000000
vn 0.000000 1.000000 0.000000
vn 0.000000 1.000000 0.000000
vn 0.000000 1.000000 0.000000
vn 0.000000 1.000000 0.000000
vn 0.000000 1.000000 0.000000
vn 0.000000 1.000000 0.000000
vn 0.000000 1.000000 0.000000
vn 0.000000 1.000000 0.000000
vn 0.000000 1.000000 0.000000
vn 0.000000 1.000000 0.000000
vn 0.000000 1.000000 0.000000
vn 0.000000 1.000000 0.000000
vn 0.000000 1.000000 0.000000
vn 0.000000 1.000000 0.000000
vn 0.000000 1.000000 0.000000
vn 0.000000 1.000000 0.000000
vn 0.000000 1.000000 0.000000
vn 0.000000 1.000000 0.000000
vn 0.000000 1.000000 0.000000
vn 0.000000 1.000000 0.000000
vn 0.000000 1.000000 0.000000
vn 0.000000 1.000000 0.000000
vn 0.000000 1.000000 0.000000
vn 0.000000 1.000000 0.000000
vn 0.000000 1.000000 0.000000
vn 0.000000 1.000000 0.000000
vn 0.000000 1.000000 0.000000
vn 0.000000 1.000000 0.000000
vn 0.000000 1.000000 0.000000
vn 0.000000 1.000000 0.000000
vn 0.000000 1.000000 0.000000
vn 0.000000 1.000000 0.000000
vn 0.000000 1.000000 0.000000
vn 0.000000 1.000000 0.000000
vn 0.000000 1.000000 0.000000
vn 0.000000 1.000000 0.000000
vn 0.000000 1.000000 0.000000
vn 0.000000 1.000000 0.000000
vn 0.000000 1.000000 0.000000
vn 0.000000 1.000000 0.000000
vn 0.000000 1.000000 0.000000
vn 0.000000 1.000000 0.000000
vn 0.000000 1.000000 0.000000
vn 0.000000 1.000000 0.000000
vn 0.000000 1.000000 0.000000
vn 0.000000 1.000000 0.000000
vn 0.000000 1.000000 0.000000
vn 0.000000 1.000000 0.000000
vn 0.000000 1.000000 0.000000
vn 0.000000 1.000000 0.000000
vn 0.000000 1.000000 0.000000
vn 0.000000 1.000000 0.000000
vn 0.000000 1.000000 0.000000
vn 0.000000 1.000000 0.000000
vn 0.000000 1.000000 0.000000
vn 0.000000 1.000000 0.000000
vn 0.000000 1.000000 0.000000
vn 0.000000 1.000000 0.000000
vn 0.000000 1.000000 0.000000
vn 0.000000 1.000000 0.000000
vn 0.000000 1.000000 0.000000
vn 0.000000 1.000000 0.000000
vn 0.000000 1.000000 0.000000
vn 0.000000 1.000000 0.000000
vn 0.000000 1.000000 0.000000
vn 0.000000 1.000000 0.000000
vn 0.000000 1.000000 0.000000
vn 0.000000 1.000000 0.000000
vn 0.000000 1.000000 0.000000
vn 0.000000 1.000000 0.000000
vn 0.000000 1.000000 0.000000
vn 0.000000 1.000000 0.000000
vn 0.000000 1.000000 0.000000
vn 0.000000 1.000000 0.000000
vn 0.000000 1.000000 0.000000
vn 0.000000 1.000000 0.000000
vn 0.000000 1.000000 0.000000
vn 0.000000 1.000000 0.000000
vn 0.000000 1.000000 0.000000
vn 0.000000 1.000000 0.000000
vn 0.000000 1.000000 0.000000
vn 0.000000 1.000000 0.000000
vn 0.000000 1.000000 0.000000
vn 0.000000 1.000000 0.000000
vn 0.000000 1.000000 0.000000
vn 0.000000 1.000000 0.000000
vn 0.000000 1.000000 0.000000
vn 0.000000 1.000000 0.000000
vn 0.000000 1.000000 0.000000
vn 0.000000 1.000000 0.000000
vn 0.000000 1.000000 0.000000
vn 0.000000 1.000000 0.000000
vn 0.000000 1.000000 0.000000
vn 0.000000 1.000000 0.000000
vn 0.000000 1.000000 0.000000
vn 0.000000 1.000000 0.000000
vn 0.000000 1.000000 0.000000
vn 0.000000 1.000000 0.000000
vn 0.000000 1.000000 0.000000
vn 0.000000 1.000000 0.000000
vn 0.000000 1.000000 0.000000
vn 0.000000 1.000000 0.000000
vn 0.000000 1.000000 0.000000
vn 0.000000 1.000000 0.000000
vn 0.000000 1.000000 0.000000
vn 0.000000 1.000000 0.000000
vn 0.000000 1.000000 0.000000
vn 0.000000 1.000000 0.000000
vn 0.000000 1.000000 0.000000
vn 0.000000 1.000000 0.000000
vn 0.000000 1.000000 0.000000
vn 0.000000 1.000000 0.000000
vn 0.000000 1.000000 0.000000
vn 0.000000 1.000000 0.000000
vn 0.000000 1.000000 0.000000
vn 0.000000 1.000000 0.000000
vn 0.000000 1.000000 0.000000
vn 0.000000 1.000000 0.000000
vn 0.000000 1.000000 0.000000
vn 0.000000 1.000000 0.000000
vn 0.000000 1.000000 0.000000
vn 0.000000 1.000000 0.000000
vn 0.000000 1.000000 0.000000
vn 0.000000 1.000000 0.000000
vn 0.000000 1.000000 0.000000
vn 0.000000 1.000000 0.000000
vn 0.000000 1.000000 0.000000
vn 0.000000 1.000000 0.000000
vn 0.000000 1.000000 0.000000
vn 0.000000 1.000000 0.000000
vn 0.000000 1.000000 0.000000
vn 0.000000 1.000000 0.000000
vn 0.000000 1.000000 0.000000
vn 0.000000 1.000000 0.000000
vn 0.000000 1.000000 0.000000
vn 0.000000 1.000000 0.000000
vn 0.000000 1.000000 0.000000
vn 0.000000 1.000000 0.000000
vn 0.000000 1.000000 0.000000
vn 0.000000 1.000000 0.000000
vn 0.000000 1.000000 0.000000
vn 0.000000 1.000000 0.000000
vn 0.000000 1.000000 0.000000
vn 0.000000 1.000000 0.000000
vn 0.000000 1.000000 0.000000
vn 0.000000 1.000000 0.000000
vn 0.000000 1.000000 0.000000
vn 0.000000 1.000000 0.000000
vn 0.000000 1.000000 0.000000
vn 0.000000 1.000000 0.000000
vn 0.000000 1.000000 0.000000
vn 0.000000 1.000000 0.000000
vn 0.000000 1.000000 0.000000
vn 0.000000 1.000000 0.000000
vn 0.000000 1.000000 0.000000
vn 0.000000 1.000000 0.000000
vn 0.000000 1.000000 0.000000
vn 0.000000 1.000000 0.000000
vn 0.000000 1.000000 0.000000
vn 0.000000 1.000000 0.000000
vn 0.000000 1.000000 0.000000
vn 0.000000 1.000000 0.000000
vn 0.000000 1.000000 0.000000
vn 0.000000 1.000000 0.000000
vn 0.000000 1.000000 0.000000
vn 0.000000 1.000000 0.000000
vn 0.000000 1.000000 0.000000
vn 0.000000 1.000000 0.000000
vn 0.000000 1.000000 0.000000
vn 0.000000 1.000000 0.000000
vn 0.000000 1.000000 0.000000
vn 0.000000 1.000000 0.000000
vn 0.000000 1.000000 0.000000
vn 0.000000 1.000000 0.000000
vn 0.000000 1.000000 0.000000
vn 0.000000 1.000000 0.000000
vn 0.000000 1.000000 0.000000
vn 0.000000 1.000000 0.000000
vn 0.000000 1.000000 0.000000
vn 0.000000 1.000000 0.000000
vn 0.000000 1.000000 0.000000
vn 0.000000 1.000000 0.000000
vn 0.000000 1.000000 0.000000
vn 0.000000 1.000000 0.000000
vn 0.000000 1.000000 0.000000
vn 0.000000 1.000000 0.000000
vn 0.000000 1.000000 0.000000
vn 0.000000 1.000000 0.000000
vn 0.000000 1.000000 0.000000
vn 0.000000 1.000000 0.000000
vn 0.000000 1.000000 0.000000
vn 0.000000 1.000000 0.000000
vn 0.000000 1.000000 0.000000
vn 0.000000 1.000000 0.000000
vn 0.000000 1.000000 0.000000
vn 0.000000 1.000000 0.000000
vn 0.000000 1.000000 0.000000
vn 0.000000 1.000000 0.000000
vn 0.000000 1.000000 0.000000
vn 0.000000 1.000000 0.000000
vn 0.000000 1.000000 0.000000
vn 0.000000 1.000000 0.000000
vn 0.000000 1.000000 0.000000
vn 0.000000 1.000000 0.000000
vn 0.000000 1.000000 0.000000
vn 0.000000 1.000000 0.000000
vn 0.000000 1.000000 0.000000
vn 0.000000 1.000000 0.000000
vn 0.000000 1.000000 0.000000
vn 0.000000 1.000000 0.000000
vn 0.000000 1.000000 0.000000
vn 0.000000 1.000000 0.000000
vn 0.000000 1.000000 0.000000
vn 0.000000 1.000000 0.000000
vn 0.000000 1.000000 0.000000
vn 0.000000 1.000000 0.000000
vn 0.000000 1.000000 0.000000
vn 0.000000 1.000000 0.000000
vn 0.000000 1.000000 0.000000
vn 0.000000 1.000000 0.000000
vn 0.000000 1.000000 0.000000
vn 0.000000 1.000000 0.000000
vn 0.000000 1.000000 0.000000
vn 0.000000 1.000000 0.000000
vn 0.000000 1.000000 0.000000
vn 0.000000 1.000000 0.000000
vn 0.000000 1.000000 0.000000
vn 0.000000 1.000000 0.000000
vn 0.000000 1.000000 0.000000
vn 0.000000 1.000000 0.000000
vn 0.000000 1.000000 0.000000
vn 0.000000 1.000000 0.000000
vn 0.000000 1.000000 0.000000
vn 0.000000 1.000000 0.000000
vn 0.000000 1.000000 0.000000
vn 0.000000 1.000000 0.000000
vn 0.000000 1.000000 0.000000
vn 0.000000 1.000000 0.000000
vn 0.000000 1.000000 0.000000
vn 0.000000 1.000000 0.000000
vn 0.000000 1.000000 0.000000
vn 0.000000 1.000000 0.000000
vn 0.000000 1.000000 0.000000
vn 0.000000 1.000000 0.000000
vn 0.000000 1.000000 0.000000
vn 0.000000 1.000000 0.000000
vn 0.000000 1.000000 0.000000
vn 0.000000 1.000000 0.000000
vn 0.000000 1.000000 0.000000
vn 0.000000 1.000000 0.000000
vn 0.000000 1.000000 0.000000
vn 0.000000 1.000000 0.000000
vn 0.000000 1.000000 0.000000
vn 0.000000 1.000000 0.000000
vn 0.000000 1.000000 0.000000
vn 0.000000 1.000000 0.000000
vn 0.000000 1.000000 0.000000
vn 0.000000 1.000000 0.000000
vn 0.000000 1.000000 0.000000
vn 0.000000 1.000000 0.000000
vn 0.000000 1.000000 0.000000
vn 0.000000 1.000000 0.000000
vn 0.000000 1.000000 0.000000
vn 0.000000 1.000000 0.000000
vn 0.000000 1.000000 0.000000
vn 0.000000 1.000000 0.000000
vn 0.000000 1.000000 0.000000
vn 0.000000 1.000000 0.000000
vn 0.000000 1.000000 0.000000
vn 0.000000 1.000000 0.000000
vn 0.000000 1.000000 0.000000
vn 0.000000 1.000000 0.000000
vn 0.000000 1.000000 0.000000
vn 0.000000 1.000000 0.000000
vn 0.000000 1.000000 0.000000
vn 0.000000 1.000000 0.000000
vn 0.000000 1.000000 0.000000
vn 0.000000 1.000000 0.000000
vn 0.000000 1.000000 0.000000
vn 0.000000 1.000000 0.000000
vn 0.000000 1.000000 0.000000
vn 0.000000 1.000000 0.000000
vn 0.000000 1.000000 0.000000
vn 0.000000 1.000000 0.000000
vn 0.000000 1.000000 0.000000
vn 0.000000 1.000000 0.000000
vn 0.000000 1.000000 0.000000
vn 0.000000 1.000000 0.000000
vn 0.000000 1.000000 0.000000
vn 0.000000 1.000000 0.000000
vn 0.000000 1.000000 0.000000
vn 0.000000 1.000000 0.000000
vn 0.000000 1.000000 0.000000
vn 0.000000 1.000000 0.000000
vn 0.000000 1.000000 0.000000
vn 0.000000 1.000000 0.000000
vn 0.000000 1.000000 0.000000
vn 0.000000 1.000000 0.000000
vn 0.000000 1.000000 0.000000
vn 0.000000 1.000000 0.000000
vn 0.000000 1.000000 0.000000
vn 0.000000 1.000000 0.000000
vn 0.000000 1.000000 0.000000
vn 0.000000 1.000000 0.000000
vn 0.000000 1.000000 0.000000
vn 0.000000 1.000000 0.000000
vn 0.000000 1.000000 0.000000
vn 0.000000 1.000000 0.000000
vn 0.000000 1.000000 0.000000
vn 0.000000 1.000000 0.000000
vn 0.000000 1.000000 0.000000
vn 0.000000 1.000000 0.000000
vn 0.000000 1.000000 0.000000
vn 0.000000 1.000000 0.000000
vn 0.000000 1.000000 0.000000
vn 0.000000 1.000000 0.000000
vn 0.000000 1.000000 0.000000
vn 0.000000 1.000000 0.000000
vn 0.000000 1.000000 0.000000
vn 0.000000 1.000000 0.000000
vn 0.000000 1.000000 0.000000
vn 0.000000 1.000000 0.000000
vn 0.000000 1.000000 0.000000
vn 0.000000 1.000000 0.000000
vn 0.000000 1.000000 0.000000
vn 0.000000 1.000000 0.000000
vn 0.000000 1.000000 0.000000
vn 0.000000 1.000000 0.000000
vn 0.000000 1.000000 0.000000
vn 0.000000 1.000000 0.000000
vn 0.000000 1.000000 0.000000
vn 0.000000 1.000000 0.000000
vn 0.000000 1.000000 0.000000
vn 0.000000 1.000000 0.000000
vn 0.000000 1.000000 0.000000
vn 0.000000 1.000000 0.000000
vn 0.000000 1.000000 0.000000
vn 0.000000 1.000000 0.000000
vn 0.000000 1.000000 0.000000
vn 0.000000 1.000000 0.000000
vn 0.000000 1.000000 0.000000
vn 0.000000 1.000000 0.000000
vn 0.000000 1.000000 0.000000
vn 0.000000 1.000000 0.000000
vn 0.000000 1.000000 0.000000
vn 0.000000 1.000000 0.000000
vn 0.000000 1.000000 0.000000
vn 0.000000 1.000000 0.000000
vn 0.000000 1.000000 0.000000
vn 0.000000 1.000000 0.000000
vn 0.000000 1.000000 0.000000
vn 0.000000 1.000000 0.000000
vn 0.000000 1.000000 0.000000
vn 0.000000 1.000000 0.000000
vn 0.000000 1.000000 0.000000
vn 0.000000 1.000000 0.000000
vn 0.000000 1.000000 0.000000
vn 0.000000 1.000000 0.000000
vn 0.000000 1.000000 0.000000
vn 0.000000 1.000000 0.000000
vn 0.000000 1.000000 0.000000
vn 0.000000 1.000000 0.000000
vn 0.000000 1.000000 0.000000
vn 0.000000 1.000000 0.000000
vn 0.000000 1.000000 0.000000
vn 0.000000 1.000000 0.000000
vn 0.000000 1.000000 0.000000
vn 0.000000 1.000000 0.000000
vn 0.000000 1.000000 0.000000
vn 0.000000 1.000000 0.000000
vn 0.000000 1.000000 0.000000
vn 0.000000 1.000000 0.000000
vn 0.000000 1.000000 0.000000
vn 0.000000 1.000000 0.000000
vn 0.000000 1.000000 0.000000
vn 0.000000 1.000000 0.000000
vn 0.000000 1.000000 0.000000
vn 0.000000 1.000000 0.000000
vn 0.000000 1.000000 0.000000
vn 0.000000 1.000000 0.000000
vn 0.000000 1.000000 0.000000
vn 0.000000 1.000000 0.000000
vn 0.000000 1.000000 0.000000
vn 0.000000 1.000000 0.000000
vn 0.000000 1.000000 0.000000
vn 0.000000 1.000000 0.000000
vn 0.000000 1.000000 0.000000
vn 0.000000 1.000000 0.000000
vn 0.000000 1.000000 0.000000
vn 0.000000 1.000000 0.000000
vn 0.000000 1.000000 0.000000
vn 0.000000 1.000000 0.000000
vn 0.000000 1.000000 0.000000
vn 0.000000 1.000000 0.000000
vn 0.000000 1.000000 0.000000
vn 0.000000 1.000000 0.000000
vn 0.000000 1.000000 0.000000
vn 0.000000 1.000000 0.000000
vn 0.000000 1.000000 0.000000
vn 0.000000 1.000000 0.000000
vn 0.000000 1.000000 0.000000
vn 0.000000 1.000000 0.000000
vn 0.000000 1.000000 0.000000
vn 0.000000 1.000000 0.000000
vn 0.000000 1.000000 0.000000
vn 0.000000 1.000000 0.000000
vn 0.000000 1.000000 0.000000
vn 0.000000 1.000000 0.000000
vn 0.000000 1.000000 0.000000
vn 0.000000 1.000000 0.000000
vn 0.000000 1.000000 0.000000
vn 0.000000 1.000000 0.000000
vn 0.000000 1.000000 0.000000
vn 0.000000 1.000000 0.000000
vn 0.000000 1.000000 0.000000
vn 0.000000 1.000000 0.000000
vn 0.000000 1.000000 0.000000
vn 0.000000 1.000000 0.000000
vn 0.000000 1.000000 0.000000
vn 0.000000 1.000000 0.000000
vn 0.000000 1.000000 0.000000
vn 0.000000 1.000000 0.000000
vn 0.000000 1.000000 0.000000
vn 0.000000 1.000000 0.000000
vn 0.000000 1.000000 0.000000
vn 0.000000 1.000000 0.000000
vn 0.000000 1.000000 0.000000
vn 0.000000 1.000000 0.000000
vn 0.000000 1.000000 0.000000
vn 0.000000 1.000000 0.000000
vn 0.000000 1.000000 0.000000
vn 0.000000 1.000000 0.000000
vn 0.000000 1.000000 0.000000
vn 0.000000 1.000000 0.000000
vn 0.000000 1.000000 0.000000
vn 0.000000 1.000000 0.000000
vn 0.000000 1.000000 0.000000
vn 0.000000 1.000000 0.000000
vn 0.000000 1.000000 0.000000
vn 0.000000 1.000000 0.000000
vn 0.000000 1.000000 0.000000
vn 0.000000 1.000000 0.000000
vn 0.000000 1.000000 0.000000
vn 0.000000 1.000000 0.000000
vn 0.000000 1.000000 0.000000
vn 0.000000 1.000000 0.000000
vn 0.000000 1.000000 0.000000
vn 0.000000 1.000000 0.000000
vn 0.000000 1.000000 0.000000
vn 0.000000 1.000000 0.000000
vn 0.000000 1.000000 0.000000
vn 0.000000 1.000000 0.000000
vn 0.000000 1.000000 0.000000
vn 0.000000 1.000000 0.000000
vn 0.000000 1.000000 0.000000
vn 0.000000 1.000000 0.000000
vn 0.000000 1.000000 0.000000
vn 0.000000 1.000000 0.000000
vn 0.000000 1.000000 0.000000
vn 0.000000 1.000000 0.000000
vn 0.000000 1.000000 0.000000
vn 0.000000 1.000000 0.000000
vn 0.000000 1.000000 0.000000
vn 0.000000 1.000000 0.000000
vn 0.000000 1.000000 0.000000
vn 0.000000 1.000000 0.000000
vn 0.000000 1.000000 0.000000
vn 0.000000 1.000000 0.000000
vn 0.000000 1.000000 0.000000
vn 0.000000 1.000000 0.000000
vn 0.000000 1.000000 0.000000
vn 0.000000 1.000000 0.000000
vn 0.000000 1.000000 0.000000
vn 0.000000 1.000000 0.000000
vn 0.000000 1.000000 0.000000
vn 0.000000 1.000000 0.000000
vn 0.000000 1.000000 0.000000
vn 0.000000 1.000000 0.000000
vn 0.000000 1.000000 0.000000
vn 0.000000 1.000000 0.000000
vn 0.000000 1.000000 0.000000
vn 0.000000 1.000000 0.000000
vn 0.000000 1.000000 0.000000
vn 0.000000 1.000000 0.000000
vn 0.000000 1.000000 0.000000
vn 0.000000 1.000000 0.000000
vn 0.000000 1.000000 0.000000
vn 0.000000 1.000000 0.000000
vn 0.000000 1.000000 0.000000
vn 0.000000 1.000000 0.000000
vn 0.000000 1.000000 0.000000
vn 0.000000 1.000000 0.000000
vn 0.000000 1.000000 0.000000
vn 0.000000 1.000000 0.000000
vn 0.000000 1.000000 0.000000
vn 0.000000 1.000000 0.000000
vn 0.000000 1.000000 0.000000
vn 0.000000 1.000000 0.000000
vn 0.000000 1.000000 0.000000
vn 0.000000 1.000000 0.000000
vn 0.000000 1.000000 0.000000
vn 0.000000 1.000000 0.000000
vn 0.000000 1.000000 0.000000
vn 0.000000 1.000000 0.000000
vn 0.000000 1.000000 0.000000
vn 0.000000 1.000000 0.000000
vn 0.000000 1.000000 0.000000
vn 0.000000 1.000000 0.000000
vn 0.000000 1.000000 0.000000
vn 0.000000 1.000000 0.000000
vn 0.000000 1.000000 0.000000
vn 0.000000 1.000000 0.000000
vn 0.000000 1.000000 0.000000
vn 0.000000 1.000000 0.000000
vn 0.000000 1.000000 0.000000
vn 0.000000 1.000000 0.000000
vn 0.000000 1.000000 0.000000
vn 0.000000 1.000000 0.000000
vn 0.000000 1.000000 0.000000
vn 0.000000 1.000000 0.000000
vn 0.000000 1.000000 0.000000
vn 0.000000 1.000000 0.000000
vn 0.000000 1.000000 0.000000
vn 0.000000 1.000000 0.000000
vn 0.000000 1.000000 0.000000
vn 0.000000 1.000000 0.000000
vn 0.000000 1.000000 0.000000
vn 0.000000 1.000000 0.000000
vn 0.000000 1.000000 0.000000
vn 0.000000 1.000000 0.000000
vn 0.000000 1.000000 0.000000
vn 0.000000 1.000000 0.000000
vn 0.000000 1.000000 0.000000
vn 0.000000 1.000000 0.000000
vn 0.000000 1.000000 0.000000
vn 0.000000 1.000000 0.000000
vn 0.000000 1.000000 0.000000
vn 0.000000 1.000000 0.000000
vn 0.000000 1.000000 0.000000
vn 0.000000 1.000000 0.000000
vn 0.000000 1.000000 0.000000
vn 0.000000 1.000000 0.000000
vn 0.000000 1.000000 0.000000
vn 0.000000 1.000000 0.000000
vn 0.000000 1.000000 0.000000
vn 0.000000 1.000000 0.000000
vn 0.000000 1.000000 0.000000
vn 0.000000 1.000000 0.000000
vn 0.000000 1.000000 0.000000
vn 0.000000 1.000000 0.000000
vn 0.000000 1.000000 0.000000
vn 0.000000 1.000000 0.000000
vn 0.000000 1.000000 0.000000
vn 0.000000 1.000000 0.000000
vn 0.000000 1.000000 0.000000
vn 0.000000 1.000000 0.000000
vn 0.000000 1.000000 0.000000
vn 0.000000 1.000000 0.000000
vn 0.000000 1.000000 0.000000
vn 0.000000 1.000000 0.000000
vn 0.000000 1.000000 0.000000
vn 0.000000 1.000000 0.000000
vn 0.000000 1.000000 0.000000
vn 0.000000 1.000000 0.000000
vn 0.000000 1.000000 0.000000
vn 0.000000 1.000000 0.000000
vn 0.000000 1.000000 0.000000
vn 0.000000 1.000000 0.000000
vn 0.000000 1.000000 0.000000
vn 0.000000 1.000000 0.000000
vn 0.000000 1.000000 0.000000
vn 0.000000 1.000000 0.000000
vn 0.000000 1.000000 0.000000
vn 0.000000 1.000000 0.000000
vn 0.000000 1.000000 0.000000
vn 0.000000 1.000000 0.000000
vn 0.000000 1.000000 0.000000
vn 0.000000 1.000000 0.000000
vn 0.000000 1.000000 0.000000
vn 0.000000 1.000000 0.000000
vn 0.000000 1.000000 0.000000
vn 0.000000 1.000000 0.000000
vn 0.000000 1.000000 0.000000
vn 0.000000 1.000000 0.000000
vn 0.000000 1.000000 0.000000
vn 0.000000 1.000000 0.000000
vn 0.000000 1.000000 0.000000
vn 0.000000 1.000000 0.000000
vn 0.000000 1.000000 0.000000
vn 0.000000 1.000000 0.000000
vn 0.000000 1.000000 0.000000
vn 0.000000 1.000000 0.000000
vn 0.000000 1.000000 0.000000
vn 0.000000 1.000000 0.000000
vn 0.000000 1.000000 0.000000
vn 0.000000 1.000000 0.000000
vn 0.000000 1.000000 0.000000
vn 0.000000 1.000000 0.000000
vn 0.000000 1.000000 0.000000
vn 0.000000 1.000000 0.000000
vn 0.000000 1.000000 0.000000
vn 0.000000 1.000000 0.000000
vn 0.000000 1.000000 0.000000
vn 0.000000 1.000000 0.000000
vn 0.000000 1.000000 0.000000
vn 0.000000 1.000000 0.000000
vn 0.000000 1.000000 0.000000
vn 0.000000 1.000000 0.000000
vn 0.000000 1.000000 0.000000
vn 0.000000 1.000000 0.000000
vn 0.000000 1.000000 0.000000
vn 0.000000 1.000000 0.000000
vn 0.000000 1.000000 0.000000
vn 0.000000 1.000000 0.000000
vn 0.000000 1.000000 0.000000
vn 0.000000 1.000000 0.000000
vn 0.000000 1.000000 0.000000
vn 0.000000 1.000000 0.000000
vn 0.000000 1.000000 0.000000
vn 0.000000 1.000000 0.000000
vn 0.000000 1.000000 0.000000
vn 0.000000 1.000000 0.000000
vn 0.000000 1.000000 0.000000
vn 0.000000 1.000000 0.000000
vn 0.000000 1.000000 0.000000
vn 0.000000 1.000000 0.000000
vn 0.000000 1.000000 0.000000
vn 0.000000 1.000000 0.000000
vn 0.000000 1.000000 0.000000
vn 0.000000 1.000000 0.000000
vn 0.000000 1.000000 0.000000
vn 0.000000 1.000000 0.000000
vn 0.000000 1.000000 0.000000
vn 0.000000 1.000000 0.000000
vn 0.000000 1.000000 0.000000
vn 0.000000 1.000000 0.000000
vn 0.000000 1.000000 0.000000
vn 0.000000 1.000000 0.000000
vn 0.000000 1.000000 0.000000
vn 0.000000 1.000000 0.000000
vn 0.000000 1.000000 0.000000
vn 0.000000 1.000000 0.000000
vn 0.000000 1.000000 0.000000
vn 0.000000 1.000000 0.000000
vn 0.000000 1.000000 0.000000
vn 0.000000 1.000000 0.000000
vn 0.000000 1.000000 0.000000
vn 0.000000 1.000000 0.000000
vn 0.000000 1.000000 0.000000
vn 0.000000 1.000000 0.000000
vn 0.000000 1.000000 0.000000
vn 0.000000 1.000000 0.000000
vn 0.000000 1.000000 0.000000
vn 0.000000 1.000000 0.000000
vn 0.000000 1.000000 0.000000
vn 0.000000 1.000000 0.000000
vn 0.000000 1.000000 0.000000
vn 0.000000 1.000000 0.000000
vn 0.000000 1.000000 0.000000
vn 0.000000 1.000000 0.000000
vn 0.000000 1.000000 0.000000
vn 0.000000 1.000000 0.000000
vn 0.000000 1.000000 0.000000
vn 0.000000 1.000000 0.000000
vn 0.000000 1.000000 0.000000
vn 0.000000 1.000000 0.000000
vn 0.000000 1.000000 0.000000
vn 0.000000 1.000000 0.000000
vn 0.000000 1.000000 0.000000
vn 0.000000 1.000000 0.000000
vn 0.000000 1.000000 0.000000
vn 0.000000 1.000000 0.000000
vn 0.000000 1.000000 0.000000
vn 0.000000 1.000000 0.000000
vn 0.000000 1.000000 0.000000
vn 0.000000 1.000000 0.000000
vn 0.000000 1.000000 0.000000
vn 0.000000 1.000000 0.000000
vn 0.000000 1.000000 0.000000
vn 0.000000 1.000000 0.000000
vn 0.000000 1.000000 0.000000
vn 0.000000 1.000000 0.000000
vn 0.000000 1.000000 0.000000
vn 0.000000 1.000000 0.000000
vn 0.000000 1.000000 0.000000
vn 0.000000 1.000000 0.000000
vn 0.000000 1.000000 0.000000
vn 0.000000 1.000000 0.000000
vn 0.000000 1.000000 0.000000
vn 0.000000 1.000000 0.000000
vn 0.000000 1.000000 0.000000
vn 0.000000 1.000000 0.000000
vn 0.000000 1.000000 0.000000
vn 0.000000 1.000000 0.000000
vn 0.000000 1.000000 0.000000
vn 0.000000 1.000000 0.000000
vn 0.000000 1.000000 0.000000
vn 0.000000 1.000000 0.000000
vn 0.000000 1.000000 0.000000
vn 0.000000 1.000000 0.000000
vn 0.000000 1.000000 0.000000
vn 0.000000 1.000000 0.000000
vn 0.000000 1.000000 0.000000
vn 0.000000 1.000000 0.000000
vn 0.000000 1.000000 0.000000
vn 0.000000 1.000000 0.000000
vn 0.000000 1.000000 0.000000
vn 0.000000 1.000000 0.000000
vn 0.000000 1.000000 0.000000
vn 0.000000 1.000000 0.000000
vn 0.000000 1.000000 0.000000
vn 0.000000 1.000000 0.000000
vn 0.000000 1.000000 0.000000
vn 0.000000 1.000000 0.000000
vn 0.000000 1.000000 0.000000
vn 0.000000 1.000000 0.000000
vn 0.000000 1.000000 0.000000
vn 0.000000 1.000000 0.000000
vn 0.000000 1.000000 0.000000
vn 0.000000 1.000000 0.000000
vn 0.000000 1.000000 0.000000
vn 0.000000 1.000000 0.000000
vn 0.000000 1.000000 0.000000
vn 0.000000 1.000000 0.000000
vn 0.000000 1.000000 0.000000
vn 0.000000 1.000000 0.000000
vn 0.000000 1.000000 0.000000
vn 0.000000 1.000000 0.000000
vn 0.000000 1.000000 0.000000
vn 0.000000 1.000000 0.000000
vn 0.000000 1.000000 0.000000
vn 0.000000 1.000000 0.000000
vn 0.000000 1.000000 0.000000
vn 0.000000 1.000000 0.000000
vn 0.000000 1.000000 0.000000
vn 0.000000 1.000000 0.000000
vn 0.000000 1.000000 0.000000
vn 0.000000 1.000000 0.000000
vn 0.000000 1.000000 0.000000
vn 0.000000 1.000000 0.000000
vn 0.000000 1.000000 0.000000
vn 0.000000 1.000000 0.000000
vn 0.000000 1.000000 0.000000
vn 0.000000 1.000000 0.000000
vn 0.000000 1.000000 0.000000
vn 0.000000 1.000000 0.000000
vn 0.000000 1.000000 0.000000
vn 0.000000 1.000000 0.000000
vn 0.000000 1.000000 0.000000
vn 0.000000 1.000000 0.000000
vn 0.000000 1.000000 0.000000
vn 0.000000 1.000000 0.000000
vn 0.000000 1.000000 0.000000
vn 0.000000 1.000000 0.000000
vn 0.000000 1.000000 0.000000
vn 0.000000 1.000000 0.000000
vn 0.000000 1.000000 0.000000
vn 0.000000 1.000000 0.000000
vn 0.000000 1.000000 0.000000
vn 0.000000 1.000000 0.000000
vn 0.000000 1.000000 0.000000
vn 0.000000 1.000000 0.000000
vn 0.000000 1.000000 0.000000
vn 0.000000 1.000000 0.000000
vn 0.000000 1.000000 0.000000
vn 0.000000 1.000000 0.000000
vn 0.000000 1.000000 0.000000
vn 0.000000 1.000000 0.000000
vn 0.000000 1.000000 0.000000
vn 0.000000 1.000000 0.000000
vn 0.000000 1.000000 0.000000
vn 0.000000 1.000000 0.000000
vn 0.000000 1.000000 0.000000
vn 0.000000 1.000000 0.000000
vn 0.000000 1.000000 0.000000
vn 0.000000 1.000000 0.000000
vn 0.000000 1.000000 0.000000
vn 0.000000 1.000000 0.000000
vn 0.000000 1.000000 0.000000
vn 0.000000 1.000000 0.000000
vn 0.000000 1.000000 0.000000
vn 0.000000 1.000000 0.000000
vn 0.000000 1.000000 0.000000
vn 0.000000 1.000000 0.000000
vn 0.000000 1.000000 0.000000
vn 0.000000 1.000000 0.000000
vn 0.000000 1.000000 0.000000
vn 0.000000 1.000000 0.000000
vn 0.000000 1.000000 0.000000
vn 0.000000 1.000000 0.000000
vn 0.000000 1.000000 0.000000
vn 0.000000 1.000000 0.000000
vn 0.000000 1.000000 0.000000
vn 0.000000 1.000000 0.000000
vn 0.000000 1.000000 0.000000
vn 0.000000 1.000000 0.000000
vn 0.000000 1.000000 0.000000
vn 0.000000 1.000000 0.000000
vn 0.000000 1.000000 0.000000
vn 0.000000 1.000000 0.000000
vn 0.000000 1.000000 0.000000
vn 0.000000 1.000000 0.000000
vn 0.000000 1.000000 0.000000
vn 0.000000 1.000000 0.000000
vn 0.000000 1.000000 0.000000
vn 0.000000 1.000000 0.000000
vn 0.000000 1.000000 0.000000
vn 0.000000 1.000000 0.000000
vn 0.000000 1.000000 0.000000
vn 0.000000 1.000000 0.000000
vn 0.000000 1.000000 0.000000
vn 0.000000 1.000000 0.000000
vn 0.000000 1.000000 0.000000
vn 0.000000 1.000000 0.000000
vn 0.000000 1.000000 0.000000
vn 0.000000 1.000000 0.000000
vn 0.000000 1.000000 0.000000
vn 0.000000 1.000000 0.000000
vn 0.000000 1.000000 0.000000
vn 0.000000 1.000000 0.000000
vn 0.000000 1.000000 0.000000
vn 0.000000 1.000000 0.000000
vn 0.000000 1.000000 0.000000
vn 0.000000 1.000000 0.000000
f 65537//65537 196611//196611 65539//65539
f 262146//262146 131076//131076 327684//327684
f 196615//196615 262149//262149 393224//393224
f 327689//327689 196612//196612 524295//524295
f 524294//524294 655370//655370 458759//458759
f 720904//720904 786443//786443 393225//393225
f 655367//655367 851981//851981 524298//524298
f 786441//786441 589838//589838 917518//917518
f 655376//655376 720908//720908 983057//983057
f 786450//786450 655371//655371 1114128//1114128
f 851987//851987 786445//786445 1179666//1179666
f 917524//917524 851982//851982 1245203//1245203
f 1245199//1245199 1376277//1376277 1048592//1048592
f 1441809//1441809 1507350//1507350 983058//983058
f 1376272//1376272 1572888//1572888 1114131//1114131
f 1507346//1507346 1638425//1638425 1179668//1179668
f 1572883//1572883 1703962//1703962 1245205//1245205
f 1638420//1638420 1310747//1310747 1769499//1769499
f 1376285//1376285 1441815//1441815 1835038//1835038
f 1507359//1507359 1376278//1376278 1966109//1966109
f 1572896//1572896 1507352//1507352 2031647//2031647
f 1638433//1638433 1572889//1572889 2097184//2097184
f 1703970//1703970 1638426//1638426 2162721//2162721
f 1769507//1769507 1703963//1703963 2228258//2228258
f 2228252//2228252 2359332//2359332 1900573//1900573
f 2424862//2424862 2490405//2490405 1835039//1835039
f 2359325//2359325 2555943//2555943 1966112//1966112
f 2490399//2490399 2621480//2621480 2031649//2031649
f 2555936//2555936 2687017//2687017 2097186//2097186
f 2621473//2621473 2752554//2752554 2162723//2162723
f 2687010//2687010 2818091//2818091 2228260//2228260
f 2752547//2752547 2293804//2293804 2883628//2883628
f 2359342//2359342 2424870//2424870 2949167//2949167
f 2490416//2490416 2359333//2359333 3080238//3080238
f 2555953//2555953 2490407//2490407 3145776//3145776
f 2621490//2621490 2555944//2555944 3211313//3211313
f 2687027//2687027 2621481//2621481 3276850//3276850
f 2752564//2752564 2687018//2687018 3342387//3342387
f 2818101//2818101 2752555//2752555 3407924//3407924
f 2949174//2949174 3014703//3014703 3473463//3473463
f 3080248//3080248 2949166//2949166 3604534//3604534
f 3145785//3145785 3080240//3080240 3670072//3670072
f 3211322//3211322 3145777//3145777 3735609//3735609
f 3276859//3276859 3211314//3211314 3801146//3801146
f 3342396//3342396 3276851//3276851 3866683//3866683
f 3473469//3473469 3538999//3538999 3932222//3932222
f 3604543//3604543 3473462//3473462 4063293//4063293
f 3670080//3670080 3604536//3604536 4128831//4128831
f 3735617//3735617 3670073//3670073 4194368//4194368
f 3801154//3801154 3735610//3735610 4259905//4259905
f 3932227//3932227 3997758//3997758 4325444//4325444
f 4063301//4063301 3932221//3932221 4456515//4456515
f 4128838//4128838 4063295//4063295 4522053//4522053
f 4194375//4194375 4128832//4128832 4587590//4587590
f 4325448//4325448 4390980//4390980 4653129//4653129
f 4456522//4456522 4325443//4325443 4784200//4784200
f 4522059//4522059 4456517//4456517 4849738//4849738
f 4653132//4653132 4718665//4718665 4915277//4915277
f 4784206//4784206 4653128//4653128 5046348//5046348
f 4915279//4915279 4980813//4980813 5111888//5111888
f 4587585//4587585 5242961//5242961 4194370//4194370
f 4587602//4587602 4522054//4522054 5308491//5308491
f 4849747//4849747 4784202//4784202 5374030//5374030
f 5046356//5046356 4915276//4915276 5439567//5439567
f 5111893//5111893 5177424//5177424 5505110//5505110
f 5242967//5242967 4587591//4587591 5636178//5636178
f 5308504//5308504 4849739//4849739 5701715//5701715
f 5374041//5374041 5046350//5046350 5767252//5767252
f 5439578//5439578 5111887//5111887 5832789//5832789
f 5505115//5505115 5570646//5570646 5898332//5898332
f 5636189//5636189 5308498//5308498 6029400//6029400
f 5701726//5701726 5374035//5374035 6094937//6094937
f 5767263//5767263 5439572//5439572 6160474//6160474
f 5832800//5832800 5505109//5505109 6226011//6226011
f 5898337//5898337 5963868//5963868 6291554//6291554
f 6029411//6029411 5701720//5701720 6422622//6422622
f 6094948//6094948 5767257//5767257 6488159//6488159
f 6160485//6160485 5832794//5832794 6553696//6553696
f 6226022//6226022 5898331//5898331 6619233//6619233
f 6291559//6291559 6357090//6357090 6684776//6684776
f 6422633//6422633 6094942//6094942 6815844//6815844
f 6488170//6488170 6160479//6160479 6881381//6881381
f 6553707//6553707 6226016//6226016 6946918//6946918
f 6619244//6619244 6291553//6291553 7012455//7012455
f 6684781//6684781 6750312//6750312 7077998//7077998
f 6815855//6815855 6488164//6488164 7209066//7209066
f 6881392//6881392 6553701//6553701 7274603//7274603
f 6946929//6946929 6619238//6619238 7340140//7340140
f 7012466//7012466 6684775//6684775 7405677//7405677
f 7078003//7078003 7143534//7143534 7471220//7471220
f 7209077//7209077 6881386//6881386 7602288//7602288
f 7274614//7274614 6946923//6946923 7667825//7667825
f 7340151//7340151 7012460//7012460 7733362//7733362
f 7405688//7405688 7077997//7077997 7798899//7798899
f 7471225//7471225 7536756//7536756 7864442//7864442
f 7602299//7602299 7274608//7274608 7995510//7995510
f 7667836//7667836 7340145//7340145 8061047//8061047
f 7733373//7733373 7405682//7405682 8126584//8126584
f 7798910//7798910 7471219//7471219 8192121//8192121
f 7864447//7864447 7929978//7929978 8257664//8257664
f 7995521//7995521 7667830//7667830 8388732//8388732
f 8061058//8061058 7733367//7733367 8454269//8454269
f 8126595//8126595 7798904//7798904 8519806//8519806
f 8192132//8192132 7864441//7864441 8585343//8585343
f 8257669//8257669 8323200//8323200 8650886//8650886
f 8388743//8388743 8061052//8061052 8781954//8781954
f 8454280//8454280 8126589//8126589 8847491//8847491
f 8519817//8519817 8192126//8192126 8913028//8913028
f 8585354//8585354 8257663//8257663 8978565//8978565
f 8650891//8650891 8716422//8716422 9044108//9044108
f 8781965//8781965 8454274//8454274 9175176//9175176
f 8847502//8847502 8519811//8519811 9240713//9240713
f 8913039//8913039 8585348//8585348 9306250//9306250
f 8978576//8978576 8650885//8650885 9371787//9371787
f 9044113//9044113 9109644//9109644 9437330//9437330
f 9175187//9175187 8847496//8847496 9568398//9568398
f 9240724//9240724 8913033//8913033 9633935//9633935
f 9306261//9306261 8978570//8978570 9699472//9699472
f 9371798//9371798 9044107//9044107 9765009//9765009
f 9437335//9437335 9502866//9502866 9830552//9830552
f 9568409//9568409 9240718//9240718 9961620//9961620
f 9633946//9633946 9306255//9306255 10027157//10027157
f 9699483//9699483 9371792//9371792 10092694//10092694
f 9765020//9765020 9437329//9437329 10158231//10158231
f 9830557//9830557 9896088//9896088 10223774//10223774
f 9961631//9961631 9633940//9633940 10354842//10354842
f 10027168//10027168 9699477//9699477 10420379//10420379
f 10092705//10092705 9765014//9765014 10485916//10485916
f 10158242//10158242 9830551//9830551 10551453//10551453
f 10223779//10223779 10289310//10289310 10616996//10616996
f 10354853//10354853 10027162//10027162 10748064//10748064
f 10420390//10420390 10092699//10092699 10813601//10813601
f 10485927//10485927 10158236//10158236 10879138//10879138
f 10551464//10551464 10223773//10223773 10944675//10944675
f 10617001//10617001 10682532//10682532 11010218//11010218
f 10748075//10748075 10420384//10420384 11141286//11141286
f 10813612//10813612 10485921//10485921 11206823//11206823
f 10879149//10879149 10551458//10551458 11272360//11272360
f 10944686//10944686 10616995//10616995 11337897//11337897
f 11010223//11010223 11075754//11075754 11403440//11403440
f 11141297//11141297 10813606//10813606 11534508//11534508
f 11206834//11206834 10879143//10879143 11600045//11600045
f 11272371//11272371 10944680//10944680 11665582//11665582
f 11337908//11337908 11010217//11010217 11731119//11731119
f 11403445//11403445 11468976//11468976 11796662//11796662
f 11534519//11534519 11206828//11206828 11927730//11927730
f 11600056//11600056 11272365//11272365 11993267//11993267
f 11665593//11665593 11337902//11337902 12058804//12058804
f 11731130//11731130 11403439//11403439 12124341//12124341
f 11796667//11796667 11862198//11862198 12189884//12189884
f 11927741//11927741 11600050//11600050 12320952//12320952
f 11993278//11993278 11665587//11665587 12386489//12386489
f 12058815//12058815 11731124//11731124 12452026//12452026
f 12124352//12124352 11796661//11796661 12517563//12517563
f 12189889//12189889 12255420//12255420 12583106//12583106
f 12320963//12320963 11993272//11993272 12714174//12714174
f 12386500//12386500 12058809//12058809 12779711//12779711
f 12452037//12452037 12124346//12124346 12845248//12845248
f 12517574//12517574 12189883//12189883 12910785//12910785
f 12583111//12583111 12648642//12648642 12976328//12976328
f 12714185//12714185 12386494//12386494 13107396//13107396
f 12779722//12779722 12452031//12452031 13172933//13172933
f 12845259//12845259 12517568//12517568 13238470//13238470
f 12910796//12910796 12583105//12583105 13304007//13304007
f 12976333//12976333 13041864//13041864 13369550//13369550
f 13107407//13107407 12779716//12779716 13500618//13500618
f 13172944//13172944 12845253//12845253 13566155//13566155
f 13238481//13238481 12910790//12910790 13631692//13631692
f 13304018//13304018 12976327//12976327 13697229//13697229
f 13369555//13369555 13435086//13435086 13762772//13762772
f 13500629//13500629 13172938//13172938 13893840//13893840
f 13566166//13566166 13238475//13238475 13959377//13959377
f 13631703//13631703 13304012//13304012 14024914//14024914
f 13697240//13697240 13369549//13369549 14090451//14090451
f 13762777//13762777 13828308//13828308 14155994//14155994
f 13893851//13893851 13566160//13566160 14287062//14287062
f 13959388//13959388 13631697//13631697 14352599//14352599
f 14024925//14024925 13697234//13697234 14418136//14418136
f 14090462//14090462 13762771//13762771 14483673//14483673
f 14155999//14155999 14221530//14221530 14549216//14549216
f 14287073//14287073 13959382//13959382 14680284//14680284
f 14352610//14352610 14024919//14024919 14745821//14745821
f 14418147//14418147 14090456//14090456 14811358//14811358
f 14483684//14483684 14155993//14155993 14876895//14876895
f 14549221//14549221 14614752//14614752 14942438//14942438
f 14680295//14680295 14352604//14352604 15073506//15073506
f 14745832//14745832 14418141//14418141 15139043//15139043
f 14811369//14811369 14483678//14483678 15204580//15204580
f 14876906//14876906 14549215//14549215 15270117//15270117
f 14942443//14942443 15007974//15007974 15335660//15335660
f 15073517//15073517 14745826//14745826 15466728//15466728
f 15139054//15139054 14811363//14811363 15532265//15532265
f 15204591//15204591 14876900//14876900 15597802//15597802
f 15270128//15270128 14942437//14942437 15663339//15663339
f 15335665//15335665 15401196//15401196 15728882//15728882
f 15466739//15466739 15139048//15139048 15859950//15859950
f 15532276//15532276 15204585//15204585 15925487//15925487
f 15597813//15597813 15270122//15270122 15991024//15991024
f 15663350//15663350 15335659//15335659 16056561//16056561
f 15728887//15728887 15794418//15794418 16122104//16122104
f 15859961//15859961 15532270//15532270 16253172//16253172
f 15925498//15925498 15597807//15597807 16318709//16318709
f 15991035//15991035 15663344//15663344 16384246//16384246
f 16056572//16056572 15728881//15728881 16449783//16449783
f 16122109//16122109 16187640//16187640 16515326//16515326
f 16253183//16253183 15925492//15925492 16646394//16646394
f 16318720//16318720 15991029//15991029 16711931//16711931
f 16384257//16384257 16056566//16056566 16777468//16777468
f 16449794//16449794 16122103//16122103 16843005//16843005
f 16515331//16515331 16580862//16580862 16908548//16908548
f 16646405//16646405 16318714//16318714 17039616//17039616
f 16711942//16711942 16384251//16384251 17105153//17105153
f 16777479//16777479 16449788//16449788 17170690//17170690
f 16843016//16843016 16515325//16515325 17236227//17236227
f 16908553//16908553 16974084//16974084 17301770//17301770
f 17039627//17039627 16711936//16711936 17432838//17432838
f 17105164//17105164 16777473//16777473 17498375//17498375
f 17170701//17170701 16843010//16843010 17563912//17563912
f 17236238//17236238 16908547//16908547 17629449//17629449
f 17301775//17301775 17367306//17367306 17694992//17694992
f 17432849//17432849 17105158//17105158 17826060//17826060
f 17498386//17498386 17170695//17170695 17891597//17891597
f 17563923//17563923 17236232//17236232 17957134//17957134
f 17629460//17629460 17301769//17301769 18022671//18022671
f 17694997//17694997 17760528//17760528 18088214//18088214
f 17826071//17826071 17498380//17498380 18219282//18219282
f 17891608//17891608 17563917//17563917 18284819//18284819
f 17957145//17957145 17629454//17629454 18350356//18350356
f 18022682//18022682 17694991//17694991 18415893//18415893
f 18088219//18088219 18153750//18153750 18481436//18481436
f 18219293//18219293 17891602//17891602 18612504//18612504
f 18284830//18284830 17957139//17957139 18678041//18678041
f 18350367//18350367 18022676//18022676 18743578//18743578
f 18415904//18415904 18088213//18088213 18809115//18809115
f 18481441//18481441 18546972//18546972 18874658//18874658
f 18874659//18874659 18481442//18481442 19071265//19071265
f 18809124//18809124 18874651//18874651 19136803//19136803
f 19071269//19071269 19202337//19202337 19005733//19005733
f 18809114//18809114 19267879//19267879 18415903//18415903
f 18743577//18743577 19333416//19333416 18350366//18350366
f 19071264//19071264 19398953//19398953 18809127//18809127
f 19202341//19202341 19530026//19530026 19202346//19202346
f 19136804//19136804 19595564//19595564 19071273//19071273
f 19595562//19595562 18743589//18743589 19661095//19661095
f 19333421//19333421 19464479//19464479 19726635//19726635
f 19726639//19726639 19267883//19267883 19857705//19857705
f 19661104//19661104 19595559//19595559 19923242//19923242
f 19923246//19923246 19398954//19398954 19988780//19988780
f 19857714//19857714 19923241//19923241 19595570//19595570
f 19792174//19792174 20119859//20119859 19792179//19792179
f 19726641//19726641 20054325//20054325 19726645//19726645
f 19923250//19923250 20185398//20185398 19923254//19923254
f 19988784//19988784 20250935//20250935 19988791//19988791
f 19857709//19857709 20316472//20316472 19857720//19857720
f 20119859//20119859 20513081//20513081 20119865//20119865
f 20054325//20054325 20447547//20447547 20054331//20054331
f 20185398//20185398 20578620//20578620 20185404//20185404
f 20250935//20250935 20644157//20644157 20250941//20250941
f 20513081//20513081 20840766//20840766 20513086//20513086
f 20447547//20447547 20775232//20775232 20447552//20447552
f 20578620//20578620 20906305//20906305 20578625//20578625
f 20840766//20840766 21102914//21102914 20840770//20840770
f 20775232//20775232 21037380//21037380 20775236//20775236
f 21102914//21102914 21299525//21299525 21102917//21102917
f 21365053//21365053 20382007//20382007 21365047//21365047
f 20644157//20644157 20971848//20971848 20644168//20644168
f 20906305//20906305 21168457//21168457 20906313//20906313
f 21037380//21037380 21233994//21233994 21037386//21037386
f 21299525//21299525 21692747//21692747 21299531//21299531
f 20709703//20709703 21430605//21430605 20709709//20709709
f 20971848//20971848 21496142//21496142 20971854//20971854
f 21168457//21168457 21561679//21561679 21168463//21168463
f 21233994//21233994 21627216//21627216 21234000//21234000
f 21692747//21692747 22085969//22085969 21692753//21692753
f 21430605//21430605 21823827//21823827 21430611//21430611
f 21496142//21496142 21889364//21889364 21496148//21496148
f 21561679//21561679 21954901//21954901 21561685//21561685
f 21627216//21627216 22020438//22020438 21627222//21627222
f 22085969//22085969 22479191//22479191 22085975//22085975
f 21823827//21823827 22217049//22217049 21823833//21823833
f 21889364//21889364 22282586//22282586 21889370//21889370
f 21954901//21954901 22348123//22348123 21954907//21954907
f 22020438//22020438 22413660//22413660 22020444//22020444
f 22479191//22479191 22872413//22872413 22479197//22479197
f 22217049//22217049 22610271//22610271 22217055//22217055
f 22282586//22282586 22675808//22675808 22282592//22282592
f 22348123//22348123 22741345//22741345 22348129//22348129
f 22413660//22413660 22806882//22806882 22413666//22413666
f 22872413//22872413 23265635//23265635 22872419//22872419
f 22610271//22610271 23003493//23003493 22610277//22610277
f 22675808//22675808 23069030//23069030 22675814//22675814
f 22741345//22741345 23134567//23134567 22741351//22741351
f 22806882//22806882 23200104//23200104 22806888//22806888
f 23265635//23265635 23658857//23658857 23265641//23265641
f 23003493//23003493 23396715//23396715 23003499//23003499
f 23069030//23069030 23462252//23462252 23069036//23069036
f 23134567//23134567 23527789//23527789 23134573//23134573
f 23200104//23200104 23593326//23593326 23200110//23200110
f 23658857//23658857 24052079//24052079 23658863//23658863
f 23396715//23396715 23789937//23789937 23396721//23396721
f 23462252//23462252 23855474//23855474 23462258//23462258
f 23527789//23527789 23921011//23921011 23527795//23527795
f 23593326//23593326 23986548//23986548 23593332//23593332
f 24052079//24052079 24445301//24445301 24052085//24052085
f 23789937//23789937 24183159//24183159 23789943//23789943
f 23855474//23855474 24248696//24248696 23855480//23855480
f 23921011//23921011 24314233//24314233 23921017//23921017
f 23986548//23986548 24379770//24379770 23986554//23986554
f 24445301//24445301 24838523//24838523 24445307//24445307
f 24183159//24183159 24576381//24576381 24183165//24183165
f 24248696//24248696 24641918//24641918 24248702//24248702
f 24314233//24314233 24707455//24707455 24314239//24314239
f 24379770//24379770 24772992//24772992 24379776//24379776
f 24838523//24838523 25231745//25231745 24838529//24838529
f 24576381//24576381 24969603//24969603 24576387//24576387
f 24641918//24641918 25035140//25035140 24641924//24641924
f 24707455//24707455 25100677//25100677 24707461//24707461
f 24772992//24772992 25166214//25166214 24772998//24772998
f 25231745//25231745 25624967//25624967 25231751//25231751
f 24969603//24969603 25362825//25362825 24969609//24969609
f 25035140//25035140 25428362//25428362 25035146//25035146
f 25100677//25100677 25493899//25493899 25100683//25100683
f 25166214//25166214 25559436//25559436 25166220//25166220
f 25624967//25624967 26018189//26018189 25624973//25624973
f 25362825//25362825 25756047//25756047 25362831//25362831
f 25428362//25428362 25821584//25821584 25428368//25428368
f 25493899//25493899 25887121//25887121 25493905//25493905
f 25559436//25559436 25952658//25952658 25559442//25559442
f 26018189//26018189 26411411//26411411 26018195//26018195
f 25756047//25756047 26149269//26149269 25756053//25756053
f 25821584//25821584 26214806//26214806 25821590//25821590
f 25887121//25887121 26280343//26280343 25887127//25887127
f 25952658//25952658 26345880//26345880 25952664//25952664
f 26411411//26411411 26804633//26804633 26411417//26411417
f 26149269//26149269 26542491//26542491 26149275//26149275
f 26214806//26214806 26608028//26608028 26214812//26214812
f 26280343//26280343 26673565//26673565 26280349//26280349
f 26345880//26345880 26739102//26739102 26345886//26345886
f 26804633//26804633 27197855//27197855 26804639//26804639
f 26542491//26542491 26935713//26935713 26542497//26542497
f 26608028//26608028 27001250//27001250 26608034//26608034
f 26673565//26673565 27066787//27066787 26673571//26673571
f 26739102//26739102 27132324//27132324 26739108//26739108
f 27197855//27197855 27591077//27591077 27197861//27197861
f 26935713//26935713 27328935//27328935 26935719//26935719
f 27001250//27001250 27394472//27394472 27001256//27001256
f 27066787//27066787 27460009//27460009 27066793//27066793
f 27132324//27132324 27525546//27525546 27132330//27132330
f 27591077//27591077 27984299//27984299 27591083//27591083
f 27328935//27328935 27722157//27722157 27328941//27328941
f 27394472//27394472 27787694//27787694 27394478//27394478
f 27460009//27460009 27853231//27853231 27460015//27460015
f 27525546//27525546 27918768//27918768 27525552//27525552
f 27984299//27984299 28377521//28377521 27984305//27984305
f 27722157//27722157 28115379//28115379 27722163//27722163
f 27787694//27787694 28180916//28180916 27787700//27787700
f 27853231//27853231 28246453//28246453 27853237//27853237
f 27918768//27918768 28311990//28311990 27918774//27918774
f 28377521//28377521 28770743//28770743 28377527//28377527
f 28115379//28115379 28508601//28508601 28115385//28115385
f 28180916//28180916 28574138//28574138 28180922//28180922
f 28246453//28246453 28639675//28639675 28246459//28246459
f 28311990//28311990 28705212//28705212 28311996//28311996
f 28770743//28770743 29163965//29163965 28770749//28770749
f 28508601//28508601 28901823//28901823 28508607//28508607
f 28574138//28574138 28967360//28967360 28574144//28574144
f 28639675//28639675 29032897//29032897 28639681//28639681
f 28705212//28705212 29098434//29098434 28705218//28705218
f 29163965//29163965 29557187//29557187 29163971//29163971
f 28901823//28901823 29295045//29295045 28901829//28901829
f 28967360//28967360 29360582//29360582 28967366//28967366
f 29032897//29032897 29426119//29426119 29032903//29032903
f 29098434//29098434 29491656//29491656 29098440//29098440
f 29557187//29557187 29950409//29950409 29557193//29557193
f 29295045//29295045 29688267//29688267 29295051//29295051
f 29360582//29360582 29753804//29753804 29360588//29360588
f 29426119//29426119 29819341//29819341 29426125//29426125
f 29491656//29491656 29884878//29884878 29491662//29491662
f 29950409//29950409 30343631//30343631 29950415//29950415
f 29688267//29688267 30081489//30081489 29688273//29688273
f 29753804//29753804 30147026//30147026 29753810//29753810
f 29819341//29819341 30212563//30212563 29819347//29819347
f 29884878//29884878 30278100//30278100 29884884//29884884
f 30343631//30343631 30736853//30736853 30343637//30343637
f 30081489//30081489 30474711//30474711 30081495//30081495
f 30147026//30147026 30540248//30540248 30147032//30147032
f 30212563//30212563 30605785//30605785 30212569//30212569
f 30278100//30278100 30671322//30671322 30278106//30278106
f 30736853//30736853 31130075//31130075 30736859//30736859
f 30474711//30474711 30867933//30867933 30474717//30474717
f 30540248//30540248 30933470//30933470 30540254//30540254
f 30605785//30605785 30999007//30999007 30605791//30605791
f 30671322//30671322 31064544//31064544 30671328//30671328
f 31130075//31130075 31523297//31523297 31130081//31130081
f 30867933//30867933 31261155//31261155 30867939//30867939
f 30933470//30933470 31326692//31326692 30933476//30933476
f 30999007//30999007 31392229//31392229 30999013//30999013
f 31064544//31064544 31457766//31457766 31064550//31064550
f 31523297//31523297 31916519//31916519 31523303//31523303
f 31261155//31261155 31654377//31654377 31261161//31261161
f 31326692//31326692 31719914//31719914 31326698//31326698
f 31392229//31392229 31785451//31785451 31392235//31392235
f 31457766//31457766 31850988//31850988 31457772//31457772
f 31916519//31916519 32309741//32309741 31916525//31916525
f 31654377//31654377 32047599//32047599 31654383//31654383
f 31719914//31719914 32113136//32113136 31719920//31719920
f 31785451//31785451 32178673//32178673 31785457//31785457
f 31850988//31850988 32244210//32244210 31850994//31850994
f 32309741//32309741 32702963//32702963 32309747//32309747
f 32047599//32047599 32440821//32440821 32047605//32047605
f 32113136//32113136 32506358//32506358 32113142//32113142
f 32178673//32178673 32571895//32571895 32178679//32178679
f 32244210//32244210 32637432//32637432 32244216//32244216
f 32702963//32702963 33096185//33096185 32702969//32702969
f 32440821//32440821 32834043//32834043 32440827//32440827
f 32506358//32506358 32899580//32899580 32506364//32506364
f 32571895//32571895 32965117//32965117 32571901//32571901
f 32637432//32637432 33030654//33030654 32637438//32637438
f 33096185//33096185 33489407//33489407 33096191//33096191
f 32834043//32834043 33227265//33227265 32834049//32834049
f 32899580//32899580 33292802//33292802 32899586//32899586
f 32965117//32965117 33358339//33358339 32965123//32965123
f 33030654//33030654 33423876//33423876 33030660//33030660
f 33489407//33489407 33882629//33882629 33489413//33489413
f 33227265//33227265 33620487//33620487 33227271//33227271
f 33292802//33292802 33686024//33686024 33292808//33292808
f 33358339//33358339 33751561//33751561 33358345//33358345
f 33423876//33423876 33817098//33817098 33423882//33423882
f 33882629//33882629 34275851//34275851 33882635//33882635
f 33620487//33620487 34013709//34013709 33620493//33620493
f 33686024//33686024 34079246//34079246 33686030//33686030
f 33751561//33751561 34144783//34144783 33751567//33751567
f 33817098//33817098 34210320//34210320 33817104//33817104
f 34275851//34275851 34669073//34669073 34275857//34275857
f 34013709//34013709 34406931//34406931 34013715//34013715
f 34079246//34079246 34472468//34472468 34079252//34079252
f 34144783//34144783 34538005//34538005 34144789//34144789
f 34210320//34210320 34603542//34603542 34210326//34210326
f 34669073//34669073 35062295//35062295 34669079//34669079
f 34406931//34406931 34800153//34800153 34406937//34406937
f 34472468//34472468 34865690//34865690 34472474//34472474
f 34538005//34538005 34931227//34931227 34538011//34538011
f 34603542//34603542 34996764//34996764 34603548//34603548
f 35062295//35062295 35455517//35455517 35062301//35062301
f 34800153//34800153 35193375//35193375 34800159//34800159
f 34865690//34865690 35258912//35258912 34865696//34865696
f 34931227//34931227 35324449//35324449 34931233//34931233
f 34996764//34996764 35389986//35389986 34996770//34996770
f 35455517//35455517 35848739//35848739 35455523//35455523
f 35193375//35193375 35586597//35586597 35193381//35193381
f 35258912//35258912 35652134//35652134 35258918//35258918
f 35324449//35324449 35717671//35717671 35324455//35324455
f 35389986//35389986 35783208//35783208 35389992//35389992
f 35848739//35848739 36241961//36241961 35848745//35848745
f 35586597//35586597 35979819//35979819 35586603//35586603
f 35652134//35652134 36045356//36045356 35652140//35652140
f 35717671//35717671 36110893//36110893 35717677//35717677
f 35783208//35783208 36176430//36176430 35783214//35783214
f 36241961//36241961 36635183//36635183 36241967//36241967
f 35979819//35979819 36373041//36373041 35979825//35979825
f 36045356//36045356 36438578//36438578 36045362//36045362
f 36110893//36110893 36504115//36504115 36110899//36110899
f 36176430//36176430 36569652//36569652 36176436//36176436
f 36635183//36635183 37028405//37028405 36635189//36635189
f 36373041//36373041 36766263//36766263 36373047//36373047
f 36438578//36438578 36831800//36831800 36438584//36438584
f 36504115//36504115 36897337//36897337 36504121//36504121
f 36569652//36569652 36962874//36962874 36569658//36569658
f 37028405//37028405 37421627//37421627 37028411//37028411
f 37421627//37421627 37552701//37552701 37421629//37421629
f 37618237//37618237 37356091//37356091 36962880//36962880
f 37356096//37356096 37290559//37290559 37683765//37683765
f 37749311//37749311 37814848//37814848 37749312//37749312
f 37814848//37814848 37749306//37749306 37814851//37814851
f 37945914//37945914 37945908//37945908 37814842//37814842
f 36897337//36897337 38011460//38011460 37880386//37880386
f 38011458//38011458 37880388//37880388 38011462//38011462
f 38142532//38142532 38142521//38142521 38011460//38011460
f 38011464//38011464 38011462//38011462 38142536//38142536
f 38273606//38273606 38339144//38339144 38142521//38142521
f 38339129//38339129 37159475//37159475 38339123//38339123
f 38208075//38208075 38273609//38273609 38404684//38404684
f 38142541//38142541 38142536//38142536 38339149//38339149
f 38404680//38404680 38339149//38339149 37159502//37159502
f 38339150//38339150 38666829//38666829 38470219//38470219
f 38732364//38732364 38797903//38797903 38404685//38404685
f 38797901//38797901 38404686//38404686 38797903//38797903
f 37159506//37159506 37159502//37159502 36766290//36766290
f 36766263//36766263 38928978//38928978 38732367//38732367
f 38994512//38994512 39060051//39060051 38797902//38797902
f 39060046//39060046 39125586//39125586 38666833//38666833
f 38928975//38928975 38797910//38797910 39060054//39060054
f 39191122//39191122 39191095//39191095 39060050//39060050
f 38928984//38928984 38994516//38994516 39256665//39256665
f 39060058//39060058 39060054//39060054 39191130//39191130
f 39125595//39125595 38928979//38928979 39453272//39453272
f 39453270//39453270 39518810//39518810 39191095//39191095
f 39518775//39518775 39584305//39584305 39322200//39322200
f 39649881//39649881 39715421//39715421 39256667//39256667
f 39584344//39584344 39780959//39780959 39387735//39387735
f 39780951//39780951 39846492//39846492 39453274//39453274
f 39715419//39715419 39387745//39387745 39780961//39780961
f 36700770//36700770 36700764//36700764 36307554//36307554
f 39584355//39584355 39649886//39649886 39977572//39977572
f 39715429//39715429 39584349//39584349 40108643//40108643
f 39846502//39846502 39715423//39715423 40174181//40174181
f 39518823//39518823 39518816//39518816 39912039//39912039
f 39780968//39780968 39846497//39846497 40305254//40305254
f 40305248//40305248 40370791//40370791 39911979//39911979
f 40370731//40370731 40436261//40436261 40043107//40043107
f 40501860//40501860 40567402//40567402 39977573//39977573
f 40436323//40436323 40632940//40632940 40108646//40108646
f 40567397//40567397 40698477//40698477 40174184//40174184
f 40632934//40632934 40764014//40764014 40239714//40239714
f 40764002//40764002 40829545//40829545 40305255//40305255
f 40698472//40698472 40239728//40239728 40764016//40764016
f 35914353//35914353 35914345//35914345 35521137//35521137
f 40370802//40370802 40370799//40370799 40895090//40895090
f 40764019//40764019 40764016//40764016 40960627//40960627
f 40829556//40829556 40829550//40829550 41026164//41026164
f 40698485//40698485 40698477//40698477 41091701//41091701
f 35521142//35521142 35521137//35521137 35127926//35127926
f 40895095//40895095 40895090//40895090 41222775//41222775
f 40960632//40960632 40960627//40960627 41288312//41288312
f 41026169//41026169 41026164//41026164 41353849//41353849
f 35127930//35127930 35127926//35127926 34734714//34734714
f 41222779//41222779 41222775//41222775 41484923//41484923
f 41288316//41288316 41288312//41288312 41550460//41550460
f 34734717//34734717 34734714//34734714 34341501//34341501
f 41484926//41484926 41484923//41484923 41681534//41681534
f 34341503//34341503 34341501//34341501 33948287//33948287
f 41878132//41878132 41878137//41878137 41157236//41157236
f 41353857//41353857 41353849//41353849 41616001//41616001
f 41550466//41550466 41550460//41550460 41747074//41747074
f 41681539//41681539 41681534//41681534 41812611//41812611
f 33948292//33948292 33948287//33948287 33555076//33555076
f 41419397//41419397 41419392//41419392 41943685//41943685
f 41616006//41616006 41616001//41616001 42009222//42009222
f 41747079//41747079 41747074//41747074 42074759//42074759
f 41812616//41812616 41812611//41812611 42140296//42140296
f 33555081//33555081 33555076//33555076 33161865//33161865
f 41943690//41943690 41943685//41943685 42271370//42271370
f 42009227//42009227 42009222//42009222 42336907//42336907
f 42074764//42074764 42074759//42074759 42402444//42402444
f 42140301//42140301 42140296//42140296 42467981//42467981
f 33161870//33161870 33161865//33161865 32768654//32768654
f 42271375//42271375 42271370//42271370 42599055//42599055
f 42336912//42336912 42336907//42336907 42664592//42664592
f 42402449//42402449 42402444//42402444 42730129//42730129
f 42467986//42467986 42467981//42467981 42795666//42795666
f 32768659//32768659 32768654//32768654 32375443//32375443
f 42599060//42599060 42599055//42599055 42926740//42926740
f 42664597//42664597 42664592//42664592 42992277//42992277
f 42730134//42730134 42730129//42730129 43057814//43057814
f 42795671//42795671 42795666//42795666 43123351//43123351
f 32375448//32375448 32375443//32375443 31982232//31982232
f 42926745//42926745 42926740//42926740 43254425//43254425
f 42992282//42992282 42992277//42992277 43319962//43319962
f 43057819//43057819 43057814//43057814 43385499//43385499
f 43123356//43123356 43123351//43123351 43451036//43451036
f 31982237//31982237 31982232//31982232 31589021//31589021
f 43254430//43254430 43254425//43254425 43582110//43582110
f 43319967//43319967 43319962//43319962 43647647//43647647
f 43385504//43385504 43385499//43385499 43713184//43713184
f 43451041//43451041 43451036//43451036 43778721//43778721
f 31589026//31589026 31589021//31589021 31195810//31195810
f 43582115//43582115 43582110//43582110 43909795//43909795
f 43647652//43647652 43647647//43647647 43975332//43975332
f 43713189//43713189 43713184//43713184 44040869//44040869
f 43778726//43778726 43778721//43778721 44106406//44106406
f 31195815//31195815 31195810//31195810 30802599//30802599
f 43909800//43909800 43909795//43909795 44237480//44237480
f 43975337//43975337 43975332//43975332 44303017//44303017
f 44040874//44040874 44040869//44040869 44368554//44368554
f 44106411//44106411 44106406//44106406 44434091//44434091
f 30802604//30802604 30802599//30802599 30409388//30409388
f 44237485//44237485 44237480//44237480 44565165//44565165
f 44303022//44303022 44303017//44303017 44630702//44630702
f 44368559//44368559 44368554//44368554 44696239//44696239
f 44434096//44434096 44434091//44434091 44761776//44761776
f 30409393//30409393 30409388//30409388 30016177//30016177
f 44565170//44565170 44565165//44565165 44892850//44892850
f 44630707//44630707 44630702//44630702 44958387//44958387
f 44696244//44696244 44696239//44696239 45023924//45023924
f 44761781//44761781 44761776//44761776 45089461//45089461
f 30016182//30016182 30016177//30016177 29622966//29622966
f 44892855//44892855 44892850//44892850 45220535//45220535
f 44958392//44958392 44958387//44958387 45286072//45286072
f 45023929//45023929 45023924//45023924 45351609//45351609
f 45089466//45089466 45089461//45089461 45417146//45417146
f 29622971//29622971 29622966//29622966 29229755//29229755
f 45220540//45220540 45220535//45220535 45548220//45548220
f 45286077//45286077 45286072//45286072 45613757//45613757
f 45351614//45351614 45351609//45351609 45679294//45679294
f 45417151//45417151 45417146//45417146 45744831//45744831
f 29229760//29229760 29229755//29229755 28836544//28836544
f 45548225//45548225 45548220//45548220 45875905//45875905
f 45613762//45613762 45613757//45613757 45941442//45941442
f 45679299//45679299 45679294//45679294 46006979//46006979
f 45744836//45744836 45744831//45744831 46072516//46072516
f 28836549//28836549 28836544//28836544 28443333//28443333
f 45875910//45875910 45875905//45875905 46203590//46203590
f 45941447//45941447 45941442//45941442 46269127//46269127
f 46006984//46006984 46006979//46006979 46334664//46334664
f 46072521//46072521 46072516//46072516 46400201//46400201
f 28443338//28443338 28443333//28443333 28050122//28050122
f 46203595//46203595 46203590//46203590 46531275//46531275
f 46269132//46269132 46269127//46269127 46596812//46596812
f 46334669//46334669 46334664//46334664 46662349//46662349
f 46400206//46400206 46400201//46400201 46727886//46727886
f 28050127//28050127 28050122//28050122 27656911//27656911
f 46531280//46531280 46531275//46531275 46858960//46858960
f 46596817//46596817 46596812//46596812 46924497//46924497
f 46662354//46662354 46662349//46662349 46990034//46990034
f 46727891//46727891 46727886//46727886 47055571//47055571
f 27656916//27656916 27656911//27656911 27263700//27263700
f 46858965//46858965 46858960//46858960 47186645//47186645
f 46924502//46924502 46924497//46924497 47252182//47252182
f 46990039//46990039 46990034//46990034 47317719//47317719
f 47055576//47055576 47055571//47055571 47383256//47383256
f 27263705//27263705 27263700//27263700 26870489//26870489
f 47186650//47186650 47186645//47186645 47514330//47514330
f 47252187//47252187 47252182//47252182 47579867//47579867
f 47317724//47317724 47317719//47317719 47645404//47645404
f 47383261//47383261 47383256//47383256 47710941//47710941
f 26870494//26870494 26870489//26870489 26477278//26477278
f 47514335//47514335 47514330//47514330 47842015//47842015
f 47579872//47579872 47579867//47579867 47907552//47907552
f 47645409//47645409 47645404//47645404 47973089//47973089
f 47710946//47710946 47710941//47710941 48038626//48038626
f 26477283//26477283 26477278//26477278 26084067//26084067
f 47842020//47842020 47842015//47842015 48169700//48169700
f 47907557//47907557 47907552//47907552 48235237//48235237
f 47973094//47973094 47973089//47973089 48300774//48300774
f 48038631//48038631 48038626//48038626 48366311//48366311
f 26084072//26084072 26084067//26084067 25690856//25690856
f 48169705//48169705 48169700//48169700 48497385//48497385
f 48235242//48235242 48235237//48235237 48562922//48562922
f 48300779//48300779 48300774//48300774 48628459//48628459
f 48366316//48366316 48366311//48366311 48693996//48693996
f 25690861//25690861 25690856//25690856 25297645//25297645
f 48497390//48497390 48497385//48497385 48825070//48825070
f 48562927//48562927 48562922//48562922 48890607//48890607
f 48628464//48628464 48628459//48628459 48956144//48956144
f 48694001//48694001 48693996//48693996 49021681//49021681
f 25297650//25297650 25297645//25297645 24904434//24904434
f 48825075//48825075 48825070//48825070 49152755//49152755
f 48890612//48890612 48890607//48890607 49218292//49218292
f 48956149//48956149 48956144//48956144 49283829//49283829
f 49021686//49021686 49021681//49021681 49349366//49349366
f 24904439//24904439 24904434//24904434 24511223//24511223
f 49152760//49152760 49152755//49152755 49480440//49480440
f 49218297//49218297 49218292//49218292 49545977//49545977
f 49283834//49283834 49283829//49283829 49611514//49611514
f 49349371//49349371 49349366//49349366 49677051//49677051
f 24511228//24511228 24511223//24511223 24118012//24118012
f 49480445//49480445 49480440//49480440 49808125//49808125
f 49545982//49545982 49545977//49545977 49873662//49873662
f 49611519//49611519 49611514//49611514 49939199//49939199
f 49677056//49677056 49677051//49677051 50004736//50004736
f 24118017//24118017 24118012//24118012 23724801//23724801
f 49808130//49808130 49808125//49808125 50135810//50135810
f 49873667//49873667 49873662//49873662 50201347//50201347
f 49939204//49939204 49939199//49939199 50266884//50266884
f 50004741//50004741 50004736//50004736 50332421//50332421
f 23724806//23724806 23724801//23724801 23331590//23331590
f 50135815//50135815 50135810//50135810 50463495//50463495
f 50201352//50201352 50201347//50201347 50529032//50529032
f 50266889//50266889 50266884//50266884 50594569//50594569
f 50332426//50332426 50332421//50332421 50660106//50660106
f 23331595//23331595 23331590//23331590 22938379//22938379
f 50463500//50463500 50463495//50463495 50791180//50791180
f 50529037//50529037 50529032//50529032 50856717//50856717
f 50594574//50594574 50594569//50594569 50922254//50922254
f 50660111//50660111 50660106//50660106 50987791//50987791
f 22938384//22938384 22938379//22938379 22545168//22545168
f 50791185//50791185 50791180//50791180 51118865//51118865
f 50856722//50856722 50856717//50856717 51184402//51184402
f 50922259//50922259 50922254//50922254 51249939//51249939
f 50987796//50987796 50987791//50987791 51315476//51315476
f 22545173//22545173 22545168//22545168 22151957//22151957
f 51118870//51118870 51118865//51118865 51446550//51446550
f 51184407//51184407 51184402//51184402 51512087//51512087
f 51249944//51249944 51249939//51249939 51577624//51577624
f 51315481//51315481 51315476//51315476 51643161//51643161
f 22151962//22151962 22151957//22151957 21758746//21758746
f 51446555//51446555 51446550//51446550 51774235//51774235
f 51512092//51512092 51512087//51512087 51839772//51839772
f 51577629//51577629 51577624//51577624 51905309//51905309
f 51643166//51643166 51643161//51643161 51970846//51970846
f 21758751//21758751 21758746//21758746 21365535//21365535
f 51774240//51774240 51774235//51774235 52101920//52101920
f 51839777//51839777 51839772//51839772 52167457//52167457
f 51905314//51905314 51905309//51905309 52232994//52232994
f 51970851//51970851 51970846//51970846 52298531//52298531
f 21365540//21365540 21365535//21365535 20382500//20382500
f 52101925//52101925 52101920//52101920 52429605//52429605
f 52167462//52167462 52167457//52167457 52495142//52495142
f 52232999//52232999 52232994//52232994 52560679//52560679
f 52298536//52298536 52298531//52298531 52626216//52626216
f 20382505//20382505 20382500//20382500 19661609//19661609
f 19661096//19661096 52626217//52626217 52953898//52953898
f 52626218//52626218 52953896//52953896 19333931//19333931
f 52953899//52953899 18678570//18678570 53084456//53084456
f 53150499//53150499 53150504//53150504 52822819//52822819
f 53216034//53216034 53216039//53216039 52757282//52757282
f 53281576//53281576 53281578//53281578 53150504//53150504
f 53347115//53347115 18284830//18284830 53346590//53346590
f 18613039//18613039 53018904//53018904 53084976//53084976
f 53084975//53084975 53412656//53412656 53281578//53281578
f 53478183//53478183 53478188//53478188 53216039//53216039
f 53346589//53346589 53412658//53412658 53347122//53347122
f 53609262//53609262 53543728//53543728 53609264//53609264
f 53674796//53674796 53674798//53674798 53478188//53478188
f 53281587//53281587 53543732//53543732 18613045//18613045
f 18612503//18612503 53609269//53609269 53543734//53543734
f 53543733//53543733 53674806//53674806 53609271//53609271
f 53609270//53609270 53478199//53478199 53674808//53674808
f 53674807//53674807 53216056//53216056 53478201//53478201
f 53478200//53478200 53740345//53740345 18219834//18219834
f 18219281//18219281 53805882//53805882 53740347//53740347
f 53740346//53740346 53871419//53871419 53805884//53805884
f 53805883//53805883 53936956//53936956 53871421//53871421
f 53871420//53871420 54068029//54068029 17826622//17826622
f 17826059//17826059 54133566//54133566 54068031//54068031
f 54068030//54068030 54199103//54199103 54133568//54133568
f 54133567//54133567 54330176//54330176 17433409//17433409
f 17432837//17432837 54395713//54395713 54330178//54330178
f 54330177//54330177 54526786//54526786 17040195//17040195
f 17039615//17039615 54264643//54264643 54723384//54723384
f 54723385//54723385 54264632//54264632 54199109//54199109
f 54199104//54199104 54461253//54461253 54395718//54395718
f 54395714//54395714 54592326//54592326 54526791//54526791
f 54526787//54526787 54657863//54657863 16646984//16646984
f 16646393//16646393 54723400//54723400 54264649//54264649
f 54264645//54264645 54788937//54788937 54461258//54461258
f 54461254//54461254 54854474//54854474 54592331//54592331
f 54592327//54592327 54920011//54920011 54657868//54657868
f 54657864//54657864 54985548//54985548 16253773//16253773
f 16253171//16253171 55051085//55051085 54788942//54788942
f 54788938//54788938 55116622//55116622 54854479//54854479
f 54854475//54854475 55182159//55182159 54920016//54920016
f 54920012//54920012 55247696//55247696 54985553//54985553
f 54985549//54985549 55313233//55313233 15860562//15860562
f 15859949//15859949 55378770//55378770 55116627//55116627
f 55116623//55116623 55444307//55444307 55182164//55182164
f 55182160//55182160 55509844//55509844 55247701//55247701
f 55247697//55247697 55575381//55575381 55313238//55313238
f 55313234//55313234 55640918//55640918 15467351//15467351
f 15466727//15466727 55706455//55706455 55444312//55444312
f 55444308//55444308 55771992//55771992 55509849//55509849
f 55509845//55509845 55837529//55837529 55575386//55575386
f 55575382//55575382 55903066//55903066 55640923//55640923
f 55640919//55640919 55968603//55968603 15074140//15074140
f 15073505//15073505 56034140//56034140 55771997//55771997
f 55771993//55771993 56099677//56099677 55837534//55837534
f 55837530//55837530 56165214//56165214 55903071//55903071
f 55903067//55903067 56230751//56230751 55968608//55968608
f 55968604//55968604 56296288//56296288 14680929//14680929
f 14680283//14680283 56361825//56361825 56099682//56099682
f 56099678//56099678 56427362//56427362 56165219//56165219
f 56165215//56165215 56492899//56492899 56230756//56230756
f 56230752//56230752 56558436//56558436 56296293//56296293
f 56296289//56296289 56623973//56623973 14287718//14287718
f 14287061//14287061 56689510//56689510 56427367//56427367
f 56427363//56427363 56755047//56755047 56492904//56492904
f 56492900//56492900 56820584//56820584 56558441//56558441
f 56558437//56558437 56886121//56886121 56623978//56623978
f 56623974//56623974 56951658//56951658 13894507//13894507
f 13893839//13893839 57017195//57017195 56755052//56755052
f 56755048//56755048 57082732//57082732 56820589//56820589
f 56820585//56820585 57148269//57148269 56886126//56886126
f 56886122//56886122 57213806//57213806 56951663//56951663
f 56951659//56951659 57279343//57279343 13501296//13501296
f 13500617//13500617 57344880//57344880 57082737//57082737
f 57082733//57082733 57410417//57410417 57148274//57148274
f 57148270//57148270 57475954//57475954 57213811//57213811
f 57213807//57213807 57541491//57541491 57279348//57279348
f 57279344//57279344 57607028//57607028 13108085//13108085
f 13107395//13107395 57672565//57672565 57410422//57410422
f 57410418//57410418 57738102//57738102 57475959//57475959
f 57475955//57475955 57803639//57803639 57541496//57541496
f 57541492//57541492 57869176//57869176 57607033//57607033
f 57607029//57607029 57934713//57934713 12714874//12714874
f 12714173//12714173 58000250//58000250 57738107//57738107
f 57738103//57738103 58065787//58065787 57803644//57803644
f 57803640//57803640 58131324//58131324 57869181//57869181
f 57869177//57869177 58196861//58196861 57934718//57934718
f 57934714//57934714 58262398//58262398 12321663//12321663
f 12320951//12320951 58327935//58327935 58065792//58065792
f 58065788//58065788 58393472//58393472 58131329//58131329
f 58131325//58131325 58459009//58459009 58196866//58196866
f 58196862//58196862 58524546//58524546 58262403//58262403
f 58262399//58262399 58590083//58590083 11928452//11928452
f 11927729//11927729 58655620//58655620 58393477//58393477
f 58393473//58393473 58721157//58721157 58459014//58459014
f 58459010//58459010 58786694//58786694 58524551//58524551
f 58524547//58524547 58852231//58852231 58590088//58590088
f 58590084//58590084 58917768//58917768 11535241//11535241
f 11534507//11534507 58983305//58983305 58721162//58721162
f 58721158//58721158 59048842//59048842 58786699//58786699
f 58786695//58786695 59114379//59114379 58852236//58852236
f 58852232//58852232 59179916//59179916 58917773//58917773
f 58917769//58917769 59245453//59245453 11142030//11142030
f 11141285//11141285 59310990//59310990 59048847//59048847
f 59048843//59048843 59376527//59376527 59114384//59114384
f 59114380//59114380 59442064//59442064 59179921//59179921
f 59179917//59179917 59507601//59507601 59245458//59245458
f 59245454//59245454 59573138//59573138 10748819//10748819
f 10748063//10748063 59638675//59638675 59376532//59376532
f 59376528//59376528 59704212//59704212 59442069//59442069
f 59442065//59442065 59769749//59769749 59507606//59507606
f 59507602//59507602 59835286//59835286 59573143//59573143
f 59573139//59573139 59900823//59900823 10355608//10355608
f 10354841//10354841 59966360//59966360 59704217//59704217
f 59704213//59704213 60031897//60031897 59769754//59769754
f 59769750//59769750 60097434//60097434 59835291//59835291
f 59835287//59835287 60162971//60162971 59900828//59900828
f 59900824//59900824 60228508//60228508 9962397//9962397
f 9961619//9961619 60294045//60294045 60031902//60031902
f 60031898//60031898 60359582//60359582 60097439//60097439
f 60097435//60097435 60425119//60425119 60162976//60162976
f 60162972//60162972 60490656//60490656 60228513//60228513
f 60228509//60228509 60556193//60556193 9569186//9569186
f 9568397//9568397 60621730//60621730 60359587//60359587
f 60359583//60359583 60687267//60687267 60425124//60425124
f 60425120//60425120 60752804//60752804 60490661//60490661
f 60490657//60490657 60818341//60818341 60556198//60556198
f 60556194//60556194 60883878//60883878 9175975//9175975
f 9175175//9175175 60949415//60949415 60687272//60687272
f 60687268//60687268 61014952//61014952 60752809//60752809
f 60752805//60752805 61080489//61080489 60818346//60818346
f 60818342//60818342 61146026//61146026 60883883//60883883
f 60883879//60883879 61211563//61211563 8782764//8782764
f 8781953//8781953 61277100//61277100 61014957//61014957
f 61014953//61014953 61342637//61342637 61080494//61080494
f 61080490//61080490 61408174//61408174 61146031//61146031
f 61146027//61146027 61473711//61473711 61211568//61211568
f 61211564//61211564 61539248//61539248 8389553//8389553
f 8388731//8388731 61604785//61604785 61342642//61342642
f 61342638//61342638 61670322//61670322 61408179//61408179
f 61408175//61408175 61735859//61735859 61473716//61473716
f 61473712//61473712 61801396//61801396 61539253//61539253
f 61539249//61539249 61866933//61866933 7996342//7996342
f 7995509//7995509 61932470//61932470 61670327//61670327
f 61670323//61670323 61998007//61998007 61735864//61735864
f 61735860//61735860 62063544//62063544 61801401//61801401
f 61801397//61801397 62129081//62129081 61866938//61866938
f 61866934//61866934 62194618//62194618 7603131//7603131
f 7602287//7602287 62260155//62260155 61998012//61998012
f 61998008//61998008 62325692//62325692 62063549//62063549
f 62063545//62063545 62391229//62391229 62129086//62129086
f 62129082//62129082 62456766//62456766 62194623//62194623
f 62194619//62194619 62522303//62522303 7209920//7209920
f 7209065//7209065 62587840//62587840 62325697//62325697
f 62325693//62325693 62653377//62653377 62391234//62391234
f 62391230//62391230 62718914//62718914 62456771//62456771
f 62456767//62456767 62784451//62784451 62522308//62522308
f 62522304//62522304 62849988//62849988 6816709//6816709
f 6815843//6815843 62915525//62915525 62653382//62653382
f 62653378//62653378 62981062//62981062 62718919//62718919
f 62718915//62718915 63046599//63046599 62784456//62784456
f 62784452//62784452 63112136//63112136 62849993//62849993
f 62849989//62849989 63177673//63177673 6423498//6423498
f 6422621//6422621 63243210//63243210 62981067//62981067
f 62981063//62981063 63308747//63308747 63046604//63046604
f 63046600//63046600 63374284//63374284 63112141//63112141
f 63112137//63112137 63439821//63439821 63177678//63177678
f 63177674//63177674 63505358//63505358 6030287//6030287
f 6029399//6029399 63570895//63570895 63308752//63308752
f 63308748//63308748 63636432//63636432 63374289//63374289
f 63374285//63374285 63701969//63701969 63439826//63439826
f 63439822//63439822 63767506//63767506 63505363//63505363
f 63505359//63505359 63833043//63833043 5637076//5637076
f 5636177//5636177 63898580//63898580 63636437//63636437
f 63636433//63636433 63964117//63964117 63701974//63701974
f 63701970//63701970 64029654//64029654 63767511//63767511
f 63767507//63767507 64095191//64095191 63833048//63833048
f 63833044//63833044 64160728//64160728 5243865//5243865
f 5242946//5242946 64226265//64226265 63964122//63964122
f 63964118//63964118 64291802//64291802 64029659//64029659
f 64029655//64029655 64357339//64357339 64095196//64095196
f 64095192//64095192 64422876//64422876 64160733//64160733
f 64160729//64160729 64488413//64488413 4260830//4260830
f 4259899//4259899 64816094//64816094 3801148//3801148
f 64488414//64488414 64750559//64750559 64488415//64488415
f 64422877//64422877 64685024//64685024 64422880//64422880
f 64357340//64357340 64619489//64619489 64357345//64357345
f 64815164//64815164 64881634//64881634 64816098//64816098
f 64750559//64750559 64947171//64947171 64750563//64750563
f 64685024//64685024 65012708//65012708 64685028//64685028
f 65274850//65274850 3342396//3342396 65273916//65273916
f 3408869//3408869 65077300//65077300 65340383//65340383
f 65340387//65340387 65143775//65143775 65405920//65405920
f 65405924//65405924 65274848//65274848 65471458//65471458
f 65471462//65471462 3408866//3408866 65536997//65536997
f 65537000//65537000 65340389//65340389 65602531//65602531
f 65602535//65602535 65471459//65471459 65668070//65668070
f 65668074//65668074 65536998//65536998 3408876//3408876
f 3407916//3407916 65733612//65733612 2818093//2818093
f 65732653//65732653 65864685//65864685 65733613//65733613
f 65537004//65537004 65799150//65799150 65930222//65930222
f 65471465//65471465 65995760//65995760 65537006//65537006
f 65995755//65995755 66061288//66061288 65864687//65864687
f 65995758//65995758 65930225//65930225 66126833//66126833
f 65668080//65668080 66192371//66192371 65995761//65995761
f 66126836//66126836 66061297//66061297 66257907//66257907
f 66257906//66257906 66388981//66388981 65668083//65668083
f 65602539//65602539 66454518//66454518 66192372//66192372
f 66388979//66388979 66520055//66520055 66257909//66257909
f 66454516//66454516 66323448//66323448 66585592//66585592
f 66388986//66388986 65602538//65602538 66651111//66651111
f 66454523//66454523 66388982//66388982 66716666//66716666
f 66520060//66520060 66454519//66454519 66782203//66782203
f 66585597//66585597 66520056//66520056 66847740//66847740
f 66847737//66847737 66978814//66978814 65405946//65405946
f 65209319//65209319 67044351//67044351 66651131//66651131
f 66978810//66978810 67109888//67109888 66716668//66716668
f 67044347//67044347 67175425//67175425 66782205//66782205
f 67109884//67109884 67240962//67240962 66847742//66847742
f 67175421//67175421 66913283//66913283 67306499//67306499
f 66978821//66978821 65209316//65209316 67372001//67372001
f 67044358//67044358 66978815//66978815 67437573//67437573
f 67109895//67109895 67044352//67044352 67503110//67503110
f 67175432//67175432 67109889//67109889 67568647//67568647
f 67240969//67240969 67175426//67175426 67634184//67634184
f 67306506//67306506 67240963//67240963 67699721//67699721
f 67699716//67699716 67830795//67830795 65012741//65012741
f 64619489//64619489 67896332//67896332 67372038//67372038
f 67830789//67830789 67961869//67961869 67437575//67437575
f 67896326//67896326 68027406//68027406 67503112//67503112
f 67961863//67961863 68092943//68092943 67568649//67568649
f 68027400//68027400 68158480//68158480 67634186//67634186
f 68092937//68092937 68224017//68224017 67699723//67699723
f 68158474//68158474 67765266//67765266 68289554//68289554
f 67830804//67830804 64619483//64619483 68355030//68355030
f 68355034//68355034 68420566//68420566 68224019//68224019
f 68420627//68420627 68551702//68551702 68158482//68158482
f 68551698//68551698 68617237//68617237 68092945//68092945
f 68617233//68617233 67830807//67830807 68682772//68682772
f 67896345//67896345 68355084//68355084 68748250//68748250
f 68682778//68682778 68813844//68813844 68420630//68420630
f 68813846//68813846 68944924//68944924 68551701//68551701
f 68944917//68944917 67896347//67896347 69010457//69010457
f 67961886//67961886 69075981//69075981 68813852//68813852
f 69075996//69075996 69207072//69207072 64554010//64554010
f 64226266//64226266 68682785//68682785 69272602//69272602
f 69010466//69010466 67961881//67961881 69338142//69338142
f 68027427//68027427 69403662//69403662 68944923//68944923
f 69403675//69403675 69469215//69469215 69076000//69076000
f 69469216//69469216 69600294//69600294 64226337//64226337
f 63898581//63898581 69665831//69665831 69010467//69010467
f 69272606//69272606 69731368//69731368 69403679//69403679
f 69731359//69731359 69796901//69796901 69469222//69469222
f 69796902//69796902 69927979//69927979 63898663//63898663
f 63570896//63570896 69993516//69993516 69731365//69731365
f 69993509//69993509 70059050//70059050 69796907//69796907
f 70059051//70059051 70190127//70190127 63570988//63570988
f 63243211//63243211 70255664//70255664 69993514//69993514
f 70255658//70255658 70321198//70321198 70059055//70059055
f 70321199//70321199 70452275//70452275 63243312//63243312
f 62915526//62915526 70517812//70517812 70255662//70255662
f 70517806//70517806 70583346//70583346 70321203//70321203
f 70583347//70583347 70714423//70714423 62915636//62915636
f 62587841//62587841 70779960//70779960 70517810//70517810
f 70779954//70779954 70845494//70845494 70583351//70583351
f 70845495//70845495 70976571//70976571 62587960//62587960
f 62260156//62260156 71042108//71042108 70779958//70779958
f 71042102//71042102 71107642//71107642 70845499//70845499
f 71107643//71107643 71238719//71238719 62260284//62260284
f 61932471//61932471 71304256//71304256 71042106//71042106
f 71304250//71304250 71369790//71369790 71107647//71107647
f 71369791//71369791 71500867//71500867 61932608//61932608
f 61604786//61604786 71566404//71566404 71304254//71304254
f 71566398//71566398 71631938//71631938 71369795//71369795
f 71631939//71631939 71763015//71763015 61604932//61604932
f 61277101//61277101 71828552//71828552 71566402//71566402
f 71828546//71828546 71894086//71894086 71631943//71631943
f 71894087//71894087 72025163//72025163 61277256//61277256
f 60949416//60949416 72090700//72090700 71828550//71828550
f 72090694//72090694 72156234//72156234 71894091//71894091
f 72156235//72156235 72287311//72287311 60949580//60949580
f 60621731//60621731 72352848//72352848 72090698//72090698
f 72352842//72352842 72418382//72418382 72156239//72156239
f 72418383//72418383 72549459//72549459 60621904//60621904
f 60294046//60294046 72614996//72614996 72352846//72352846
f 72614990//72614990 72680530//72680530 72418387//72418387
f 72680531//72680531 72811607//72811607 60294228//60294228
f 59966361//59966361 72877144//72877144 72614994//72614994
f 72877138//72877138 72942678//72942678 72680535//72680535
f 72942679//72942679 73073755//73073755 59966552//59966552
f 59638676//59638676 73139292//73139292 72877142//72877142
f 73139286//73139286 73204826//73204826 72942683//72942683
f 73204827//73204827 73335903//73335903 59638876//59638876
f 59310991//59310991 73401440//73401440 73139290//73139290
f 73401434//73401434 73466974//73466974 73204831//73204831
f 73466975//73466975 73598051//73598051 59311200//59311200
f 58983306//58983306 73663588//73663588 73401438//73401438
f 73663582//73663582 73729122//73729122 73466979//73466979
f 73729123//73729123 73860199//73860199 58983524//58983524
f 58655621//58655621 73925736//73925736 73663586//73663586
f 73925730//73925730 73991270//73991270 73729127//73729127
f 73991271//73991271 74122347//74122347 58655848//58655848
f 58327936//58327936 74187884//74187884 73925734//73925734
f 74187878//74187878 74253418//74253418 73991275//73991275
f 74253419//74253419 74384495//74384495 58328172//58328172
f 58000251//58000251 74450032//74450032 74187882//74187882
f 74450026//74450026 74515566//74515566 74253423//74253423
f 74515567//74515567 74646643//74646643 58000496//58000496
f 57672566//57672566 74712180//74712180 74450030//74450030
f 74712174//74712174 74777714//74777714 74515571//74515571
f 74777715//74777715 74908791//74908791 57672820//57672820
f 57344881//57344881 74974328//74974328 74712178//74712178
f 74974322//74974322 75039862//75039862 74777719//74777719
f 75039863//75039863 75170939//75170939 57345144//57345144
f 57017196//57017196 75236476//75236476 74974326//74974326
f 75236470//75236470 75302010//75302010 75039867//75039867
f 75302011//75302011 75433087//75433087 57017468//57017468
f 56689511//56689511 75498624//75498624 75236474//75236474
f 75498618//75498618 75564158//75564158 75302015//75302015
f 75564159//75564159 75695235//75695235 56689792//56689792
f 56361826//56361826 75760772//75760772 75498622//75498622
f 75760766//75760766 75826306//75826306 75564163//75564163
f 75826307//75826307 75957383//75957383 56362116//56362116
f 56034141//56034141 76022920//76022920 75760770//75760770
f 76022914//76022914 76088454//76088454 75826311//75826311
f 76088455//76088455 76219531//76219531 56034440//56034440
f 55706456//55706456 76285068//76285068 76022918//76022918
f 76285062//76285062 76350602//76350602 76088459//76088459
f 76350603//76350603 76481679//76481679 55706764//55706764
f 55378771//55378771 76547216//76547216 76285066//76285066
f 76547210//76547210 76612750//76612750 76350607//76350607
f 76612751//76612751 76743827//76743827 55379088//55379088
f 55051086//55051086 76809364//76809364 76547214//76547214
f 76809358//76809358 76874898//76874898 76612755//76612755
f 76874899//76874899 77005975//77005975 55051412//55051412
f 54723401//54723401 77071512//77071512 76809362//76809362
f 77071506//77071506 77137046//77137046 76874903//76874903
f 77137047//77137047 77268123//77268123 54723736//54723736
f 54002500//54002500 77333660//77333660 77071510//77071510
f 77333654//77333654 77399194//77399194 77137051//77137051
f 77399195//77399195 77530271//77530271 77399199//77399199
f 77595802//77595802 77595806//77595806 77333658//77333658
f 77661342//77661342 77661344//77661344 77595806//77595806
f 77530275//77530275 77661346//77661346 77726884//77726884
f 77726885//77726885 77595812//77595812 77661350//77661350
f 77661348//77661348 77333670//77333670 77595815//77595815
f 77595814//77595814 77071527//77071527 77333672//77333672
f 77333671//77333671 77792424//77792424 77857961//77857961
f 77857962//77857962 77923497//77923497 77792427//77792427
f 77792425//77792425 77989035//77989035 77923500//77923500
f 77923499//77923499 78120108//78120108 78185645//78185645
f 78185646//78185646 78251181//78251181 78120111//78120111
f 78120109//78120109 78382255//78382255 78447792//78447792
f 78447793//78447793 78054576//78054576 78709913//78709913
f 78709909//78709909 78054553//78054553 77989043//77989043
f 77989036//77989036 78316723//78316723 78251188//78251188
f 78251183//78251183 78513332//78513332 78382261//78382261
f 78382256//78382256 78578869//78578869 78644406//78644406
f 78644407//78644407 78709942//78709942 79103125//79103125
f 79103121//79103121 78775445//78775445 78316729//78316729
f 78316724//78316724 78841017//78841017 78513338//78513338
f 78513333//78513333 78906554//78906554 78578875//78578875
f 78578870//78578870 78972091//78972091 79037628//79037628
f 79037629//79037629 79103164//79103164 79496337//79496337
f 79496333//79496333 79168657//79168657 78841023//78841023
f 78841018//78841018 79234239//79234239 78906560//78906560
f 78906555//78906555 79299776//79299776 78972097//78972097
f 78972092//78972092 79365313//79365313 79430850//79430850
f 79430851//79430851 79496386//79496386 79889549//79889549
f 79889545//79889545 79561869//79561869 79234245//79234245
f 79234240//79234240 79627461//79627461 79299782//79299782
f 79299777//79299777 79692998//79692998 79365319//79365319
f 79365314//79365314 79758535//79758535 79824072//79824072
f 79824073//79824073 79889608//79889608 80282761//80282761
f 80282757//80282757 79955081//79955081 79627467//79627467
f 79627462//79627462 80020683//80020683 79693004//79693004
f 79692999//79692999 80086220//80086220 79758541//79758541
f 79758536//79758536 80151757//80151757 80217294//80217294
f 80217295//80217295 80282830//80282830 80675973//80675973
f 80675969//80675969 80348293//80348293 80020689//80020689
f 80020684//80020684 80413905//80413905 80086226//80086226
f 80086221//80086221 80479442//80479442 80151763//80151763
f 80151758//80151758 80544979//80544979 80610516//80610516
f 80610517//80610517 80676052//80676052 81069185//81069185
f 81069181//81069181 80741505//80741505 80413911//80413911
f 80413906//80413906 80807127//80807127 80479448//80479448
f 80479443//80479443 80872664//80872664 80544985//80544985
f 80544980//80544980 80938201//80938201 81003738//81003738
f 81003739//81003739 81069274//81069274 81462397//81462397
f 81462393//81462393 81134717//81134717 80807133//80807133
f 80807128//80807128 81200349//81200349 80872670//80872670
f 80872665//80872665 81265886//81265886 80938207//80938207
f 80938202//80938202 81331423//81331423 81396960//81396960
f 81396961//81396961 81462496//81462496 81855609//81855609
f 81855605//81855605 81527929//81527929 81200355//81200355
f 81200350//81200350 81593571//81593571 81265892//81265892
f 81265887//81265887 81659108//81659108 81331429//81331429
f 81331424//81331424 81724645//81724645 81790182//81790182
f 81790183//81790183 81855718//81855718 82248821//82248821
f 82248817//82248817 81921141//81921141 81593577//81593577
f 81593572//81593572 81986793//81986793 81659114//81659114
f 81659109//81659109 82052330//82052330 81724651//81724651
f 81724646//81724646 82117867//82117867 82183404//82183404
f 82183405//82183405 82248940//82248940 82642033//82642033
f 82642029//82642029 82314353//82314353 81986799//81986799
f 81986794//81986794 82380015//82380015 82052336//82052336
f 82052331//82052331 82445552//82445552 82117873//82117873
f 82117868//82117868 82511089//82511089 82576626//82576626
f 82576627//82576627 82642162//82642162 83035245//83035245
f 83035241//83035241 82707565//82707565 82380021//82380021
f 82380016//82380016 82773237//82773237 82445558//82445558
f 82445553//82445553 82838774//82838774 82511095//82511095
f 82511090//82511090 82904311//82904311 82969848//82969848
f 82969849//82969849 83035384//83035384 83428457//83428457
f 83428453//83428453 83100777//83100777 82773243//82773243
f 82773238//82773238 83166459//83166459 82838780//82838780
f 82838775//82838775 83231996//83231996 82904317//82904317
f 82904312//82904312 83297533//83297533 83363070//83363070
f 83363071//83363071 83428606//83428606 83821669//83821669
f 83821665//83821665 83493989//83493989 83166465//83166465
f 83166460//83166460 83559681//83559681 83232002//83232002
f 83231997//83231997 83625218//83625218 83297539//83297539
f 83297534//83297534 83690755//83690755 83756292//83756292
f 83756293//83756293 83821828//83821828 84214881//84214881
f 84214877//84214877 83887201//83887201 83559687//83559687
f 83559682//83559682 83952903//83952903 83625224//83625224
f 83625219//83625219 84018440//84018440 83690761//83690761
f 83690756//83690756 84083977//84083977 84149514//84149514
f 84149515//84149515 84215050//84215050 84608093//84608093
f 84608089//84608089 84280413//84280413 83952909//83952909
f 83952904//83952904 84346125//84346125 84018446//84018446
f 84018441//84018441 84411662//84411662 84083983//84083983
f 84083978//84083978 84477199//84477199 84542736//84542736
f 84542737//84542737 84608272//84608272 85001305//85001305
f 85001301//85001301 84673625//84673625 84346131//84346131
f 84346126//84346126 84739347//84739347 84411668//84411668
f 84411663//84411663 84804884//84804884 84477205//84477205
f 84477200//84477200 84870421//84870421 84935958//84935958
f 84935959//84935959 85001494//85001494 85394517//85394517
f 85394513//85394513 85066837//85066837 84739353//84739353
f 84739348//84739348 85132569//85132569 84804890//84804890
f 84804885//84804885 85198106//85198106 84870427//84870427
f 84870422//84870422 85263643//85263643 85329180//85329180
f 85329181//85329181 85394716//85394716 85787729//85787729
f 85787725//85787725 85460049//85460049 85132575//85132575
f 85132570//85132570 85525791//85525791 85198112//85198112
f 85198107//85198107 85591328//85591328 85263649//85263649
f 85263644//85263644 85656865//85656865 85722402//85722402
f 85722403//85722403 85787938//85787938 86180941//86180941
f 86180937//86180937 85853261//85853261 85525797//85525797
f 85525792//85525792 85919013//85919013 85591334//85591334
f 85591329//85591329 85984550//85984550 85656871//85656871
f 85656866//85656866 86050087//86050087 86115624//86115624
f 86115625//86115625 86181160//86181160 86574153//86574153
f 86574149//86574149 86246473//86246473 85919019//85919019
f 85919014//85919014 86312235//86312235 85984556//85984556
f 85984551//85984551 86377772//86377772 86050093//86050093
f 86050088//86050088 86443309//86443309 86508846//86508846
f 86508847//86508847 86574382//86574382 86967365//86967365
f 86967361//86967361 86639685//86639685 86312241//86312241
f 86312236//86312236 86705457//86705457 86377778//86377778
f 86377773//86377773 86770994//86770994 86443315//86443315
f 86443310//86443310 86836531//86836531 86902068//86902068
f 86902069//86902069 86967604//86967604 87360577//87360577
f 87360573//87360573 87032897//87032897 86705463//86705463
f 86705458//86705458 87098679//87098679 86771000//86771000
f 86770995//86770995 87164216//87164216 86836537//86836537
f 86836532//86836532 87229753//87229753 87295290//87295290
f 87295291//87295291 87360826//87360826 87753789//87753789
f 87753785//87753785 87426109//87426109 87098685//87098685
f 87098680//87098680 87491901//87491901 87164222//87164222
f 87164217//87164217 87557438//87557438 87229759//87229759
f 87229754//87229754 87622975//87622975 87688512//87688512
f 87688513//87688513 87754048//87754048 88147001//88147001
f 88146997//88146997 87819321//87819321 87491907//87491907
f 87491902//87491902 87885123//87885123 87557444//87557444
f 87557439//87557439 87950660//87950660 87622981//87622981
f 87622976//87622976 88016197//88016197 88081734//88081734
f 88081735//88081735 88147270//88147270 88540213//88540213
f 88540209//88540209 88212533//88212533 87885129//87885129
f 87885124//87885124 88278345//88278345 87950666//87950666
f 87950661//87950661 88343882//88343882 88016203//88016203
f 88016198//88016198 88409419//88409419 88474956//88474956
f 88474957//88474957 88540492//88540492 88933425//88933425
f 88933421//88933421 88605745//88605745 88278351//88278351
f 88278346//88278346 88671567//88671567 88343888//88343888
f 88343883//88343883 88737104//88737104 88409425//88409425
f 88409420//88409420 88802641//88802641 88868178//88868178
f 88868179//88868179 88933714//88933714 89326637//89326637
f 89326633//89326633 88998957//88998957 88671573//88671573
f 88671568//88671568 89064789//89064789 88737110//88737110
f 88737105//88737105 89130326//89130326 88802647//88802647
f 88802642//88802642 89195863//89195863 89261400//89261400
f 89261401//89261401 89326936//89326936 89719849//89719849
f 89719844//89719844 89392169//89392169 89064795//89064795
f 89064790//89064790 89458011//89458011 89130332//89130332
f 89130327//89130327 89523548//89523548 89195869//89195869
f 89195864//89195864 89589085//89589085 89654622//89654622
f 89654623//89654623 89720158//89720158 90113060//90113060
f 90113053//90113053 89785380//89785380 89458017//89458017
f 89458012//89458012 89851233//89851233 89523554//89523554
f 89523549//89523549 89916770//89916770 89589091//89589091
f 89589086//89589086 89982307//89982307 90047844//90047844
f 90047845//90047845 90113380//90113380 90506269//90506269
f 90506263//90506263 90506269//90506269 68617239//68617239
f 90572129//90572129 90244444//90244444 90572124//90572124
f 90637666//90637666 90309981//90309981 90637661//90637661
f 90703203//90703203 90375518//90375518 90703198//90703198
f 90768743//90768743 90637666//90637666 90768738//90768738
f 90834280//90834280 90703203//90703203 90834275//90834275
f 90899818//90899818 90834280//90834280 90899816//90899816
f 90965016//90965016 90965350//90965350 91030552//91030552
f 91030544//91030544 91030552//91030552 68027408//68027408
f 69338127//69338127 91096430//91096430 69338478//69338478
f 91096430//91096430 69338477//69338477 91096104//91096104
f 90506608//90506608 90506605//90506605 90113392//90113392
f 90965361//90965361 90965359//90965359 91161969//91161969
f 91096434//91096434 91096104//91096104 91227506//91227506
f 90113395//90113395 90113392//90113392 89720179//89720179
f 91161972//91161972 91161969//91161969 91358580//91358580
f 89720181//89720181 89720179//89720179 89326965//89326965
f 91554856//91554856 91555186//91555186 69272616//69272616
f 91227511//91227511 91227506//91227506 91424119//91424119
f 91358584//91358584 91358580//91358580 91489656//91489656
f 89326969//89326969 89326965//89326965 88933753//88933753
f 91816994//91816994 91817334//91817334 68748322//68748322
f 69207066//69207066 91882874//91882874 91555186//91555186
f 91882866//91882866 91948407//91948407 91620724//91620724
f 91948404//91948404 92013944//92013944 91686261//91686261
f 92013941//92013941 92079481//92079481 91751758//91751758
f 92079438//92079438 92144968//92144968 69207418//69207418
f 69600289//69600289 92210559//92210559 91882871//91882871
f 92210551//92210551 92276092//92276092 91948408//91948408
f 92276088//92276088 92341629//92341629 92013945//92013945
f 92341625//92341625 92407166//92407166 92079432//92079432
f 92407112//92407112 92472642//92472642 69600639//69600639
f 69927975//69927975 92538244//92538244 92210556//92210556
f 92538236//92538236 92603777//92603777 92276093//92276093
f 92603773//92603773 92669314//92669314 92341630//92341630
f 92669310//92669310 92734851//92734851 92407106//92407106
f 92734786//92734786 92800316//92800316 69928324//69928324
f 70190124//70190124 92865929//92865929 92538241//92538241
f 92865921//92865921 92931462//92931462 92603778//92603778
f 92931458//92931458 92996999//92996999 92669315//92669315
f 92996995//92996995 93062536//93062536 92734780//92734780
f 93062460//93062460 93127990//93127990 70190473//70190473
f 70452272//70452272 93193614//93193614 92865926//92865926
f 93193606//93193606 93259147//93259147 92931463//92931463
f 93259143//93259143 93324684//93324684 92997000//92997000
f 93324680//93324680 93390221//93390221 93062454//93062454
f 93390134//93390134 93455664//93455664 70452622//70452622
f 70714420//70714420 93521299//93521299 93193611//93193611
f 93521291//93521291 93586832//93586832 93259148//93259148
f 93586828//93586828 93652369//93652369 93324685//93324685
f 93652365//93652365 93717906//93717906 93390128//93390128
f 93717808//93717808 93783338//93783338 70714771//70714771
f 70976568//70976568 93848984//93848984 93521296//93521296
f 93848976//93848976 93914517//93914517 93586833//93586833
f 93914513//93914513 93980054//93980054 93652370//93652370
f 93980050//93980050 94045591//94045591 93717802//93717802
f 94045482//94045482 94111012//94111012 70976920//70976920
f 71238716//71238716 94176669//94176669 93848981//93848981
f 94176661//94176661 94242202//94242202 93914518//93914518
f 94242198//94242198 94307739//94307739 93980055//93980055
f 94307735//94307735 94373276//94373276 94045476//94045476
f 94373156//94373156 94438686//94438686 71239069//71239069
f 71500864//71500864 94504354//94504354 94176666//94176666
f 94504346//94504346 94569887//94569887 94242203//94242203
f 94569883//94569883 94635424//94635424 94307740//94307740
f 94635420//94635420 94700961//94700961 94373150//94373150
f 94700830//94700830 94766360//94766360 71501218//71501218
f 71763012//71763012 94832039//94832039 94504351//94504351
f 94832031//94832031 94897572//94897572 94569888//94569888
f 94897568//94897568 94963109//94963109 94635425//94635425
f 94963105//94963105 95028646//95028646 94700824//94700824
f 95028504//95028504 95094034//95094034 71763367//71763367
f 72025160//72025160 95159724//95159724 94832036//94832036
f 95159716//95159716 95225257//95225257 94897573//94897573
f 95225253//95225253 95290794//95290794 94963110//94963110
f 95290790//95290790 95356331//95356331 95028498//95028498
f 95356178//95356178 95421708//95421708 72025516//72025516
f 72287308//72287308 95487409//95487409 95159721//95159721
f 95487401//95487401 95552942//95552942 95225258//95225258
f 95552938//95552938 95618479//95618479 95290795//95290795
f 95618475//95618475 95684016//95684016 95356172//95356172
f 95683852//95683852 95749382//95749382 72287665//72287665
f 72549456//72549456 95815094//95815094 95487406//95487406
f 95815086//95815086 95880627//95880627 95552943//95552943
f 95880623//95880623 95946164//95946164 95618480//95618480
f 95946160//95946160 96011701//96011701 95683846//95683846
f 96011526//96011526 96077056//96077056 72549814//72549814
f 72811604//72811604 96142779//96142779 95815091//95815091
f 96142771//96142771 96208312//96208312 95880628//95880628
f 96208308//96208308 96273849//96273849 95946165//95946165
f 96273845//96273845 96339386//96339386 96011520//96011520
f 96339200//96339200 96404730//96404730 72811963//72811963
f 73073752//73073752 96470464//96470464 96142776//96142776
f 96470456//96470456 96535997//96535997 96208313//96208313
f 96535993//96535993 96601534//96601534 96273850//96273850
f 96601530//96601530 96667071//96667071 96339194//96339194
f 96666874//96666874 96732404//96732404 73074112//73074112
f 73335900//73335900 96798149//96798149 96470461//96470461
f 96798141//96798141 96863682//96863682 96535998//96535998
f 96863678//96863678 96929219//96929219 96601535//96601535
f 96929215//96929215 96994756//96994756 96666868//96666868
f 96994548//96994548 97060078//97060078 73336261//73336261
f 73598048//73598048 97125834//97125834 96798146//96798146
f 97125826//97125826 97191367//97191367 96863683//96863683
f 97191363//97191363 97256904//97256904 96929220//96929220
f 97256900//97256900 97322441//97322441 96994542//96994542
f 97322222//97322222 97387752//97387752 73598410//73598410
f 73860196//73860196 97453519//97453519 97125831//97125831
f 97453511//97453511 97519052//97519052 97191368//97191368
f 97519048//97519048 97584589//97584589 97256905//97256905
f 97584585//97584585 97650126//97650126 97322216//97322216
f 97649896//97649896 97715426//97715426 73860559//73860559
f 74122344//74122344 97781204//97781204 97453516//97453516
f 97781196//97781196 97846737//97846737 97519053//97519053
f 97846733//97846733 97912274//97912274 97584590//97584590
f 97912270//97912270 97977811//97977811 97649890//97649890
f 97977570//97977570 98043100//98043100 74122708//74122708
f 74384492//74384492 98108889//98108889 97781201//97781201
f 98108881//98108881 98174422//98174422 97846738//97846738
f 98174418//98174418 98239959//98239959 97912275//97912275
f 98239955//98239955 98305496//98305496 97977564//97977564
f 98305244//98305244 98370774//98370774 74384857//74384857
f 74646640//74646640 98436574//98436574 98108886//98108886
f 98436566//98436566 98502107//98502107 98174423//98174423
f 98502103//98502103 98567644//98567644 98239960//98239960
f 98567640//98567640 98633181//98633181 98305238//98305238
f 98632918//98632918 98698448//98698448 74647006//74647006
f 74908788//74908788 98764259//98764259 98436571//98436571
f 98764251//98764251 98829792//98829792 98502108//98502108
f 98829788//98829788 98895329//98895329 98567645//98567645
f 98895325//98895325 98960866//98960866 98632912//98632912
f 98960592//98960592 99026122//99026122 74909155//74909155
f 75170936//75170936 99091944//99091944 98764256//98764256
f 99091936//99091936 99157477//99157477 98829793//98829793
f 99157473//99157473 99223014//99223014 98895330//98895330
f 99223010//99223010 99288551//99288551 98960586//98960586
f 99288266//99288266 99353796//99353796 75171304//75171304
f 75433084//75433084 99419629//99419629 99091941//99091941
f 99419621//99419621 99485162//99485162 99157478//99157478
f 99485158//99485158 99550699//99550699 99223015//99223015
f 99550695//99550695 99616236//99616236 99288260//99288260
f 99615940//99615940 99681470//99681470 75433453//75433453
f 75695232//75695232 99747314//99747314 99419626//99419626
f 99747306//99747306 99812847//99812847 99485163//99485163
f 99812843//99812843 99878384//99878384 99550700//99550700
f 99878380//99878380 99943921//99943921 99615934//99615934
f 99943614//99943614 100009144//100009144 75695602//75695602
f 75957380//75957380 100074999//100074999 99747311//99747311
f 100074991//100074991 100140532//100140532 99812848//99812848
f 100140528//100140528 100206069//100206069 99878385//99878385
f 100206065//100206065 100271606//100271606 99943608//99943608
f 100271288//100271288 100336818//100336818 75957751//75957751
f 76219528//76219528 100402684//100402684 100074996//100074996
f 100402676//100402676 100468217//100468217 100140533//100140533
f 100468213//100468213 100533754//100533754 100206070//100206070
f 100533750//100533750 100599291//100599291 100271282//100271282
f 100598962//100598962 78775464//78775464 100598952//100598952
f 100664827//100664827 100664832//100664832 100533755//100533755
f 100730368//100730368 100730035//100730035 100664832//100664832
f 78775481//78775481 100206082//100206082 100533763//100533763
f 100206083//100206083 100140542//100140542 100468228//100468228
f 100140548//100140548 100533757//100533757 100664837//100664837
f 100533765//100533765 100730371//100730371 79169030//79169030
f 79168703//79168703 100664838//100664838 100730375//100730375
f 100664839//100664839 100992517//100992517 101058050//101058050
f 101123582//101123582 101123587//101123587 100861438//100861438
f 101189126//101189126 79955135//79955135 101188799//101188799
f 101254659//101254659 101254661//101254661 101123587//101123587
f 101320197//101320197 101320199//101320199 101254661//101254661
f 101385735//101385735 101189126//101189126 101385734//101385734
f 101058060//101058060 101189131//101189131 79955469//79955469
f 79955147//79955147 101385741//101385741 101189134//101189134
f 101189133//101189133 101320206//101320206 101385743//101385743
f 101385742//101385742 101254671//101254671 101320208//101320208
f 101320207//101320207 101123600//101123600 101254673//101254673
f 101254672//101254672 101451281//101451281 80348690//80348690
f 80348369//80348369 101516818//101516818 101451283//101451283
f 101451282//101451282 101582355//101582355 101516820//101516820
f 101516819//101516819 101647892//101647892 101582357//101582357
f 101582356//101582356 101778965//101778965 80741910//80741910
f 80741591//80741591 101844502//101844502 101778967//101778967
f 101778966//101778966 101910039//101910039 101844504//101844504
f 101844503//101844503 102041112//102041112 81135129//81135129
f 81134813//81134813 102106649//102106649 102041114//102041114
f 102041113//102041113 102237722//102237722 81528347//81528347
f 81528035//81528035 101975579//101975579 102434320//102434320
f 102434321//102434321 101975568//101975568 101910045//101910045
f 101910040//101910040 102172189//102172189 102106654//102106654
f 102106650//102106650 102303262//102303262 102237727//102237727
f 102237723//102237723 102368799//102368799 81921568//81921568
f 81921257//81921257 102434336//102434336 101975585//101975585
f 101975581//101975581 102499873//102499873 102172194//102172194
f 102172190//102172190 102565410//102565410 102303267//102303267
f 102303263//102303263 102630947//102630947 102368804//102368804
f 102368800//102368800 102696484//102696484 82314789//82314789
f 82314479//82314479 102762021//102762021 102499878//102499878
f 102499874//102499874 102827558//102827558 102565415//102565415
f 102565411//102565411 102893095//102893095 102630952//102630952
f 102630948//102630948 102958632//102958632 102696489//102696489
f 102696485//102696485 103024169//103024169 82708010//82708010
f 82707701//82707701 103089706//103089706 102827563//102827563
f 102827559//102827559 103155243//103155243 102893100//102893100
f 102893096//102893096 103220780//103220780 102958637//102958637
f 102958633//102958633 103286317//103286317 103024174//103024174
f 103024170//103024170 103351854//103351854 83101231//83101231
f 83100923//83100923 103417391//103417391 103155248//103155248
f 103155244//103155244 103482928//103482928 103220785//103220785
f 103220781//103220781 103548465//103548465 103286322//103286322
f 103286318//103286318 103614002//103614002 103351859//103351859
f 103351855//103351855 103679539//103679539 83494452//83494452
f 83494145//83494145 103745076//103745076 103482933//103482933
f 103482929//103482929 103810613//103810613 103548470//103548470
f 103548466//103548466 103876150//103876150 103614007//103614007
f 103614003//103614003 103941687//103941687 103679544//103679544
f 103679540//103679540 104007224//104007224 83887673//83887673
f 83887367//83887367 104072761//104072761 103810618//103810618
f 103810614//103810614 104138298//104138298 103876155//103876155
f 103876151//103876151 104203835//104203835 103941692//103941692
f 103941688//103941688 104269372//104269372 104007229//104007229
f 104007225//104007225 104334909//104334909 84280894//84280894
f 84280589//84280589 104400446//104400446 104138303//104138303
f 104138299//104138299 104465983//104465983 104203840//104203840
f 104203836//104203836 104531520//104531520 104269377//104269377
f 104269373//104269373 104597057//104597057 104334914//104334914
f 104334910//104334910 104662594//104662594 84674115//84674115
f 84673811//84673811 104728131//104728131 104465988//104465988
f 104465984//104465984 104793668//104793668 104531525//104531525
f 104531521//104531521 104859205//104859205 104597062//104597062
f 104597058//104597058 104924742//104924742 104662599//104662599
f 104662595//104662595 104990279//104990279 85067336//85067336
f 85067033//85067033 105055816//105055816 104793673//104793673
f 104793669//104793669 105121353//105121353 104859210//104859210
f 104859206//104859206 105186890//105186890 104924747//104924747
f 104924743//104924743 105252427//105252427 104990284//104990284
f 104990280//104990280 105317964//105317964 85460557//85460557
f 85460255//85460255 105383501//105383501 105121358//105121358
f 105121354//105121354 105449038//105449038 105186895//105186895
f 105186891//105186891 105514575//105514575 105252432//105252432
f 105252428//105252428 105580112//105580112 105317969//105317969
f 105317965//105317965 105645649//105645649 85853778//85853778
f 85853477//85853477 105711186//105711186 105449043//105449043
f 105449039//105449039 105776723//105776723 105514580//105514580
f 105514576//105514576 105842260//105842260 105580117//105580117
f 105580113//105580113 105907797//105907797 105645654//105645654
f 105645650//105645650 105973334//105973334 86246999//86246999
f 86246699//86246699 106038871//106038871 105776728//105776728
f 105776724//105776724 106104408//106104408 105842265//105842265
f 105842261//105842261 106169945//106169945 105907802//105907802
f 105907798//105907798 106235482//106235482 105973339//105973339
f 105973335//105973335 106301019//106301019 86640220//86640220
f 86639921//86639921 106366556//106366556 106104413//106104413
f 106104409//106104409 106432093//106432093 106169950//106169950
f 106169946//106169946 106497630//106497630 106235487//106235487
f 106235483//106235483 106563167//106563167 106301024//106301024
f 106301020//106301020 106628704//106628704 87033441//87033441
f 87033143//87033143 106694241//106694241 106432098//106432098
f 106432094//106432094 106759778//106759778 106497635//106497635
f 106497631//106497631 106825315//106825315 106563172//106563172
f 106563168//106563168 106890852//106890852 106628709//106628709
f 106628705//106628705 106956389//106956389 87426662//87426662
f 87426365//87426365 107021926//107021926 106759783//106759783
f 106759779//106759779 107087463//107087463 106825320//106825320
f 106825316//106825316 107153000//107153000 106890857//106890857
f 106890853//106890853 107218537//107218537 106956394//106956394
f 106956390//106956390 107284074//107284074 87819883//87819883
f 87819587//87819587 107349611//107349611 107087468//107087468
f 107087464//107087464 107415148//107415148 107153005//107153005
f 107153001//107153001 107480685//107480685 107218542//107218542
f 107218538//107218538 107546222//107546222 107284079//107284079
f 107284075//107284075 107611759//107611759 88213104//88213104
f 88212809//88212809 107677296//107677296 107415153//107415153
f 107415149//107415149 107742833//107742833 107480690//107480690
f 107480686//107480686 107808370//107808370 107546227//107546227
f 107546223//107546223 107873907//107873907 107611764//107611764
f 107611760//107611760 107939444//107939444 88606325//88606325
f 88606031//88606031 108004981//108004981 107742838//107742838
f 107742834//107742834 108070518//108070518 107808375//107808375
f 107808371//107808371 108136055//108136055 107873912//107873912
f 107873908//107873908 108201592//108201592 107939449//107939449
f 107939445//107939445 108267129//108267129 88999546//88999546
f 88999253//88999253 108332666//108332666 108070523//108070523
f 108070519//108070519 108398203//108398203 108136060//108136060
f 108136056//108136056 108463740//108463740 108201597//108201597
f 108201593//108201593 108529277//108529277 108267134//108267134
f 108267130//108267130 108594814//108594814 89392767//89392767
f 89392475//89392475 108660351//108660351 108398208//108398208
f 108398204//108398204 108725888//108725888 108463745//108463745
f 108463741//108463741 108791425//108791425 108529282//108529282
f 108529278//108529278 108856962//108856962 108594819//108594819
f 108594815//108594815 108922499//108922499 89785988//89785988
f 89785697//89785697 108988036//108988036 108725893//108725893
f 108725889//108725889 109053573//109053573 108791430//108791430
f 108791426//108791426 109119110//109119110 108856967//108856967
f 108856963//108856963 109184647//109184647 108922504//108922504
f 108922500//108922500 109250184//109250184 90179209//90179209
f 90178919//90178919 109315721//109315721 109053578//109053578
f 109053574//109053574 109381258//109381258 109119115//109119115
f 109119111//109119111 109446795//109446795 109184652//109184652
f 109184648//109184648 109512332//109512332 109250189//109250189
f 109250185//109250185 109577869//109577869 90572430//90572430
f 90572138//90572138 109643406//109643406 109381263//109381263
f 109381259//109381259 109708943//109708943 109446800//109446800
f 109446796//109446796 109774480//109774480 109512337//109512337
f 109512333//109512333 109840017//109840017 109577874//109577874
f 109577870//109577870 109905554//109905554 90769043//90769043
f 90768748//90768748 109971091//109971091 109708948//109708948
f 109708944//109708944 110036628//110036628 109774485//109774485
f 109774481//109774481 110102165//110102165 109840022//109840022
f 109840018//109840018 110167702//110167702 109905559//109905559
f 109905555//109905555 110298775//110298775 110036632//110036632
f 110036629//110036629 110364312//110364312 110102169//110102169
f 110102166//110102166 110429849//110429849 110167706//110167706
f 110167703//110167703 110560922//110560922 110364315//110364315
f 110364313//110364313 110626459//110626459 110429852//110429852
f 110429850//110429850 110757532//110757532 110626461//110626461
f 110626460//110626460 110495389//110495389 110233246//110233246
f 111019674//111019674 110954135//110954135 111019671//111019671
f 111085212//111085212 111019674//111019674 111085210//111085210
f 111150749//111150749 111085212//111085212 111150748//111150748
f 110233250//110233250 110233246//110233246 90900130//90900130
f 90900131//90900131 90900130//90900130 90834595//90834595
f 90834596//90834596 90834595//90834595 90703524//90703524
f 90703525//90703525 90703524//90703524 90375845//90375845
f 90375846//90375846 90375845//90375845 90441382//90441382
f 90440299//90440299 111478438//111478438 40501866//40501866
f 111477354//111477354 111412903//111412903 111478439//111478439
f 40568487//40568487 111346282//111346282 111412904//111412904
f 111412903//111412903 40568488//40568488 111675047//111675047
f 111675048//111675048 111675047//111675047 40567405//40567405
f 111673965//111673965 111739509//111739509 111673973//111673973
f 111609513//111609513 41158314//41158314 41879210//41879210
f 111347368//111347368 111806123//111806123 111609514//111609514
f 111806115//111806115 111871652//111871652 111739520//111739520
f 111806122//111806122 41879212//41879212 42206892//42206892
f 111281835//111281835 111937197//111937197 111806124//111806124
f 111937186//111937186 112002723//112002723 111870597//111870597
f 111937196//111937196 42206894//42206894 42534574//42534574
f 111216301//111216301 112068271//112068271 111937198//111937198
f 112068254//112068254 112133794//112133794 112001674//112001674
f 112068270//112068270 42534576//42534576 42862256//42862256
f 110954159//110954159 112199345//112199345 112068272//112068272
f 112199327//112199327 112264862//112264862 112132751//112132751
f 112199344//112199344 42862258//42862258 43189938//43189938
f 111019697//111019697 112330419//112330419 112199346//112199346
f 112330400//112330400 112395935//112395935 112263828//112263828
f 112330418//112330418 43189940//43189940 43517620//43517620
f 111085235//111085235 112461493//112461493 112330420//112330420
f 112461473//112461473 112527008//112527008 112394905//112394905
f 112461492//112461492 43517622//43517622 43845302//43845302
f 111150773//111150773 112592567//112592567 112461494//112461494
f 43845304//43845304 112527030//112527030 112658103//112658103
f 112657054//112657054 112722595//112722595 111150775//111150775
f 110888609//110888609 112789177//112789177 112657059//112657059
f 112788131//112788131 112853672//112853672 112592568//112592568
f 112723639//112723639 112658107//112658107 112789179//112789179
f 112723644//112723644 110888605//110888605 112920219//112920219
f 44500669//44500669 44500666//44500666 44828349//44828349
f 112789182//112789182 112789179//112789179 112985790//112985790
f 112854719//112854719 112723641//112723641 113116860//113116860
f 113116859//113116859 113182398//113182398 110757564//110757564
f 110560923//110560923 113247936//113247936 112984749//112984749
f 113246893//113246893 113312434//113312434 112920255//112920255
f 113182396//113182396 113379010//113379010 113051325//113051325
f 113379005//113379005 113444545//113444545 113116862//113116862
f 113313471//113313471 113051332//113051332 113379012//113379012
f 113182405//113182405 110560920//110560920 113510036//113510036
f 45156038//45156038 45156033//45156033 45483718//45483718
f 113313479//113313479 113182400//113182400 113641157//113641157
f 113444552//113444552 113313474//113313474 113706695//113706695
f 113247945//113247945 113247939//113247939 113575625//113575625
f 113379018//113379018 113444548//113444548 113837768//113837768
f 113837763//113837763 113903305//113903305 110298821//110298821
f 109971092//109971092 113968843//113968843 113574583//113574583
f 113967799//113967799 114033340//114033340 113510087//113510087
f 113903301//113903301 114099917//114099917 113641160//113641160
f 114034375//114034375 114165454//114165454 113706698//113706698
f 114099912//114099912 114230991//114230991 113772230//113772230
f 114230982//114230982 114296524//114296524 113837769//113837769
f 114165450//114165450 113772241//113772241 114230993//114230993
f 113903314//113903314 109971087//109971087 114361994//114361994
f 114034387//114034387 113903307//113903307 114427602//114427602
f 114099924//114099924 114034381//114034381 114493139//114493139
f 114165461//114165461 114099918//114099918 114558676//114558676
f 114296534//114296534 114165455//114165455 114624213//114624213
f 114230999//114230999 114296529//114296529 114689750//114689750
f 114362072//114362072 109643402//109643402 114755205//114755205
f 114427609//114427609 114362066//114362066 114820824//114820824
f 114493146//114493146 114427603//114427603 114886361//114886361
f 114558683//114558683 114493140//114493140 114951898//114951898
f 114624220//114624220 114558677//114558677 115017435//115017435
f 114755293//114755293 109315717//109315717 115082880//115082880
f 114820830//114820830 114755288//114755288 115148509//115148509
f 114886367//114886367 114820825//114820825 115214046//115214046
f 114951904//114951904 114886362//114886362 115279583//115279583
f 115082977//115082977 108988032//108988032 115345019//115345019
f 115148514//115148514 115082973//115082973 115410657//115410657
f 115214051//115214051 115148510//115148510 115476194//115476194
f 115345124//115345124 108660347//108660347 115541622//115541622
f 115410661//115410661 115345121//115345121 115607268//115607268
f 115541734//115541734 108332662//108332662 115672689//115672689
f 115279579//115279579 115738343//115738343 114951900//114951900
f 115279592//115279592 115214047//115214047 115803875//115803875
f 115476201//115476201 115410658//115410658 115869413//115869413
f 115607274//115607274 115541732//115541732 115934950//115934950
f 115672811//115672811 108004977//108004977 116000364//116000364
f 115738348//115738348 115279584//115279584 116066024//116066024
f 115803885//115803885 115476195//115476195 116131561//116131561
f 115869422//115869422 115607269//115607269 116197098//116197098
f 115934959//115934959 115672806//115672806 116262635//116262635
f 116000496//116000496 107677292//107677292 116328039//116328039
f 116066033//116066033 115803880//115803880 116393709//116393709
f 116131570//116131570 115869417//115869417 116459246//116459246
f 116197107//116197107 115934954//115934954 116524783//116524783
f 116262644//116262644 116000491//116000491 116590320//116590320
f 116328181//116328181 107349607//107349607 116655714//116655714
f 116393718//116393718 116131565//116131565 116721394//116721394
f 116459255//116459255 116197102//116197102 116786931//116786931
f 116524792//116524792 116262639//116262639 116852468//116852468
f 116590329//116590329 116328176//116328176 116918005//116918005
f 116655866//116655866 107021922//107021922 116983389//116983389
f 116721403//116721403 116459250//116459250 117049079//117049079
f 116786940//116786940 116524787//116524787 117114616//117114616
f 116852477//116852477 116590324//116590324 117180153//117180153
f 116918014//116918014 116655861//116655861 117245690//117245690
f 116983551//116983551 106694237//106694237 117311064//117311064
f 117049088//117049088 116786935//116786935 117376764//117376764
f 117114625//117114625 116852472//116852472 117442301//117442301
f 117180162//117180162 116918009//116918009 117507838//117507838
f 117245699//117245699 116983546//116983546 117573375//117573375
f 117311236//117311236 106366552//106366552 117638739//117638739
f 117376773//117376773 117114620//117114620 117704449//117704449
f 117442310//117442310 117180157//117180157 117769986//117769986
f 117507847//117507847 117245694//117245694 117835523//117835523
f 117573384//117573384 117311231//117311231 117901060//117901060
f 117638921//117638921 106038867//106038867 117966414//117966414
f 117704458//117704458 117442305//117442305 118032134//118032134
f 117769995//117769995 117507842//117507842 118097671//118097671
f 117835532//117835532 117573379//117573379 118163208//118163208
f 117901069//117901069 117638916//117638916 118228745//118228745
f 117966606//117966606 105711182//105711182 118294089//118294089
f 118032143//118032143 117769990//117769990 118359819//118359819
f 118097680//118097680 117835527//117835527 118425356//118425356
f 118163217//118163217 117901064//117901064 118490893//118490893
f 118228754//118228754 117966601//117966601 118556430//118556430
f 118294291//118294291 105383497//105383497 118621764//118621764
f 118359828//118359828 118097675//118097675 118687504//118687504
f 118425365//118425365 118163212//118163212 118753041//118753041
f 118490902//118490902 118228749//118228749 118818578//118818578
f 118556439//118556439 118294286//118294286 118884115//118884115
f 118621976//118621976 105055812//105055812 118949439//118949439
f 118687513//118687513 118425360//118425360 119015189//119015189
f 118753050//118753050 118490897//118490897 119080726//119080726
f 118818587//118818587 118556434//118556434 119146263//119146263
f 118884124//118884124 118621971//118621971 119211800//119211800
f 118949661//118949661 104728127//104728127 119277114//119277114
f 119015198//119015198 118753045//118753045 119342874//119342874
f 119080735//119080735 118818582//118818582 119408411//119408411
f 119146272//119146272 118884119//118884119 119473948//119473948
f 119211809//119211809 118949656//118949656 119539485//119539485
f 119277346//119277346 104400442//104400442 119604789//119604789
f 119342883//119342883 119080730//119080730 119670559//119670559
f 119408420//119408420 119146267//119146267 119736096//119736096
f 119473957//119473957 119211804//119211804 119801633//119801633
f 119539494//119539494 119277341//119277341 119867170//119867170
f 119605031//119605031 104072757//104072757 119932464//119932464
f 119670568//119670568 119408415//119408415 119998244//119998244
f 119736105//119736105 119473952//119473952 120063781//120063781
f 119801642//119801642 119539489//119539489 120129318//120129318
f 119867179//119867179 119605026//119605026 120194855//120194855
f 119932716//119932716 103745072//103745072 120260139//120260139
f 119998253//119998253 119736100//119736100 120325929//120325929
f 120063790//120063790 119801637//119801637 120391466//120391466
f 120129327//120129327 119867174//119867174 120457003//120457003
f 120194864//120194864 119932711//119932711 120522540//120522540
f 120260401//120260401 103417387//103417387 120587814//120587814
f 120325938//120325938 120063785//120063785 120653614//120653614
f 120391475//120391475 120129322//120129322 120719151//120719151
f 120457012//120457012 120194859//120194859 120784688//120784688
f 120522549//120522549 120260396//120260396 120850225//120850225
f 120588086//120588086 103089702//103089702 120915489//120915489
f 120653623//120653623 120391470//120391470 120981299//120981299
f 120719160//120719160 120457007//120457007 121046836//121046836
f 120784697//120784697 120522544//120522544 121112373//121112373
f 120850234//120850234 120588081//120588081 121177910//121177910
f 120915771//120915771 102762017//102762017 121243164//121243164
f 120981308//120981308 120719155//120719155 121308984//121308984
f 121046845//121046845 120784692//120784692 121374521//121374521
f 121112382//121112382 120850229//120850229 121440058//121440058
f 121177919//121177919 120915766//120915766 121505595//121505595
f 121243456//121243456 102434332//102434332 121570833//121570833
f 121308993//121308993 121046840//121046840 121636669//121636669
f 121374530//121374530 121112377//121112377 121702206//121702206
f 121440067//121440067 121177914//121177914 121767743//121767743
f 121505604//121505604 121243451//121243451 121833280//121833280
f 121571141//121571141 101713425//101713425 121898504//121898504
f 121898500//121898500 121570824//121570824 121964357//121964357
f 121833286//121833286 121898816//121898816 122029572//122029572
f 121964359//121964359 100403013//100403013 100861767//100861767
f 121833279//121833279 122095432//122095432 121505603//121505603
f 121767742//121767742 122160969//122160969 121440066//121440066
f 121964356//121964356 122226506//122226506 121833288//121833288
f 100403015//100403015 100075339//100075339 100403019//100403019
f 122029894//122029894 122357580//122357580 121964362//121964362
f 122357579//122357579 121767751//121767751 122423112//122423112
f 122160973//122160973 122292035//122292035 122488312//122488312
f 122488307//122488307 122095096//122095096 122554186//122554186
f 122423119//122423119 122226504//122226504 122619724//122619724
f 122554192//122554192 122357578//122357578 122685259//122685259
f 122685262//122685262 122685259//122685259 122357584//122357584
f 99747662//99747662 99419986//99419986 99747666//99747666
f 122488657//122488657 122750803//122750803 122488659//122488659
f 122685264//122685264 122816340//122816340 122685268//122685268
f 122619727//122619727 122881877//122881877 122619733//122619733
f 122554189//122554189 122947414//122947414 122554198//122554198
f 99419986//99419986 99092311//99092311 99419991//99419991
f 122750803//122750803 123078488//123078488 122750808//122750808
f 122816340//122816340 123144025//123144025 122816345//122816345
f 122881877//122881877 123209562//123209562 122881882//122881882
f 99092311//99092311 98764635//98764635 99092315//99092315
f 123078488//123078488 123340636//123340636 123078492//123078492
f 123144025//123144025 123406173//123406173 123144029//123144029
f 98764635//98764635 98436958//98436958 98764638//98764638
f 123340636//123340636 123537247//123537247 123340639//123340639
f 98436958//98436958 98109280//98109280 98436960//98436960
f 123733850//123733850 123012949//123012949 123733845//123733845
f 123209562//123209562 123471714//123471714 123209570//123209570
f 123406173//123406173 123602787//123602787 123406179//123406179
f 123537247//123537247 123668324//123668324 123537252//123537252
f 98109280//98109280 97781605//97781605 98109285//98109285
f 123275105//123275105 123799398//123799398 123275110//123275110
f 123471714//123471714 123864935//123864935 123471719//123471719
f 123602787//123602787 123930472//123930472 123602792//123602792
f 123668324//123668324 123996009//123996009 123668329//123668329
f 97781605//97781605 97453930//97453930 97781610//97781610
f 123799398//123799398 124127083//124127083 123799403//123799403
f 123864935//123864935 124192620//124192620 123864940//123864940
f 123930472//123930472 124258157//124258157 123930477//123930477
f 123996009//123996009 124323694//124323694 123996014//123996014
f 97453930//97453930 97126255//97126255 97453935//97453935
f 124127083//124127083 124454768//124454768 124127088//124127088
f 124192620//124192620 124520305//124520305 124192625//124192625
f 124258157//124258157 124585842//124585842 124258162//124258162
f 124323694//124323694 124651379//124651379 124323699//124323699
f 97126255//97126255 96798580//96798580 97126260//97126260
f 124454768//124454768 124782453//124782453 124454773//124454773
f 124520305//124520305 124847990//124847990 124520310//124520310
f 124585842//124585842 124913527//124913527 124585847//124585847
f 124651379//124651379 124979064//124979064 124651384//124651384
f 96798580//96798580 96470905//96470905 96798585//96798585
f 124782453//124782453 125110138//125110138 124782458//124782458
f 124847990//124847990 125175675//125175675 124847995//124847995
f 124913527//124913527 125241212//125241212 124913532//124913532
f 124979064//124979064 125306749//125306749 124979069//124979069
f 96470905//96470905 96143230//96143230 96470910//96470910
f 125110138//125110138 125437823//125437823 125110143//125110143
f 125175675//125175675 125503360//125503360 125175680//125175680
f 125241212//125241212 125568897//125568897 125241217//125241217
f 125306749//125306749 125634434//125634434 125306754//125306754
f 96143230//96143230 95815555//95815555 96143235//96143235
f 125437823//125437823 125765508//125765508 125437828//125437828
f 125503360//125503360 125831045//125831045 125503365//125503365
f 125568897//125568897 125896582//125896582 125568902//125568902
f 125634434//125634434 125962119//125962119 125634439//125634439
f 95815555//95815555 95487880//95487880 95815560//95815560
f 125765508//125765508 126093193//126093193 125765513//125765513
f 125831045//125831045 126158730//126158730 125831050//125831050
f 125896582//125896582 126224267//126224267 125896587//125896587
f 125962119//125962119 126289804//126289804 125962124//125962124
f 95487880//95487880 95160205//95160205 95487885//95487885
f 126093193//126093193 126420878//126420878 126093198//126093198
f 126158730//126158730 126486415//126486415 126158735//126158735
f 126224267//126224267 126551952//126551952 126224272//126224272
f 126289804//126289804 126617489//126617489 126289809//126289809
f 95160205//95160205 94832530//94832530 95160210//95160210
f 126420878//126420878 126748563//126748563 126420883//126420883
f 126486415//126486415 126814100//126814100 126486420//126486420
f 126551952//126551952 126879637//126879637 126551957//126551957
f 126617489//126617489 126945174//126945174 126617494//126617494
f 94832530//94832530 94504855//94504855 94832535//94832535
f 126748563//126748563 127076248//127076248 126748568//126748568
f 126814100//126814100 127141785//127141785 126814105//126814105
f 126879637//126879637 127207322//127207322 126879642//126879642
f 126945174//126945174 127272859//127272859 126945179//126945179
f 94504855//94504855 94177180//94177180 94504860//94504860
f 127076248//127076248 127403933//127403933 127076253//127076253
f 127141785//127141785 127469470//127469470 127141790//127141790
f 127207322//127207322 127535007//127535007 127207327//127207327
f 127272859//127272859 127600544//127600544 127272864//127272864
f 94177180//94177180 93849505//93849505 94177185//94177185
f 127403933//127403933 127731618//127731618 127403938//127403938
f 127469470//127469470 127797155//127797155 127469475//127469475
f 127535007//127535007 127862692//127862692 127535012//127535012
f 127600544//127600544 127928229//127928229 127600549//127600549
f 93849505//93849505 93521830//93521830 93849510//93849510
f 127731618//127731618 128059303//128059303 127731623//127731623
f 127797155//127797155 128124840//128124840 127797160//127797160
f 127862692//127862692 128190377//128190377 127862697//127862697
f 127928229//127928229 128255914//128255914 127928234//127928234
f 93521830//93521830 93194155//93194155 93521835//93521835
f 128059303//128059303 128386988//128386988 128059308//128059308
f 128124840//128124840 128452525//128452525 128124845//128124845
f 128190377//128190377 128518062//128518062 128190382//128190382
f 128255914//128255914 128583599//128583599 128255919//128255919
f 93194155//93194155 92866480//92866480 93194160//93194160
f 128386988//128386988 128714673//128714673 128386993//128386993
f 128452525//128452525 128780210//128780210 128452530//128452530
f 128518062//128518062 128845747//128845747 128518067//128518067
f 128583599//128583599 128911284//128911284 128583604//128583604
f 92866480//92866480 92538805//92538805 92866485//92866485
f 128714673//128714673 129042358//129042358 128714678//128714678
f 128780210//128780210 129107895//129107895 128780215//128780215
f 128845747//128845747 129173432//129173432 128845752//128845752
f 128911284//128911284 129238969//129238969 128911289//128911289
f 92538805//92538805 92211130//92211130 92538810//92538810
f 129042358//129042358 129370043//129370043 129042363//129042363
f 129107895//129107895 129435580//129435580 129107900//129107900
f 129173432//129173432 129501117//129501117 129173437//129173437
f 129238969//129238969 129566654//129566654 129238974//129238974
f 92211130//92211130 91883455//91883455 92211135//92211135
f 129370043//129370043 129697728//129697728 129370048//129370048
f 129435580//129435580 129763265//129763265 129435585//129435585
f 129501117//129501117 129828802//129828802 129501122//129501122
f 129566654//129566654 129894339//129894339 129566659//129566659
f 91883455//91883455 91555780//91555780 91883460//91883460
f 91555780//91555780 91817338//91817338 130221439//130221439
f 130287556//130287556 130287551//130287551 92145604//92145604
f 129894339//129894339 92145605//92145605 130286980//130286980
f 130287558//130287558 130286980//130286980 130156486//130156486
f 92800388//92800388 130156486//130156486 129828807//129828807
f 130156487//130156487 130090950//130090950 130418622//130418622
f 130353096//130353096 130352521//130352521 130418632//130418632
f 93128073//93128073 130418632//130418632 130090953//130090953
f 130418633//130418633 130615240//130615240 93128648//93128648
f 130615240//130615240 93128649//93128649 130614675//130614675
f 130090955//130090955 130090953//130090953 129763275//129763275
f 129763265//129763265 130746315//130746315 93456330//93456330
f 93783443//93783443 130811852//130811852 130615241//130615241
f 130811849//130811849 130615243//130615243 130811852//130811852
f 130877387//130877387 130877377//130877377 130811851//130811851
f 130746319//130746319 93783448//93783448 130942365//130942365
f 130811856//130811856 130811852//130811852 130877392//130877392
f 130942924//130942924 131074000//131074000 130877377//130877377
f 131073985//131073985 129959868//129959868 131073980//131073980
f 130942930//130942930 94111133//94111133 131138978//131138978
f 131008467//131008467 130942927//130942927 131205074//131205074
f 130877396//130877396 130877392//130877392 131074004//131074004
f 131205072//131205072 131074004//131074004 129959893//129959893
f 131074005//131074005 131401684//131401684 94439378//94439378
f 94766498//94766498 131467222//131467222 131139539//131139539
f 131401682//131401682 131532759//131532759 131205076//131205076
f 131532756//131532756 131205077//131205077 131532759//131532759
f 129959897//129959897 129959893//129959893 129632217//129632217
f 131401690//131401690 94766503//94766503 131663276//131663276
f 131467227//131467227 131401686//131401686 131729370//131729370
f 131532764//131532764 131467223//131467223 131794907//131794907
f 131336157//131336157 131336152//131336152 131598301//131598301
f 131794904//131794904 131925981//131925981 131598267//131598267
f 131925947//131925947 131991478//131991478 95094746//95094746
f 95421868//95421868 132057055//132057055 131663835//131663835
f 131991514//131991514 132122592//132122592 131729372//131729372
f 132057051//132057051 132188129//132188129 131794909//131794909
f 132122588//132122588 132253666//132253666 131860441//131860441
f 132253657//132253657 131860446//131860446 132253666//132253666
f 129304548//129304548 129304542//129304542 128976868//128976868
f 131991525//131991525 95421873//95421873 132384182//132384182
f 132057062//132057062 131991519//131991519 132450277//132450277
f 132122599//132122599 132057056//132057056 132515814//132515814
f 132188136//132188136 132122593//132122593 132581351//132581351
f 132253673//132253673 132188130//132188130 132646888//132646888
f 131925994//131925994 131925987//131925987 132319210//132319210
f 132646883//132646883 132777962//132777962 132319153//132319153
f 132777905//132777905 132843436//132843436 132712420//132712420
f 132843492//132843492 132909035//132909035 132646890//132646890
f 132909034//132909034 132974572//132974572 132581353//132581353
f 132974569//132974569 133040109//133040109 132515816//132515816
f 133040104//133040104 133105646//133105646 132777900//132777900
f 133105580//133105580 133171111//133171111 132843499//132843499
f 133171179//133171179 133236720//133236720 132909036//132909036
f 133236716//133236716 133302257//133302257 132974573//132974573
f 133302253//133302253 133367794//133367794 133105575//133105575
f 133367719//133367719 133433250//133433250 133171184//133171184
f 133433328//133433328 133498868//133498868 133236721//133236721
f 133498865//133498865 133564405//133564405 133367714//133367714
f 133564322//133564322 133629853//133629853 133433332//133433332
f 133629940//133629940 133695479//133695479 133564317//133564317
f 133695389//133695389 132974488//132974488 133302266//133302266
f 132974586//132974586 133826543//133826543 133302258//133302258
f 133826546//133826546 133892086//133892086 133498869//133498869
f 133892085//133892085 133957624//133957624 133629943//133629943
f 133957623//133957623 134023161//134023161 133695384//133695384
f 134023064//134023064 134088595//134088595 133761011//133761011
f 134088691//134088691 134154235//134154235 133826550//133826550
f 134154230//134154230 134219772//134219772 133892088//133892088
f 134219768//134219768 134285309//134285309 133957625//133957625
f 134285305//134285305 134350846//134350846 134023059//134023059
f 134350739//134350739 134416270//134416270 134088699//134088699
f 134416379//134416379 134481920//134481920 134154236//134154236
f 134481916//134481916 134547457//134547457 134219773//134219773
f 134547453//134547453 134612994//134612994 134285310//134285310
f 134612990//134612990 134678531//134678531 134350734//134350734
f 134678414//134678414 134743945//134743945 134416384//134416384
f 134744064//134744064 134809605//134809605 134481921//134481921
f 134809601//134809601 134875142//134875142 134547458//134547458
f 134875138//134875138 134940679//134940679 134612995//134612995
f 134940675//134940675 135006216//135006216 134678409//134678409
f 135006089//135006089 135071620//135071620 134744069//134744069
f 135071749//135071749 135137290//135137290 134809606//134809606
f 135137286//135137286 135202827//135202827 134875143//134875143
f 135202823//135202823 135268364//135268364 134940680//134940680
f 135268360//135268360 135333901//135333901 135006084//135006084
f 135333764//135333764 135399295//135399295 135071754//135071754
f 135399434//135399434 135464975//135464975 135137291//135137291
f 135464971//135464971 135530512//135530512 135202828//135202828
f 135530508//135530508 135596049//135596049 135268365//135268365
f 135596045//135596045 135661586//135661586 135333759//135333759
f 135661439//135661439 135726970//135726970 135399439//135399439
f 135727119//135727119 135792660//135792660 135464976//135464976
f 135792656//135792656 135858197//135858197 135530513//135530513
f 135858193//135858193 135923734//135923734 135596050//135596050
f 135923730//135923730 135989271//135989271 135661434//135661434
f 135989114//135989114 136054645//136054645 135727124//135727124
f 136054804//136054804 136120345//136120345 135792661//135792661
f 136120341//136120341 136185882//136185882 135858198//135858198
f 136185878//136185878 136251419//136251419 135923735//135923735
f 136251415//136251415 136316956//136316956 135989109//135989109
f 136316789//136316789 136382320//136382320 136054809//136054809
f 136382489//136382489 136448030//136448030 136120346//136120346
f 136448026//136448026 136513567//136513567 136185883//136185883
f 136513563//136513563 136579104//136579104 136251420//136251420
f 136579100//136579100 136644641//136644641 136316784//136316784
f 136644464//136644464 136709995//136709995 136382494//136382494
f 136710174//136710174 136775715//136775715 136448031//136448031
f 136775711//136775711 136841252//136841252 136513568//136513568
f 136841248//136841248 136906789//136906789 136579105//136579105
f 136906785//136906785 136972326//136972326 136644459//136644459
f 136972139//136972139 137037670//137037670 136710179//136710179
f 137037859//137037859 137103400//137103400 136775716//136775716
f 137103396//137103396 137168937//137168937 136841253//136841253
f 137168933//137168933 137234474//137234474 136906790//136906790
f 137234470//137234470 137300011//137300011 136972134//136972134
f 137299814//137299814 137365345//137365345 137037864//137037864
f 137365544//137365544 137431085//137431085 137103401//137103401
f 137431081//137431081 137496622//137496622 137168938//137168938
f 137496618//137496618 137562159//137562159 137234475//137234475
f 137562155//137562155 137627696//137627696 137299809//137299809
f 137627489//137627489 137693014//137693014 137365549//137365549
f 137693229//137693229 137758770//137758770 137431086//137431086
f 137758766//137758766 137824307//137824307 137496623//137496623
f 137824303//137824303 137889844//137889844 137562160//137562160
f 137889840//137889840 137955381//137955381 137627478//137627478
f 137955158//137955158 122160973//122160973 137955149//137955149
f 138020917//138020917 138020922//138020922 137889845//137889845
f 138086458//138086458 138086217//138086217 138020922//138020922
f 122160962//122160962 137562172//137562172 137889853//137889853
f 137562173//137562173 137496632//137496632 137824318//137824318
f 137496638//137496638 137889847//137889847 138020927//138020927
f 137889855//137889855 138086461//138086461 121702464//121702464
f 121702205//121702205 138348608//138348608 121374529//121374529
f 138414139//138414139 138348604//138348604 138414140//138414140
f 138020929//138020929 137824319//137824319 138152002//138152002
f 137824322//137824322 121636926//121636926 138545216//138545216
f 138545217//138545217 138152000//138152000 138283076//138283076
f 138152004//138152004 138283074//138283074 138414149//138414149
f 138414147//138414147 138676293//138676293 138610751//138610751
f 138741827//138741827 121308993//121308993 138741569//138741569
f 138807365//138807365 138741827//138741827 138807363//138807363
f 138872900//138872900 138807365//138807365 138872901//138872901
f 138938434//138938434 138872900//138872900 138938436//138938436
f 139003966//139003966 138938434//138938434 139003970//139003970
f 139069510//139069510 120981308//120981308 139069244//139069244
f 139135047//139135047 139069510//139069510 139135046//139135046
f 139200584//139200584 139135047//139135047 139200583//139200583
f 139266121//139266121 139200584//139200584 139266120//139266120
f 139331659//139331659 120653623//120653623 139331383//139331383
f 139397196//139397196 139331659//139331659 139397195//139397195
f 139462733//139462733 139397196//139397196 139462732//139462732
f 139528271//139528271 120325938//120325938 139527986//139527986
f 139593808//139593808 139528271//139528271 139593807//139593807
f 139659346//139659346 119998253//119998253 139659053//139659053
f 138938446//138938446 139003989//139003989 138938453//138938453
f 139790414//139790414 139462733//139462733 139790413//139790413
f 139855953//139855953 139593808//139593808 139855952//139855952
f 139921491//139921491 139659346//139659346 139921490//139921490
f 139987028//139987028 119670568//119670568 139986728//139986728
f 140052565//140052565 139790414//139790414 140052558//140052558
f 140118102//140118102 139855953//139855953 140118097//140118097
f 140183639//140183639 139921491//139921491 140183635//140183635
f 140249176//140249176 139987028//139987028 140249172//140249172
f 140314713//140314713 119342883//119342883 140314403//140314403
f 140380250//140380250 140118102//140118102 140380246//140380246
f 140445787//140445787 140183639//140183639 140445783//140445783
f 140511324//140511324 140249176//140249176 140511320//140511320
f 140576861//140576861 140314713//140314713 140576857//140576857
f 140642398//140642398 119015198//119015198 140642078//140642078
f 140707935//140707935 140445787//140445787 140707931//140707931
f 140773472//140773472 140511324//140511324 140773468//140773468
f 140839009//140839009 140576861//140576861 140839005//140839005
f 140904546//140904546 140642398//140642398 140904542//140904542
f 140970083//140970083 118687513//118687513 140969753//140969753
f 141035620//141035620 140773472//140773472 141035616//141035616
f 141101157//141101157 140839009//140839009 141101153//141101153
f 141166694//141166694 140904546//140904546 141166690//141166690
f 141232231//141232231 140970083//140970083 141232227//141232227
f 141297768//141297768 118359828//118359828 141297428//141297428
f 141363305//141363305 141101157//141101157 141363301//141363301
f 141428842//141428842 141166694//141166694 141428838//141428838
f 141494379//141494379 141232231//141232231 141494375//141494375
f 141559916//141559916 141297768//141297768 141559912//141559912
f 141625453//141625453 118032143//118032143 141625103//141625103
f 141690990//141690990 141428842//141428842 141690986//141690986
f 141756527//141756527 141494379//141494379 141756523//141756523
f 141822064//141822064 141559916//141559916 141822060//141822060
f 141887601//141887601 141625453//141625453 141887597//141887597
f 141953138//141953138 117704458//117704458 141952778//141952778
f 142018675//142018675 141756527//141756527 142018671//142018671
f 142084212//142084212 141822064//141822064 142084208//142084208
f 142149749//142149749 141887601//141887601 142149745//142149745
f 142215286//142215286 141953138//141953138 142215282//142215282
f 142280823//142280823 117376773//117376773 142280453//142280453
f 142346360//142346360 142084212//142084212 142346356//142346356
f 142411897//142411897 142149749//142149749 142411893//142411893
f 142477434//142477434 142215286//142215286 142477430//142477430
f 142542971//142542971 142280823//142280823 142542967//142542967
f 142608508//142608508 117049088//117049088 142608128//142608128
f 142674045//142674045 142411897//142411897 142674041//142674041
f 142739582//142739582 142477434//142477434 142739578//142739578
f 142805119//142805119 142542971//142542971 142805115//142805115
f 142870656//142870656 142608508//142608508 142870652//142870652
f 142936193//142936193 116721403//116721403 142935803//142935803
f 143001730//143001730 142739582//142739582 143001726//143001726
f 143067267//143067267 142805119//142805119 143067263//143067263
f 143132804//143132804 142870656//142870656 143132800//143132800
f 143198341//143198341 142936193//142936193 143198337//143198337
f 143263878//143263878 116393718//116393718 143263478//143263478
f 143329415//143329415 143067267//143067267 143329411//143329411
f 143394952//143394952 143132804//143132804 143394948//143394948
f 143460489//143460489 143198341//143198341 143460485//143460485
f 143526026//143526026 143263878//143263878 143526022//143526022
f 143591563//143591563 116066033//116066033 143591153//143591153
f 143657100//143657100 143394952//143394952 143657096//143657096
f 143722637//143722637 143460489//143460489 143722633//143722633
f 143788174//143788174 143526026//143526026 143788170//143788170
f 143853711//143853711 143591563//143591563 143853707//143853707
f 143919248//143919248 115738348//115738348 143918828//143918828
f 143984785//143984785 143722637//143722637 143984781//143984781
f 144050322//144050322 143788174//143788174 144050318//144050318
f 144115859//144115859 143853711//143853711 144115855//144115855
f 144181396//144181396 143919248//143919248 144181392//144181392
f 144246933//144246933 115017447//115017447 144246503//144246503
f 144312470//144312470 144050322//144050322 144312466//144312466
f 144378007//144378007 144115859//144115859 144378003//144378003
f 144443544//144443544 144181396//144181396 144443540//144443540
f 144509081//144509081 144246933//144246933 144509077//144509077
f 144574618//144574618 114624220//114624220 144574172//144574172
f 114690207//114690207 144574166//144574166 144640154//144640154
f 144640158//144640158 144509082//144509082 144705689//144705689
f 144705693//144705693 144443545//144443545 144771224//144771224
f 144771228//144771228 114690200//114690200 144836767//144836767
f 144836768//144836768 144640159//144640159 144902302//144902302
f 144902305//144902305 144705694//144705694 144967837//144967837
f 144967842//144967842 144836765//144836765 114690214//114690214
f 114689744//114689744 145033382//145033382 114230988//114230988
f 144640163//144640163 144902311//144902311 144640167//144640167
f 144705700//144705700 144967848//144967848 144705704//144705704
f 145032908//145032908 145229993//145229993 113967804//113967804
f 145228476//145228476 145031873//145031873 145295523//145295523
f 145229994//145229994 145098918//145098918 144836778//144836778
f 46139563//46139563 145229993//145229993 145361066//145361066
f 145359553//145359553 145097414//145097414 145426596//145426596
f 145426600//145426600 145295524//145295524 145492135//145492135
f 145361069//145361069 145426602//145426602 145098925//145098925
f 46467246//46467246 145361067//145361067 145557677//145557677
f 145556166//145556166 145490635//145490635 145623212//145623212
f 145557679//145557679 145688749//145688749 145556171//145556171
f 145623214//145623214 46794928//46794928 47122608//47122608
f 145164460//145164460 145754289//145754289 145426607//145426607
f 47122610//47122610 47122608//47122608 47450290//47450290
f 145688755//145688755 145623215//145623215 145885361//145885361
f 145885360//145885360 145950898//145950898 145164465//145164465
f 144967848//144967848 146016436//146016436 145818325//145818325
f 146014933//146014933 146080474//146080474 145885362//145885362
f 146081970//146081970 146147509//146147509 145754291//145754291
f 145950897//145950897 145885367//145885367 146081975//146081975
f 145950904//145950904 144967845//144967845 146213026//146213026
f 47777977//47777977 47777973//47777973 48105657//48105657
f 146147514//146147514 145950900//145950900 146344120//146344120
f 146016443//146016443 146016438//146016438 146278587//146278587
f 146081980//146081980 146147511//146147511 146475194//146475194
f 146475190//146475190 146540731//146540731 144771256//144771256
f 144378018//144378018 146606269//146606269 146277087//146277087
f 146604767//146604767 146670308//146670308 146213050//146213050
f 146540728//146540728 146737343//146737343 146344124//146344124
f 146671802//146671802 146802880//146802880 146409657//146409657
f 146802873//146802873 146868414//146868414 146475195//146475195
f 146737340//146737340 146409666//146409666 146802882//146802882
f 146540739//146540739 144378012//144378012 146933911//146933911
f 146933915//146933915 146999447//146999447 146604772//146604772
f 146997988//146997988 147063529//147063529 146540735//146540735
f 146933949//146933949 147130565//147130565 146671808//146671808
f 147065023//147065023 147196102//147196102 146737346//146737346
f 147130560//147130560 147261639//147261639 146802878//146802878
f 147261630//147261630 147327172//147327172 146868417//146868417
f 147196098//147196098 146802889//146802889 147261641//147261641
f 48761034//48761034 48761028//48761028 49088714//49088714
f 147065035//147065035 146933955//146933955 147458203//147458203
f 147130572//147130572 147065029//147065029 147523787//147523787
f 147196109//147196109 147130566//147130566 147589324//147589324
f 147327182//147327182 147196103//147196103 147654861//147654861
f 146999503//146999503 146999496//146999496 147392719//147392719
f 147261648//147261648 147327177//147327177 147785934//147785934
f 147785928//147785928 147851471//147851471 147391214//147391214
f 147849966//147849966 147915507//147915507 147720394//147720394
f 147917002//147917002 147982545//147982545 147785935//147785935
f 147982543//147982543 148048082//148048082 147654864//147654864
f 148048080//148048080 148113619//148113619 147589326//147589326
f 148113614//148113614 148179156//148179156 147849971//147849971
f 148177651//148177651 148243192//148243192 147917009//147917009
f 148244689//148244689 148310230//148310230 147982546//147982546
f 148310226//148310226 148375767//148375767 148048083//148048083
f 148375763//148375763 148441304//148441304 148177656//148177656
f 148439800//148439800 148505341//148505341 148244694//148244694
f 148506838//148506838 148572378//148572378 148310231//148310231
f 148572375//148572375 148637915//148637915 148439805//148439805
f 148636413//148636413 148701954//148701954 148506842//148506842
f 148703450//148703450 148768989//148768989 148636418//148636418
f 148767490//148767490 148046599//148046599 148375776//148375776
f 148048096//148048096 148900053//148900053 148375768//148375768
f 148900056//148900056 148965596//148965596 148572379//148572379
f 148965595//148965595 149031134//149031134 148703453//148703453
f 149031133//149031133 149096671//149096671 148767495//148767495
f 149095175//149095175 149160716//149160716 148834521//148834521
f 149162201//149162201 149227745//149227745 148900060//148900060
f 149227740//149227740 149293282//149293282 148965598//148965598
f 149293278//149293278 149358819//149358819 149031135//149031135
f 149358815//149358815 149424356//149424356 149095180//149095180
f 149422860//149422860 149488401//149488401 149162209//149162209
f 149489889//149489889 149555430//149555430 149227746//149227746
f 149555426//149555426 149620967//149620967 149293283//149293283
f 149620963//149620963 149686504//149686504 149358820//149358820
f 149686500//149686500 149752041//149752041 149422865//149422865
f 149750545//149750545 149816086//149816086 149489894//149489894
f 149817574//149817574 149883115//149883115 149555431//149555431
f 149883111//149883111 149948652//149948652 149620968//149620968
f 149948648//149948648 150014189//150014189 149686505//149686505
f 150014185//150014185 150079726//150079726 149750550//149750550
f 150078230//150078230 150143771//150143771 149817579//149817579
f 150145259//150145259 150210800//150210800 149883116//149883116
f 150210796//150210796 150276337//150276337 149948653//149948653
f 150276333//150276333 150341874//150341874 150014190//150014190
f 150341870//150341870 150407411//150407411 150078235//150078235
f 150405915//150405915 150471456//150471456 150145264//150145264
f 150472944//150472944 150538485//150538485 150210801//150210801
f 150538481//150538481 150604022//150604022 150276338//150276338
f 150604018//150604018 150669559//150669559 150341875//150341875
f 150669555//150669555 150735096//150735096 150405920//150405920
f 150733600//150733600 150799141//150799141 150472949//150472949
f 150800629//150800629 150866170//150866170 150538486//150538486
f 150866166//150866166 150931707//150931707 150604023//150604023
f 150931703//150931703 150997244//150997244 150669560//150669560
f 150997240//150997240 151062781//151062781 150800634//150800634
f 151062778//151062778 151128319//151128319 150866171//150866171
f 151128315//151128315 151193856//151193856 150931708//150931708
f 151193852//151193852 151259393//151259393 151062783//151062783
f 151259391//151259391 151324931//151324931 151128320//151128320
f 151324928//151324928 151390468//151390468 151259395//151259395
f 151390467//151390467 151456006//151456006 150997245//150997245
f 150997257//150997257 150997252//150997252 151456009//151456009
f 151193866//151193866 151193862//151193862 151521546//151521546
f 151324939//151324939 151324935//151324935 151587083//151587083
f 151455997//151455997 151718156//151718156 150733605//150733605
f 151716645//151716645 151783693//151783693 52691745//52691745
f 151782177//151782177 151847718//151847718 151782182//151782182
f 151847718//151847718 54002477//54002477 151847725//151847725
f 77269262//77269262 151782201//151782201 151849231//151849231
f 151783695//151783695 77269260//77269260 151914766//151914766
f 151718160//151718160 151718152//151718152 151914768//151914768
f 152045839//152045839 152044700//152044700 151980303//151980303
f 77268120//77268120 151456017//151456017 151980306//151980306
f 151456018//151456018 152045833//152045833 77007123//77007123
f 77005972//77005972 151980307//151980307 152045844//152045844
f 151980308//151980308 152176914//152176914 152242449//152242449
f 152307977//152307977 152307986//152307986 151587081//151587081
f 152373523//152373523 76481684//76481684 152372372//152372372
f 152439060//152439060 152373523//152373523 152439059//152439059
f 152504594//152504594 152504596//152504596 152307986//152307986
f 152242455//152242455 151587096//151587096 152307993//152307993
f 151587097//151587097 152373515//152373515 76482842//76482842
f 76481676//76481676 152635674//152635674 76219900//76219900
f 152701207//152701207 152635670//152635670 152701206//152701206
f 152766744//152766744 152701207//152701207 152766743//152766743
f 152832277//152832277 152832280//152832280 152570133//152570133
f 152504604//152504604 100337949//100337949 152897818//152897818
f 152897819//152897819 152766746//152766746 152701215//152701215
f 152701214//152701214 152832287//152832287 152766752//152766752
f 152766751//152766751 152570144//152570144 152832289//152832289
f 152832288//152832288 152897825//152897825 100337954//100337954
f 100337143//100337143 152963362//152963362 152897827//152897827
f 152897826//152897826 153028899//153028899 152963364//152963364
f 152963363//152963363 153159972//153159972 100010277//100010277
f 100009458//100009458 153225509//153225509 153159974//153159974
f 153159973//153159973 153356582//153356582 99682599//99682599
f 99681773//99681773 153094439//153094439 153553177//153553177
f 153553163//153553163 153094425//153094425 153028905//153028905
f 153028900//153028900 153291049//153291049 153225514//153225514
f 153225510//153225510 153422122//153422122 153356587//153356587
f 153356583//153356583 153487659//153487659 99354924//99354924
f 99354088//99354088 153553196//153553196 153880843//153880843
f 153880839//153880839 153618699//153618699 153291054//153291054
f 153291050//153291050 153684270//153684270 153422127//153422127
f 153422123//153422123 153749807//153749807 153487664//153487664
f 153487660//153487660 153815344//153815344 99027249//99027249
f 99026403//99026403 153880881//153880881 154208519//154208519
f 154208517//154208517 153946375//153946375 153684275//153684275
f 153684271//153684271 154011955//154011955 153749812//153749812
f 153749808//153749808 154077492//154077492 153815349//153815349
f 153815345//153815345 154143029//154143029 98699574//98699574
f 98698718//98698718 154208566//154208566 154536197//154536197
f 154536194//154536194 154274053//154274053 154011960//154011960
f 154011956//154011956 154339640//154339640 154077497//154077497
f 154077493//154077493 154405177//154405177 154143034//154143034
f 154143030//154143030 154470714//154470714 98371899//98371899
f 98371033//98371033 154536251//154536251 154863874//154863874
f 154863870//154863870 154601730//154601730 154339645//154339645
f 154339641//154339641 154667325//154667325 154405182//154405182
f 154405178//154405178 154732862//154732862 154470719//154470719
f 154470715//154470715 154798399//154798399 98044224//98044224
f 98043348//98043348 154863936//154863936 155191550//155191550
f 155191545//155191545 154929406//154929406 154667330//154667330
f 154667326//154667326 154995010//154995010 154732867//154732867
f 154732863//154732863 155060547//155060547 154798404//154798404
f 154798400//154798400 155126084//155126084 97716549//97716549
f 97715663//97715663 155191621//155191621 155519225//155519225
f 155519220//155519220 155257081//155257081 154995015//154995015
f 154995011//154995011 155322695//155322695 155060552//155060552
f 155060548//155060548 155388232//155388232 155126089//155126089
f 155126085//155126085 155453769//155453769 97388874//97388874
f 97387978//97387978 155519306//155519306 155846900//155846900
f 155846895//155846895 155584756//155584756 155322700//155322700
f 155322696//155322696 155650380//155650380 155388237//155388237
f 155388233//155388233 155715917//155715917 155453774//155453774
f 155453770//155453770 155781454//155781454 97061199//97061199
f 97060293//97060293 155846991//155846991 156174575//156174575
f 156174570//156174570 155912431//155912431 155650385//155650385
f 155650381//155650381 155978065//155978065 155715922//155715922
f 155715918//155715918 156043602//156043602 155781459//155781459
f 155781455//155781455 156109139//156109139 96733524//96733524
f 96732608//96732608 156174676//156174676 156502250//156502250
f 156502245//156502245 156240106//156240106 155978070//155978070
f 155978066//155978066 156305750//156305750 156043607//156043607
f 156043603//156043603 156371287//156371287 156109144//156109144
f 156109140//156109140 156436824//156436824 96405849//96405849
f 96404923//96404923 156502361//156502361 156829925//156829925
f 156829920//156829920 156567781//156567781 156305755//156305755
f 156305751//156305751 156633435//156633435 156371292//156371292
f 156371288//156371288 156698972//156698972 156436829//156436829
f 156436825//156436825 156764509//156764509 96078174//96078174
f 96077238//96077238 157092190//157092190 95750117//95750117
f 156764510//156764510 157026655//157026655 156764511//156764511
f 157091813//157091813 157157728//157157728 157092192//157092192
f 132450656//132450656 157026277//157026277 157288792//157288792
f 157288796//157288796 156961112//156961112 157354327//157354327
f 157354331//157354331 157157719//157157719 157419869//157419869
f 157419873//157419873 157223261//157223261 157485407//157485407
f 157485411//157485411 132450655//132450655 157550944//157550944
f 157550948//157550948 157550944//157550944 132450279//132450279
f 157550567//157550567 157616111//157616111 157550575//157550575
f 157485413//157485413 133040486//133040486 133761382//133761382
f 156961121//156961121 157354343//157354343 156961127//156961127
f 157288803//157288803 157682024//157682024 157288808//157288808
f 157419876//157419876 157813097//157813097 157485414//157485414
f 157813096//157813096 157878627//157878627 157616122//157616122
f 157813094//157813094 133761386//133761386 134089066//134089066
f 157747561//157747561 157944171//157944171 157813098//157813098
f 134089068//134089068 157878634//157878634 158009707//158009707
f 158009343//158009343 157747204//157747204 158075239//158075239
f 157944173//157944173 157682024//157682024 158140770//158140770
f 158075246//158075246 158206311//158206311 157944172//157944172
f 158075243//158075243 158271855//158271855 158009348//158009348
f 158206316//158206316 134416752//134416752 134744432//134744432
f 158206321//158206321 158075245//158075245 158337390//158337390
f 158140786//158140786 157354338//157354338 158402907//158402907
f 158271859//158271859 158206319//158206319 158468465//158468465
f 134744436//134744436 158271856//158271856 158534003//158534003
f 158533641//158533641 158599182//158599182 158140785//158140785
f 158402926//158402926 158665077//158665077 156895602//156895602
f 156567899//156567899 158730614//158730614 158337395//158337395
f 158599537//158599537 158796151//158796151 158468468//158468468
f 158730611//158730611 158861688//158861688 158533646//158533646
f 158796148//158796148 135072121//135072121 135399801//135399801
f 158599546//158599546 158402930//158402930 158927222//158927222
f 158665083//158665083 156567894//156567894 158992721//158992721
f 158730620//158730620 158599541//158599541 159058298//159058298
f 158796157//158796157 158730615//158730615 159123836//159123836
f 158861694//158861694 158796152//158796152 159189373//159189373
f 135399807//135399807 158861689//158861689 159254910//159254910
f 159254547//159254547 159320088//159320088 158665082//158665082
f 158992758//158992758 159385984//159385984 156240251//156240251
f 155912529//155912529 159451521//159451521 158927228//158927228
f 159320442//159320442 159517058//159517058 159058301//159058301
f 159451516//159451516 159582595//159582595 159123838//159123838
f 159517053//159517053 159648132//159648132 159189375//159189375
f 159582590//159582590 159713669//159713669 159254552//159254552
f 159648127//159648127 135727494//135727494 136055174//136055174
f 136055175//136055175 136055174//136055174 136382855//136382855
f 159713672//159713672 159713669//159713669 159779208//159779208
f 159648137//159648137 159648132//159648132 159844745//159844745
f 159582602//159582602 159582595//159582595 159910282//159910282
f 159517067//159517067 159517058//159517058 159975819//159975819
f 136382860//136382860 136382855//136382855 136710540//136710540
f 159779213//159779213 159779208//159779208 160106893//160106893
f 159844750//159844750 159844745//159844745 160172430//160172430
f 159910287//159910287 159910282//159910282 160237967//160237967
f 136710544//136710544 136710540//136710540 137038224//137038224
f 160106897//160106897 160106893//160106893 160369041//160369041
f 160172434//160172434 160172430//160172430 160434578//160434578
f 137038227//137038227 137038224//137038224 137365907//137365907
f 160369044//160369044 160369041//160369041 160565652//160565652
f 137365909//137365909 137365907//137365907 137693589//137693589
f 160762250//160762250 160762255//160762255 160041354//160041354
f 160237975//160237975 160237967//160237967 160500119//160500119
f 160434584//160434584 160434578//160434578 160631192//160631192
f 160565657//160565657 160565652//160565652 160696729//160696729
f 160303514//160303514 160303510//160303510 160827802//160827802
f 160500123//160500123 160500119//160500119 160893339//160893339
f 160631196//160631196 160631192//160631192 160958876//160958876
f 160827805//160827805 160827802//160827802 161089949//161089949
f 160893342//160893342 160893339//160893339 161155486//161155486
f 161089951//161089951 161089949//161089949 161286559//161286559
f 160696736//160696736 161483161//161483161 161155481//161155481
f 161483161//161483161 161548704//161548704 161286556//161286556
f 161548700//161548700 161614241//161614241 161352094//161352094
f 161614238//161614238 160696738//160696738 161679776//161679776
f 137693604//137693604 137693589//137693589 161745316//161745316
f 137431461//137431461 137431094//137431094 137759141//137759141
f 137759142//137759142 137759141//137759141 138217894//138217894
f 138217546//138217546 161876390//161876390 161679781//161679781
f 161876389//161876389 161810854//161810854 139004328//139004328
f 161810856//161810856 139725223//139725223 161941578//161941578
f 161679785//161679785 161679776//161679776 161876393//161876393
f 162073000//162073000 140052565//140052565 162072661//162072661
f 162138535//162138535 162138536//162138536 162007463//162007463
f 161941930//161941930 161417643//161417643 162007468//162007468
f 161417644//161417644 162072993//162072993 140052909//140052909
f 140052575//140052575 162007469//162007469 162138542//162138542
f 162007470//162007470 162138540//162138540 162073007//162073007
f 162073005//162073005 162400687//162400687 162335147//162335147
f 162466209//162466209 162466220//162466220 161548705//161548705
f 162531757//162531757 140707935//140707935 162531423//162531423
f 162597295//162597295 162531757//162531757 162597293//162597293
f 162662828//162662828 162662830//162662830 162466220//162466220
f 162728366//162728366 162597295//162597295 162728367//162728367
f 162335156//162335156 161548723//161548723 162466229//162466229
f 161548725//161548725 162531747//162531747 140708278//140708278
f 140707945//140707945 162597302//162597302 162531767//162531767
f 162531766//162531766 162728375//162728375 162597304//162597304
f 162597303//162597303 162466232//162466232 162662841//162662841
f 162466233//162466233 162662837//162662837 162728378//162728378
f 162728376//162728376 163121594//163121594 163056051//163056051
f 163187126//163187126 141363305//141363305 163186793//163186793
f 163252663//163252663 163187126//163187126 163252662//163252662
f 163318200//163318200 163252663//163252663 163318199//163318199
f 163383738//163383738 163318200//163318200 163383736//163383736
f 163449273//163449273 163383738//163383738 163449274//163449274
f 163514805//163514805 163449273//163449273 163514809//163514809
f 163580347//163580347 141690990//141690990 163580014//163580014
f 163645884//163645884 163580347//163580347 163645883//163645883
f 163711421//163711421 163645884//163645884 163711420//163711420
f 163776958//163776958 163711421//163711421 163776957//163776957
f 163842495//163842495 163776958//163776958 163842494//163842494
f 163908033//163908033 142018675//142018675 163907699//163907699
f 163973570//163973570 163908033//163908033 163973569//163973569
f 164039107//164039107 163973570//163973570 164039106//164039106
f 164104644//164104644 164039107//164039107 164104643//164104643
f 164170182//164170182 142346360//142346360 164169848//164169848
f 164235719//164235719 164170182//164170182 164235718//164235718
f 164301256//164301256 164235719//164235719 164301255//164301255
f 164366794//164366794 142674045//142674045 164366461//164366461
f 164432331//164432331 164366794//164366794 164432330//164432330
f 164497869//164497869 143001730//143001730 164497538//164497538
f 163776969//163776969 163842512//163842512 163776976//163776976
f 164628937//164628937 164301256//164301256 164628936//164628936
f 164694476//164694476 164432331//164432331 164694475//164694475
f 164760014//164760014 164497869//164497869 164760013//164760013
f 164825551//164825551 143329415//143329415 164825223//164825223
f 164891088//164891088 164628937//164628937 164891081//164891081
f 164956625//164956625 164694476//164694476 164956620//164956620
f 165022162//165022162 164760014//164760014 165022158//165022158
f 165087699//165087699 164825551//164825551 165087695//165087695
f 165153236//165153236 143657100//143657100 165152908//165152908
f 165218773//165218773 164956625//164956625 165218769//165218769
f 165284310//165284310 165022162//165022162 165284306//165284306
f 165349847//165349847 165087699//165087699 165349843//165349843
f 165415384//165415384 165153236//165153236 165415380//165415380
f 165480921//165480921 143984785//143984785 165480593//165480593
f 165546458//165546458 165284310//165284310 165546454//165546454
f 165611995//165611995 165349847//165349847 165611991//165611991
f 165677532//165677532 165415384//165415384 165677528//165677528
f 165743069//165743069 165480921//165480921 165743065//165743065
f 165808606//165808606 144312470//144312470 165808278//165808278
f 147458531//147458531 165808283//165808283 165874142//165874142
f 165874146//165874146 147458526//147458526 165939683//165939683
f 165939684//165939684 165939683//165939683 147458252//147458252
f 165415394//165415394 165677542//165677542 165415398//165415398
f 165349857//165349857 165612007//165612007 165349863//165349863
f 165743076//165743076 166005224//166005224 165743080//165743080
f 165939404//165939404 166201833//166201833 147523789//147523789
f 166201549//166201549 165939413//165939413 166267364//166267364
f 166201834//166201834 166136293//166136293 165874154//165874154
f 148113899//148113899 166201833//166201833 166332906//166332906
f 166332629//166332629 156829920//156829920 166332640//166332640
f 166332908//166332908 166267370//166267370 166398440//166398440
f 166398443//166398443 166136154//166136154 166463974//166463974
f 166398445//166398445 166529512//166529512 166398298//166398298
f 166463980//166463980 156830190//156830190 156502510//156502510
f 166463983//166463983 166005222//166005222 166595041//166595041
f 166595047//166595047 166660577//166660577 166529365//166529365
f 166660437//166660437 166725968//166725968 166463982//166463982
f 166595053//166595053 166529521//166529521 166660593//166660593
f 166070767//166070767 166791666//166791666 166595057//166595057
f 156174835//156174835 156174832//156174832 155847155//155847155
f 166660596//166660596 166726129//166726129 166922738//166922738
f 166922736//166922736 166988275//166988275 166070770//166070770
f 165612007//165612007 167053813//167053813 166857035//166857035
f 167053643//167053643 167119174//167119174 166922739//166922739
f 167119347//167119347 167184886//167184886 166791668//166791668
f 166988274//166988274 166922744//166922744 167119352//167119352
f 166988281//166988281 165612000//165612000 167250395//167250395
f 167250399//167250399 167315931//167315931 167053638//167053638
f 167315782//167315782 167381313//167381313 166988280//166988280
f 167250421//167250421 167447035//167447035 167119350//167119350
f 167447030//167447030 167512570//167512570 167184887//167184887
f 167381496//167381496 167119357//167119357 167447037//167447037
f 165546489//165546489 167578110//167578110 167250427//167250427
f 155191807//155191807 155191802//155191802 154864127//154864127
f 167512576//167512576 167381499//167381499 167709182//167709182
f 167315969//167315969 167315964//167315964 167643649//167643649
f 167447042//167447042 167512573//167512573 167840256//167840256
f 167840252//167840252 167905793//167905793 165546494//165546494
f 165218783//165218783 167971331//167971331 167643452//167643452
f 167971132//167971132 168036663//168036663 167578112//167578112
f 167905790//167905790 168102405//168102405 167709186//167709186
f 168036864//168036864 168167942//168167942 167774719//167774719
f 168167935//168167935 168233476//168233476 167840257//167840257
f 168102402//168102402 167774728//167774728 168167944//168167944
f 167905801//167905801 165218778//165218778 168298965//168298965
f 154536458//154536458 154536452//154536452 154208778//154208778
f 168036875//168036875 167905795//167905795 168430089//168430089
f 168102412//168102412 168036869//168036869 168495627//168495627
f 168233485//168233485 168102406//168102406 168561164//168561164
f 167971342//167971342 167971335//167971335 168364558//168364558
f 168167951//168167951 168233480//168233480 168692237//168692237
f 168692231//168692231 168757774//168757774 164891145//164891145
f 164563413//164563413 168823312//168823312 168299019//168299019
f 168757769//168757769 168888849//168888849 168430092//168430092
f 168823307//168823307 168954386//168954386 168495629//168495629
f 168888844//168888844 169019923//169019923 168561167//168561167
f 168954381//168954381 169085460//169085460 168692238//168692238
f 169019919//169019919 169150997//169150997 164563472//164563472
f 163842512//163842512 169216534//169216534 168757777//168757777
f 169150992//169150992 169282071//169282071 168823314//168823314
f 169216529//169216529 169347608//169347608 168888851//168888851
f 169282066//169282066 169413145//169413145 168954388//168954388
f 169347603//169347603 169478682//169478682 163842582//163842582
f 163449285//163449285 163514907//163514907 163449371//163449371
f 169216540//169216540 169150998//169150998 169544219//169544219
f 169282077//169282077 169216535//169216535 169609756//169609756
f 169347614//169347614 169282072//169282072 169675293//169675293
f 163514907//163514907 169740831//169740831 169478684//169478684
f 169609760//169609760 169544220//169544220 169806367//169806367
f 169740833//169740833 163514816//163514816 169871797//169871797
f 169871779//169871779 169740725//169740725 169937441//169937441
f 169806370//169806370 169871903//169871903 170002851//170002851
f 169937443//169937443 161352225//161352225 161614371//161614371
f 169806365//169806365 170068516//170068516 169609758//169609758
f 169675289//169675289 170134053//170134053 169347610//169347610
f 169937440//169937440 170199590//170199590 169806372//169806372
f 161352227//161352227 161221159//161221159 161352231//161352231
f 170002978//170002978 170330664//170330664 169937446//169937446
f 170330663//170330663 169675299//169675299 170396196//170396196
f 170134057//170134057 170265118//170265118 170461597//170461597
f 170461594//170461594 170068381//170068381 170527270//170527270
f 170396203//170396203 170199588//170199588 170592808//170592808
f 170527276//170527276 170330662//170330662 170658343//170658343
f 170658346//170658346 170658343//170658343 170330668//170330668
f 161024554//161024554 160762414//160762414 161024558//161024558
f 170461741//170461741 170723887//170723887 170461743//170461743
f 170658348//170658348 170789424//170789424 170658352//170658352
f 170592811//170592811 170854961//170854961 170592817//170592817
f 170527273//170527273 170920498//170920498 170527282//170527282
f 160762414//160762414 160041523//160041523 160762419//160762419
f 170723887//170723887 171051572//171051572 170723892//170723892
f 170789424//170789424 171117109//171117109 170789429//170789429
f 170854961//170854961 171182646//171182646 170854966//170854966
f 160041523//160041523 159451703//159451703 160041527//160041527
f 159451703//159451703 171116928//171116928 171379251//171379251
f 171379255//171379255 159320627//159320627 171313721//171313721
f 171313720//171313720 171444793//171444793 158992768//158992768
f 159385979//159385979 171182649//171182649 171510324//171510324
f 171510328//171510328 171444788//171444788 171379259//171379259
f 171444795//171444795 171510145//171510145 171575864//171575864
f 171641402//171641402 171248181//171248181 171641397//171641397
f 171706753//171706753 171706939//171706939 155912577//155912577
f 155584844//155584844 171575869//171575869 171510334//171510334
f 171575870//171575870 171641405//171641405 171772474//171772474
f 171706943//171706943 171706695//171706695 171772479//171772479
f 155257159//155257159 171772479//171772479 171641408//171641408
f 171772480//171772480 171969087//171969087 155257407//155257407
f 171969087//171969087 155257408//155257408 171968829//171968829
f 172034620//172034620 172034614//172034614 171903548//171903548
f 171969091//171969091 154929469//154929469 172099896//172099896
f 171903556//171903556 171903553//171903553 172034628//172034628
f 172100161//172100161 172231236//172231236 172034614//172034614
f 172231222//172231222 170986033//170986033 172231217//172231217
f 172100166//172100166 154601784//154601784 172296499//172296499
f 172165703//172165703 172100163//172100163 172362310//172362310
f 172034632//172034632 172034628//172034628 172231240//172231240
f 172362308//172362308 172231240//172231240 170986057//170986057
f 172231241//172231241 172558920//172558920 154274374//154274374
f 153946419//153946419 172624458//172624458 172296775//172296775
f 172558918//172558918 172689995//172689995 172362312//172362312
f 172689992//172689992 172362313//172362313 172689995//172689995
f 170986061//170986061 170986057//170986057 170396237//170396237
f 170396197//170396197 172821069//172821069 153946698//153946698
f 153618734//153618734 172886606//172886606 172558923//172558923
f 172821066//172821066 172952143//172952143 172624460//172624460
f 172886603//172886603 173017680//173017680 172689993//172689993
f 173017673//173017673 172689997//172689997 173017680//173017680
f 173083213//173083213 173083173//173083173 173017677//173017677
f 170134042//170134042 173148754//173148754 153619022//153619022
f 153094441//153094441 153553491//153553491 153094739//153094739
f 172886612//172886612 172821070//172821070 173214291//173214291
f 153553491//153553491 173279829//173279829 173148756//173148756
f 173279533//173279533 173345064//173345064 172886608//172886608
f 173214287//173214287 173410902//173410902 172952145//172952145
f 173410897//173410897 172952146//172952146 173410902//173410902
f 173476434//173476434 173476378//173476378 173410898//173410898
f 169413140//169413140 173476440//173476440 169019925//169019925
f 173541975//173541975 173541976//173541976 173345367//173345367
f 173476373//173476373 173607513//173607513 173214294//173214294
f 173279828//173279828 173345370//173345370 173541978//173541978
f 153881173//153881173 173673051//173673051 173279834//173279834
f 173672754//173672754 173672749//173672749 168364338//168364338
f 173738585//173738585 173738517//173738517 173607513//173607513
f 173673050//173673050 168364636//168364636 173673052//173673052
f 169085454//169085454 173738588//173738588 168626698//168626698
