# oo:polySurface3 verts=3435 tris=2546
v -0.618900 0.993602 0.071553
v -0.622077 0.989410 0.070945
v -0.617725 0.993201 0.066172
v -0.617725 0.993201 0.066172
v -0.623161 0.988583 0.064386
v -0.620905 0.992273 0.061657
v 0.039691 1.496535 0.069104
v 0.047316 1.519273 0.045968
v 0.047003 1.517455 0.047157
v -0.590372 1.116509 0.057669
v -0.595777 1.107093 0.072587
v -0.579068 1.115181 0.077773
v -0.577967 1.130684 0.053222
v -0.581805 1.125541 0.034489
v -0.594061 1.111902 0.037116
v -0.603252 1.104734 0.050204
v -0.576512 1.115411 0.020089
v -0.588735 1.104170 0.021356
v -0.603011 1.098415 0.029966
v -0.575287 1.134806 0.030872
v -0.570707 1.122648 0.016775
v -0.566573 1.129294 0.071606
v -0.569627 1.140538 0.049190
v -0.551054 1.122377 0.083322
v -0.558384 1.139459 0.067795
v -0.562381 1.107461 0.092106
v -0.541394 1.101769 0.094556
v -0.582855 1.102881 0.091340
v -0.576395 1.092317 0.016452
v -0.565284 1.103376 0.014974
v -0.563375 1.130335 0.012957
v -0.566723 1.143268 0.025486
v -0.557277 1.111589 0.015463
v -0.588816 1.080777 0.020140
v -0.567933 1.084687 0.022540
v -0.556023 1.095344 0.019924
v -0.599440 1.090491 0.021263
v -0.601385 1.070223 0.026886
v -0.611289 1.078281 0.025877
v -0.581828 1.074872 0.027518
v -0.617298 1.083983 0.035230
v -0.594061 1.111902 0.037116
v -0.549973 1.092332 0.028710
v -0.545602 1.103466 0.023801
v -0.563984 1.081401 0.033807
v -0.610733 1.060579 0.028444
v -0.596673 1.066333 0.034018
v -0.619056 1.068097 0.027908
v -0.579176 1.073660 0.036772
v -0.618052 1.085333 0.045341
v -0.625142 1.071992 0.037439
v -0.631145 1.041806 0.030285
v -0.621894 1.041738 0.030864
v -0.635242 1.041873 0.039127
v -0.606710 1.055724 0.036296
v -0.618186 1.041558 0.037847
v -0.611848 1.058096 0.046076
v -0.620922 1.041234 0.045679
v -0.629890 1.041256 0.047795
v -0.622375 1.066917 0.047070
v -0.622375 1.066917 0.047070
v -0.629890 1.041256 0.047795
v -0.594299 1.064525 0.042549
v -0.627963 1.075040 0.059441
v -0.627415 1.061495 0.050515
v -0.630237 1.065247 0.061739
v -0.577399 1.074902 0.045669
v -0.617843 1.053041 0.049526
v -0.627415 1.061495 0.050515
v -0.592705 1.063959 0.052417
v -0.606149 1.054013 0.057163
v -0.612394 1.050124 0.058155
v -0.614669 1.058537 0.068726
v -0.614458 1.053246 0.068113
v -0.623831 1.061273 0.070939
v -0.623458 1.067545 0.069936
v -0.628284 1.060140 0.074944
v -0.618438 1.052047 0.072072
v -0.610261 1.050076 0.079080
v -0.591944 1.063971 0.061658
v -0.575715 1.077491 0.054973
v -0.604580 1.056581 0.076205
v -0.604198 1.059361 0.086933
v -0.611208 1.053571 0.089410
v -0.619738 1.061471 0.094027
v -0.614779 1.071810 0.091791
v -0.611756 1.072806 0.091886
v -0.559364 1.083727 0.049860
v -0.572826 1.077784 0.063118
v -0.589544 1.064600 0.070246
v -0.602179 1.061619 0.089844
v -0.616515 1.066596 0.094690
v -0.605494 1.058033 0.091783
v -0.596857 1.055865 0.098527
v -0.587582 1.063572 0.081092
v -0.589939 1.059828 0.095441
v -0.596062 1.059532 0.107730
v -0.588654 1.065580 0.104685
v -0.576939 1.071981 0.098669
v -0.569091 1.074392 0.074607
v -0.580813 1.067803 0.088511
v -0.559424 1.069146 0.084872
v -0.568808 1.076216 0.099736
v -0.546669 1.076306 0.063170
v -0.540223 1.068589 0.087080
v -0.530775 1.079836 0.074295
v -0.540378 1.056262 0.089167
v -0.532987 1.089693 0.051771
v -0.524614 1.093444 0.063475
v -0.526016 1.104046 0.052196
v -0.554789 1.058731 0.086173
v -0.544531 1.093463 0.041749
v -0.536896 1.103386 0.038383
v -0.529499 1.110126 0.035110
v -0.522704 1.113725 0.049905
v -0.539170 1.110834 0.020709
v -0.519815 1.118821 0.030767
v -0.515016 1.121781 0.047098
v -0.551863 1.117249 0.012365
v -0.529416 1.118437 0.015404
v -0.502648 1.129166 0.023603
v -0.497722 1.132108 0.040960
v -0.542333 1.125013 0.005770
v -0.551765 1.138638 0.007089
v -0.511861 1.130218 0.006854
v -0.523680 1.138224 -0.004663
v -0.480123 1.139777 0.015672
v -0.476362 1.145073 0.034596
v -0.554310 1.152024 0.017399
v -0.489437 1.140941 -0.003569
v -0.456376 1.148742 0.007606
v -0.452089 1.157907 0.028639
v -0.466468 1.149519 -0.013929
v -0.435185 1.158045 -0.002064
v -0.426924 1.171112 0.021540
v -0.405164 1.174580 0.007330
v -0.501494 1.151114 -0.016380
v -0.479760 1.162125 -0.028764
v -0.444261 1.159597 -0.025363
v -0.412241 1.168498 -0.012944
v -0.384537 1.186561 0.001533
v -0.386439 1.184886 -0.022736
v -0.366643 1.199052 -0.002662
v -0.418995 1.172137 -0.035644
v -0.368425 1.200981 -0.029247
v -0.356784 1.208874 -0.004799
v -0.454534 1.177065 -0.043387
v -0.391660 1.187512 -0.047403
v -0.356765 1.209751 -0.031808
v -0.348200 1.217830 -0.006416
v -0.427176 1.183974 -0.051288
v -0.371291 1.204508 -0.053778
v -0.347381 1.218691 -0.033176
v -0.336362 1.229752 -0.008398
v -0.402936 1.201499 -0.063293
v -0.439496 1.197202 -0.058909
v -0.470710 1.197556 -0.042912
v -0.362465 1.217812 -0.054342
v -0.333077 1.230664 -0.033430
v -0.321902 1.240952 -0.010286
v -0.385592 1.220994 -0.066819
v -0.418814 1.217358 -0.075163
v -0.354558 1.228576 -0.056053
v -0.315313 1.241233 -0.032642
v -0.301817 1.250836 -0.010331
v -0.374425 1.228605 -0.074943
v -0.337950 1.239559 -0.058672
v -0.452427 1.215545 -0.055593
v -0.401968 1.236442 -0.085258
v -0.363851 1.239632 -0.079232
v -0.292791 1.249611 -0.030297
v -0.284501 1.258499 -0.009410
v -0.276773 1.260921 -0.031330
v -0.266020 1.269791 -0.009700
v -0.259080 1.271721 -0.032179
v -0.295393 1.260451 -0.055361
v -0.276689 1.267178 -0.058595
v -0.286798 1.285967 -0.082966
v -0.318570 1.251066 -0.058038
v -0.306199 1.275379 -0.081815
v -0.298729 1.305992 -0.092381
v -0.349047 1.253254 -0.083917
v -0.317425 1.291481 -0.094177
v -0.317529 1.324363 -0.097537
v -0.329906 1.270047 -0.087174
v -0.379063 1.263832 -0.092770
v -0.365095 1.275811 -0.094370
v -0.350851 1.290040 -0.093188
v -0.333639 1.306830 -0.093311
v -0.347289 1.317151 -0.084148
v -0.338860 1.335322 -0.074126
v -0.364744 1.316794 -0.057201
v -0.340450 1.340980 -0.038027
v -0.363971 1.306398 -0.077664
v -0.381152 1.291809 -0.072717
v -0.391466 1.251815 -0.091653
v -0.365082 1.321655 -0.036549
v -0.335619 1.333642 -0.010677
v -0.388995 1.303713 -0.055366
v -0.394906 1.281232 -0.072987
v -0.403758 1.272486 -0.072515
v -0.414639 1.260021 -0.071872
v -0.387854 1.306763 -0.034106
v -0.359751 1.312649 -0.013539
v -0.407569 1.289164 -0.059794
v -0.352393 1.297992 0.011599
v -0.324042 1.320354 0.016775
v -0.384621 1.295178 -0.010061
v -0.409322 1.296454 -0.033377
v -0.425647 1.277007 -0.057387
v -0.337959 1.276332 0.031477
v -0.304161 1.300921 0.036998
v -0.318205 1.259806 0.028888
v -0.283332 1.283313 0.030752
v -0.302178 1.255956 0.007950
v -0.268175 1.277868 0.008137
v -0.284501 1.258499 -0.009410
v -0.266020 1.269791 -0.009700
v -0.301817 1.250836 -0.010331
v -0.321902 1.240952 -0.010286
v -0.330391 1.240384 0.008025
v -0.336362 1.229752 -0.008398
v -0.347572 1.242537 0.020944
v -0.345028 1.234107 0.006845
v -0.348200 1.217830 -0.006416
v -0.354273 1.225300 0.011747
v -0.356784 1.208874 -0.004799
v -0.363058 1.260101 0.021074
v -0.365983 1.237830 0.018087
v -0.361386 1.218114 0.014461
v -0.366643 1.199052 -0.002662
v -0.370186 1.209815 0.018902
v -0.384537 1.186561 0.001533
v -0.373279 1.232413 0.020165
v -0.373540 1.278750 0.006615
v -0.377152 1.253572 0.016245
v -0.386013 1.269333 0.010812
v -0.395936 1.278916 0.007949
v -0.392489 1.264034 0.018414
v -0.386157 1.248687 0.018371
v -0.404010 1.291294 -0.007849
v -0.428159 1.282882 -0.032038
v -0.423182 1.280355 -0.002486
v -0.413020 1.269904 0.016527
v -0.403066 1.256577 0.025608
v -0.393676 1.241313 0.026350
v -0.441337 1.256073 -0.051851
v -0.447558 1.267563 -0.028184
v -0.442308 1.267663 0.002430
v -0.430361 1.258529 0.022055
v -0.432649 1.238404 -0.069037
v -0.461901 1.234757 -0.044420
v -0.465279 1.248020 -0.020427
v -0.479817 1.216041 -0.032972
v -0.417279 1.245948 0.032332
v -0.448525 1.245154 0.026529
v -0.434214 1.233527 0.037004
v -0.405367 1.230309 0.034414
v -0.460985 1.251908 0.007480
v -0.382221 1.225690 0.024636
v -0.386030 1.198215 0.023402
v -0.395522 1.215004 0.031002
v -0.404707 1.184655 0.023292
v -0.405164 1.174580 0.007330
v -0.426924 1.171112 0.021540
v -0.421607 1.216831 0.039154
v -0.412470 1.200367 0.033418
v -0.433932 1.186809 0.038458
v -0.452089 1.157907 0.028639
v -0.442203 1.202719 0.043094
v -0.454786 1.218107 0.040982
v -0.465004 1.186998 0.048443
v -0.456746 1.172115 0.041502
v -0.468637 1.228216 0.029682
v -0.480223 1.157110 0.047210
v -0.476362 1.145073 0.034596
v -0.477865 1.201793 0.045305
v -0.487979 1.171112 0.053524
v -0.479152 1.232432 0.011074
v -0.500231 1.142999 0.053615
v -0.497722 1.132108 0.040960
v -0.515016 1.121781 0.047098
v -0.490963 1.211225 0.032435
v -0.483919 1.229048 -0.013439
v -0.507085 1.156673 0.059839
v -0.499938 1.185509 0.050323
v -0.499764 1.213630 0.013576
v -0.498455 1.199359 -0.021624
v -0.518434 1.169863 0.055227
v -0.511449 1.193915 0.035439
v -0.522802 1.144586 0.066856
v -0.500986 1.209176 -0.006640
v -0.516843 1.193387 0.016365
v -0.528242 1.175307 0.039887
v -0.491308 1.181300 -0.030127
v -0.512291 1.167620 -0.016756
v -0.515976 1.187709 -0.005585
v -0.533384 1.152571 -0.003505
v -0.537033 1.166481 0.007053
v -0.534364 1.174103 0.023214
v -0.549669 1.160278 0.031533
v -0.543872 1.161868 0.045033
v -0.558380 1.151230 0.043638
v -0.548732 1.148080 0.063968
v -0.535316 1.157340 0.060607
v -0.533511 1.136427 0.071708
v -0.539593 1.127934 0.077576
v -0.523563 1.123269 0.064008
v -0.537017 1.114794 0.085139
v -0.525227 1.115797 0.068090
v -0.515996 1.131371 0.060346
v -0.522704 1.113725 0.049905
v -0.526016 1.104046 0.052196
v -0.524614 1.093444 0.063475
v -0.525566 1.104510 0.076829
v -0.529252 1.091083 0.087835
v -0.530775 1.079836 0.074295
v -0.535722 1.078288 0.098670
v -0.540223 1.068589 0.087080
v -0.537229 1.063717 0.099916
v -0.540378 1.056262 0.089167
v -0.543325 1.050842 0.107932
v -0.545000 1.044299 0.097380
v -0.547312 1.038243 0.102453
v -0.545768 1.043652 0.112623
v -0.556877 1.050416 0.115974
v -0.546587 1.088726 0.104912
v -0.553743 1.075618 0.111169
v -0.562112 1.090142 0.102594
v -0.553404 1.057475 0.111826
v -0.564988 1.076457 0.106863
v -0.564027 1.057511 0.106351
v -0.566831 1.050604 0.109469
v -0.574175 1.093704 0.099206
v -0.568808 1.076216 0.099736
v -0.587502 1.084097 0.103805
v -0.576939 1.071981 0.098669
v -0.588654 1.065580 0.104685
v -0.598652 1.090959 0.098669
v -0.579068 1.115181 0.077773
v -0.596665 1.075541 0.108786
v -0.596062 1.059532 0.107730
v -0.604019 1.067036 0.112101
v -0.608404 1.081071 0.103541
v -0.614105 1.070773 0.105859
v -0.607538 1.087466 0.089792
v -0.611756 1.072806 0.091886
v -0.616515 1.066596 0.094690
v -0.614779 1.071810 0.091791
v -0.613042 1.090798 0.079131
v -0.595777 1.107093 0.072587
v -0.590372 1.116509 0.057669
v -0.624157 1.077216 0.083423
v -0.616766 1.088567 0.067855
v -0.628506 1.065107 0.086292
v -0.619738 1.061471 0.094027
v -0.623458 1.067545 0.069936
v -0.628284 1.060140 0.074944
v -0.618996 1.088330 0.056287
v -0.603252 1.104734 0.050204
v -0.623831 1.061273 0.070939
v -0.547312 1.038243 0.102453
v -0.558342 1.022354 0.121786
v -0.557996 1.018962 0.116392
v -0.545768 1.043652 0.112623
v -0.565513 1.026282 0.124159
v -0.556877 1.050416 0.115974
v -0.566831 1.050604 0.109469
v -0.572039 1.026858 0.121239
v -0.564624 1.018941 0.113049
v -0.547312 1.038243 0.102453
v -0.557996 1.018962 0.116392
v -0.557644 1.038968 0.097738
v -0.571789 1.022888 0.115601
v -0.565987 1.044412 0.100721
v -0.572039 1.026858 0.121239
v -0.566831 1.050604 0.109469
v -0.563529 1.017400 0.120488
v -0.565513 1.026282 0.124159
v -0.572039 1.026858 0.121239
v -0.558342 1.022354 0.121786
v -0.557996 1.018962 0.116392
v -0.572039 1.026858 0.121239
v -0.571789 1.022888 0.115601
v -0.564624 1.018941 0.113049
v -0.563529 1.017400 0.120488
v -0.557996 1.018962 0.116392
v -0.606825 1.042676 0.106828
v -0.606831 1.045777 0.115964
v -0.602856 1.036296 0.115546
v -0.601407 1.036275 0.107037
v -0.605962 1.031819 0.100617
v -0.615180 1.042194 0.100575
v -0.613794 1.025461 0.101932
v -0.625555 1.045144 0.102380
v -0.613794 1.025461 0.101932
v -0.625327 1.048516 0.113457
v -0.625555 1.045144 0.102380
v -0.615416 1.025287 0.113062
v -0.609264 1.031405 0.119709
v -0.615502 1.048715 0.120801
v -0.602856 1.036296 0.115546
v -0.606831 1.045777 0.115964
v -0.591659 1.029580 0.107127
v -0.602856 1.036296 0.115546
v -0.592030 1.028304 0.114773
v -0.601407 1.036275 0.107037
v -0.594797 1.024938 0.101320
v -0.605962 1.031819 0.100617
v -0.599043 1.016872 0.102628
v -0.613794 1.025461 0.101932
v -0.589643 1.019321 0.103097
v -0.588825 1.014117 0.105455
v -0.599043 1.016872 0.102628
v -0.594797 1.024938 0.101320
v -0.587208 1.021995 0.108027
v -0.591659 1.029580 0.107127
v -0.592030 1.028304 0.114773
v -0.587756 1.021128 0.113931
v -0.588992 1.012430 0.109542
v -0.588825 1.014117 0.105455
v -0.587762 1.015248 0.112804
v -0.588825 1.014117 0.105455
v -0.598736 1.015811 0.111340
v -0.599043 1.016872 0.102628
v -0.588992 1.012430 0.109542
v -0.587762 1.015248 0.112804
v -0.595595 1.021557 0.117692
v -0.587756 1.021128 0.113931
v -0.592030 1.028304 0.114773
v -0.616515 1.066596 0.094690
v -0.615180 1.042194 0.100575
v -0.625555 1.045144 0.102380
v -0.605494 1.058033 0.091783
v -0.606825 1.042676 0.106828
v -0.596857 1.055865 0.098527
v -0.596062 1.059532 0.107730
v -0.606831 1.045777 0.115964
v -0.616515 1.066596 0.094690
v -0.625555 1.045144 0.102380
v -0.625327 1.048516 0.113457
v -0.614105 1.070773 0.105859
v -0.615502 1.048715 0.120801
v -0.604019 1.067036 0.112101
v -0.606831 1.045777 0.115964
v -0.596062 1.059532 0.107730
v -0.617843 1.053041 0.049526
v -0.637183 1.032588 0.054360
v -0.627415 1.061495 0.050515
v -0.626762 1.032153 0.054447
v -0.612394 1.050124 0.058155
v -0.621781 1.032782 0.061739
v -0.614458 1.053246 0.068113
v -0.624235 1.034188 0.070089
v -0.633699 1.035226 0.074054
v -0.623831 1.061273 0.070939
v -0.627415 1.061495 0.050515
v -0.637183 1.032588 0.054360
v -0.641424 1.034427 0.064912
v -0.630237 1.065247 0.061739
v -0.633699 1.035226 0.074054
v -0.623831 1.061273 0.070939
v -0.620054 1.030407 0.045650
v -0.629890 1.041256 0.047795
v -0.628210 1.027867 0.046963
v -0.620922 1.041234 0.045679
v -0.616209 1.031577 0.038351
v -0.618186 1.041558 0.037847
v -0.619951 1.031172 0.031385
v -0.621894 1.041738 0.030864
v -0.631145 1.041806 0.030285
v -0.628206 1.028900 0.030700
v -0.635242 1.041873 0.039127
v -0.632799 1.027206 0.038692
v -0.629890 1.041256 0.047795
v -0.628210 1.027867 0.046963
v -0.613379 1.012314 0.043486
v -0.628210 1.027867 0.046963
v -0.617879 1.010264 0.043413
v -0.620054 1.030407 0.045650
v -0.611105 1.013214 0.038839
v -0.616209 1.031577 0.038351
v -0.613226 1.012442 0.033992
v -0.619951 1.031172 0.031385
v -0.628206 1.028900 0.030700
v -0.617517 1.010542 0.033475
v -0.632799 1.027206 0.038692
v -0.619973 1.009108 0.038363
v -0.617879 1.010264 0.043413
v -0.628210 1.027867 0.046963
v -0.613379 1.012314 0.043486
v -0.617879 1.010264 0.043413
v -0.619973 1.009108 0.038363
v -0.611105 1.013214 0.038839
v -0.613226 1.012442 0.033992
v -0.617517 1.010542 0.033475
v -0.625741 0.998613 0.088505
v -0.633958 0.997562 0.090640
v -0.638233 1.030446 0.082321
v -0.628189 1.029054 0.080914
v -0.620904 1.030375 0.087819
v -0.619755 1.000297 0.094224
v -0.621040 1.001617 0.102635
v -0.622206 1.033157 0.096812
v -0.632116 1.035129 0.101189
v -0.629205 1.001404 0.106723
v -0.635835 0.998972 0.100142
v -0.638233 1.030446 0.082321
v -0.633958 0.997562 0.090640
v -0.640143 1.033518 0.093163
v -0.629205 1.001404 0.106723
v -0.632116 1.035129 0.101189
v -0.627186 0.983595 0.094880
v -0.631544 0.983954 0.096281
v -0.633958 0.997562 0.090640
v -0.625741 0.998613 0.088505
v -0.623878 0.984161 0.099329
v -0.619755 1.000297 0.094224
v -0.631544 0.983954 0.096281
v -0.621040 1.001617 0.102635
v -0.632715 0.984472 0.102243
v -0.624287 0.985459 0.104940
v -0.628694 0.985938 0.106932
v -0.629205 1.001404 0.106723
v -0.628694 0.985938 0.106932
v -0.631544 0.983954 0.096281
v -0.635835 0.998972 0.100142
v -0.633958 0.997562 0.090640
v -0.632715 0.984472 0.102243
v -0.628694 0.985938 0.106932
v -0.629205 1.001404 0.106723
v -0.618438 1.052047 0.072072
v -0.638233 1.030446 0.082321
v -0.628284 1.060140 0.074944
v -0.628189 1.029054 0.080914
v -0.620904 1.030375 0.087819
v -0.610261 1.050076 0.079080
v -0.611208 1.053571 0.089410
v -0.622206 1.033157 0.096812
v -0.632116 1.035129 0.101189
v -0.619738 1.061471 0.094027
v -0.628284 1.060140 0.074944
v -0.638233 1.030446 0.082321
v -0.640143 1.033518 0.093163
v -0.628506 1.065107 0.086292
v -0.632116 1.035129 0.101189
v -0.619738 1.061471 0.094027
v -0.564988 1.076457 0.106863
v -0.562112 1.090142 0.102594
v -0.561917 1.063340 0.093522
v -0.564027 1.057511 0.106351
v -0.565161 1.051173 0.096783
v -0.566831 1.050604 0.109469
v -0.565987 1.044412 0.100721
v -0.556358 1.044946 0.092083
v -0.557644 1.038968 0.097738
v -0.545000 1.044299 0.097380
v -0.547312 1.038243 0.102453
v -0.623161 0.988583 0.064386
v -0.617725 0.993201 0.066172
v -0.624472 0.988101 0.068103
v -0.622077 0.989410 0.070945
v -0.598736 1.015811 0.111340
v -0.613794 1.025461 0.101932
v -0.599043 1.016872 0.102628
v -0.615416 1.025287 0.113062
v -0.595595 1.021557 0.117692
v -0.609264 1.031405 0.119709
v -0.592030 1.028304 0.114773
v -0.602856 1.036296 0.115546
v -0.625409 1.008567 0.058486
v -0.623161 0.988583 0.064386
v -0.633197 1.006199 0.059257
v -0.620905 0.992273 0.061657
v -0.620808 1.010374 0.063800
v -0.617725 0.993201 0.066172
v -0.622100 1.010342 0.070881
v -0.618900 0.993602 0.071553
v -0.629553 1.007811 0.074538
v -0.622077 0.989410 0.070945
v -0.623161 0.988583 0.064386
v -0.635306 1.005691 0.067896
v -0.633197 1.006199 0.059257
v -0.624472 0.988101 0.068103
v -0.629553 1.007811 0.074538
v -0.622077 0.989410 0.070945
v -0.625409 1.008567 0.058486
v -0.633197 1.006199 0.059257
v -0.637183 1.032588 0.054360
v -0.626762 1.032153 0.054447
v -0.620808 1.010374 0.063800
v -0.621781 1.032782 0.061739
v -0.624235 1.034188 0.070089
v -0.622100 1.010342 0.070881
v -0.633699 1.035226 0.074054
v -0.629553 1.007811 0.074538
v -0.633197 1.006199 0.059257
v -0.641424 1.034427 0.064912
v -0.637183 1.032588 0.054360
v -0.635306 1.005691 0.067896
v -0.629553 1.007811 0.074538
v -0.633699 1.035226 0.074054
v 0.583567 1.029437 0.127301
v 0.578059 1.025087 0.126054
v 0.572080 1.025861 0.122383
v 0.585377 1.035522 0.125977
v 0.565697 1.031327 0.116004
v 0.583268 1.045701 0.121059
v 0.561071 1.037711 0.111227
v 0.579801 1.053368 0.116985
v 0.576409 1.058151 0.114270
v 0.558077 1.043341 0.109021
v 0.554657 1.048939 0.104048
v 0.572549 1.064585 0.111272
v 0.547988 1.060039 0.096032
v 0.564988 1.076457 0.106863
v 0.568808 1.076216 0.099736
v 0.562112 1.090142 0.102594
v 0.540223 1.068589 0.087080
v 0.576939 1.071981 0.098669
v 0.580813 1.067803 0.088511
v 0.589939 1.059828 0.095441
v 0.588654 1.065580 0.104685
v 0.596062 1.059532 0.107730
v 0.569091 1.074392 0.074607
v 0.530775 1.079836 0.074295
v 0.587582 1.063572 0.081092
v 0.596857 1.055865 0.098527
v 0.602179 1.061619 0.089844
v 0.604198 1.059361 0.086933
v 0.603927 1.047919 0.102397
v 0.603338 1.051458 0.111656
v 0.605494 1.058033 0.091783
v 0.610205 1.040637 0.106009
v 0.609711 1.044182 0.115406
v 0.613556 1.038905 0.117171
v 0.612154 1.050150 0.095251
v 0.616515 1.066596 0.094690
v 0.611756 1.072806 0.091886
v 0.614779 1.071810 0.091791
v 0.621582 1.057784 0.097960
v 0.619738 1.061471 0.094027
v 0.618516 1.043114 0.098882
v 0.626883 1.050655 0.101194
v 0.614607 1.035988 0.108035
v 0.616589 1.032317 0.118869
v 0.622626 1.038383 0.101782
v 0.631374 1.044692 0.103587
v 0.634701 1.037285 0.105652
v 0.625500 1.032025 0.103150
v 0.638569 1.028693 0.108755
v 0.617635 1.029638 0.109470
v 0.622148 1.023788 0.121299
v 0.630018 1.023308 0.106481
v 0.622968 1.021358 0.112565
v 0.633013 1.018435 0.108899
v 0.641882 1.023164 0.110471
v 0.644240 1.017390 0.112359
v 0.626450 1.016984 0.114951
v 0.626179 1.019483 0.123208
v 0.635167 1.013387 0.110357
v 0.628495 1.012195 0.116441
v 0.628140 1.014326 0.124972
v 0.633863 1.004555 0.119664
v 0.634149 1.006809 0.127085
v 0.639531 1.005765 0.114049
v 0.647750 1.009657 0.115496
v 0.640759 0.999994 0.122791
v 0.640891 1.001994 0.128438
v 0.644299 1.000884 0.117886
v 0.650016 1.003823 0.118562
v 0.649033 1.000360 0.121146
v 0.650173 1.001467 0.125275
v 0.646837 1.001316 0.128264
v 0.649033 1.000360 0.121146
v 0.650016 1.003823 0.118562
v 0.650173 1.001467 0.125275
v 0.646837 1.001316 0.128264
v 0.645292 1.004797 0.129840
v 0.640891 1.001994 0.128438
v 0.647750 1.009657 0.115496
v 0.640785 1.010550 0.130037
v 0.634149 1.006809 0.127085
v 0.644240 1.017390 0.112359
v 0.635770 1.018197 0.128833
v 0.628140 1.014326 0.124972
v 0.641882 1.023164 0.110471
v 0.632845 1.023904 0.127490
v 0.626179 1.019483 0.123208
v 0.638569 1.028693 0.108755
v 0.628989 1.028896 0.125361
v 0.622148 1.023788 0.121299
v 0.634701 1.037285 0.105652
v 0.624232 1.037031 0.123266
v 0.616589 1.032317 0.118869
v 0.613556 1.038905 0.117171
v 0.620707 1.044623 0.122009
v 0.631374 1.044692 0.103587
v 0.616439 1.051225 0.119110
v 0.626883 1.050655 0.101194
v 0.609711 1.044182 0.115406
v 0.621582 1.057784 0.097960
v 0.610704 1.058314 0.115641
v 0.603338 1.051458 0.111656
v 0.616515 1.066596 0.094690
v 0.604019 1.067036 0.112101
v 0.596062 1.059532 0.107730
v 0.611756 1.072806 0.091886
v 0.596665 1.075541 0.108786
v 0.588654 1.065580 0.104685
v 0.607538 1.087466 0.089792
v 0.614779 1.071810 0.091791
v 0.587502 1.084097 0.103805
v 0.576939 1.071981 0.098669
v 0.568808 1.076216 0.099736
v 0.562112 1.090142 0.102594
v 0.579068 1.115181 0.077773
v 0.613042 1.090798 0.079131
v 0.624157 1.077216 0.083423
v 0.628506 1.065107 0.086292
v 0.619738 1.061471 0.094027
v 0.639805 1.047049 0.091900
v 0.631608 1.044265 0.100107
v 0.643746 1.038567 0.094270
v 0.635650 1.037346 0.102295
v 0.643413 1.011076 0.106968
v 0.628284 1.060140 0.074944
v 0.639053 1.042169 0.081079
v 0.623458 1.067545 0.069936
v 0.642998 1.035028 0.083427
v 0.650795 1.011098 0.100103
v 0.652544 0.996081 0.102554
v 0.649864 1.008935 0.090454
v 0.646511 0.996145 0.108409
v 0.651231 0.994632 0.094577
v 0.649199 0.989934 0.108038
v 0.652554 0.989040 0.097387
v 0.653478 0.989926 0.103350
v 0.649921 0.986696 0.106174
v 0.652196 0.986410 0.099456
v 0.652982 0.986898 0.103513
v 0.616766 1.088567 0.067855
v 0.590372 1.116509 0.057669
v 0.595777 1.107093 0.072587
v 0.627963 1.075040 0.059441
v 0.618996 1.088330 0.056287
v 0.630237 1.065247 0.061739
v 0.623831 1.061273 0.070939
v 0.634400 1.055921 0.063424
v 0.627824 1.052687 0.072415
v 0.637105 1.037977 0.075160
v 0.627415 1.061495 0.050515
v 0.632497 1.052552 0.052757
v 0.622375 1.066917 0.047070
v 0.644640 1.039858 0.066018
v 0.641280 1.036683 0.055467
v 0.646527 1.010516 0.060363
v 0.648682 1.010757 0.069002
v 0.646260 0.999592 0.069049
v 0.642551 1.010790 0.075644
v 0.644413 0.999515 0.061538
v 0.641068 1.000221 0.074890
v 0.643095 0.990535 0.065492
v 0.641794 0.990942 0.072051
v 0.644491 0.990528 0.069209
v 0.618052 1.085333 0.045341
v 0.594061 1.111902 0.037116
v 0.619056 1.068097 0.027908
v 0.611289 1.078281 0.025877
v 0.625137 1.057681 0.029908
v 0.625186 1.056684 0.048309
v 0.610733 1.060579 0.028444
v 0.630402 1.048857 0.030787
v 0.628822 1.047848 0.049027
v 0.634097 1.030157 0.031806
v 0.634453 1.029187 0.048070
v 0.630740 1.009118 0.044520
v 0.616826 1.051795 0.029585
v 0.630947 1.006020 0.039547
v 0.629122 1.006445 0.042915
v 0.628821 1.006445 0.036433
v 0.622095 1.043496 0.030990
v 0.625562 1.029480 0.032491
v 0.621906 1.028585 0.039457
v 0.630947 1.006020 0.039547
v 0.618398 1.041373 0.038605
v 0.612869 1.048496 0.037580
v 0.625920 1.028795 0.046756
v 0.629122 1.006445 0.042915
v 0.621008 1.042620 0.046867
v 0.634453 1.029187 0.048070
v 0.630740 1.009118 0.044520
v 0.628822 1.047848 0.049027
v 0.616003 1.050101 0.046587
v 0.625186 1.056684 0.048309
v 0.611848 1.058096 0.046076
v 0.622375 1.066917 0.047070
v 0.606710 1.055724 0.036296
v 0.617843 1.053041 0.049526
v 0.627415 1.061495 0.050515
v 0.632497 1.052552 0.052757
v 0.596673 1.066333 0.034018
v 0.594299 1.064525 0.042549
v 0.601385 1.070223 0.026886
v 0.599440 1.090491 0.021263
v 0.592705 1.063959 0.052417
v 0.579176 1.073660 0.036772
v 0.581828 1.074872 0.027518
v 0.588816 1.080777 0.020140
v 0.570707 1.122648 0.016775
v 0.606149 1.054013 0.057163
v 0.557277 1.111589 0.015463
v 0.575287 1.134806 0.030872
v 0.563375 1.130335 0.012957
v 0.569627 1.140538 0.049190
v 0.566723 1.143268 0.025486
v 0.612394 1.050124 0.058155
v 0.614669 1.058537 0.068726
v 0.591944 1.063971 0.061658
v 0.614458 1.053246 0.068113
v 0.623804 1.045587 0.051956
v 0.618036 1.042533 0.060022
v 0.631632 1.032723 0.055554
v 0.641280 1.036683 0.055467
v 0.559364 1.083727 0.049860
v 0.638397 1.010088 0.059593
v 0.646527 1.010516 0.060363
v 0.644413 0.999515 0.061538
v 0.637871 0.999904 0.060551
v 0.643095 0.990535 0.065492
v 0.644491 0.990528 0.069209
v 0.633456 1.010219 0.064906
v 0.632999 1.000214 0.065662
v 0.634119 1.000541 0.072645
v 0.641794 0.990942 0.072051
v 0.641068 1.000221 0.074890
v 0.634682 1.010630 0.071987
v 0.642551 1.010790 0.075644
v 0.637105 1.037977 0.075160
v 0.626734 1.031617 0.062845
v 0.628561 1.033775 0.071195
v 0.627824 1.052687 0.072415
v 0.619645 1.045550 0.069608
v 0.623831 1.061273 0.070939
v 0.623458 1.067545 0.069936
v 0.628284 1.060140 0.074944
v 0.618438 1.052047 0.072072
v 0.639053 1.042169 0.081079
v 0.631107 1.035232 0.080307
v 0.642998 1.035028 0.083427
v 0.610261 1.050076 0.079080
v 0.624013 1.033352 0.087228
v 0.626730 1.029056 0.088925
v 0.634029 1.030296 0.082020
v 0.641569 1.007038 0.088574
v 0.649864 1.008935 0.090454
v 0.651231 0.994632 0.094577
v 0.604580 1.056581 0.076205
v 0.611208 1.053571 0.089410
v 0.624279 1.036936 0.096056
v 0.631608 1.044265 0.100107
v 0.635650 1.037346 0.102295
v 0.589544 1.064600 0.070246
v 0.572826 1.077784 0.063118
v 0.524614 1.093444 0.063475
v 0.627006 1.032115 0.097918
v 0.635674 1.008543 0.102591
v 0.643413 1.011076 0.106968
v 0.646511 0.996145 0.108409
v 0.544531 1.093463 0.041749
v 0.635604 1.006883 0.094590
v 0.640206 0.993826 0.105063
v 0.536896 1.103386 0.038383
v 0.526016 1.104046 0.052196
v 0.549973 1.092332 0.028710
v 0.545602 1.103466 0.023801
v 0.644781 0.992925 0.092513
v 0.649921 0.986696 0.106174
v 0.649199 0.989934 0.108038
v 0.652982 0.986898 0.103513
v 0.639748 0.992379 0.097681
v 0.652196 0.986410 0.099456
v 0.652554 0.989040 0.097387
v 0.539170 1.110834 0.020709
v 0.529499 1.110126 0.035110
v 0.522704 1.113725 0.049905
v 0.519815 1.118821 0.030767
v 0.515016 1.121781 0.047098
v 0.551863 1.117249 0.012365
v 0.529416 1.118437 0.015404
v 0.502648 1.129166 0.023603
v 0.497722 1.132108 0.040960
v 0.542333 1.125013 0.005770
v 0.551765 1.138638 0.007089
v 0.511861 1.130218 0.006854
v 0.523680 1.138224 -0.004663
v 0.480123 1.139777 0.015672
v 0.476362 1.145073 0.034596
v 0.554310 1.152024 0.017399
v 0.489437 1.140941 -0.003569
v 0.456376 1.148742 0.007606
v 0.452089 1.157907 0.028639
v 0.466468 1.149519 -0.013929
v 0.435185 1.158045 -0.002064
v 0.426924 1.171112 0.021540
v 0.405164 1.174580 0.007330
v 0.501494 1.151114 -0.016380
v 0.479760 1.162125 -0.028764
v 0.444261 1.159597 -0.025363
v 0.412241 1.168498 -0.012944
v 0.384537 1.186561 0.001533
v 0.386439 1.184886 -0.022736
v 0.366643 1.199052 -0.002662
v 0.418995 1.172137 -0.035644
v 0.368425 1.200981 -0.029247
v 0.356784 1.208874 -0.004799
v 0.454534 1.177065 -0.043387
v 0.391660 1.187512 -0.047403
v 0.356765 1.209751 -0.031808
v 0.336362 1.229752 -0.008398
v 0.427176 1.183974 -0.051288
v 0.371291 1.204508 -0.053778
v 0.402936 1.201499 -0.063293
v 0.333077 1.230664 -0.033430
v 0.321902 1.240952 -0.010286
v 0.362465 1.217812 -0.054342
v 0.385592 1.220994 -0.066819
v 0.418814 1.217358 -0.075163
v 0.315313 1.241233 -0.032642
v 0.301817 1.250836 -0.010331
v 0.337950 1.239559 -0.058672
v 0.374425 1.228605 -0.074943
v 0.470710 1.197556 -0.042912
v 0.401968 1.236442 -0.085258
v 0.292791 1.249611 -0.030297
v 0.284501 1.258499 -0.009410
v 0.276773 1.260921 -0.031330
v 0.266020 1.269791 -0.009700
v 0.259080 1.271721 -0.032179
v 0.295393 1.260451 -0.055361
v 0.276689 1.267178 -0.058595
v 0.286798 1.285967 -0.082966
v 0.318570 1.251066 -0.058038
v 0.306199 1.275379 -0.081815
v 0.298729 1.305992 -0.092381
v 0.349047 1.253254 -0.083917
v 0.317425 1.291481 -0.094177
v 0.317529 1.324363 -0.097537
v 0.329906 1.270047 -0.087174
v 0.391466 1.251815 -0.091653
v 0.365095 1.275811 -0.094370
v 0.350851 1.290040 -0.093188
v 0.333639 1.306830 -0.093311
v 0.347289 1.317151 -0.084148
v 0.338860 1.335322 -0.074126
v 0.364744 1.316794 -0.057201
v 0.340450 1.340980 -0.038027
v 0.363971 1.306398 -0.077664
v 0.381152 1.291809 -0.072717
v 0.365082 1.321655 -0.036549
v 0.335619 1.333642 -0.010677
v 0.403758 1.272486 -0.072515
v 0.388995 1.303713 -0.055366
v 0.387854 1.306763 -0.034106
v 0.359751 1.312649 -0.013539
v 0.352393 1.297992 0.011599
v 0.324042 1.320354 0.016775
v 0.384621 1.295178 -0.010061
v 0.409322 1.296454 -0.033377
v 0.414639 1.260021 -0.071872
v 0.407569 1.289164 -0.059794
v 0.425647 1.277007 -0.057387
v 0.432649 1.238404 -0.069037
v 0.441337 1.256073 -0.051851
v 0.428159 1.282882 -0.032038
v 0.479817 1.216041 -0.032972
v 0.404010 1.291294 -0.007849
v 0.447558 1.267563 -0.028184
v 0.423182 1.280355 -0.002486
v 0.395936 1.278916 0.007949
v 0.373540 1.278750 0.006615
v 0.498455 1.199359 -0.021624
v 0.483919 1.229048 -0.013439
v 0.442308 1.267663 0.002430
v 0.413020 1.269904 0.016527
v 0.392489 1.264034 0.018414
v 0.363058 1.260101 0.021074
v 0.491308 1.181300 -0.030127
v 0.512291 1.167620 -0.016756
v 0.337959 1.276332 0.031477
v 0.304161 1.300921 0.036998
v 0.318205 1.259806 0.028888
v 0.283332 1.283313 0.030752
v 0.533384 1.152571 -0.003505
v 0.537033 1.166481 0.007053
v 0.515976 1.187709 -0.005585
v 0.500986 1.209176 -0.006640
v 0.516843 1.193387 0.016365
v 0.549669 1.160278 0.031533
v 0.499764 1.213630 0.013576
v 0.534364 1.174103 0.023214
v 0.558380 1.151230 0.043638
v 0.543872 1.161868 0.045033
v 0.528242 1.175307 0.039887
v 0.548732 1.148080 0.063968
v 0.479152 1.232432 0.011074
v 0.511449 1.193915 0.035439
v 0.535316 1.157340 0.060607
v 0.558384 1.139459 0.067795
v 0.539593 1.127934 0.077576
v 0.533511 1.136427 0.071708
v 0.490963 1.211225 0.032435
v 0.468637 1.228216 0.029682
v 0.518434 1.169863 0.055227
v 0.522802 1.144586 0.066856
v 0.499938 1.185509 0.050323
v 0.477865 1.201793 0.045305
v 0.430361 1.258529 0.022055
v 0.487979 1.171112 0.053524
v 0.454786 1.218107 0.040982
v 0.403066 1.256577 0.025608
v 0.523563 1.123269 0.064008
v 0.507085 1.156673 0.059839
v 0.465004 1.186998 0.048443
v 0.417279 1.245948 0.032332
v 0.386157 1.248687 0.018371
v 0.393676 1.241313 0.026350
v 0.405367 1.230309 0.034414
v 0.373279 1.232413 0.020165
v 0.442203 1.202719 0.043094
v 0.382221 1.225690 0.024636
v 0.395522 1.215004 0.031002
v 0.433932 1.186809 0.038458
v 0.456746 1.172115 0.041502
v 0.386030 1.198215 0.023402
v 0.480223 1.157110 0.047210
v 0.452089 1.157907 0.028639
v 0.426924 1.171112 0.021540
v 0.476362 1.145073 0.034596
v 0.500231 1.142999 0.053615
v 0.497722 1.132108 0.040960
v 0.515016 1.121781 0.047098
v 0.515996 1.131371 0.060346
v 0.522704 1.113725 0.049905
v 0.525227 1.115797 0.068090
v 0.526016 1.104046 0.052196
v 0.524614 1.093444 0.063475
v 0.525566 1.104510 0.076829
v 0.537017 1.114794 0.085139
v 0.541394 1.101769 0.094556
v 0.529252 1.091083 0.087835
v 0.530775 1.079836 0.074295
v 0.535722 1.078288 0.098670
v 0.540223 1.068589 0.087080
v 0.544779 1.067333 0.106874
v 0.547988 1.060039 0.096032
v 0.553004 1.055501 0.114592
v 0.554657 1.048939 0.104048
v 0.558077 1.043341 0.109021
v 0.546587 1.088726 0.104912
v 0.562381 1.107461 0.092106
v 0.553743 1.075618 0.111169
v 0.564988 1.076457 0.106863
v 0.562460 1.063404 0.117569
v 0.572549 1.064585 0.111272
v 0.567080 1.056927 0.121544
v 0.576409 1.058151 0.114270
v 0.556662 1.048784 0.119191
v 0.561003 1.043816 0.120975
v 0.561071 1.037711 0.111227
v 0.570444 1.051491 0.123572
v 0.579801 1.053368 0.116985
v 0.574387 1.044225 0.126274
v 0.583268 1.045701 0.121059
v 0.585377 1.035522 0.125977
v 0.583567 1.029437 0.127301
v 0.565687 1.037138 0.123846
v 0.565697 1.031327 0.116004
v 0.578059 1.025087 0.126054
v 0.572080 1.025861 0.122383
v 0.384537 1.186561 0.001533
v 0.405164 1.174580 0.007330
v 0.370186 1.209815 0.018902
v 0.366643 1.199052 -0.002662
v 0.361386 1.218114 0.014461
v 0.356784 1.208874 -0.004799
v 0.347572 1.242537 0.020944
v 0.345028 1.234107 0.006845
v 0.336362 1.229752 -0.008398
v 0.330391 1.240384 0.008025
v 0.321902 1.240952 -0.010286
v 0.302178 1.255956 0.007950
v 0.301817 1.250836 -0.010331
v 0.268175 1.277868 0.008137
v 0.284501 1.258499 -0.009410
v 0.266020 1.269791 -0.009700
v 0.208403 0.020404 -0.087237
v 0.182192 0.021488 -0.100375
v 0.180037 0.052359 -0.100157
v 0.206753 0.052311 -0.084115
v 0.206420 0.083053 -0.081639
v 0.178471 0.082433 -0.104298
v 0.225511 0.019406 -0.058025
v 0.179464 0.116387 -0.098024
v 0.230472 0.051979 -0.049623
v 0.244210 0.018851 -0.016341
v 0.241658 0.047657 -0.003828
v 0.262502 0.019550 0.026758
v 0.215475 0.117522 -0.090695
v 0.179256 0.150976 -0.091741
v 0.232608 0.086423 -0.037238
v 0.256461 0.043161 0.037671
v 0.268928 0.020039 0.067897
v 0.210672 0.153107 -0.085476
v 0.178618 0.187945 -0.094257
v 0.224640 0.121130 -0.047478
v 0.237072 0.071398 0.010791
v 0.261662 0.038832 0.075311
v 0.261046 0.020124 0.117841
v 0.206823 0.189129 -0.079821
v 0.182299 0.254275 -0.099704
v 0.216213 0.105547 0.003364
v 0.246632 0.060817 0.053549
v 0.224050 0.155050 -0.050337
v 0.217844 0.257095 -0.084546
v 0.181900 0.284313 -0.104434
v 0.219398 0.089004 0.031497
v 0.221451 0.132331 -0.006016
v 0.225202 0.190349 -0.049646
v 0.217289 0.160004 -0.012642
v 0.189297 0.139748 0.022419
v 0.190985 0.117739 0.029708
v 0.221458 0.288978 -0.088030
v 0.238552 0.258914 -0.047486
v 0.222000 0.325613 -0.094098
v 0.178630 0.319373 -0.112894
v 0.242166 0.293156 -0.046650
v 0.246704 0.335868 -0.044367
v 0.224462 0.257493 -0.009270
v 0.223938 0.294935 -0.004145
v 0.182386 0.249737 0.017257
v 0.227080 0.349428 0.011355
v 0.215041 0.190917 -0.015397
v 0.178980 0.290011 0.024570
v 0.170826 0.359088 0.044123
v 0.121060 0.337182 0.019296
v 0.126359 0.282110 0.008870
v 0.098593 0.317868 -0.037735
v 0.187477 0.162907 0.013530
v 0.107747 0.277656 -0.040258
v 0.130828 0.316087 -0.092502
v 0.132324 0.245133 0.004986
v 0.186869 0.189171 0.011674
v 0.150488 0.186747 -0.005050
v 0.114016 0.245511 -0.040452
v 0.152806 0.132386 0.001455
v 0.155327 0.157926 -0.006948
v 0.133431 0.184680 -0.045092
v 0.140644 0.251133 -0.084445
v 0.136963 0.281117 -0.087844
v 0.181900 0.284313 -0.104434
v 0.178630 0.319373 -0.112894
v 0.182299 0.254275 -0.099704
v 0.178618 0.187945 -0.094257
v 0.149448 0.186475 -0.081320
v 0.179256 0.150976 -0.091741
v 0.141175 0.152085 -0.046435
v 0.150380 0.150593 -0.083696
v 0.153659 0.116594 -0.081595
v 0.179464 0.116387 -0.098024
v 0.133091 0.120923 -0.042098
v 0.149786 0.082990 -0.085840
v 0.178471 0.082433 -0.104298
v 0.135923 0.086031 -0.030611
v 0.150911 0.052200 -0.087527
v 0.180037 0.052359 -0.100157
v 0.154787 0.021282 -0.087816
v 0.182192 0.021488 -0.100375
v 0.145952 0.020688 -0.045820
v 0.139742 0.050467 -0.042229
v 0.144192 0.019787 0.001440
v 0.146883 0.046074 0.007177
v 0.135261 0.019810 0.045243
v 0.155590 0.110068 0.015517
v 0.152214 0.070012 0.017738
v 0.142671 0.041422 0.053003
v 0.136536 0.020342 0.085622
v 0.164465 0.090432 0.038804
v 0.145569 0.037321 0.089716
v 0.143951 0.020005 0.134091
v 0.150632 0.058295 0.062960
v 0.193114 0.100657 0.048823
v 0.150853 0.035134 0.130792
v 0.157748 0.048093 0.151011
v 0.154649 0.048409 0.095269
v 0.174595 0.069321 0.073461
v 0.220472 0.071401 0.069858
v 0.160093 0.047830 0.131259
v 0.176764 0.058382 0.100078
v 0.196373 0.076622 0.081520
v 0.178979 0.060531 0.130714
v 0.178882 0.073420 0.157809
v 0.247807 0.049869 0.084431
v 0.198877 0.070259 0.100633
v 0.200110 0.070226 0.130427
v 0.203778 0.089209 0.160767
v 0.228253 0.073076 0.151913
v 0.225263 0.064384 0.093147
v 0.225487 0.059724 0.126872
v 0.248594 0.049724 0.135842
v 0.242798 0.043410 0.119767
v 0.255700 0.035247 0.114894
v 0.208211 0.006714 -0.090408
v 0.182406 0.006640 -0.101422
v 0.182192 0.021488 -0.100375
v 0.208403 0.020404 -0.087237
v 0.226060 0.006723 -0.059216
v 0.225511 0.019406 -0.058025
v 0.242886 0.006615 -0.017670
v 0.244210 0.018851 -0.016341
v 0.262502 0.019550 0.026758
v 0.261277 0.006473 0.026115
v 0.268928 0.020039 0.067897
v 0.268354 0.006762 0.069230
v 0.261046 0.020124 0.117841
v 0.260803 0.007384 0.121400
v 0.248536 0.045787 0.148325
v 0.248594 0.049724 0.135842
v 0.228253 0.073076 0.151913
v 0.228281 0.073425 0.164168
v 0.203778 0.089209 0.160767
v 0.205031 0.087077 0.172664
v 0.179782 0.072381 0.169161
v 0.178882 0.073420 0.157809
v 0.160140 0.048932 0.163020
v 0.157748 0.048093 0.151011
v 0.143951 0.020005 0.134091
v 0.144389 0.007820 0.137698
v 0.136158 0.007174 0.087102
v 0.136536 0.020342 0.085622
v 0.134775 0.006649 0.045173
v 0.135261 0.019810 0.045243
v 0.143671 0.006527 0.000564
v 0.144192 0.019787 0.001440
v 0.145952 0.020688 -0.045820
v 0.147238 0.006587 -0.046515
v 0.154787 0.021282 -0.087816
v 0.154740 0.006454 -0.089111
v 0.182192 0.021488 -0.100375
v 0.182406 0.006640 -0.101422
v 0.222000 0.325613 -0.094098
v 0.178630 0.319373 -0.112894
v 0.179298 0.322638 -0.121148
v 0.227539 0.329266 -0.100018
v 0.246704 0.335868 -0.044367
v 0.176712 0.347663 -0.125614
v 0.255039 0.339758 -0.044091
v 0.227080 0.349428 0.011355
v 0.227792 0.354565 -0.102697
v 0.175906 0.337896 -0.100343
v 0.214264 0.344883 -0.083485
v 0.257061 0.366962 -0.041353
v 0.236264 0.355410 -0.038089
v 0.217287 0.367990 0.012442
v 0.233515 0.352141 0.016920
v 0.232125 0.380463 0.025784
v 0.170075 0.379042 0.040484
v 0.171548 0.362957 0.050335
v 0.170826 0.359088 0.044123
v 0.169213 0.394753 0.063531
v 0.114104 0.367696 0.031864
v 0.130628 0.358315 0.017218
v 0.116351 0.339992 0.024613
v 0.121060 0.337182 0.019296
v 0.087801 0.345308 -0.037320
v 0.110930 0.336387 -0.033955
v 0.135249 0.332724 -0.082783
v 0.090856 0.320951 -0.038572
v 0.098593 0.317868 -0.037735
v 0.130828 0.316087 -0.092502
v 0.121533 0.342431 -0.101997
v 0.175906 0.337896 -0.100343
v 0.176712 0.347663 -0.125614
v 0.179298 0.322638 -0.121148
v 0.126172 0.319029 -0.098893
v 0.178630 0.319373 -0.112894
v 0.008060 0.830094 0.028231
v -0.000000 0.835078 0.191106
v -0.000000 0.831815 0.026562
v 0.024639 0.848963 0.200736
v -0.000000 0.894770 0.233696
v 0.013541 0.784990 0.031252
v 0.030499 0.898580 0.230068
v -0.000000 0.939142 0.246329
v 0.059224 0.937995 0.236535
v -0.000000 0.981471 0.257355
v 0.078900 0.987158 0.238652
v 0.124512 0.933054 0.203417
v 0.149636 1.000916 0.194369
v 0.209433 0.968463 0.128875
v 0.204842 1.016469 0.124346
v 0.114094 0.831858 0.190420
v 0.032171 0.787315 0.173839
v 0.039521 0.725885 0.154612
v 0.024536 0.721883 0.018544
v 0.224043 0.977618 0.032814
v 0.213368 1.024696 0.033374
v 0.175536 1.021707 -0.058737
v 0.115509 0.755053 0.178349
v 0.053130 0.655732 0.126317
v 0.037780 0.658107 0.005866
v 0.181612 0.973726 -0.062805
v 0.050612 1.000960 -0.130862
v 0.040107 0.911091 -0.127797
v -0.000000 0.996833 -0.131552
v -0.000000 0.908490 -0.127378
v -0.000000 0.831815 0.026562
v 0.008060 0.830094 0.028231
v 0.013541 0.784990 0.031252
v 0.040951 0.826463 -0.099996
v 0.182517 0.878919 -0.061444
v 0.051030 0.759856 -0.101041
v 0.024536 0.721883 0.018544
v 0.230909 0.884219 0.034456
v 0.215100 0.873415 0.127519
v 0.238268 0.806668 0.023616
v 0.210826 0.788950 0.119771
v 0.197429 0.805189 -0.071961
v 0.073242 0.692148 -0.097381
v 0.037780 0.658107 0.005866
v 0.233768 0.719356 0.011038
v 0.202902 0.723296 -0.078915
v 0.080801 0.628610 -0.090678
v 0.049519 0.598251 -0.000184
v 0.207354 0.698844 0.102446
v 0.205103 0.651108 -0.071231
v 0.091382 0.570556 -0.076098
v 0.058299 0.543244 -0.004034
v 0.244950 0.644693 -0.001543
v 0.224549 0.596111 -0.080302
v 0.137356 0.675038 0.144771
v 0.094104 0.520276 -0.088030
v 0.059600 0.500452 -0.007654
v 0.069913 0.459297 -0.021865
v 0.220909 0.537491 -0.076038
v 0.217199 0.625015 0.089620
v 0.147554 0.602934 0.131130
v 0.101869 0.476686 -0.097872
v 0.081410 0.418159 -0.027390
v 0.245025 0.583734 -0.007737
v 0.076889 0.590093 0.100863
v 0.049519 0.598251 -0.000184
v 0.213653 0.569304 0.059755
v 0.159728 0.546917 0.105696
v 0.094738 0.539268 0.068825
v 0.058299 0.543244 -0.004034
v 0.256523 0.539002 -0.011377
v 0.220457 0.520356 0.053462
v 0.167752 0.495982 0.090278
v 0.100399 0.491691 0.060857
v 0.059600 0.500452 -0.007654
v 0.249050 0.478482 -0.019007
v 0.231483 0.462470 0.045464
v 0.104697 0.453529 0.051380
v 0.069913 0.459297 -0.021865
v 0.081410 0.418159 -0.027390
v 0.171749 0.450803 0.074450
v 0.222554 0.430058 0.031534
v 0.230000 0.492525 -0.088186
v 0.172647 0.420093 0.068758
v 0.108670 0.413702 0.046374
v 0.246753 0.436080 -0.029104
v 0.234488 0.445418 -0.096530
v 0.226550 0.406006 -0.090738
v 0.114235 0.427319 -0.108621
v 0.085710 0.385549 -0.030740
v 0.115176 0.387219 0.029018
v 0.085710 0.385549 -0.030740
v 0.173747 0.396524 0.049812
v 0.123227 0.366010 0.022980
v 0.100753 0.366246 -0.034767
v 0.225672 0.400849 0.023134
v 0.113365 0.385061 -0.111884
v 0.122704 0.363084 -0.094495
v 0.100753 0.366246 -0.034767
v 0.104478 0.349286 -0.034075
v 0.174627 0.358068 -0.122123
v 0.127196 0.352397 0.015588
v 0.104478 0.349286 -0.034075
v 0.176435 0.358072 0.027028
v 0.176219 0.369544 0.043956
v 0.224852 0.376725 0.014208
v 0.220526 0.362772 0.001421
v 0.260438 0.402016 -0.029885
v 0.242823 0.382763 -0.038118
v 0.236828 0.362245 -0.045238
v 0.222607 0.377874 -0.090463
v 0.217291 0.354368 -0.085425
v -0.008060 0.830094 0.028231
v -0.000000 0.831815 0.026562
v -0.000000 0.835078 0.191106
v -0.024639 0.848963 0.200736
v -0.000000 0.894770 0.233696
v -0.032171 0.787315 0.173839
v -0.124512 0.933054 0.203417
v -0.013541 0.784990 0.031252
v -0.030499 0.898580 0.230068
v -0.000000 0.939142 0.246329
v -0.059224 0.937995 0.236535
v -0.000000 0.981471 0.257355
v -0.078900 0.987158 0.238652
v -0.149636 1.000916 0.194369
v -0.039521 0.725885 0.154612
v -0.024536 0.721883 0.018544
v -0.209433 0.968463 0.128875
v -0.204842 1.016469 0.124346
v -0.224043 0.977618 0.032814
v -0.213368 1.024696 0.033374
v -0.151116 1.012368 -0.065610
v -0.215100 0.873415 0.127519
v -0.114094 0.831858 0.190420
v -0.115509 0.755053 0.178349
v -0.053130 0.655732 0.126317
v -0.037780 0.658107 0.005866
v -0.151680 0.956679 -0.071773
v -0.050612 1.000960 -0.130862
v -0.210826 0.788950 0.119771
v -0.137356 0.675038 0.144771
v -0.076889 0.590093 0.100863
v -0.049519 0.598251 -0.000184
v -0.040107 0.911091 -0.127797
v -0.000000 0.996833 -0.131552
v -0.000000 0.908490 -0.127378
v -0.000000 0.831815 0.026562
v -0.008060 0.830094 0.028231
v -0.040951 0.826463 -0.099996
v -0.013541 0.784990 0.031252
v -0.207354 0.698844 0.102446
v -0.094738 0.539268 0.068825
v -0.058299 0.543244 -0.004034
v -0.153272 0.855382 -0.062100
v -0.051030 0.759856 -0.101041
v -0.024536 0.721883 0.018544
v -0.230909 0.884219 0.034456
v -0.160518 0.787119 -0.063621
v -0.238268 0.806668 0.023616
v -0.073242 0.692148 -0.097381
v -0.037780 0.658107 0.005866
v -0.176602 0.714150 -0.074342
v -0.233768 0.719356 0.011038
v -0.080801 0.628610 -0.090678
v -0.049519 0.598251 -0.000184
v -0.183177 0.645104 -0.066071
v -0.244950 0.644693 -0.001543
v -0.091382 0.570556 -0.076098
v -0.058299 0.543244 -0.004034
v -0.195459 0.588450 -0.057586
v -0.094104 0.520276 -0.088030
v -0.059600 0.500452 -0.007654
v -0.069913 0.459297 -0.021865
v -0.203697 0.533781 -0.070756
v -0.101869 0.476686 -0.097872
v -0.081410 0.418159 -0.027390
v -0.114235 0.427319 -0.108621
v -0.085710 0.385549 -0.030740
v -0.245025 0.583734 -0.007737
v -0.210753 0.485693 -0.064670
v -0.256523 0.539002 -0.011377
v -0.213653 0.569304 0.059755
v -0.217199 0.625015 0.089620
v -0.147554 0.602934 0.131130
v -0.159728 0.546917 0.105696
v -0.220457 0.520356 0.053462
v -0.249050 0.478482 -0.019007
v -0.167752 0.495982 0.090278
v -0.210984 0.435966 -0.088140
v -0.100399 0.491691 0.060857
v -0.059600 0.500452 -0.007654
v -0.231483 0.462470 0.045464
v -0.104697 0.453529 0.051380
v -0.069913 0.459297 -0.021865
v -0.081410 0.418159 -0.027390
v -0.171749 0.450803 0.074450
v -0.222554 0.430058 0.031534
v -0.172647 0.420093 0.068758
v -0.108670 0.413702 0.046374
v -0.115176 0.387219 0.029018
v -0.085710 0.385549 -0.030740
v -0.173747 0.396524 0.049812
v -0.123227 0.366010 0.022980
v -0.100753 0.366246 -0.034767
v -0.246753 0.436080 -0.029104
v -0.225672 0.400849 0.023134
v -0.127196 0.352397 0.015588
v -0.104478 0.349286 -0.034075
v -0.176435 0.358072 0.027028
v -0.176219 0.369544 0.043956
v -0.224852 0.376725 0.014208
v -0.220526 0.362772 0.001421
v -0.260438 0.402016 -0.029885
v -0.242823 0.382763 -0.038118
v -0.236828 0.362245 -0.045238
v -0.212136 0.358068 -0.076605
v -0.206694 0.343869 -0.061338
v -0.208257 0.386134 -0.074314
v -0.122704 0.363084 -0.094495
v -0.120109 0.343633 -0.088584
v -0.113365 0.385061 -0.111884
v -0.100753 0.366246 -0.034767
v -0.104478 0.349286 -0.034075
v -0.209417 0.016923 -0.090775
v -0.180037 0.052359 -0.100157
v -0.182341 0.018327 -0.102770
v -0.206753 0.052311 -0.084115
v -0.206420 0.083053 -0.081639
v -0.178471 0.082433 -0.104298
v -0.228539 0.015684 -0.058903
v -0.179464 0.116387 -0.098024
v -0.230472 0.051979 -0.049623
v -0.246683 0.015350 -0.017437
v -0.241658 0.047657 -0.003828
v -0.265077 0.016363 0.025754
v -0.215475 0.117522 -0.090695
v -0.179256 0.150976 -0.091741
v -0.232608 0.086423 -0.037238
v -0.256461 0.043161 0.037671
v -0.271529 0.017333 0.067677
v -0.210672 0.153107 -0.085476
v -0.178618 0.187945 -0.094257
v -0.224640 0.121130 -0.047478
v -0.237072 0.071398 0.010791
v -0.261662 0.038832 0.075311
v -0.263567 0.017565 0.118480
v -0.206823 0.189129 -0.079821
v -0.182299 0.254275 -0.099704
v -0.217844 0.257095 -0.084546
v -0.224050 0.155050 -0.050337
v -0.225202 0.190349 -0.049646
v -0.238552 0.258914 -0.047486
v -0.224462 0.257493 -0.009270
v -0.215041 0.190917 -0.015397
v -0.182386 0.249737 0.017257
v -0.217289 0.160004 -0.012642
v -0.221451 0.132331 -0.006016
v -0.216213 0.105547 0.003364
v -0.189297 0.139748 0.022419
v -0.187477 0.162907 0.013530
v -0.186869 0.189171 0.011674
v -0.150488 0.186747 -0.005050
v -0.132324 0.245133 0.004986
v -0.114016 0.245511 -0.040452
v -0.133431 0.184680 -0.045092
v -0.140644 0.251133 -0.084445
v -0.155327 0.157926 -0.006948
v -0.152806 0.132386 0.001455
v -0.141175 0.152085 -0.046435
v -0.149448 0.186475 -0.081320
v -0.178618 0.187945 -0.094257
v -0.182299 0.254275 -0.099704
v -0.179256 0.150976 -0.091741
v -0.150380 0.150593 -0.083696
v -0.153659 0.116594 -0.081595
v -0.179464 0.116387 -0.098024
v -0.133091 0.120923 -0.042098
v -0.149786 0.082990 -0.085840
v -0.178471 0.082433 -0.104298
v -0.135923 0.086031 -0.030611
v -0.150911 0.052200 -0.087527
v -0.180037 0.052359 -0.100157
v -0.152333 0.018858 -0.090380
v -0.182341 0.018327 -0.102770
v -0.144092 0.017961 -0.046609
v -0.139742 0.050467 -0.042229
v -0.140775 0.017494 0.000701
v -0.146883 0.046074 0.007177
v -0.132011 0.017484 0.045107
v -0.155590 0.110068 0.015517
v -0.152214 0.070012 0.017738
v -0.142671 0.041422 0.053003
v -0.133740 0.018015 0.086206
v -0.190985 0.117739 0.029708
v -0.164465 0.090432 0.038804
v -0.145569 0.037321 0.089716
v -0.140914 0.017909 0.135414
v -0.150632 0.058295 0.062960
v -0.219398 0.089004 0.031497
v -0.150853 0.035134 0.130792
v -0.155899 0.048946 0.153528
v -0.193114 0.100657 0.048823
v -0.154649 0.048409 0.095269
v -0.174595 0.069321 0.073461
v -0.246632 0.060817 0.053549
v -0.160093 0.047830 0.131259
v -0.220472 0.071401 0.069858
v -0.176764 0.058382 0.100078
v -0.178979 0.060531 0.130714
v -0.177835 0.074927 0.160291
v -0.196373 0.076622 0.081520
v -0.247807 0.049869 0.084431
v -0.200110 0.070226 0.130427
v -0.203921 0.090571 0.163584
v -0.229246 0.075737 0.154971
v -0.198877 0.070259 0.100633
v -0.225263 0.064384 0.093147
v -0.225487 0.059724 0.126872
v -0.250842 0.049688 0.138825
v -0.242798 0.043410 0.119767
v -0.255700 0.035247 0.114894
v -0.217844 0.257095 -0.084546
v -0.178577 0.317690 -0.110779
v -0.182299 0.254275 -0.099704
v -0.220684 0.323834 -0.092550
v -0.238552 0.258914 -0.047486
v -0.244585 0.333968 -0.044456
v -0.224462 0.257493 -0.009270
v -0.225494 0.347510 0.009776
v -0.182386 0.249737 0.017257
v -0.171097 0.356415 0.042923
v -0.122282 0.335383 0.017849
v -0.132324 0.245133 0.004986
v -0.101496 0.316436 -0.037505
v -0.114016 0.245511 -0.040452
v -0.132086 0.314517 -0.090872
v -0.140644 0.251133 -0.084445
v -0.178577 0.317690 -0.110779
v -0.182299 0.254275 -0.099704
v -0.208211 0.006714 -0.090408
v -0.182341 0.018327 -0.102770
v -0.182406 0.006640 -0.101422
v -0.209417 0.016923 -0.090775
v -0.226060 0.006723 -0.059216
v -0.228539 0.015684 -0.058903
v -0.242886 0.006615 -0.017670
v -0.246683 0.015350 -0.017437
v -0.265077 0.016363 0.025754
v -0.261277 0.006473 0.026115
v -0.271529 0.017333 0.067677
v -0.268354 0.006762 0.069230
v -0.263567 0.017565 0.118480
v -0.260803 0.007384 0.121400
v -0.248536 0.045787 0.148325
v -0.250842 0.049688 0.138825
v -0.229246 0.075737 0.154971
v -0.228281 0.073425 0.164168
v -0.203921 0.090571 0.163584
v -0.205031 0.087077 0.172664
v -0.179782 0.072381 0.169161
v -0.177835 0.074927 0.160291
v -0.160140 0.048932 0.163020
v -0.155899 0.048946 0.153528
v -0.140914 0.017909 0.135414
v -0.144389 0.007820 0.137698
v -0.136158 0.007174 0.087102
v -0.133740 0.018015 0.086206
v -0.134775 0.006649 0.045173
v -0.132011 0.017484 0.045107
v -0.143671 0.006527 0.000564
v -0.140775 0.017494 0.000701
v -0.144092 0.017961 -0.046609
v -0.147238 0.006587 -0.046515
v -0.152333 0.018858 -0.090380
v -0.154740 0.006454 -0.089111
v -0.182341 0.018327 -0.102770
v -0.182406 0.006640 -0.101422
v -0.218911 0.354425 -0.093144
v -0.175213 0.347473 -0.112370
v -0.176712 0.347663 -0.125614
v -0.227792 0.354565 -0.102697
v -0.244335 0.365632 -0.040605
v -0.257061 0.366962 -0.041353
v -0.222213 0.377824 0.017617
v -0.232125 0.380463 0.025784
v -0.169213 0.394753 0.063531
v -0.168461 0.390776 0.050216
v -0.114104 0.367696 0.031864
v -0.122283 0.367803 0.023379
v -0.087801 0.345308 -0.037320
v -0.099927 0.345681 -0.036274
v -0.121533 0.342431 -0.101997
v -0.128510 0.342251 -0.092193
v -0.175213 0.347473 -0.112370
v -0.176712 0.347663 -0.125614
v -0.178577 0.317690 -0.110779
v -0.179298 0.322638 -0.121148
v -0.126172 0.319029 -0.098893
v -0.132086 0.314517 -0.090872
v -0.090856 0.320951 -0.038572
v -0.101496 0.316436 -0.037505
v -0.122282 0.335383 0.017849
v -0.116351 0.339992 0.024613
v -0.171097 0.356415 0.042923
v -0.171548 0.362957 0.050335
v -0.225494 0.347510 0.009776
v -0.233515 0.352141 0.016920
v -0.255039 0.339758 -0.044091
v -0.244585 0.333968 -0.044456
v -0.227539 0.329266 -0.100018
v -0.220684 0.323834 -0.092550
v -0.179298 0.322638 -0.121148
v -0.178577 0.317690 -0.110779
v -0.218911 0.354425 -0.093144
v -0.175906 0.337896 -0.100343
v -0.175213 0.347473 -0.112370
v -0.214264 0.344883 -0.083485
v -0.244335 0.365632 -0.040605
v -0.236264 0.355410 -0.038089
v -0.217287 0.367990 0.012442
v -0.222213 0.377824 0.017617
v -0.170075 0.379042 0.040484
v -0.168461 0.390776 0.050216
v -0.122283 0.367803 0.023379
v -0.130628 0.358315 0.017218
v -0.099927 0.345681 -0.036274
v -0.110930 0.336387 -0.033955
v -0.135249 0.332724 -0.082783
v -0.128510 0.342251 -0.092193
v -0.175906 0.337896 -0.100343
v -0.175213 0.347473 -0.112370
v -0.176712 0.347663 -0.125614
v -0.179298 0.322638 -0.121148
v -0.227539 0.329266 -0.100018
v -0.227792 0.354565 -0.102697
v -0.255039 0.339758 -0.044091
v -0.257061 0.366962 -0.041353
v -0.233515 0.352141 0.016920
v -0.232125 0.380463 0.025784
v -0.171548 0.362957 0.050335
v -0.169213 0.394753 0.063531
v -0.114104 0.367696 0.031864
v -0.116351 0.339992 0.024613
v -0.087801 0.345308 -0.037320
v -0.090856 0.320951 -0.038572
v -0.121533 0.342431 -0.101997
v -0.126172 0.319029 -0.098893
v -0.179298 0.322638 -0.121148
v -0.176712 0.347663 -0.125614
v 0.033012 1.553269 -0.093582
v -0.005050 1.533682 -0.112989
v -0.005065 1.551059 -0.099221
v 0.039481 1.536602 -0.106480
v 0.064594 1.555857 -0.079048
v -0.005025 1.494874 -0.137542
v 0.076553 1.545021 -0.089732
v 0.084188 1.557169 -0.057579
v 0.053879 1.497881 -0.130274
v -0.005034 1.486375 -0.141728
v 0.058114 1.489124 -0.134551
v 0.104162 1.508821 -0.110492
v 0.112508 1.500811 -0.115001
v 0.100335 1.551686 -0.061324
v 0.090708 1.542864 -0.005610
v 0.137993 1.524566 -0.068845
v 0.150327 1.519717 -0.070654
v 0.106753 1.545789 -0.004906
v 0.147160 1.526506 -0.005969
v 0.161594 1.522695 -0.007279
v 0.150126 1.511551 0.033249
v 0.096468 1.533424 0.020883
v 0.082059 1.535257 0.013517
v 0.068764 1.521165 0.038483
v 0.135518 1.516660 0.031936
v 0.082063 1.520774 0.048388
v 0.051995 1.511772 0.058827
v 0.117720 1.499632 0.064275
v 0.130853 1.492509 0.066620
v 0.061979 1.507795 0.072430
v 0.024796 1.504152 0.073984
v 0.088877 1.482744 0.100405
v 0.098433 1.474902 0.106822
v 0.030295 1.498424 0.090851
v -0.005471 1.502302 0.081940
v 0.044884 1.472508 0.126901
v 0.050051 1.464712 0.136100
v -0.005673 1.461431 0.146549
v -0.005499 1.496384 0.097080
v -0.005569 1.469017 0.136375
v -0.059728 1.464406 0.135783
v -0.054574 1.472372 0.126630
v -0.108055 1.473787 0.106199
v -0.039999 1.498158 0.090661
v -0.034500 1.503958 0.073769
v -0.098522 1.481885 0.099841
v -0.140497 1.491163 0.066259
v -0.071670 1.506209 0.072175
v -0.061696 1.510129 0.058684
v -0.127319 1.498489 0.063760
v -0.159963 1.510696 0.033257
v -0.091694 1.519396 0.048006
v -0.078430 1.519442 0.038230
v -0.145199 1.515748 0.031732
v -0.106061 1.532154 0.020456
v -0.091689 1.532465 0.013208
v -0.100324 1.541812 -0.005852
v -0.156927 1.525586 -0.006052
v -0.171494 1.522238 -0.007191
v -0.159885 1.519233 -0.070790
v -0.116327 1.546734 -0.005231
v -0.147542 1.523985 -0.068941
v -0.122143 1.500206 -0.114826
v -0.109958 1.549445 -0.061297
v -0.093851 1.555899 -0.057520
v -0.113811 1.508216 -0.110307
v -0.067817 1.488649 -0.134294
v -0.086255 1.543703 -0.089545
v -0.074301 1.553720 -0.078885
v -0.063586 1.497428 -0.130037
v -0.005034 1.486375 -0.141728
v -0.005025 1.494874 -0.137542
v -0.049187 1.535253 -0.106339
v -0.042716 1.550593 -0.093491
v -0.005050 1.533682 -0.112989
v -0.005065 1.551059 -0.099221
v 0.072204 1.483589 0.081266
v 0.033266 1.482891 0.088499
v 0.039691 1.496535 0.069104
v 0.076709 1.505499 0.051872
v 0.047003 1.517455 0.047157
v 0.064119 1.543579 0.026350
v 0.047316 1.519273 0.045968
v 0.062732 1.546933 0.025004
v 0.092638 1.517912 0.013816
v 0.070272 1.558452 0.007194
v 0.101822 1.529903 -0.012740
v 0.071647 1.565881 -0.011059
v 0.098689 1.539322 -0.040682
v 0.069887 1.575256 -0.036289
v 0.089515 1.546761 -0.062394
v 0.063638 1.580566 -0.055552
v 0.070656 1.543888 -0.084719
v 0.048137 1.583399 -0.068182
v 0.043667 1.544065 -0.096058
v 0.033257 1.584176 -0.074828
v 0.021419 1.546293 -0.099420
v 0.016125 1.584921 -0.078357
v -0.000000 1.584655 -0.080249
v -0.000000 1.545748 -0.101106
v -0.021418 1.546288 -0.099427
v -0.016125 1.584921 -0.078357
v -0.033257 1.584176 -0.074828
v -0.043667 1.544065 -0.096058
v -0.048137 1.583399 -0.068182
v -0.070656 1.543888 -0.084719
v -0.063638 1.580566 -0.055552
v -0.089515 1.546761 -0.062394
v -0.069887 1.575256 -0.036289
v -0.098689 1.539322 -0.040682
v -0.071647 1.565881 -0.011059
v -0.101822 1.529903 -0.012740
v -0.070272 1.558452 0.007194
v -0.092638 1.517912 0.013816
v -0.064119 1.543579 0.026350
v -0.062732 1.546933 0.025004
v -0.047316 1.519273 0.045968
v -0.076709 1.505499 0.051872
v -0.039691 1.496535 0.069104
v -0.072204 1.483589 0.081266
v -0.033266 1.482891 0.088499
v 0.039691 1.496535 0.069104
v 0.033266 1.482891 0.088499
v 0.072575 1.487303 0.084272
v 0.078076 1.508609 0.054887
v 0.047316 1.519273 0.045968
v 0.062732 1.546933 0.025004
v 0.094623 1.520883 0.015994
v 0.070272 1.558452 0.007194
v 0.104404 1.533708 -0.011209
v 0.071647 1.565881 -0.011059
v 0.101513 1.542420 -0.040957
v 0.069887 1.575256 -0.036289
v 0.092398 1.550129 -0.064059
v 0.063638 1.580566 -0.055552
v 0.072804 1.547465 -0.087410
v 0.048137 1.583399 -0.068182
v 0.045119 1.546497 -0.099733
v 0.033257 1.584176 -0.074828
v 0.022152 1.548900 -0.103300
v 0.016125 1.584921 -0.078357
v -0.000000 1.584655 -0.080249
v -0.000000 1.548676 -0.105174
v -0.022151 1.548900 -0.103300
v -0.016125 1.584921 -0.078357
v -0.033257 1.584176 -0.074828
v -0.045119 1.546497 -0.099733
v -0.048137 1.583399 -0.068182
v -0.072804 1.547465 -0.087410
v -0.063638 1.580566 -0.055552
v -0.092398 1.550129 -0.064059
v -0.069887 1.575256 -0.036289
v -0.101513 1.542420 -0.040957
v -0.071647 1.565881 -0.011059
v -0.104404 1.533708 -0.011209
v -0.070272 1.558452 0.007194
v -0.094623 1.520883 0.015994
v -0.062732 1.546933 0.025004
v -0.078076 1.508609 0.054887
v -0.047316 1.519273 0.045968
v -0.039691 1.496535 0.069104
v -0.072575 1.487303 0.084272
v -0.033266 1.482891 0.088499
v 0.100463 1.544254 -0.060419
v 0.092072 1.552231 -0.062543
v 0.103013 1.532848 -0.008128
v 0.110992 1.531204 -0.008011
v 0.106326 1.538120 -0.058949
v 0.099543 1.504182 0.045877
v 0.065459 1.503654 0.058156
v 0.115730 1.529695 -0.007954
v 0.129021 1.504937 0.034167
v 0.156173 1.516970 -0.052191
v 0.159891 1.516972 -0.006529
v 0.153207 1.496789 -0.094195
v 0.103250 1.507158 -0.103017
v 0.106099 1.466851 -0.125818
v 0.154054 1.465549 -0.117457
v 0.110957 1.420212 -0.131781
v 0.160395 1.424179 -0.123114
v 0.114325 1.371860 -0.128279
v 0.162412 1.504828 0.030276
v 0.168911 1.380435 -0.109795
v 0.115523 1.312952 -0.120436
v 0.166012 1.475338 0.061860
v 0.167224 1.314095 -0.098227
v 0.120037 1.225198 -0.109645
v 0.192351 1.323927 -0.077820
v 0.132970 1.479694 0.069910
v 0.169485 1.224009 -0.081051
v 0.123488 1.161251 -0.103850
v 0.194289 1.293300 -0.066134
v 0.197976 1.315403 -0.005340
v 0.144227 1.441446 0.110474
v 0.176649 1.432493 0.084805
v 0.101362 1.483974 0.083458
v 0.172709 1.160705 -0.071025
v 0.128952 1.132315 -0.101785
v 0.199834 1.222882 -0.039797
v 0.201281 1.284209 0.004511
v 0.156928 1.392214 0.151409
v 0.187996 1.384040 0.081065
v 0.066830 1.484683 0.097305
v 0.025528 1.495672 0.084697
v 0.107121 1.451084 0.128184
v 0.203525 1.319154 0.089109
v 0.214480 1.225749 0.022173
v 0.024447 1.482151 0.108147
v -0.000000 1.488835 0.098365
v 0.165422 1.324527 0.155638
v 0.066274 1.455495 0.143141
v -0.000000 1.480359 0.112140
v 0.209409 1.159538 -0.024886
v 0.213341 1.241441 0.112646
v -0.024447 1.482151 0.108147
v -0.025528 1.495672 0.084697
v -0.066830 1.484684 0.097309
v -0.065459 1.503654 0.058156
v -0.066274 1.455497 0.143141
v -0.000000 1.456558 0.145152
v 0.066449 1.399093 0.195377
v 0.237089 1.157339 0.039582
v -0.000000 1.393532 0.195787
v 0.114153 1.397631 0.176239
v 0.118758 1.327769 0.184372
v 0.070722 1.328619 0.211797
v 0.134701 1.240177 0.230166
v 0.181530 1.250438 0.178763
v 0.234462 1.163308 0.127971
v 0.200057 1.160721 0.189653
v 0.081216 1.238837 0.260517
v -0.000000 1.325778 0.222005
v 0.148060 1.152571 0.248727
v 0.249060 1.120347 0.048920
v 0.236928 1.119802 0.134191
v 0.201714 1.117598 0.191686
v 0.220252 1.128528 -0.019091
v 0.179999 1.131621 -0.067213
v 0.128104 1.106725 -0.097071
v 0.179036 1.100298 -0.062656
v 0.129646 1.099377 -0.092534
v 0.180516 1.090399 -0.058427
v 0.222537 1.092757 -0.012005
v 0.218112 1.080809 -0.002725
v 0.240031 1.080074 0.053293
v 0.225512 1.067486 0.058869
v 0.223478 1.070639 0.135423
v 0.209975 1.054808 0.133145
v 0.195495 1.063380 0.191186
v 0.180290 1.043491 0.182367
v 0.146881 1.107928 0.249820
v 0.138094 1.052455 0.245925
v 0.132027 1.030867 0.238429
v 0.087423 1.149743 0.283571
v 0.085354 1.104035 0.285282
v 0.083033 1.047053 0.279541
v 0.079691 1.024511 0.267519
v -0.000000 1.234040 0.274860
v -0.000000 1.151075 0.302744
v -0.000000 1.101425 0.307465
v -0.000000 1.045186 0.298137
v -0.000000 1.018939 0.287751
v -0.079691 1.024511 0.267519
v -0.083033 1.047053 0.279541
v -0.132027 1.030867 0.238429
v -0.085354 1.104035 0.285282
v -0.138094 1.052455 0.245925
v -0.180290 1.043490 0.182375
v -0.087423 1.149743 0.283571
v -0.195495 1.063380 0.191186
v -0.209975 1.054813 0.133140
v -0.146881 1.107928 0.249820
v -0.223478 1.070639 0.135423
v -0.225511 1.067484 0.058866
v -0.201714 1.117598 0.191686
v -0.148060 1.152571 0.248727
v -0.081216 1.238837 0.260517
v -0.240031 1.080074 0.053293
v -0.218112 1.080809 -0.002725
v -0.236927 1.119803 0.134190
v -0.200057 1.160721 0.189653
v -0.222537 1.092757 -0.012005
v -0.180516 1.090399 -0.058427
v -0.249060 1.120350 0.048925
v -0.179036 1.100298 -0.062656
v -0.129646 1.099376 -0.092530
v -0.128104 1.106727 -0.097082
v -0.220252 1.128530 -0.019102
v -0.179999 1.131623 -0.067224
v -0.128952 1.132316 -0.101789
v -0.234462 1.163308 0.127971
v -0.134701 1.240177 0.230166
v -0.118759 1.327772 0.184370
v -0.181530 1.250438 0.178763
v -0.237089 1.157339 0.039582
v -0.172709 1.160705 -0.071025
v -0.123487 1.161247 -0.103859
v -0.209409 1.159539 -0.024894
v -0.213341 1.241441 0.112646
v -0.169485 1.224009 -0.081050
v -0.120037 1.225198 -0.109645
v -0.199834 1.222884 -0.039791
v -0.214480 1.225749 0.022173
v -0.167225 1.314098 -0.098223
v -0.115523 1.312953 -0.120432
v -0.194289 1.293300 -0.066134
v -0.201281 1.284209 0.004511
v -0.203524 1.319153 0.089109
v -0.168917 1.380442 -0.109794
v -0.114325 1.371860 -0.128279
v -0.192351 1.323934 -0.077820
v -0.160395 1.424179 -0.123114
v -0.110957 1.420212 -0.131781
v -0.154054 1.465550 -0.117455
v -0.106099 1.466851 -0.125818
v -0.197976 1.315403 -0.005340
v -0.153207 1.496789 -0.094195
v -0.103249 1.507154 -0.103023
v -0.106326 1.538120 -0.058949
v -0.187996 1.384040 0.081066
v -0.156174 1.516972 -0.052191
v -0.165422 1.324527 0.155638
v -0.156928 1.392211 0.151406
v -0.176649 1.432493 0.084805
v -0.115730 1.529697 -0.007952
v -0.159888 1.516972 -0.006536
v -0.110992 1.531204 -0.008011
v -0.100463 1.544254 -0.060419
v -0.129021 1.504937 0.034167
v -0.162412 1.504831 0.030280
v -0.166012 1.475338 0.061860
v -0.144227 1.441446 0.110474
v -0.103013 1.532848 -0.008128
v -0.092072 1.552230 -0.062545
v -0.099543 1.504182 0.045877
v -0.132970 1.479694 0.069910
v -0.101362 1.483974 0.083458
v -0.107121 1.451084 0.128184
v -0.114153 1.397631 0.176239
v -0.066449 1.399093 0.195377
v -0.070722 1.328619 0.211797
v 0.136673 1.104102 -0.104600
v 0.129646 1.099377 -0.092534
v 0.180516 1.090399 -0.058427
v 0.191722 1.094673 -0.066596
v 0.136234 1.087423 -0.103772
v 0.218112 1.080809 -0.002725
v 0.191462 1.078374 -0.066516
v 0.147322 1.012646 -0.117198
v 0.233180 1.084422 -0.005613
v 0.208682 1.006378 -0.078971
v 0.138600 0.994659 -0.107280
v 0.194932 0.989184 -0.072868
v 0.241088 1.070425 0.058664
v 0.225512 1.067486 0.058869
v 0.231172 1.067628 -0.006489
v 0.247482 0.994342 -0.016521
v 0.229282 0.978296 -0.015309
v 0.250781 0.981684 0.049357
v 0.232397 0.967077 0.047695
v 0.218818 0.953993 0.121099
v 0.237830 1.053779 0.057171
v 0.224336 1.057225 0.135089
v 0.209975 1.054808 0.133145
v 0.236175 0.969061 0.125513
v 0.222297 1.040864 0.132167
v 0.208708 0.958244 0.172472
v 0.194784 0.944107 0.163940
v 0.147814 0.933782 0.215759
v 0.195276 1.045596 0.185696
v 0.180290 1.043491 0.182367
v 0.194167 1.029523 0.180848
v 0.158915 0.946804 0.227844
v 0.086236 0.923737 0.255072
v 0.147520 1.032528 0.242944
v 0.132027 1.030867 0.238429
v 0.147089 1.016798 0.236498
v 0.091676 0.936084 0.269468
v 0.084281 1.023927 0.279912
v 0.079691 1.024511 0.267519
v -0.000000 1.018939 0.287751
v 0.084210 1.007799 0.274034
v -0.000000 0.930231 0.295682
v -0.000000 0.918521 0.280325
v -0.086236 0.923737 0.255072
v -0.000000 1.017962 0.301027
v -0.000000 1.001744 0.295984
v -0.091676 0.936084 0.269468
v -0.084281 1.023925 0.279908
v -0.079691 1.024511 0.267519
v -0.132027 1.030867 0.238429
v -0.084210 1.007799 0.274034
v -0.158915 0.946804 0.227844
v -0.147814 0.933782 0.215759
v -0.147520 1.032527 0.242941
v -0.180290 1.043490 0.182375
v -0.147089 1.016798 0.236498
v -0.195276 1.045593 0.185691
v -0.209975 1.054813 0.133140
v -0.208708 0.958244 0.172472
v -0.194784 0.944107 0.163940
v -0.218818 0.953993 0.121099
v -0.194167 1.029523 0.180848
v -0.224336 1.057225 0.135089
v -0.225511 1.067484 0.058866
v -0.236175 0.969061 0.125513
v -0.250781 0.981684 0.049357
v -0.232397 0.967077 0.047695
v -0.229282 0.978296 -0.015309
v -0.222297 1.040861 0.132164
v -0.241088 1.070425 0.058664
v -0.218112 1.080809 -0.002725
v -0.237830 1.053780 0.057172
v -0.247482 0.994341 -0.016516
v -0.194932 0.989184 -0.072868
v -0.231172 1.067628 -0.006489
v -0.208682 1.006379 -0.078977
v -0.138600 0.994661 -0.107295
v -0.147322 1.012646 -0.117196
v -0.191462 1.078374 -0.066516
v -0.136234 1.087427 -0.103769
v -0.233180 1.084422 -0.005613
v -0.191722 1.094672 -0.066587
v -0.136673 1.104101 -0.104591
v -0.180516 1.090399 -0.058427
v -0.129646 1.099376 -0.092530
v -0.175919 1.490924 -0.017824
v -0.160568 1.482904 0.020936
v -0.145587 1.493090 0.007530
v -0.155766 1.496485 -0.026130
v -0.180629 1.489306 -0.053480
v -0.132252 1.496101 -0.003796
v -0.157054 1.492230 -0.056553
v -0.170891 1.477911 -0.090658
v -0.138046 1.498165 -0.032128
v -0.146974 1.483750 -0.087289
v -0.125927 1.465338 -0.110480
v -0.136808 1.493619 -0.059384
v -0.092393 1.502989 -0.081896
v -0.101279 1.516155 -0.056885
v -0.103676 1.518045 -0.027881
v -0.087304 1.530610 -0.039133
v -0.131814 1.487601 -0.081537
v -0.107579 1.477027 -0.097218
v -0.078446 1.478484 -0.103282
v -0.072033 1.525269 -0.075151
v -0.076286 1.541986 -0.045235
v -0.060719 1.503799 -0.095790
v -0.051278 1.477199 -0.111396
v -0.000132 1.470647 -0.113834
v -0.000165 1.496197 -0.105699
v -0.000173 1.515730 -0.096442
v -0.060216 1.540418 -0.073192
v -0.069867 1.555181 -0.048203
v -0.000173 1.531664 -0.087510
v -0.053085 1.555235 -0.071383
v -0.064517 1.569987 -0.050411
v -0.000173 1.549038 -0.080476
v -0.047415 1.568858 -0.069324
v -0.059234 1.583694 -0.052130
v -0.000173 1.565255 -0.075604
v -0.042391 1.582035 -0.068075
v -0.000173 1.580501 -0.073004
v -0.015624 1.531556 0.071101
v -0.000169 1.514914 0.066697
v -0.000172 1.529953 0.076666
v -0.011364 1.515785 0.062941
v -0.032179 1.538555 0.057980
v -0.007522 1.504684 0.068736
v -0.000162 1.503345 0.069480
v -0.007519 1.495608 0.082238
v 0.000013 1.493663 0.083390
v -0.000059 1.486668 0.099125
v -0.015232 1.505813 0.067782
v -0.021503 1.517693 0.054845
v -0.014819 1.487657 0.105105
v -0.000096 1.469337 0.123068
v -0.015218 1.470505 0.125394
v -0.033167 1.519375 0.046252
v -0.046169 1.547335 0.043403
v -0.026721 1.505106 0.063471
v -0.020088 1.493969 0.083038
v -0.055804 1.487245 0.092583
v -0.057077 1.471548 0.119562
v -0.102143 1.467314 0.092672
v -0.059933 1.493710 0.052983
v -0.097201 1.484461 0.071679
v -0.121350 1.465341 0.074433
v -0.054261 1.504520 0.026886
v -0.056900 1.522178 0.009686
v -0.113872 1.484606 0.057930
v -0.160568 1.482904 0.020936
v -0.145587 1.493090 0.007530
v -0.094775 1.488969 0.055160
v -0.105676 1.490631 0.042193
v -0.132252 1.496101 -0.003796
v -0.103676 1.518045 -0.027881
v -0.079030 1.500409 0.024730
v -0.067860 1.511299 0.013737
v -0.087304 1.530610 -0.039133
v -0.076286 1.541986 -0.045235
v -0.058154 1.547959 0.003182
v -0.056393 1.559141 0.029596
v -0.069867 1.555181 -0.048203
v -0.059133 1.568406 0.014925
v -0.061509 1.569732 -0.002285
v -0.060748 1.584695 0.005739
v -0.064517 1.569987 -0.050411
v -0.062640 1.586942 -0.009257
v -0.059234 1.583694 -0.052130
v 0.145399 1.493097 0.007523
v 0.160455 1.482922 0.020931
v 0.175821 1.490921 -0.017831
v 0.155604 1.496500 -0.026133
v 0.132014 1.496111 -0.003788
v 0.180549 1.489304 -0.053482
v 0.137822 1.498173 -0.032125
v 0.103353 1.518049 -0.027880
v 0.156903 1.492234 -0.056560
v 0.170833 1.477913 -0.090658
v 0.100961 1.516161 -0.056884
v 0.086959 1.530615 -0.039132
v 0.071686 1.525253 -0.075151
v 0.075941 1.541938 -0.045234
v 0.136597 1.493619 -0.059384
v 0.146848 1.483752 -0.087288
v 0.125769 1.465338 -0.110480
v 0.131635 1.487604 -0.081536
v 0.107341 1.477033 -0.097217
v 0.092082 1.502989 -0.081896
v 0.078138 1.478484 -0.103282
v 0.060371 1.503799 -0.095790
v 0.050970 1.477199 -0.111396
v -0.000132 1.470647 -0.113834
v -0.000165 1.496197 -0.105699
v -0.000173 1.515730 -0.096442
v -0.000173 1.531664 -0.087510
v 0.059870 1.540411 -0.073192
v -0.000173 1.549038 -0.080476
v 0.069520 1.555220 -0.048203
v 0.052738 1.555276 -0.071383
v -0.000173 1.565255 -0.075604
v 0.064171 1.569987 -0.050411
v 0.047068 1.568858 -0.069324
v -0.000173 1.580501 -0.073004
v 0.058887 1.583694 -0.052130
v 0.042044 1.582035 -0.068075
v -0.000173 1.597525 -0.072172
v -0.000173 1.580501 -0.073004
v -0.042391 1.582035 -0.068075
v -0.038506 1.597457 -0.067038
v -0.036507 1.616272 -0.067473
v -0.000173 1.616967 -0.073458
v -0.054480 1.599084 -0.053241
v -0.059234 1.583694 -0.052130
v -0.062640 1.586942 -0.009257
v -0.052080 1.617588 -0.055210
v -0.035740 1.638527 -0.070398
v -0.000173 1.639145 -0.077020
v -0.051818 1.639403 -0.059060
v -0.035864 1.663921 -0.073052
v -0.000173 1.663968 -0.080503
v -0.052594 1.664434 -0.061743
v -0.036501 1.688528 -0.071784
v -0.000173 1.688468 -0.079032
v -0.000173 1.712750 -0.071084
v -0.062872 1.603034 -0.016188
v -0.063777 1.621217 -0.021071
v -0.065883 1.640266 -0.027315
v -0.063092 1.597369 -0.001007
v -0.060748 1.584695 0.005739
v -0.064395 1.610355 -0.007942
v -0.069543 1.662317 -0.025493
v -0.067818 1.624847 -0.016088
v -0.035694 1.711499 -0.064504
v -0.053016 1.688817 -0.060536
v -0.033315 1.741762 -0.019912
v -0.000173 1.749679 -0.020895
v -0.069076 1.689536 -0.024395
v -0.051036 1.710372 -0.054493
v -0.062953 1.713431 -0.022357
v -0.032461 1.744802 0.011898
v -0.000173 1.752135 0.014903
v -0.050994 1.730066 -0.019453
v -0.068074 1.694461 -0.005621
v -0.050128 1.731765 0.007870
v -0.061931 1.713652 0.000753
v -0.030797 1.737218 0.042661
v -0.000173 1.743418 0.047184
v -0.048030 1.726029 0.031084
v -0.059067 1.709605 0.021164
v -0.025429 1.729066 0.061057
v -0.000173 1.732003 0.066401
v -0.047245 1.716792 0.043698
v -0.055602 1.702098 0.034907
v -0.065295 1.691017 0.011748
v -0.046003 1.707840 0.053899
v -0.025115 1.716914 0.071968
v -0.008175 1.703108 0.085019
v -0.000173 1.703270 0.085457
v -0.000174 1.689891 0.089581
v -0.061316 1.685165 0.026424
v -0.026360 1.704406 0.078850
v -0.068050 1.662053 0.000134
v -0.064437 1.655404 0.011436
v -0.071295 1.663778 -0.011249
v -0.072766 1.656427 -0.018821
v -0.069604 1.640046 -0.021076
v -0.050887 1.695312 0.048569
v -0.055053 1.679942 0.042201
v -0.044944 1.699590 0.061068
v -0.043778 1.690494 0.066708
v -0.060766 1.651464 0.028002
v -0.026301 1.692850 0.083146
v -0.007621 1.688794 0.089458
v -0.010715 1.670642 0.093302
v -0.000174 1.671247 0.092639
v -0.026269 1.676883 0.088015
v -0.041899 1.677129 0.076546
v -0.050925 1.667322 0.060576
v -0.009477 1.657222 0.089353
v -0.000173 1.658981 0.092187
v -0.000173 1.648677 0.095571
v -0.056800 1.647205 0.054008
v -0.013958 1.665754 0.093141
v -0.017419 1.653151 0.082868
v -0.011488 1.643622 0.090113
v -0.000173 1.637537 0.104087
v -0.049969 1.664543 0.067566
v -0.041472 1.672336 0.080529
v -0.053072 1.647873 0.063050
v -0.026857 1.671574 0.089212
v -0.028596 1.659700 0.084847
v -0.021247 1.657277 0.084392
v -0.039806 1.651899 0.075704
v -0.040639 1.656061 0.078411
v -0.053916 1.638444 0.067857
v -0.038580 1.650412 0.076592
v -0.038794 1.655530 0.076987
v -0.033416 1.648425 0.079886
v -0.035971 1.658878 0.082000
v -0.035049 1.657411 0.079950
v -0.028783 1.658258 0.081918
v -0.021610 1.656440 0.081513
v -0.018763 1.653117 0.080968
v -0.018821 1.651893 0.080905
v -0.018557 1.650236 0.081824
v -0.020711 1.648863 0.080823
v -0.017593 1.637740 0.089693
v -0.032004 1.625999 0.086848
v -0.029375 1.648105 0.080912
v -0.016216 1.632872 0.094013
v -0.022056 1.619705 0.090780
v -0.031037 1.604130 0.089406
v -0.016336 1.624506 0.098743
v -0.000174 1.621200 0.111741
v -0.000173 1.614551 0.101259
v -0.010524 1.614652 0.097521
v -0.000174 1.612604 0.100053
v -0.010814 1.610312 0.099268
v -0.000175 1.610121 0.100652
v -0.012147 1.600411 0.101159
v -0.000173 1.599285 0.104324
v -0.012215 1.598597 0.100359
v -0.000173 1.598023 0.103210
v -0.012272 1.597014 0.099136
v -0.000173 1.597160 0.101510
v -0.014634 1.591672 0.101588
v -0.000173 1.592285 0.104606
v -0.026365 1.593584 0.089835
v -0.027742 1.594517 0.090911
v -0.014014 1.586743 0.098907
v -0.000173 1.587296 0.101714
v -0.027227 1.591836 0.090442
v -0.028576 1.596180 0.090882
v -0.028960 1.592601 0.087715
v -0.013583 1.577289 0.098268
v -0.000173 1.575835 0.100724
v -0.030172 1.592631 0.088323
v -0.015307 1.559875 0.104106
v -0.000173 1.558565 0.105341
v -0.015513 1.553625 0.102941
v -0.000173 1.552189 0.102517
v -0.023611 1.559670 0.101420
v -0.032721 1.581931 0.088468
v -0.015343 1.548964 0.098788
v -0.000173 1.548162 0.097709
v -0.000172 1.529953 0.076666
v -0.015624 1.531556 0.071101
v -0.024370 1.552486 0.096575
v -0.032179 1.538555 0.057980
v -0.042782 1.565406 0.081627
v -0.046169 1.547335 0.043403
v -0.056393 1.559141 0.029596
v -0.028772 1.587828 0.090175
v -0.031803 1.589158 0.088121
v -0.039727 1.571244 0.086347
v -0.037359 1.584989 0.087665
v -0.029759 1.591994 0.088431
v -0.030662 1.592108 0.087501
v -0.032751 1.590996 0.087104
v -0.031532 1.592937 0.087841
v -0.046825 1.577745 0.083198
v -0.039119 1.590053 0.088247
v -0.037294 1.596170 0.088386
v -0.049576 1.588661 0.080661
v -0.043703 1.607834 0.082577
v -0.047850 1.599108 0.080724
v -0.041961 1.627085 0.080894
v -0.047105 1.609512 0.074686
v -0.050018 1.599402 0.072722
v -0.052029 1.587269 0.072907
v -0.057904 1.632054 0.057934
v -0.056972 1.617356 0.054515
v -0.058146 1.604470 0.053148
v -0.062150 1.638111 0.027016
v -0.063558 1.624444 0.027255
v -0.064201 1.641263 0.012846
v -0.050097 1.573988 0.075914
v -0.060247 1.571844 0.051829
v -0.065990 1.607339 0.025789
v -0.067133 1.592154 0.026405
v -0.064902 1.625682 0.012600
v -0.066900 1.610968 0.014991
v -0.060955 1.589714 0.051988
v -0.066657 1.580612 0.024866
v -0.059133 1.568406 0.014925
v -0.067272 1.599303 0.014273
v -0.065645 1.590812 0.013096
v -0.066005 1.596424 0.008508
v -0.072686 1.600879 0.005162
v -0.065602 1.599487 0.001564
v -0.071111 1.597037 0.002435
v -0.072929 1.606853 -0.007446
v -0.068637 1.614789 0.004256
v -0.075536 1.623529 -0.016181
v -0.074922 1.610324 -0.005386
v -0.060700 1.628466 0.003257
v -0.074702 1.621709 -0.005383
v -0.060874 1.646292 -0.000386
v -0.078334 1.624568 -0.012825
v -0.075457 1.635026 -0.008300
v -0.077138 1.648722 -0.013377
v -0.069633 1.655673 0.001073
v -0.079412 1.637804 -0.018160
v -0.073221 1.662349 -0.006043
v -0.076604 1.658772 -0.007478
v -0.076328 1.663034 -0.011610
v -0.077990 1.661062 -0.016883
v -0.080402 1.660618 -0.014097
v -0.081396 1.655390 -0.019051
v -0.078810 1.656709 -0.020968
v -0.080492 1.648436 -0.019790
v -0.077038 1.648690 -0.022367
v -0.076598 1.637187 -0.021423
v 0.015279 1.531518 0.071100
v -0.000173 1.548162 0.097709
v -0.000172 1.529953 0.076666
v 0.014995 1.548964 0.098788
v 0.031833 1.538531 0.057979
v 0.015167 1.553625 0.102941
v -0.000173 1.552189 0.102517
v 0.024022 1.552486 0.096575
v 0.042434 1.565406 0.081627
v 0.045822 1.547312 0.043402
v 0.056046 1.559141 0.029596
v 0.014959 1.559875 0.104105
v -0.000173 1.558565 0.105341
v 0.023264 1.559670 0.101420
v 0.032374 1.581931 0.088468
v 0.013236 1.577289 0.098268
v -0.000173 1.575835 0.100724
v 0.013667 1.586743 0.098907
v -0.000173 1.587296 0.101714
v 0.059900 1.571844 0.051829
v 0.058786 1.568406 0.014925
v 0.039379 1.571244 0.086347
v 0.046478 1.577745 0.083198
v 0.014287 1.591672 0.101588
v -0.000173 1.592285 0.104606
v 0.011925 1.597014 0.099135
v -0.000173 1.597160 0.101510
v 0.026880 1.591836 0.090440
v 0.028425 1.587828 0.090175
v 0.066309 1.580612 0.024866
v 0.060401 1.584695 0.005739
v 0.049750 1.573987 0.075914
v 0.066786 1.592154 0.026405
v 0.060608 1.589714 0.051988
v 0.037012 1.584989 0.087665
v 0.051682 1.587269 0.072907
v 0.049229 1.588661 0.080661
v 0.029412 1.591994 0.088428
v 0.031455 1.589158 0.088121
v 0.038773 1.590053 0.088247
v 0.026018 1.593583 0.089835
v 0.032404 1.590996 0.087104
v 0.057800 1.604470 0.053148
v 0.049670 1.599402 0.072722
v 0.047503 1.599108 0.080724
v 0.036947 1.596170 0.088386
v 0.030690 1.604131 0.089406
v 0.046757 1.609512 0.074686
v 0.065643 1.607339 0.025789
v 0.043356 1.607834 0.082577
v 0.031657 1.625999 0.086848
v 0.041614 1.627086 0.080894
v 0.056625 1.617356 0.054515
v 0.063211 1.624444 0.027255
v 0.057557 1.632054 0.057934
v 0.066925 1.599303 0.014273
v 0.066552 1.610968 0.014991
v 0.065298 1.590812 0.013096
v 0.062745 1.597369 -0.001007
v 0.062293 1.586942 -0.009256
v 0.065657 1.596423 0.008508
v 0.072339 1.600879 0.005162
v 0.064555 1.625682 0.012600
v 0.061803 1.638111 0.027016
v 0.068290 1.614789 0.004256
v 0.063854 1.641263 0.012846
v 0.060419 1.651464 0.028002
v 0.060353 1.628466 0.003257
v 0.062525 1.603034 -0.016188
v 0.054132 1.599084 -0.053241
v 0.058887 1.583694 -0.052130
v 0.042044 1.582035 -0.068075
v 0.038159 1.597457 -0.067038
v -0.000173 1.580501 -0.073004
v -0.000173 1.597525 -0.072172
v -0.000173 1.616967 -0.073458
v 0.051733 1.617588 -0.055210
v 0.036160 1.616272 -0.067473
v -0.000173 1.639145 -0.077020
v 0.035393 1.638527 -0.070398
v -0.000173 1.663968 -0.080503
v 0.051472 1.639403 -0.059060
v 0.063431 1.621217 -0.021071
v 0.064048 1.610355 -0.007942
v 0.065256 1.599487 0.001564
v 0.070764 1.597037 0.002435
v 0.072582 1.606853 -0.007446
v 0.074576 1.610324 -0.005386
v 0.075189 1.623529 -0.016181
v 0.067471 1.624847 -0.016088
v 0.074356 1.621709 -0.005383
v 0.077987 1.624568 -0.012825
v 0.075109 1.635026 -0.008300
v 0.079065 1.637804 -0.018160
v 0.076791 1.648722 -0.013377
v 0.060526 1.646292 -0.000386
v 0.064090 1.655404 0.011436
v 0.054706 1.679942 0.042201
v 0.076251 1.637187 -0.021423
v 0.069286 1.655673 0.001073
v 0.069256 1.640046 -0.021076
v 0.076690 1.648690 -0.022367
v 0.065535 1.640266 -0.027315
v 0.072418 1.656426 -0.018821
v 0.080145 1.648436 -0.019790
v 0.069196 1.662317 -0.025493
v 0.070948 1.663778 -0.011249
v 0.077643 1.661062 -0.016883
v 0.078462 1.656709 -0.020968
v 0.081049 1.655390 -0.019051
v 0.080055 1.660618 -0.014097
v 0.076257 1.658772 -0.007478
v 0.075981 1.663034 -0.011610
v 0.072875 1.662349 -0.006043
v 0.067703 1.662053 0.000134
v 0.060968 1.685164 0.026424
v 0.064948 1.691017 0.011748
v 0.055256 1.702098 0.034907
v 0.058719 1.709605 0.021164
v 0.067728 1.694460 -0.005621
v 0.061583 1.713652 0.000753
v 0.068729 1.689536 -0.024395
v 0.062606 1.713431 -0.022357
v 0.049782 1.731765 0.007870
v 0.050647 1.730066 -0.019453
v 0.050688 1.710372 -0.054493
v 0.052669 1.688817 -0.060536
v 0.035347 1.711499 -0.064504
v 0.052247 1.664434 -0.061743
v 0.036154 1.688528 -0.071784
v 0.035517 1.663921 -0.073052
v -0.000173 1.688468 -0.079032
v -0.000173 1.712750 -0.071084
v 0.032967 1.741762 -0.019912
v -0.000173 1.749679 -0.020895
v -0.000173 1.752135 0.014903
v 0.032114 1.744802 0.011898
v -0.000173 1.743418 0.047184
v 0.047683 1.726029 0.031084
v 0.030450 1.737218 0.042661
v -0.000173 1.732003 0.066401
v 0.046898 1.716792 0.043698
v 0.025082 1.729066 0.061057
v -0.000173 1.703270 0.085457
v 0.007827 1.703108 0.085019
v -0.000174 1.689891 0.089581
v 0.024768 1.716915 0.071968
v 0.045656 1.707840 0.053899
v 0.026013 1.704406 0.078850
v 0.007274 1.688794 0.089458
v 0.010368 1.670642 0.093302
v -0.000174 1.671247 0.092639
v -0.000173 1.658981 0.092187
v 0.050540 1.695312 0.048569
v 0.044597 1.699590 0.061068
v 0.043431 1.690494 0.066708
v 0.025954 1.692850 0.083146
v 0.025921 1.676883 0.088015
v 0.041552 1.677128 0.076546
v 0.050578 1.667322 0.060576
v 0.056452 1.647205 0.054008
v 0.053569 1.638444 0.067857
v 0.013611 1.665754 0.093141
v 0.026510 1.671574 0.089212
v 0.041125 1.672335 0.080529
v 0.049622 1.664543 0.067566
v 0.052725 1.647873 0.063050
v 0.038234 1.650412 0.076592
v 0.033069 1.648425 0.079886
v 0.039459 1.651899 0.075704
v 0.029028 1.648105 0.080912
v 0.040291 1.656061 0.078411
v 0.038446 1.655530 0.076987
v 0.034702 1.657411 0.079950
v 0.035624 1.658878 0.082000
v 0.028436 1.658258 0.081918
v 0.028249 1.659700 0.084847
v 0.020900 1.657277 0.084392
v 0.021264 1.656440 0.081513
v 0.018416 1.653117 0.080968
v 0.017072 1.653151 0.082868
v 0.018473 1.651893 0.080905
v 0.009129 1.657222 0.089353
v 0.011141 1.643622 0.090113
v -0.000173 1.648677 0.095571
v -0.000173 1.637537 0.104087
v 0.018209 1.650236 0.081824
v 0.020364 1.648863 0.080823
v 0.017246 1.637740 0.089692
v 0.015870 1.632872 0.094013
v 0.015989 1.624506 0.098743
v -0.000174 1.621200 0.111741
v 0.021709 1.619705 0.090780
v 0.010177 1.614652 0.097521
v -0.000173 1.614551 0.101259
v -0.000174 1.612604 0.100053
v -0.000175 1.610121 0.100652
v 0.010467 1.610312 0.099268
v -0.000173 1.599285 0.104324
v 0.011800 1.600411 0.101159
v -0.000173 1.598023 0.103210
v 0.028229 1.596180 0.090882
v 0.011868 1.598597 0.100359
v 0.027395 1.594517 0.090911
v 0.031185 1.592937 0.087841
v 0.029825 1.592631 0.088323
v 0.028613 1.592601 0.087715
v 0.030315 1.592107 0.087499
v -0.027716 1.654312 -0.082907
v -0.000173 1.653391 -0.090398
v -0.000173 1.654114 -0.084517
v -0.025987 1.654944 -0.077761
v -0.000173 1.654267 -0.083271
v -0.025621 1.655079 -0.076667
v -0.056417 1.656251 -0.067127
v -0.053038 1.656797 -0.062680
v -0.052322 1.656913 -0.061735
v -0.066401 1.660335 -0.033868
v -0.065414 1.660388 -0.033435
v -0.071063 1.660084 -0.035915
v -0.068596 1.663487 -0.008195
v -0.067615 1.663616 -0.007146
v -0.071042 1.661422 -0.036057
v -0.073195 1.664217 -0.013301
v -0.056443 1.657585 -0.067295
v -0.073226 1.662880 -0.013138
v -0.065128 1.666845 0.019154
v -0.064209 1.666820 0.018947
v -0.069463 1.666965 0.020128
v -0.070847 1.674631 -0.037463
v -0.051490 1.671680 0.058526
v -0.050688 1.671610 0.057963
v -0.041094 1.674435 0.080967
v -0.055277 1.672006 0.061188
v -0.041608 1.674567 0.082041
v -0.056681 1.670770 -0.068903
v -0.000173 1.654716 -0.090512
v -0.000173 1.667963 -0.091680
v -0.057004 1.688607 -0.071068
v -0.000173 1.685906 -0.093073
v -0.070583 1.692502 -0.039345
v -0.057902 1.714080 -0.074217
v -0.000173 1.714702 -0.095349
v -0.071092 1.722458 -0.042852
v -0.057805 1.735093 -0.076815
v -0.000173 1.738457 -0.097228
v -0.072905 1.677403 -0.014901
v -0.072511 1.695238 -0.017065
v -0.057161 1.756589 -0.079429
v -0.000173 1.757766 -0.098539
v -0.000173 1.781828 -0.100172
v -0.057233 1.783376 -0.082688
v -0.000173 1.805962 -0.053643
v -0.067937 1.771185 -0.048133
v -0.070587 1.747168 -0.045745
v -0.072388 1.727910 -0.019283
v -0.069230 1.699247 0.015589
v -0.065441 1.801114 -0.051109
v -0.071210 1.754861 -0.021113
v -0.066087 1.803667 -0.026124
v -0.000173 1.808296 -0.022151
v -0.068443 1.776590 -0.023344
v -0.063662 1.797737 0.000874
v -0.000173 1.801981 0.009442
v -0.065017 1.776805 0.005135
v -0.066911 1.760009 0.008553
v -0.068913 1.732544 0.011733
v -0.000173 1.782041 0.013580
v -0.045009 1.733357 0.080196
v 0.063315 1.797737 0.000874
v 0.065740 1.803667 -0.026124
v -0.000173 1.808296 -0.022151
v 0.065093 1.801114 -0.051109
v -0.000173 1.805962 -0.053643
v -0.000173 1.781828 -0.100172
v 0.068096 1.776590 -0.023344
v 0.064670 1.776805 0.005135
v 0.056886 1.783376 -0.082688
v -0.000173 1.757766 -0.098539
v 0.067590 1.771185 -0.048133
v 0.056814 1.756589 -0.079429
v 0.070863 1.754861 -0.021113
v -0.000173 1.766039 0.016902
v 0.057458 1.735093 -0.076815
v -0.000173 1.738457 -0.097228
v -0.000173 1.714702 -0.095349
v 0.070240 1.747168 -0.045745
v 0.066564 1.760009 0.008553
v -0.000173 1.758199 0.085850
v -0.044970 1.754674 0.077954
v -0.000173 1.735866 0.089226
v 0.044623 1.754674 0.077954
v 0.044662 1.733357 0.080196
v 0.068566 1.732544 0.011733
v 0.072041 1.727910 -0.019283
v 0.070746 1.722458 -0.042852
v -0.045056 1.707514 0.082912
v -0.000173 1.708792 0.093319
v 0.044709 1.707514 0.082912
v 0.068883 1.699247 0.015589
v -0.000173 1.691014 0.095901
v -0.069358 1.681457 0.018090
v -0.044245 1.689660 0.084930
v -0.069452 1.668305 0.019939
v -0.044041 1.676522 0.086908
v 0.043898 1.689660 0.084930
v -0.044036 1.675189 0.087109
v -0.000173 1.677931 0.098294
v -0.000173 1.676594 0.098542
v -0.000173 1.675872 0.092661
v -0.000173 1.675719 0.091415
v 0.040746 1.674435 0.080967
v 0.043694 1.676522 0.086908
v 0.041262 1.674567 0.082041
v 0.051143 1.671680 0.058526
v 0.050340 1.671610 0.057963
v 0.063862 1.666820 0.018947
v 0.069010 1.681457 0.018090
v 0.069106 1.668305 0.019939
v 0.064780 1.666845 0.019154
v 0.067268 1.663616 -0.007146
v 0.072558 1.677403 -0.014901
v 0.069116 1.666965 0.020128
v 0.054930 1.672006 0.061188
v 0.068249 1.663487 -0.008195
v 0.065067 1.660388 -0.033435
v 0.072879 1.662880 -0.013138
v 0.066055 1.660335 -0.033868
v 0.051974 1.656913 -0.061735
v 0.072848 1.664217 -0.013301
v 0.072164 1.695238 -0.017065
v 0.070236 1.692502 -0.039345
v 0.052691 1.656797 -0.062680
v 0.025273 1.655079 -0.076667
v 0.070715 1.660084 -0.035915
v 0.070500 1.674631 -0.037463
v 0.057555 1.714080 -0.074217
v 0.056657 1.688607 -0.071068
v -0.000173 1.685906 -0.093073
v -0.000173 1.667963 -0.091680
v 0.056070 1.656251 -0.067127
v 0.070695 1.661422 -0.036057
v 0.056334 1.670770 -0.068903
v 0.056096 1.657585 -0.067295
v -0.000173 1.654716 -0.090512
v 0.025639 1.654944 -0.077761
v -0.000173 1.654267 -0.083271
v 0.027369 1.654312 -0.082907
v -0.000173 1.654114 -0.084517
v -0.000173 1.653391 -0.090398
v -0.022552 1.704898 0.091735
v -0.000173 1.704807 0.097865
v -0.000173 1.705243 0.094518
v -0.023355 1.704422 0.094972
v -0.043904 1.703889 0.083548
v -0.000173 1.699442 0.098601
v -0.045982 1.703215 0.085837
v -0.055735 1.700694 0.057527
v -0.023363 1.699054 0.095667
v -0.058717 1.699820 0.058861
v -0.064554 1.697571 0.032093
v -0.023365 1.698147 0.095784
v -0.000173 1.698536 0.098726
v -0.000173 1.697532 0.096662
v -0.045999 1.697845 0.086492
v -0.067600 1.696673 0.033272
v -0.069358 1.695686 0.016708
v -0.022850 1.697152 0.093783
v -0.000173 1.696608 0.098986
v -0.046002 1.696937 0.086604
v -0.058637 1.694450 0.059534
v -0.072502 1.694808 0.017618
v -0.071633 1.694040 0.003332
v -0.023368 1.696219 0.096032
v -0.000173 1.686232 0.100418
v -0.044986 1.695971 0.084803
v -0.058624 1.693543 0.059647
v -0.067532 1.691303 0.033941
v -0.074865 1.693151 0.003840
v -0.072905 1.691631 -0.016282
v -0.067520 1.690396 0.034053
v -0.057319 1.692654 0.058447
v -0.072520 1.689433 0.018249
v -0.076156 1.690692 -0.016214
v -0.070847 1.688861 -0.038846
v -0.072524 1.688525 0.018356
v -0.074918 1.687775 0.004457
v -0.073943 1.687793 -0.039548
v -0.056681 1.684999 -0.070285
v -0.046008 1.695011 0.086839
v -0.066019 1.689577 0.033421
v -0.058599 1.691622 0.059888
v -0.046043 1.684614 0.088108
v -0.074927 1.686867 0.004561
v -0.076212 1.685313 -0.015631
v -0.023386 1.685832 0.097381
v -0.000173 1.684750 0.098421
v -0.022872 1.684356 0.095443
v -0.000173 1.683446 0.100797
v -0.076221 1.684404 -0.015532
v -0.073271 1.686123 0.004580
v -0.074536 1.683715 -0.015069
v -0.070917 1.687746 0.018069
v -0.067500 1.688475 0.034293
v -0.058438 1.681230 0.061192
v -0.045028 1.683163 0.086366
v -0.072529 1.686599 0.018584
v -0.067361 1.678081 0.035589
v -0.074944 1.684940 0.004784
v -0.023390 1.683042 0.097741
v -0.057125 1.679852 0.060052
v -0.072566 1.676197 0.019804
v -0.023397 1.678446 0.098336
v -0.000173 1.678852 0.101427
v -0.000173 1.676594 0.098542
v -0.022602 1.676223 0.095521
v -0.046066 1.677221 0.089011
v -0.044003 1.675189 0.087109
v -0.046051 1.681818 0.088450
v -0.058332 1.673835 0.062119
v -0.055277 1.672006 0.061188
v -0.058400 1.678432 0.061542
v -0.067271 1.670686 0.036510
v -0.064162 1.668881 0.035731
v -0.065853 1.676774 0.035018
v -0.072590 1.668797 0.020674
v -0.069463 1.666965 0.020128
v -0.067329 1.675283 0.035937
v -0.070961 1.674931 0.019574
v -0.075121 1.667132 0.006824
v -0.071937 1.665312 0.006666
v -0.072575 1.673398 0.020134
v -0.075051 1.674532 0.005973
v -0.076425 1.664655 -0.013390
v -0.073226 1.662880 -0.013138
v -0.073399 1.673304 0.006047
v -0.075075 1.671735 0.006296
v -0.076238 1.682475 -0.015320
v -0.076352 1.672060 -0.014197
v -0.074672 1.670886 -0.013682
v -0.072350 1.680875 -0.037930
v -0.073999 1.679570 -0.038708
v -0.073987 1.681499 -0.038908
v -0.076378 1.669261 -0.013889
v -0.074074 1.669147 -0.037658
v -0.057509 1.676926 -0.069832
v -0.073981 1.682410 -0.039001
v -0.072441 1.668035 -0.036631
v -0.074092 1.666344 -0.037369
v -0.058802 1.675534 -0.071326
v -0.058709 1.665119 -0.070197
v -0.058816 1.677459 -0.071539
v -0.058869 1.683747 -0.072225
v -0.027852 1.683085 -0.085832
v -0.058823 1.678369 -0.071638
v -0.028976 1.681754 -0.088702
v -0.000173 1.682192 -0.093061
v -0.028949 1.675462 -0.088061
v -0.028308 1.674972 -0.085990
v -0.000173 1.680880 -0.096099
v 0.027504 1.683085 -0.085832
v -0.028953 1.676371 -0.088153
v -0.028941 1.673534 -0.087859
v 0.028629 1.681754 -0.088702
v 0.056334 1.684999 -0.070285
v -0.000173 1.674110 -0.093282
v -0.000173 1.675492 -0.095600
v -0.000173 1.674581 -0.095515
v 0.058522 1.683747 -0.072225
v 0.070500 1.688861 -0.038846
v 0.028602 1.675462 -0.088061
v 0.028606 1.676371 -0.088153
v 0.073595 1.687793 -0.039548
v 0.072558 1.691631 -0.016282
v 0.058476 1.678368 -0.071638
v 0.058469 1.677459 -0.071539
v 0.027960 1.674972 -0.085990
v 0.075809 1.690693 -0.016214
v 0.071286 1.694040 0.003332
v 0.073633 1.682410 -0.039001
v 0.073640 1.681500 -0.038908
v 0.074518 1.693151 0.003840
v 0.069010 1.695686 0.016708
v 0.075864 1.685313 -0.015631
v 0.072155 1.694808 0.017618
v 0.064208 1.697571 0.032093
v -0.000173 1.672650 -0.095328
v 0.057162 1.676926 -0.069832
v 0.075874 1.684404 -0.015532
v 0.074571 1.687775 0.004457
v 0.067253 1.696673 0.033272
v 0.055388 1.700694 0.057527
v 0.028594 1.673534 -0.087859
v -0.028894 1.663111 -0.086807
v 0.074579 1.686867 0.004561
v 0.072172 1.689433 0.018249
v 0.058370 1.699820 0.058861
v 0.043556 1.703889 0.083548
v -0.000173 1.662219 -0.094375
v -0.057398 1.664097 -0.068437
v -0.028251 1.662134 -0.084688
v 0.072176 1.688525 0.018356
v 0.045635 1.703215 0.085837
v 0.022205 1.704898 0.091735
v -0.058687 1.662317 -0.069888
v 0.023007 1.704422 0.094972
v -0.000173 1.705243 0.094518
v -0.000173 1.704807 0.097865
v 0.023016 1.699054 0.095667
v -0.000173 1.699442 0.098601
v 0.045652 1.697845 0.086492
v 0.023018 1.698147 0.095784
v -0.000173 1.698536 0.098726
v 0.058291 1.694450 0.059534
v 0.022503 1.697152 0.093783
v -0.000173 1.697532 0.096662
v 0.045655 1.696937 0.086604
v 0.067184 1.691303 0.033941
v 0.044639 1.695971 0.084803
v 0.058277 1.693543 0.059647
v 0.067173 1.690396 0.034053
v 0.023021 1.696219 0.096032
v -0.000173 1.696608 0.098986
v 0.056972 1.692654 0.058447
v 0.045661 1.695011 0.086839
v 0.023039 1.685832 0.097381
v -0.000173 1.686232 0.100418
v 0.058252 1.691622 0.059888
v 0.065672 1.689577 0.033421
v 0.022525 1.684356 0.095443
v -0.000173 1.684750 0.098421
v 0.045696 1.684614 0.088108
v 0.067152 1.688475 0.034293
v 0.023042 1.683042 0.097741
v -0.000173 1.683446 0.100797
v -0.000173 1.678852 0.101427
v 0.044681 1.683163 0.086366
v 0.045703 1.681818 0.088450
v 0.023050 1.678446 0.098336
v 0.022255 1.676223 0.095521
v -0.000173 1.676594 0.098542
v 0.043656 1.675189 0.087109
v 0.045718 1.677220 0.089011
v 0.054930 1.672006 0.061188
v 0.058053 1.678432 0.061542
v 0.057985 1.673835 0.062119
v 0.063815 1.668880 0.035731
v 0.056778 1.679852 0.060052
v 0.066923 1.670686 0.036510
v 0.069116 1.666965 0.020128
v 0.066982 1.675283 0.035937
v 0.058091 1.681230 0.061192
v 0.072243 1.668796 0.020674
v 0.071590 1.665312 0.006666
v 0.065506 1.676774 0.035018
v 0.067014 1.678081 0.035589
v 0.072227 1.673398 0.020134
v 0.074773 1.667132 0.006824
v 0.072879 1.662880 -0.013138
v 0.070614 1.674931 0.019574
v 0.074728 1.671735 0.006296
v 0.072219 1.676197 0.019804
v 0.076079 1.664655 -0.013390
v 0.070715 1.660084 -0.035915
v 0.073051 1.673304 0.006047
v 0.076031 1.669261 -0.013889
v 0.073777 1.661735 -0.036900
v 0.056070 1.656251 -0.067127
v 0.073745 1.666344 -0.037369
v 0.074325 1.670886 -0.013682
v 0.058301 1.657712 -0.069386
v 0.027369 1.654312 -0.082907
v 0.058340 1.662317 -0.069888
v 0.028516 1.655701 -0.086048
v -0.000173 1.653393 -0.090398
v 0.074703 1.674533 0.005973
v 0.072094 1.668036 -0.036631
v 0.028536 1.660309 -0.086517
v -0.000173 1.654802 -0.093678
v -0.027716 1.654312 -0.082907
v 0.076004 1.672060 -0.014197
v 0.057050 1.664097 -0.068437
v -0.000173 1.659416 -0.094107
v -0.028863 1.655701 -0.086048
v -0.056417 1.656251 -0.067127
v 0.073727 1.669147 -0.037658
v 0.027904 1.662134 -0.084688
v -0.028883 1.660310 -0.086517
v -0.058647 1.657712 -0.069386
v -0.071063 1.660084 -0.035915
v 0.058362 1.665119 -0.070197
v -0.000173 1.661262 -0.092098
v -0.074124 1.661735 -0.036900
v 0.028547 1.663111 -0.086807
v 0.058454 1.675533 -0.071326
v 0.073651 1.679570 -0.038708
v 0.072003 1.680875 -0.037930
v 0.074189 1.683715 -0.015069
v 0.075892 1.682475 -0.015320
v 0.072924 1.686123 0.004580
v 0.074597 1.684940 0.004784
v 0.070571 1.687745 0.018069
v 0.072182 1.686600 0.018584
v 0.065062 1.605549 0.029243
v 0.064253 1.609978 0.036287
v 0.063913 1.604091 0.039264
v 0.066063 1.613154 0.028212
v 0.066108 1.607842 0.023444
v 0.062843 1.623838 0.035310
v 0.066465 1.615584 0.023419
v 0.066911 1.610583 0.018414
v 0.066586 1.616999 0.017755
v 0.064770 1.625497 0.028641
v 0.060544 1.635538 0.038388
v 0.065422 1.626884 0.021796
v 0.065392 1.626479 0.014482
v 0.063807 1.637396 0.029030
v 0.064527 1.639677 0.020905
v 0.064114 1.640030 0.014022
v 0.063930 1.651211 0.010540
v 0.063632 1.647057 0.030915
v 0.058224 1.644491 0.041633
v 0.065683 1.655365 0.018505
v 0.069748 1.663625 0.005399
v 0.065416 1.658717 0.002626
v 0.065895 1.661298 -0.009689
v 0.064821 1.654410 0.035827
v 0.055533 1.654668 0.048101
v 0.067839 1.663082 0.023935
v 0.060965 1.667387 0.039586
v 0.053921 1.661669 0.055800
v 0.053953 1.669654 0.053646
v 0.057277 1.679841 0.040766
v 0.051696 1.684974 0.051736
v 0.067255 1.673001 0.026201
v 0.071702 1.671257 0.009105
v 0.069098 1.667032 -0.010672
v 0.070157 1.673946 -0.010599
v 0.068756 1.645423 -0.025846
v 0.066717 1.622565 -0.022818
v 0.068264 1.667368 -0.029797
v 0.056604 1.693715 0.043052
v 0.062986 1.687161 0.029430
v 0.068634 1.682168 0.012305
v 0.070071 1.688149 -0.004260
v 0.066279 1.701066 0.003861
v 0.069999 1.689037 -0.018827
v 0.065075 1.694942 0.016481
v 0.060890 1.699694 0.034629
v 0.062358 1.706811 0.024295
v 0.059249 1.706414 0.043323
v 0.054505 1.698634 0.049702
v 0.050240 1.689641 0.056270
v 0.054406 1.713334 0.052803
v 0.049785 1.704175 0.058297
v 0.047362 1.694517 0.062599
v 0.045439 1.718192 0.067949
v 0.042540 1.706024 0.071811
v 0.040438 1.696793 0.073373
v 0.030157 1.720660 0.080203
v 0.026911 1.705163 0.085427
v 0.026837 1.695325 0.084366
v 0.013514 1.721014 0.086064
v 0.011570 1.703056 0.090143
v -0.000173 1.721143 0.087859
v 0.011085 1.692266 0.088344
v -0.000173 1.699641 0.091807
v -0.000173 1.687313 0.090920
v -0.002245 1.586002 -0.079715
v 0.025895 1.564062 -0.092925
v -0.002868 1.565104 -0.100188
v 0.023249 1.587394 -0.075499
v 0.065700 1.570810 -0.062586
v -0.000068 1.603947 -0.077182
v 0.055974 1.588507 -0.061509
v 0.076933 1.580810 -0.040588
v 0.067471 1.598847 -0.037644
v 0.078611 1.594027 -0.024846
v 0.055027 1.603003 -0.062214
v 0.066455 1.614737 -0.041388
v 0.020266 1.603313 -0.074108
v 0.053324 1.631191 -0.066173
v 0.066588 1.642624 -0.048051
v 0.022143 1.630041 -0.080733
v -0.000180 1.629934 -0.084539
v -0.000305 1.657608 -0.085053
v 0.022545 1.658311 -0.081180
v 0.049253 1.662646 -0.069588
v 0.061437 1.669838 -0.054047
v 0.066505 1.682360 -0.041379
v 0.067742 1.697093 -0.029308
v -0.064633 1.609624 0.036625
v -0.065568 1.603818 0.030042
v -0.064222 1.603680 0.039639
v -0.066712 1.611310 0.029079
v -0.066687 1.604845 0.024192
v -0.063237 1.623644 0.035303
v -0.067480 1.612614 0.024025
v -0.067868 1.606325 0.019339
v -0.067946 1.613412 0.019413
v -0.065407 1.624168 0.028951
v -0.066491 1.624133 0.022508
v -0.066794 1.622480 0.015562
v -0.065083 1.636043 0.014066
v -0.064222 1.636886 0.029230
v -0.060892 1.635538 0.038388
v -0.065221 1.637632 0.021421
v -0.064449 1.648964 0.011158
v -0.063979 1.647055 0.030915
v -0.058571 1.644491 0.041633
v -0.066057 1.654784 0.018667
v -0.065921 1.656924 0.003158
v -0.063326 1.654326 0.035286
v -0.055880 1.654668 0.048100
v -0.070229 1.662615 0.005699
v -0.066683 1.659260 -0.008839
v -0.061312 1.667387 0.039586
v -0.054268 1.661669 0.055800
v -0.054298 1.669654 0.053646
v -0.068186 1.663081 0.023935
v -0.057625 1.679841 0.040766
v -0.052043 1.684974 0.051736
v -0.067603 1.672999 0.026201
v -0.072051 1.671250 0.009108
v -0.070019 1.665703 -0.010192
v -0.070534 1.673531 -0.010478
v -0.068307 1.646336 -0.026993
v -0.065512 1.625083 -0.021599
v -0.068300 1.668079 -0.029913
v -0.056951 1.693715 0.043052
v -0.063334 1.687161 0.029430
v -0.068982 1.682168 0.012305
v -0.070419 1.688149 -0.004260
v -0.070348 1.689037 -0.018828
v -0.054852 1.698634 0.049702
v -0.050587 1.689641 0.056270
v -0.050132 1.704175 0.058297
v -0.047708 1.694517 0.062599
v -0.042887 1.706024 0.071811
v -0.040785 1.696793 0.073373
v -0.027258 1.705163 0.085427
v -0.027184 1.695325 0.084366
v -0.011918 1.703056 0.090143
v -0.011431 1.692266 0.088344
v -0.000173 1.699641 0.091807
v -0.000173 1.687313 0.090920
v -0.000173 1.721143 0.087859
v -0.013861 1.721014 0.086064
v -0.030504 1.720660 0.080203
v -0.045787 1.718192 0.067949
v -0.054753 1.713334 0.052803
v -0.059596 1.706413 0.043323
v -0.061238 1.699694 0.034629
v -0.059650 1.715049 0.033103
v -0.062705 1.706811 0.024296
v -0.065423 1.694942 0.016482
v -0.062447 1.714108 0.013032
v -0.066626 1.701066 0.003861
v -0.068675 1.707189 -0.007814
v -0.068089 1.697094 -0.029307
v -0.068499 1.712997 -0.019597
v -0.066845 1.682407 -0.041389
v -0.061538 1.670959 -0.054218
v -0.066023 1.646918 -0.048714
v -0.049554 1.663381 -0.069853
v -0.053237 1.635503 -0.067049
v -0.022899 1.658625 -0.081412
v -0.064478 1.620842 -0.043329
v -0.022393 1.630984 -0.080891
v -0.000305 1.657608 -0.085053
v -0.000180 1.629934 -0.084539
v -0.063423 1.603157 -0.038644
v -0.076659 1.598056 -0.009522
v -0.075024 1.583998 -0.033094
v -0.052031 1.608612 -0.063193
v -0.020259 1.604920 -0.075107
v -0.000068 1.603947 -0.077182
v -0.002245 1.586002 -0.079715
v -0.051322 1.592754 -0.062136
v -0.066999 1.572773 -0.064669
v -0.024706 1.565863 -0.092380
v -0.002868 1.565104 -0.100188
v -0.022435 1.589298 -0.076596
v 0.057807 1.547885 0.003182
v 0.069520 1.555220 -0.048203
v 0.064171 1.569987 -0.050411
v 0.075941 1.541938 -0.045234
v 0.061162 1.569732 -0.002285
v 0.058887 1.583694 -0.052130
v 0.062293 1.586942 -0.009256
v 0.060401 1.584695 0.005739
v 0.058786 1.568406 0.014925
v 0.056046 1.559141 0.029596
v 0.045822 1.547312 0.043402
v 0.056553 1.522148 0.009686
v 0.067522 1.511300 0.013738
v 0.086959 1.530615 -0.039132
v 0.078719 1.500402 0.024735
v 0.103353 1.518049 -0.027880
v 0.132014 1.496111 -0.003788
v 0.032825 1.519345 0.046252
v 0.031833 1.538531 0.057979
v 0.053926 1.504520 0.026886
v 0.026394 1.505106 0.063471
v 0.021160 1.517676 0.054845
v 0.015279 1.531518 0.071100
v 0.011026 1.515776 0.062940
v -0.000172 1.529953 0.076666
v -0.000169 1.514914 0.066697
v 0.014903 1.505813 0.067782
v 0.007196 1.504684 0.068736
v -0.000162 1.503345 0.069480
v 0.007208 1.495607 0.082238
v 0.000013 1.493663 0.083390
v -0.000059 1.486668 0.099125
v 0.019789 1.493969 0.083038
v 0.014554 1.487657 0.105104
v -0.000096 1.469337 0.123068
v 0.015029 1.470505 0.125394
v 0.059618 1.493698 0.052987
v 0.055569 1.487231 0.092583
v 0.056917 1.471548 0.119564
v 0.102052 1.467312 0.092672
v 0.105470 1.490643 0.042192
v 0.097029 1.484475 0.071685
v 0.121274 1.465355 0.074433
v 0.094554 1.488980 0.055158
v 0.113719 1.484625 0.057930
v 0.145399 1.493097 0.007523
v 0.160455 1.482922 0.020931
v -0.204514 0.048925 0.158480
v -0.179782 0.072381 0.169161
v -0.205031 0.087077 0.172664
v -0.228281 0.073425 0.164168
v -0.160140 0.048932 0.163020
v -0.248536 0.045787 0.148325
v -0.202921 0.006660 0.130563
v -0.144389 0.007820 0.137698
v -0.260803 0.007384 0.121400
v -0.136158 0.007174 0.087102
v -0.200016 0.006082 0.078118
v -0.268354 0.006762 0.069230
v -0.134775 0.006649 0.045173
v -0.195727 0.005718 0.035637
v -0.261277 0.006473 0.026115
v -0.143671 0.006527 0.000564
v -0.190662 0.005716 -0.008692
v -0.242886 0.006615 -0.017670
v -0.147238 0.006587 -0.046515
v -0.186589 0.005750 -0.053421
v -0.226060 0.006723 -0.059216
v -0.154740 0.006454 -0.089111
v -0.208211 0.006714 -0.090408
v -0.182406 0.006640 -0.101422
v 0.154740 0.006454 -0.089111
v 0.182406 0.006640 -0.101422
v 0.186589 0.005750 -0.053421
v 0.208211 0.006714 -0.090408
v 0.226060 0.006723 -0.059216
v 0.147238 0.006587 -0.046515
v 0.242886 0.006615 -0.017670
v 0.190662 0.005716 -0.008692
v 0.143671 0.006527 0.000564
v 0.261277 0.006473 0.026115
v 0.195727 0.005718 0.035637
v 0.134775 0.006649 0.045173
v 0.268354 0.006762 0.069230
v 0.200016 0.006082 0.078118
v 0.136158 0.007174 0.087102
v 0.260803 0.007384 0.121400
v 0.202921 0.006660 0.130563
v 0.144389 0.007820 0.137698
v 0.248536 0.045787 0.148325
v 0.160140 0.048932 0.163020
v 0.204514 0.048925 0.158480
v 0.228281 0.073425 0.164168
v 0.179782 0.072381 0.169161
v 0.205031 0.087077 0.172664
v 0.027750 1.658053 0.082009
v 0.026905 1.667127 0.076500
v 0.022054 1.665807 0.077129
v 0.029220 1.657809 0.081851
v 0.028015 1.653679 0.082406
v 0.031820 1.666312 0.075859
v 0.026318 1.657614 0.082166
v 0.018069 1.662534 0.077633
v 0.030506 1.656932 0.081715
v 0.036104 1.663481 0.075279
v 0.025146 1.656567 0.082296
v 0.015521 1.657929 0.077918
v 0.031407 1.655555 0.081619
v 0.039052 1.659130 0.074840
v 0.024402 1.655081 0.082382
v 0.014809 1.652753 0.077931
v 0.031782 1.653899 0.081582
v 0.024200 1.653402 0.082407
v 0.031574 1.652221 0.081602
v 0.040220 1.653962 0.074616
v 0.016028 1.647735 0.077671
v 0.039468 1.648765 0.074631
v 0.024568 1.651783 0.082363
v 0.019039 1.643435 0.076937
v 0.030815 1.650774 0.081684
v 0.036916 1.644310 0.074749
v 0.025459 1.650455 0.082264
v 0.023228 1.640936 0.076085
v 0.029631 1.649773 0.081808
v 0.032936 1.641279 0.074916
v 0.026733 1.649605 0.082123
v 0.028129 1.640112 0.075365
v 0.028197 1.649363 0.081966
v -0.026666 1.657614 0.082166
v -0.022400 1.665807 0.077129
v -0.027253 1.667127 0.076500
v -0.028097 1.658053 0.082009
v -0.028362 1.653679 0.082406
v -0.032167 1.666312 0.075859
v -0.025494 1.656567 0.082296
v -0.018417 1.662534 0.077633
v -0.029567 1.657809 0.081851
v -0.036451 1.663481 0.075279
v -0.024749 1.655081 0.082382
v -0.015867 1.657929 0.077918
v -0.030853 1.656932 0.081715
v -0.039399 1.659130 0.074840
v -0.024547 1.653402 0.082407
v -0.015156 1.652753 0.077931
v -0.031754 1.655555 0.081619
v -0.024916 1.651783 0.082363
v -0.032129 1.653899 0.081582
v -0.040566 1.653962 0.074616
v -0.016375 1.647735 0.077671
v -0.039816 1.648765 0.074631
v -0.025806 1.650455 0.082264
v -0.019387 1.643435 0.076937
v -0.031921 1.652221 0.081602
v -0.037263 1.644310 0.074749
v -0.027080 1.649605 0.082123
v -0.023575 1.640936 0.076085
v -0.031163 1.650774 0.081684
v -0.033283 1.641279 0.074916
v -0.028544 1.649363 0.081966
v -0.028477 1.640112 0.075365
v -0.029978 1.649773 0.081808
vt 0.000000 1.000000
vt 0.000000 1.000000
vt 0.515137 0.109863
vt 0.513184 0.109863
vt 0.515625 0.108398
vt 0.515625 0.108398
vt 0.513672 0.106934
vt 0.515625 0.106934
vt 0.353516 0.693115
vt 0.349854 0.677002
vt 0.349854 0.678223
vt 0.566895 0.075684
vt 0.556641 0.071289
vt 0.566406 0.064941
vt 0.574707 0.075195
vt 0.574707 0.083984
vt 0.567383 0.085449
vt 0.556641 0.081543
vt 0.574707 0.090332
vt 0.567871 0.091797
vt 0.558105 0.090332
vt 0.583008 0.083984
vt 0.583496 0.089355
vt 0.575195 0.066895
vt 0.583984 0.077148
vt 0.575684 0.062012
vt 0.583984 0.069336
vt 0.569336 0.061035
vt 0.570312 0.057617
vt 0.557129 0.063477
vt 0.568359 0.096680
vt 0.574219 0.096191
vt 0.587891 0.090820
vt 0.588379 0.084473
vt 0.583008 0.096191
vt 0.560547 0.097656
vt 0.568359 0.100098
vt 0.574707 0.099121
vt 0.559082 0.093750
vt 0.554688 0.098145
vt 0.553711 0.094727
vt 0.562012 0.100586
vt 0.552246 0.091309
vt 0.557129 0.086914
vt 0.575684 0.102051
vt 0.583008 0.101562
vt 0.568359 0.103027
vt 0.550293 0.097656
vt 0.555664 0.101074
vt 0.549316 0.095215
vt 0.563477 0.103027
vt 0.550781 0.087402
vt 0.548828 0.091309
vt 0.541992 0.095215
vt 0.542969 0.098145
vt 0.541504 0.091797
vt 0.550293 0.100098
vt 0.543457 0.099609
vt 0.550781 0.103516
vt 0.543945 0.101562
vt 0.543457 0.103027
vt 0.548340 0.103516
vt 0.546387 0.087402
vt 0.541016 0.089355
vt 0.557129 0.103516
vt 0.545410 0.082520
vt 0.539062 0.087891
vt 0.539062 0.083496
vt 0.563477 0.107910
vt 0.545898 0.104980
vt 0.545410 0.103516
vt 0.556641 0.108398
vt 0.550293 0.107910
vt 0.545410 0.107422
vt 0.548828 0.112305
vt 0.545410 0.109863
vt 0.544922 0.111328
vt 0.546387 0.112305
vt 0.541504 0.113281
vt 0.541992 0.114746
vt 0.542480 0.117188
vt 0.556641 0.112305
vt 0.563477 0.112305
vt 0.549316 0.116699
vt 0.549316 0.120605
vt 0.542480 0.119629
vt 0.541992 0.121582
vt 0.546875 0.121094
vt 0.547363 0.122070
vt 0.569336 0.110840
vt 0.562500 0.116699
vt 0.556152 0.116211
vt 0.549316 0.122070
vt 0.544922 0.122070
vt 0.546875 0.123535
vt 0.547363 0.125977
vt 0.556152 0.121094
vt 0.550781 0.125488
vt 0.547363 0.128906
vt 0.552246 0.128418
vt 0.557129 0.127441
vt 0.561523 0.121094
vt 0.556641 0.124512
vt 0.563965 0.128418
vt 0.559570 0.130371
vt 0.570801 0.118652
vt 0.566406 0.135742
vt 0.573730 0.127441
vt 0.563965 0.137695
vt 0.577637 0.116211
vt 0.579102 0.122070
vt 0.583008 0.115723
vt 0.562500 0.133301
vt 0.576660 0.109375
vt 0.583496 0.108398
vt 0.586914 0.108887
vt 0.585449 0.115723
vt 0.587891 0.102051
vt 0.591309 0.110352
vt 0.589355 0.116699
vt 0.587891 0.096191
vt 0.592285 0.103516
vt 0.599609 0.113281
vt 0.597656 0.120117
vt 0.592285 0.097168
vt 0.592285 0.091309
vt 0.601074 0.105957
vt 0.602539 0.099121
vt 0.609863 0.117188
vt 0.606934 0.124512
vt 0.593750 0.084961
vt 0.611816 0.109375
vt 0.619629 0.121582
vt 0.617676 0.130371
vt 0.621582 0.112793
vt 0.629395 0.124023
vt 0.629395 0.133301
vt 0.640137 0.134277
vt 0.613281 0.101562
vt 0.623535 0.104004
vt 0.631836 0.115234
vt 0.640625 0.125977
vt 0.651367 0.134766
vt 0.654785 0.127441
vt 0.661621 0.136719
vt 0.643066 0.117188
vt 0.665527 0.128418
vt 0.667969 0.136719
vt 0.634277 0.105469
vt 0.658203 0.119629
vt 0.670898 0.127930
vt 0.673340 0.136719
vt 0.644531 0.110840
vt 0.667480 0.120605
vt 0.674805 0.126953
vt 0.681641 0.136230
vt 0.659180 0.113281
vt 0.645020 0.104980
vt 0.636719 0.097168
vt 0.671875 0.119629
vt 0.683105 0.126953
vt 0.687500 0.135742
vt 0.668945 0.113770
vt 0.659180 0.105469
vt 0.676270 0.119141
vt 0.691895 0.127441
vt 0.698242 0.136230
vt 0.672852 0.112305
vt 0.685059 0.118652
vt 0.645996 0.097168
vt 0.669434 0.104492
vt 0.676758 0.111328
vt 0.701172 0.128906
vt 0.702637 0.137207
vt 0.708008 0.130371
vt 0.712402 0.138672
vt 0.715820 0.132324
vt 0.703613 0.121094
vt 0.710938 0.122070
vt 0.712402 0.112305
vt 0.693848 0.119141
vt 0.704102 0.112305
vt 0.713867 0.104492
vt 0.685547 0.109375
vt 0.703613 0.104004
vt 0.711914 0.094238
vt 0.693359 0.108398
vt 0.676758 0.101562
vt 0.684570 0.099609
vt 0.691895 0.097656
vt 0.702637 0.095703
vt 0.701172 0.089355
vt 0.707520 0.082031
vt 0.693359 0.081543
vt 0.707031 0.071777
vt 0.691406 0.089844
vt 0.683594 0.090332
vt 0.672852 0.103027
vt 0.694336 0.073242
vt 0.705566 0.062500
vt 0.681641 0.081543
vt 0.675781 0.091797
vt 0.671875 0.092773
vt 0.668457 0.094238
vt 0.683594 0.073730
vt 0.691406 0.064453
vt 0.674805 0.083008
vt 0.688965 0.055664
vt 0.704590 0.052734
vt 0.679199 0.065430
vt 0.673828 0.075195
vt 0.667480 0.084473
vt 0.687012 0.046875
vt 0.704102 0.041992
vt 0.686523 0.035645
vt 0.703613 0.030273
vt 0.687500 0.023926
vt 0.702148 0.018555
vt 0.690430 0.016113
vt 0.698730 0.013184
vt 0.686035 0.017578
vt 0.676758 0.021484
vt 0.674805 0.029785
vt 0.671875 0.024414
vt 0.672852 0.039551
vt 0.672363 0.031738
vt 0.665527 0.026855
vt 0.666504 0.033691
vt 0.662598 0.026855
vt 0.673340 0.048828
vt 0.666992 0.041016
vt 0.663574 0.034180
vt 0.658691 0.026855
vt 0.659668 0.034180
vt 0.649414 0.025879
vt 0.664062 0.041016
vt 0.675781 0.056641
vt 0.667969 0.048828
vt 0.669434 0.056641
vt 0.671387 0.061035
vt 0.666992 0.056641
vt 0.664551 0.049316
vt 0.671875 0.065430
vt 0.665527 0.076660
vt 0.662598 0.066406
vt 0.661133 0.060059
vt 0.661133 0.055176
vt 0.659668 0.049316
vt 0.658691 0.087891
vt 0.656738 0.079102
vt 0.654297 0.067871
vt 0.653320 0.061523
vt 0.659180 0.096680
vt 0.645996 0.089844
vt 0.646484 0.079590
vt 0.637695 0.089844
vt 0.652832 0.055664
vt 0.644531 0.063477
vt 0.645020 0.056641
vt 0.652344 0.049316
vt 0.645508 0.069824
vt 0.659668 0.041504
vt 0.649902 0.033203
vt 0.651855 0.041992
vt 0.641602 0.034668
vt 0.640137 0.029785
vt 0.631348 0.035156
vt 0.644531 0.050293
vt 0.643066 0.042969
vt 0.633301 0.044922
vt 0.620605 0.040527
vt 0.634277 0.051758
vt 0.634766 0.058594
vt 0.624023 0.054199
vt 0.622559 0.047852
vt 0.635742 0.065430
vt 0.609863 0.050781
vt 0.608887 0.043457
vt 0.624023 0.061035
vt 0.610352 0.057129
vt 0.636230 0.071777
vt 0.600586 0.052734
vt 0.599121 0.046875
vt 0.590820 0.049805
vt 0.624023 0.068359
vt 0.638672 0.080566
vt 0.602051 0.058594
vt 0.611816 0.063477
vt 0.625000 0.074707
vt 0.626465 0.087891
vt 0.603516 0.065430
vt 0.613770 0.070801
vt 0.593262 0.060059
vt 0.625488 0.081543
vt 0.615723 0.077637
vt 0.604004 0.073242
vt 0.624512 0.096191
vt 0.614258 0.094238
vt 0.615723 0.086426
vt 0.603027 0.092285
vt 0.604004 0.085938
vt 0.604004 0.079102
vt 0.594238 0.079590
vt 0.595215 0.074219
vt 0.589355 0.076660
vt 0.588867 0.068359
vt 0.594727 0.066895
vt 0.588379 0.061035
vt 0.583984 0.061035
vt 0.587891 0.055176
vt 0.576172 0.059570
vt 0.583984 0.055176
vt 0.592285 0.054688
vt 0.586914 0.049805
vt 0.583496 0.049805
vt 0.579102 0.048340
vt 0.577637 0.054688
vt 0.571289 0.054199
vt 0.571777 0.047852
vt 0.563477 0.051758
vt 0.563965 0.047363
vt 0.559570 0.050781
vt 0.560059 0.047363
vt 0.552734 0.049316
vt 0.553711 0.046387
vt 0.551270 0.045898
vt 0.550293 0.048828
vt 0.548828 0.053223
vt 0.561523 0.055664
vt 0.557617 0.055176
vt 0.558594 0.058105
vt 0.551270 0.053711
vt 0.555664 0.057617
vt 0.550293 0.057129
vt 0.547852 0.056641
vt 0.558105 0.061035
vt 0.555664 0.058594
vt 0.550781 0.061035
vt 0.550293 0.057617
vt 0.545410 0.057617
vt 0.550293 0.063965
vt 0.556152 0.066406
vt 0.544922 0.060059
vt 0.540527 0.058105
vt 0.539551 0.060547
vt 0.544922 0.063477
vt 0.539062 0.063477
vt 0.549316 0.067383
vt 0.542480 0.067383
vt 0.540039 0.067871
vt 0.542969 0.068848
vt 0.548828 0.072266
vt 0.556641 0.071289
vt 0.556641 0.076660
vt 0.542969 0.072266
vt 0.548340 0.077148
vt 0.538086 0.073730
vt 0.537109 0.069824
vt 0.542969 0.078125
vt 0.537598 0.078125
vt 0.549805 0.082520
vt 0.556641 0.081543
vt 0.537109 0.080078
vt 0.548828 0.045410
vt 0.544434 0.047363
vt 0.545898 0.044922
vt 0.547852 0.048340
vt 0.542480 0.051758
vt 0.546387 0.052734
vt 0.545410 0.055664
vt 0.541016 0.054688
vt 0.551758 0.142578
vt 0.556152 0.143555
vt 0.553223 0.145508
vt 0.554199 0.140625
vt 0.548340 0.139648
vt 0.551270 0.137695
vt 0.546387 0.138672
vt 0.548828 0.136230
vt 0.535156 0.044922
vt 0.535645 0.049805
vt 0.534180 0.049316
vt 0.538086 0.045410
vt 0.539062 0.042969
vt 0.541504 0.146484
vt 0.543945 0.144043
vt 0.546875 0.146484
vt 0.544922 0.148926
vt 0.547363 0.149414
vt 0.529297 0.128418
vt 0.529785 0.130859
vt 0.523926 0.131836
vt 0.523926 0.129395
vt 0.523438 0.126953
vt 0.528809 0.125977
vt 0.523438 0.125000
vt 0.528320 0.124023
vt 0.517578 0.068359
vt 0.521973 0.064453
vt 0.522949 0.068359
vt 0.517578 0.064941
vt 0.517578 0.062012
vt 0.522461 0.061035
vt 0.518555 0.058594
vt 0.523926 0.058594
vt 0.521973 0.129395
vt 0.522949 0.131836
vt 0.521973 0.131836
vt 0.522949 0.129395
vt 0.521973 0.126953
vt 0.522461 0.126953
vt 0.520996 0.125000
vt 0.521973 0.125000
vt 0.515137 0.127930
vt 0.514648 0.126465
vt 0.517578 0.125977
vt 0.518555 0.127441
vt 0.515137 0.129883
vt 0.518555 0.129883
vt 0.518066 0.132324
vt 0.515137 0.131836
vt 0.512695 0.129395
vt 0.513184 0.127441
vt 0.512695 0.131836
vt 0.509766 0.067871
vt 0.510742 0.065430
vt 0.511719 0.068359
vt 0.508789 0.065430
vt 0.509277 0.062500
vt 0.511230 0.062500
vt 0.508301 0.061035
vt 0.511230 0.060059
vt 0.538574 0.122559
vt 0.532715 0.125488
vt 0.532715 0.123535
vt 0.538574 0.124512
vt 0.533203 0.127930
vt 0.539062 0.127441
vt 0.539062 0.129883
vt 0.533203 0.130371
vt 0.533203 0.067871
vt 0.527344 0.067871
vt 0.526855 0.063965
vt 0.532715 0.063965
vt 0.527344 0.061035
vt 0.533203 0.060547
vt 0.527832 0.058594
vt 0.533691 0.058105
vt 0.538086 0.105469
vt 0.533203 0.104004
vt 0.538086 0.103516
vt 0.533203 0.105957
vt 0.538086 0.107910
vt 0.533203 0.107910
vt 0.538086 0.109863
vt 0.533203 0.109863
vt 0.532715 0.112305
vt 0.537598 0.111816
vt 0.533691 0.088379
vt 0.528809 0.088379
vt 0.527344 0.085449
vt 0.533203 0.083984
vt 0.527344 0.081543
vt 0.532227 0.081055
vt 0.528809 0.101562
vt 0.533203 0.103027
vt 0.529297 0.103027
vt 0.532715 0.101074
vt 0.528809 0.100098
vt 0.532715 0.099609
vt 0.528809 0.098145
vt 0.532715 0.098145
vt 0.532715 0.095215
vt 0.528809 0.095215
vt 0.532715 0.092773
vt 0.528809 0.093262
vt 0.532227 0.090820
vt 0.528809 0.090820
vt 0.524902 0.101562
vt 0.527344 0.103027
vt 0.524414 0.103027
vt 0.527344 0.101562
vt 0.524414 0.100098
vt 0.527344 0.100098
vt 0.524414 0.098145
vt 0.526855 0.098145
vt 0.526367 0.095703
vt 0.524414 0.096191
vt 0.526367 0.093262
vt 0.523926 0.093750
vt 0.524414 0.091309
vt 0.526367 0.091309
vt 0.522949 0.101562
vt 0.521484 0.101562
vt 0.521484 0.100098
vt 0.522949 0.100098
vt 0.522461 0.097656
vt 0.521484 0.097168
vt 0.522461 0.115723
vt 0.521973 0.114258
vt 0.526367 0.113770
vt 0.526855 0.115723
vt 0.526855 0.118164
vt 0.522461 0.118164
vt 0.521973 0.120117
vt 0.527344 0.120605
vt 0.526855 0.122070
vt 0.521484 0.122070
vt 0.515137 0.075195
vt 0.520996 0.079102
vt 0.515137 0.079102
vt 0.520996 0.074707
vt 0.514160 0.071289
vt 0.520508 0.070801
vt 0.514160 0.116211
vt 0.513672 0.114746
vt 0.516113 0.114258
vt 0.517578 0.116211
vt 0.513672 0.118164
vt 0.517578 0.118164
vt 0.511719 0.116211
vt 0.517578 0.120605
vt 0.511230 0.118164
vt 0.513672 0.120605
vt 0.511230 0.120117
vt 0.516113 0.122070
vt 0.514160 0.121582
vt 0.504395 0.079102
vt 0.506836 0.075684
vt 0.506836 0.079590
vt 0.504395 0.076172
vt 0.504395 0.073242
vt 0.506836 0.072266
vt 0.535156 0.115234
vt 0.530762 0.113770
vt 0.534668 0.113770
vt 0.529785 0.115723
vt 0.530273 0.117676
vt 0.535156 0.117676
vt 0.535156 0.120117
vt 0.530273 0.120117
vt 0.530762 0.122070
vt 0.535156 0.122070
vt 0.531738 0.078125
vt 0.526367 0.078613
vt 0.525879 0.074707
vt 0.531250 0.073730
vt 0.525391 0.070312
vt 0.530762 0.069824
vt 0.554199 0.130859
vt 0.555664 0.129395
vt 0.558105 0.132324
vt 0.551758 0.133301
vt 0.554688 0.135254
vt 0.550781 0.134277
vt 0.553223 0.136230
vt 0.558105 0.137695
vt 0.556152 0.139160
vt 0.559570 0.141113
vt 0.557617 0.142578
vt 0.513672 0.106934
vt 0.514160 0.108398
vt 0.513184 0.108398
vt 0.513184 0.109863
vt 0.513672 0.064941
vt 0.516602 0.068359
vt 0.515137 0.068359
vt 0.515625 0.064941
vt 0.514648 0.062012
vt 0.516113 0.062012
vt 0.515137 0.059570
vt 0.517090 0.059082
vt 0.520996 0.105957
vt 0.518066 0.104492
vt 0.519531 0.104492
vt 0.519043 0.106445
vt 0.520508 0.108398
vt 0.519043 0.108398
vt 0.520508 0.110840
vt 0.519043 0.110840
vt 0.519531 0.112305
vt 0.517578 0.112305
vt 0.512695 0.089844
vt 0.514160 0.086426
vt 0.514160 0.089844
vt 0.512695 0.086426
vt 0.513672 0.083008
vt 0.512207 0.083496
vt 0.522461 0.105957
vt 0.521484 0.104492
vt 0.523438 0.104492
vt 0.524414 0.105957
vt 0.522461 0.108398
vt 0.523926 0.108398
vt 0.523926 0.110840
vt 0.522461 0.110840
vt 0.523438 0.112305
vt 0.521484 0.112305
vt 0.516113 0.089355
vt 0.517090 0.086426
vt 0.517090 0.089355
vt 0.515625 0.086426
vt 0.515625 0.083008
vt 0.517090 0.083008
vt 0.541504 0.146484
vt 0.544922 0.148926
vt 0.547363 0.149414
vt 0.541504 0.143555
vt 0.553223 0.145508
vt 0.546387 0.138672
vt 0.556152 0.143555
vt 0.548828 0.136230
vt 0.550781 0.134277
vt 0.557617 0.142578
vt 0.559570 0.141113
vt 0.551758 0.133301
vt 0.563965 0.137695
vt 0.554199 0.130859
vt 0.559570 0.130371
vt 0.555664 0.129395
vt 0.566406 0.135742
vt 0.557129 0.127441
vt 0.556641 0.124512
vt 0.550781 0.125488
vt 0.552246 0.128418
vt 0.547363 0.128906
vt 0.561523 0.121094
vt 0.573730 0.127441
vt 0.556152 0.121094
vt 0.547363 0.125977
vt 0.549316 0.122070
vt 0.549316 0.120605
vt 0.539062 0.127441
vt 0.539062 0.129883
vt 0.546875 0.123535
vt 0.533203 0.127930
vt 0.533203 0.130371
vt 0.531738 0.130371
vt 0.538574 0.124512
vt 0.544922 0.122070
vt 0.547363 0.122070
vt 0.546875 0.121094
vt 0.538574 0.122559
vt 0.541992 0.121582
vt 0.532715 0.125488
vt 0.532715 0.123535
vt 0.531250 0.127930
vt 0.529785 0.130859
vt 0.530762 0.125977
vt 0.529785 0.123535
vt 0.528320 0.124023
vt 0.528809 0.125977
vt 0.523438 0.125000
vt 0.529297 0.128418
vt 0.523926 0.131836
vt 0.523438 0.126953
vt 0.523926 0.129395
vt 0.522461 0.126953
vt 0.521973 0.125000
vt 0.520996 0.125000
vt 0.522949 0.129395
vt 0.522949 0.131836
vt 0.521973 0.126953
vt 0.521973 0.129395
vt 0.521973 0.131836
vt 0.518555 0.129883
vt 0.518066 0.132324
vt 0.518555 0.127441
vt 0.517578 0.125977
vt 0.515137 0.129883
vt 0.515137 0.131836
vt 0.515137 0.127930
vt 0.514648 0.126465
vt 0.513184 0.127441
vt 0.512207 0.129395
vt 0.512695 0.131836
vt 0.508301 0.067383
vt 0.509766 0.067871
vt 0.507324 0.065430
vt 0.507324 0.063477
vt 0.509277 0.062500
vt 0.508301 0.061035
vt 0.511719 0.068359
vt 0.511230 0.062500
vt 0.511230 0.060059
vt 0.515137 0.068359
vt 0.514648 0.062012
vt 0.515137 0.059570
vt 0.516602 0.068359
vt 0.516113 0.062012
vt 0.517090 0.059082
vt 0.517578 0.068359
vt 0.517578 0.062012
vt 0.518555 0.058594
vt 0.522949 0.068359
vt 0.522461 0.061035
vt 0.523926 0.058594
vt 0.525879 0.058594
vt 0.524902 0.061035
vt 0.525391 0.067871
vt 0.527344 0.061035
vt 0.527344 0.067871
vt 0.527832 0.058594
vt 0.533203 0.067871
vt 0.533203 0.060547
vt 0.533691 0.058105
vt 0.540039 0.067871
vt 0.539551 0.060547
vt 0.540527 0.058105
vt 0.542480 0.067383
vt 0.544922 0.060059
vt 0.545410 0.057617
vt 0.549316 0.067383
vt 0.542969 0.068848
vt 0.550781 0.061035
vt 0.550293 0.057617
vt 0.555664 0.058594
vt 0.558594 0.058105
vt 0.566406 0.064941
vt 0.548828 0.072266
vt 0.542969 0.072266
vt 0.538086 0.073730
vt 0.537109 0.069824
vt 0.525879 0.074707
vt 0.525391 0.070312
vt 0.522949 0.074707
vt 0.522461 0.070312
vt 0.512207 0.071289
vt 0.537598 0.078125
vt 0.526367 0.078613
vt 0.542969 0.078125
vt 0.523438 0.078613
vt 0.512695 0.075195
vt 0.506836 0.075684
vt 0.512695 0.079102
vt 0.506836 0.072266
vt 0.506836 0.079590
vt 0.504395 0.073242
vt 0.504395 0.079102
vt 0.504395 0.076172
vt 0.502930 0.073730
vt 0.502930 0.077637
vt 0.502930 0.076172
vt 0.548340 0.077148
vt 0.566895 0.075684
vt 0.556641 0.071289
vt 0.545410 0.082520
vt 0.549805 0.082520
vt 0.539062 0.083496
vt 0.537109 0.080078
vt 0.533203 0.083984
vt 0.532227 0.081055
vt 0.525391 0.082031
vt 0.539062 0.087891
vt 0.533691 0.088379
vt 0.546387 0.087402
vt 0.525391 0.085449
vt 0.525391 0.088867
vt 0.516113 0.089355
vt 0.515625 0.086426
vt 0.512695 0.086426
vt 0.515625 0.083008
vt 0.512695 0.089844
vt 0.512207 0.083496
vt 0.509277 0.088379
vt 0.508789 0.085449
vt 0.508789 0.086914
vt 0.550781 0.087402
vt 0.567383 0.085449
vt 0.549316 0.095215
vt 0.553711 0.094727
vt 0.541992 0.095215
vt 0.541016 0.089355
vt 0.550293 0.097656
vt 0.535156 0.095215
vt 0.535156 0.090332
vt 0.528809 0.095215
vt 0.528809 0.090820
vt 0.522461 0.091797
vt 0.542969 0.098145
vt 0.521484 0.093750
vt 0.521484 0.092285
vt 0.521484 0.097168
vt 0.536133 0.098145
vt 0.528809 0.098145
vt 0.528809 0.100098
vt 0.520996 0.100586
vt 0.535645 0.099609
vt 0.543457 0.099609
vt 0.528809 0.101562
vt 0.521484 0.101562
vt 0.535645 0.101074
vt 0.529297 0.103027
vt 0.523438 0.102539
vt 0.535645 0.102539
vt 0.543945 0.101562
vt 0.543457 0.103027
vt 0.550781 0.103516
vt 0.548340 0.103516
vt 0.550293 0.100098
vt 0.545898 0.104980
vt 0.545410 0.103516
vt 0.538086 0.103516
vt 0.555664 0.101074
vt 0.557129 0.103516
vt 0.554688 0.098145
vt 0.559082 0.093750
vt 0.556641 0.108398
vt 0.563477 0.103027
vt 0.562012 0.100586
vt 0.560547 0.097656
vt 0.583496 0.089355
vt 0.550293 0.107910
vt 0.583008 0.096191
vt 0.583008 0.083984
vt 0.587891 0.090820
vt 0.583984 0.077148
vt 0.588379 0.084473
vt 0.545410 0.107422
vt 0.548828 0.112305
vt 0.556641 0.112305
vt 0.545410 0.109863
vt 0.538086 0.105469
vt 0.538086 0.107910
vt 0.531738 0.105957
vt 0.531250 0.104004
vt 0.569336 0.110840
vt 0.522461 0.105957
vt 0.521484 0.104492
vt 0.518066 0.104492
vt 0.519043 0.106445
vt 0.513672 0.106934
vt 0.513184 0.108398
vt 0.522461 0.108398
vt 0.519043 0.108398
vt 0.519043 0.110840
vt 0.513184 0.109863
vt 0.517578 0.112305
vt 0.522461 0.110840
vt 0.521484 0.112305
vt 0.530762 0.112305
vt 0.531738 0.107910
vt 0.531738 0.109863
vt 0.537598 0.111816
vt 0.538086 0.109863
vt 0.544922 0.111328
vt 0.546387 0.112305
vt 0.541504 0.113281
vt 0.541992 0.114746
vt 0.530762 0.113770
vt 0.529785 0.115723
vt 0.528320 0.114258
vt 0.542480 0.117188
vt 0.530273 0.117676
vt 0.528809 0.118164
vt 0.528320 0.115723
vt 0.521484 0.115723
vt 0.520508 0.114258
vt 0.516113 0.114258
vt 0.549316 0.116699
vt 0.542480 0.119629
vt 0.530273 0.120117
vt 0.530762 0.122070
vt 0.528320 0.122070
vt 0.556152 0.116211
vt 0.562500 0.116699
vt 0.579102 0.122070
vt 0.528809 0.120117
vt 0.520996 0.120117
vt 0.520508 0.122070
vt 0.516113 0.122070
vt 0.576660 0.109375
vt 0.520996 0.118164
vt 0.517578 0.120605
vt 0.583496 0.108398
vt 0.583008 0.115723
vt 0.575684 0.102051
vt 0.583008 0.101562
vt 0.517578 0.116211
vt 0.511230 0.120117
vt 0.514160 0.121582
vt 0.510742 0.118164
vt 0.517578 0.118164
vt 0.511719 0.116211
vt 0.513672 0.114746
vt 0.587891 0.102051
vt 0.586914 0.108887
vt 0.585449 0.115723
vt 0.591309 0.110352
vt 0.589355 0.116699
vt 0.587891 0.096191
vt 0.592285 0.103516
vt 0.599609 0.113281
vt 0.597656 0.120117
vt 0.592285 0.097168
vt 0.592285 0.091309
vt 0.601074 0.105957
vt 0.602539 0.099121
vt 0.609863 0.117188
vt 0.606934 0.124512
vt 0.593750 0.084961
vt 0.611816 0.109375
vt 0.619629 0.121582
vt 0.617676 0.130371
vt 0.621582 0.112793
vt 0.629395 0.124023
vt 0.629395 0.133301
vt 0.640137 0.134277
vt 0.613281 0.101562
vt 0.623535 0.104004
vt 0.631836 0.115234
vt 0.640625 0.125977
vt 0.651367 0.134766
vt 0.654785 0.127441
vt 0.661621 0.136719
vt 0.643066 0.117188
vt 0.665527 0.128418
vt 0.667969 0.136719
vt 0.634277 0.105469
vt 0.658203 0.119629
vt 0.670898 0.127930
vt 0.681641 0.136230
vt 0.644531 0.110840
vt 0.667480 0.120605
vt 0.659180 0.113281
vt 0.683105 0.126953
vt 0.687500 0.135742
vt 0.671875 0.119629
vt 0.668945 0.113770
vt 0.659180 0.105469
vt 0.691895 0.127441
vt 0.698242 0.136230
vt 0.685059 0.118652
vt 0.672852 0.112305
vt 0.636719 0.097168
vt 0.669434 0.104492
vt 0.701172 0.128906
vt 0.702637 0.137207
vt 0.708008 0.130371
vt 0.712402 0.138672
vt 0.715820 0.132324
vt 0.703613 0.121094
vt 0.710938 0.122070
vt 0.712402 0.112305
vt 0.693848 0.119141
vt 0.704102 0.112305
vt 0.713867 0.104492
vt 0.685547 0.109375
vt 0.703613 0.104004
vt 0.711914 0.094238
vt 0.693359 0.108398
vt 0.672852 0.103027
vt 0.684570 0.099609
vt 0.691895 0.097656
vt 0.702637 0.095703
vt 0.701172 0.089355
vt 0.707520 0.082031
vt 0.693359 0.081543
vt 0.707031 0.071777
vt 0.691406 0.089844
vt 0.683594 0.090332
vt 0.694336 0.073242
vt 0.705566 0.062500
vt 0.671875 0.092773
vt 0.681641 0.081543
vt 0.683594 0.073730
vt 0.691406 0.064453
vt 0.688965 0.055664
vt 0.704590 0.052734
vt 0.679199 0.065430
vt 0.673828 0.075195
vt 0.668457 0.094238
vt 0.674805 0.083008
vt 0.667480 0.084473
vt 0.659180 0.096680
vt 0.658691 0.087891
vt 0.665527 0.076660
vt 0.637695 0.089844
vt 0.671875 0.065430
vt 0.656738 0.079102
vt 0.662598 0.066406
vt 0.671387 0.061035
vt 0.675781 0.056641
vt 0.626465 0.087891
vt 0.638672 0.080566
vt 0.654297 0.067871
vt 0.661133 0.060059
vt 0.666992 0.056641
vt 0.673340 0.048828
vt 0.624512 0.096191
vt 0.614258 0.094238
vt 0.687012 0.046875
vt 0.704102 0.041992
vt 0.686523 0.035645
vt 0.703613 0.030273
vt 0.603027 0.092285
vt 0.604004 0.085938
vt 0.615723 0.086426
vt 0.625488 0.081543
vt 0.615723 0.077637
vt 0.594238 0.079590
vt 0.625000 0.074707
vt 0.604004 0.079102
vt 0.589355 0.076660
vt 0.595215 0.074219
vt 0.604004 0.073242
vt 0.588867 0.068359
vt 0.636230 0.071777
vt 0.613770 0.070801
vt 0.594727 0.066895
vt 0.583984 0.069336
vt 0.583984 0.061035
vt 0.588379 0.061035
vt 0.624023 0.068359
vt 0.635742 0.065430
vt 0.603516 0.065430
vt 0.593262 0.060059
vt 0.611816 0.063477
vt 0.624023 0.061035
vt 0.653320 0.061523
vt 0.610352 0.057129
vt 0.634766 0.058594
vt 0.661133 0.055176
vt 0.587891 0.055176
vt 0.602051 0.058594
vt 0.624023 0.054199
vt 0.652832 0.055664
vt 0.664551 0.049316
vt 0.659668 0.049316
vt 0.652344 0.049316
vt 0.664062 0.041016
vt 0.634277 0.051758
vt 0.659668 0.041504
vt 0.651855 0.041992
vt 0.633301 0.044922
vt 0.622559 0.047852
vt 0.649902 0.033203
vt 0.609863 0.050781
vt 0.620605 0.040527
vt 0.631348 0.035156
vt 0.608887 0.043457
vt 0.600586 0.052734
vt 0.599121 0.046875
vt 0.590820 0.049805
vt 0.592285 0.054688
vt 0.586914 0.049805
vt 0.583984 0.055176
vt 0.583496 0.049805
vt 0.579102 0.048340
vt 0.577637 0.054688
vt 0.576172 0.059570
vt 0.570312 0.057617
vt 0.571289 0.054199
vt 0.571777 0.047852
vt 0.563477 0.051758
vt 0.563965 0.047363
vt 0.559570 0.050781
vt 0.560059 0.047363
vt 0.552734 0.049316
vt 0.553711 0.046387
vt 0.551270 0.045898
vt 0.561523 0.055664
vt 0.569336 0.061035
vt 0.557617 0.055176
vt 0.555664 0.057617
vt 0.551270 0.053711
vt 0.550293 0.057129
vt 0.548828 0.053223
vt 0.547852 0.056641
vt 0.550293 0.048828
vt 0.547852 0.048340
vt 0.548828 0.045410
vt 0.546387 0.052734
vt 0.545410 0.055664
vt 0.542480 0.051758
vt 0.541016 0.054688
vt 0.535645 0.052734
vt 0.534180 0.049316
vt 0.544434 0.047363
vt 0.545898 0.044922
vt 0.535156 0.044922
vt 0.539062 0.042969
vt 0.649414 0.025879
vt 0.640137 0.029785
vt 0.659668 0.034180
vt 0.658691 0.026855
vt 0.663574 0.034180
vt 0.662598 0.026855
vt 0.672852 0.039551
vt 0.672363 0.031738
vt 0.671875 0.024414
vt 0.674805 0.029785
vt 0.676758 0.021484
vt 0.687500 0.023926
vt 0.686035 0.017578
vt 0.702148 0.018555
vt 0.690430 0.016113
vt 0.698730 0.013184
vt 0.488281 0.582031
vt 0.494141 0.579102
vt 0.491699 0.572510
vt 0.485107 0.575195
vt 0.481689 0.568359
vt 0.489990 0.565674
vt 0.481201 0.585205
vt 0.486816 0.558350
vt 0.475830 0.579102
vt 0.472168 0.589600
vt 0.466553 0.584961
vt 0.463623 0.593994
vt 0.479004 0.560303
vt 0.483887 0.550537
vt 0.469482 0.572754
vt 0.459473 0.590820
vt 0.457275 0.597168
vt 0.476562 0.552734
vt 0.481201 0.543213
vt 0.468994 0.563232
vt 0.460693 0.581787
vt 0.454590 0.595215
vt 0.451904 0.600830
vt 0.474121 0.544189
vt 0.479980 0.530273
vt 0.456543 0.572021
vt 0.454590 0.589355
vt 0.467041 0.554199
vt 0.472656 0.529297
vt 0.480957 0.524658
vt 0.452881 0.580322
vt 0.457031 0.563721
vt 0.465332 0.545166
vt 0.456299 0.555420
vt 0.443848 0.564453
vt 0.444336 0.572266
vt 0.472900 0.522949
vt 0.463867 0.528809
vt 0.474121 0.515137
vt 0.482910 0.517090
vt 0.463867 0.521729
vt 0.464111 0.512451
vt 0.455078 0.529297
vt 0.454346 0.520996
vt 0.443359 0.530762
vt 0.453613 0.508545
vt 0.455322 0.546387
vt 0.442871 0.520996
vt 0.441650 0.505615
vt 0.431152 0.510010
vt 0.430908 0.522461
vt 0.419922 0.514160
vt 0.443604 0.556152
vt 0.419922 0.523682
vt 0.407715 0.516113
vt 0.431152 0.530762
vt 0.443604 0.547363
vt 0.431396 0.546875
vt 0.420410 0.530518
vt 0.430664 0.564209
vt 0.430664 0.555908
vt 0.419189 0.545898
vt 0.409180 0.530518
vt 0.408691 0.524170
vt 0.398926 0.525146
vt 0.397705 0.517334
vt 0.400146 0.531006
vt 0.401855 0.544189
vt 0.409180 0.544922
vt 0.400391 0.552002
vt 0.417725 0.554932
vt 0.407471 0.553467
vt 0.405273 0.562012
vt 0.397705 0.560059
vt 0.416748 0.563965
vt 0.402832 0.570312
vt 0.394775 0.568115
vt 0.416992 0.573486
vt 0.400391 0.577393
vt 0.392578 0.575439
vt 0.397705 0.584717
vt 0.390381 0.583008
vt 0.407959 0.587891
vt 0.411377 0.581299
vt 0.418945 0.592041
vt 0.422607 0.586426
vt 0.427734 0.595459
vt 0.432129 0.572021
vt 0.427734 0.582275
vt 0.431396 0.591797
vt 0.434082 0.598145
vt 0.435791 0.580322
vt 0.436279 0.596191
vt 0.438721 0.601562
vt 0.435303 0.590088
vt 0.444336 0.580078
vt 0.439697 0.600098
vt 0.441895 0.600586
vt 0.438477 0.595215
vt 0.439453 0.589600
vt 0.449707 0.589600
vt 0.440918 0.599121
vt 0.440918 0.594727
vt 0.444336 0.590088
vt 0.442627 0.598145
vt 0.443604 0.599854
vt 0.451904 0.594482
vt 0.444580 0.593994
vt 0.444824 0.597900
vt 0.445068 0.600098
vt 0.446289 0.599609
vt 0.448730 0.593750
vt 0.447266 0.597900
vt 0.448242 0.599609
vt 0.449707 0.598389
vt 0.451172 0.599121
vt 0.225952 0.620605
vt 0.234619 0.620605
vt 0.234863 0.614990
vt 0.225952 0.614990
vt 0.215698 0.620605
vt 0.215332 0.614990
vt 0.205200 0.620605
vt 0.203613 0.614990
vt 0.189941 0.614990
vt 0.190552 0.620605
vt 0.177124 0.614990
vt 0.176758 0.620605
vt 0.160889 0.614990
vt 0.161011 0.620605
vt 0.149048 0.620605
vt 0.147827 0.614990
vt 0.137573 0.614990
vt 0.137451 0.620605
vt 0.128296 0.614990
vt 0.128540 0.620605
vt 0.119202 0.620605
vt 0.118713 0.614990
vt 0.110107 0.620605
vt 0.109314 0.614990
vt 0.098999 0.614990
vt 0.099915 0.620605
vt 0.085510 0.620605
vt 0.085205 0.614990
vt 0.072388 0.620605
vt 0.072510 0.614990
vt 0.056610 0.620605
vt 0.056885 0.614990
vt 0.040009 0.614990
vt 0.039703 0.620605
vt 0.025208 0.614990
vt 0.024902 0.620605
vt 0.015404 0.614990
vt 0.015099 0.620605
vt 0.107971 0.639893
vt 0.119324 0.639893
vt 0.119690 0.637695
vt 0.107971 0.637695
vt 0.092102 0.639893
vt 0.119690 0.633057
vt 0.091797 0.637695
vt 0.075623 0.639893
vt 0.107605 0.633057
vt 0.117188 0.626465
vt 0.106873 0.626465
vt 0.090393 0.633057
vt 0.090820 0.626465
vt 0.074097 0.626465
vt 0.075378 0.637695
vt 0.073120 0.633057
vt 0.060699 0.626465
vt 0.060486 0.637695
vt 0.060303 0.639893
vt 0.060608 0.633057
vt 0.050201 0.633057
vt 0.048889 0.626465
vt 0.048187 0.637695
vt 0.047699 0.639893
vt 0.034393 0.633057
vt 0.034302 0.626465
vt 0.020599 0.626465
vt 0.033508 0.637695
vt 0.033386 0.639893
vt 0.019501 0.639893
vt 0.019501 0.633057
vt 0.009003 0.626465
vt 0.006001 0.633057
vt 0.006401 0.637695
vt 0.019302 0.637695
vt 0.007401 0.639893
vt 0.875000 0.183594
vt 0.881348 0.178223
vt 0.878418 0.182129
vt 0.876953 0.177246
vt 0.881348 0.164062
vt 0.875000 0.194336
vt 0.876465 0.163574
vt 0.881348 0.153320
vt 0.872559 0.153809
vt 0.881348 0.143066
vt 0.870117 0.142578
vt 0.861816 0.155762
vt 0.858398 0.140625
vt 0.845215 0.150391
vt 0.844727 0.139648
vt 0.860840 0.177734
vt 0.869629 0.187988
vt 0.865723 0.199219
vt 0.874512 0.208984
vt 0.830566 0.149902
vt 0.830566 0.139648
vt 0.815430 0.142090
vt 0.858398 0.192383
vt 0.863281 0.212891
vt 0.873535 0.223633
vt 0.815918 0.151855
vt 0.793457 0.147461
vt 0.791992 0.165527
vt 0.786133 0.148926
vt 0.786621 0.164551
vt 0.780762 0.173828
vt 0.780762 0.176758
vt 0.780762 0.189453
vt 0.793457 0.181641
vt 0.815918 0.171387
vt 0.794922 0.195801
vt 0.780762 0.208008
vt 0.831543 0.168945
vt 0.845215 0.169922
vt 0.830566 0.184570
vt 0.844727 0.186523
vt 0.815918 0.186523
vt 0.795410 0.210938
vt 0.780762 0.223633
vt 0.829590 0.203125
vt 0.815430 0.203613
vt 0.794922 0.224121
vt 0.780762 0.235840
vt 0.843262 0.204590
vt 0.815918 0.218750
vt 0.793945 0.236816
vt 0.780762 0.245117
vt 0.828125 0.219238
vt 0.816895 0.230957
vt 0.854004 0.208496
vt 0.794434 0.246582
vt 0.780762 0.250000
vt 0.780762 0.254883
vt 0.817383 0.242676
vt 0.841797 0.219727
vt 0.852051 0.222168
vt 0.795410 0.254395
vt 0.780762 0.262695
vt 0.828125 0.231934
vt 0.861328 0.226074
vt 0.873047 0.234863
vt 0.839355 0.231934
vt 0.850098 0.234375
vt 0.860840 0.238281
vt 0.872559 0.244629
vt 0.828125 0.240723
vt 0.838379 0.242188
vt 0.848633 0.245117
vt 0.859863 0.247559
vt 0.872559 0.250000
vt 0.827637 0.252930
vt 0.837891 0.253906
vt 0.858887 0.254883
vt 0.872070 0.255859
vt 0.871582 0.263184
vt 0.847656 0.254883
vt 0.837402 0.261230
vt 0.816895 0.252441
vt 0.847168 0.261230
vt 0.857910 0.262695
vt 0.826660 0.262207
vt 0.816895 0.261230
vt 0.816895 0.268066
vt 0.797363 0.263184
vt 0.780762 0.267090
vt 0.857910 0.269531
vt 0.871094 0.268555
vt 0.846191 0.267578
vt 0.856445 0.275391
vt 0.870117 0.274902
vt 0.835938 0.268066
vt 0.797852 0.269531
vt 0.796875 0.274414
vt 0.780762 0.272949
vt 0.780762 0.279785
vt 0.807129 0.275391
vt 0.855957 0.279785
vt 0.869629 0.279785
vt 0.844727 0.279785
vt 0.845703 0.274414
vt 0.834961 0.274414
vt 0.833496 0.279297
vt 0.826660 0.269531
vt 0.825684 0.274414
vt 0.824707 0.279297
vt 0.816406 0.273438
vt 0.816406 0.278809
vt 0.875000 0.183594
vt 0.878418 0.182129
vt 0.881348 0.178223
vt 0.876953 0.177246
vt 0.881348 0.164062
vt 0.869629 0.187988
vt 0.861816 0.155762
vt 0.875000 0.194336
vt 0.876465 0.163574
vt 0.881348 0.153320
vt 0.872559 0.153809
vt 0.881348 0.143066
vt 0.870117 0.142578
vt 0.858398 0.140625
vt 0.865723 0.199219
vt 0.874512 0.208984
vt 0.845215 0.150391
vt 0.844727 0.139648
vt 0.830566 0.149902
vt 0.830566 0.139648
vt 0.803711 0.144531
vt 0.845215 0.169922
vt 0.860840 0.177734
vt 0.858398 0.192383
vt 0.863281 0.212891
vt 0.873535 0.223633
vt 0.803223 0.155762
vt 0.793457 0.147461
vt 0.844727 0.186523
vt 0.854004 0.208496
vt 0.861328 0.226074
vt 0.873047 0.234863
vt 0.791992 0.165527
vt 0.786133 0.148926
vt 0.786621 0.164551
vt 0.780762 0.173828
vt 0.780762 0.176758
vt 0.793457 0.181641
vt 0.780762 0.189453
vt 0.843262 0.204590
vt 0.860840 0.238281
vt 0.872559 0.244629
vt 0.803711 0.176270
vt 0.794922 0.195801
vt 0.780762 0.208008
vt 0.831543 0.168945
vt 0.804199 0.190430
vt 0.830566 0.184570
vt 0.795410 0.210938
vt 0.780762 0.223633
vt 0.805176 0.206055
vt 0.829590 0.203125
vt 0.794922 0.224121
vt 0.780762 0.235840
vt 0.805176 0.220215
vt 0.828125 0.219238
vt 0.793945 0.236816
vt 0.780762 0.245117
vt 0.806641 0.232422
vt 0.794434 0.246582
vt 0.780762 0.250000
vt 0.780762 0.254883
vt 0.806641 0.244141
vt 0.795410 0.254395
vt 0.780762 0.262695
vt 0.797363 0.263184
vt 0.780762 0.267090
vt 0.828125 0.231934
vt 0.807617 0.253418
vt 0.828125 0.240723
vt 0.839355 0.231934
vt 0.841797 0.219727
vt 0.852051 0.222168
vt 0.850098 0.234375
vt 0.838379 0.242188
vt 0.827637 0.252930
vt 0.848633 0.245117
vt 0.807129 0.262695
vt 0.859863 0.247559
vt 0.872559 0.250000
vt 0.837891 0.253906
vt 0.858887 0.254883
vt 0.872070 0.255859
vt 0.871582 0.263184
vt 0.847656 0.254883
vt 0.837402 0.261230
vt 0.847168 0.261230
vt 0.857910 0.262695
vt 0.857910 0.269531
vt 0.871094 0.268555
vt 0.846191 0.267578
vt 0.856445 0.275391
vt 0.870117 0.274902
vt 0.826660 0.262207
vt 0.835938 0.268066
vt 0.855957 0.279785
vt 0.869629 0.279785
vt 0.844727 0.279785
vt 0.845703 0.274414
vt 0.834961 0.274414
vt 0.833496 0.279297
vt 0.826660 0.269531
vt 0.825684 0.274414
vt 0.824707 0.279297
vt 0.807129 0.275391
vt 0.806641 0.279297
vt 0.806641 0.270020
vt 0.796875 0.274414
vt 0.796387 0.279297
vt 0.797852 0.269531
vt 0.780762 0.272949
vt 0.780762 0.279785
vt 0.487549 0.579834
vt 0.491699 0.572510
vt 0.493652 0.576904
vt 0.485107 0.575195
vt 0.481689 0.568359
vt 0.489990 0.565674
vt 0.479492 0.583496
vt 0.486816 0.558350
vt 0.475830 0.579102
vt 0.470459 0.587891
vt 0.466553 0.584961
vt 0.462402 0.592773
vt 0.479004 0.560303
vt 0.483887 0.550537
vt 0.469482 0.572754
vt 0.459473 0.590820
vt 0.456543 0.596191
vt 0.476562 0.552734
vt 0.481201 0.543213
vt 0.468994 0.563232
vt 0.460693 0.581787
vt 0.454590 0.595215
vt 0.451660 0.600098
vt 0.474121 0.544189
vt 0.480469 0.536133
vt 0.472900 0.536133
vt 0.467041 0.554199
vt 0.465332 0.545166
vt 0.464355 0.536377
vt 0.454834 0.537109
vt 0.455322 0.546387
vt 0.443604 0.538818
vt 0.456299 0.555420
vt 0.457031 0.563721
vt 0.456543 0.572021
vt 0.443848 0.564453
vt 0.443604 0.556152
vt 0.443604 0.547363
vt 0.431396 0.546875
vt 0.431641 0.538086
vt 0.420166 0.537598
vt 0.419189 0.545898
vt 0.409424 0.537109
vt 0.430664 0.555908
vt 0.430664 0.564209
vt 0.417725 0.554932
vt 0.409180 0.544922
vt 0.401855 0.544189
vt 0.401123 0.537109
vt 0.400391 0.552002
vt 0.407471 0.553467
vt 0.405273 0.562012
vt 0.397705 0.560059
vt 0.416748 0.563965
vt 0.402832 0.570312
vt 0.394775 0.568115
vt 0.416992 0.573486
vt 0.400391 0.577393
vt 0.392578 0.575439
vt 0.398438 0.582764
vt 0.391113 0.580566
vt 0.408691 0.586182
vt 0.411377 0.581299
vt 0.419922 0.590576
vt 0.422607 0.586426
vt 0.428711 0.593994
vt 0.432129 0.572021
vt 0.427734 0.582275
vt 0.431396 0.591797
vt 0.434570 0.597168
vt 0.444336 0.572266
vt 0.435791 0.580322
vt 0.436279 0.596191
vt 0.438965 0.600830
vt 0.435303 0.590088
vt 0.452881 0.580322
vt 0.439697 0.600098
vt 0.441895 0.599854
vt 0.444336 0.580078
vt 0.438477 0.595215
vt 0.439453 0.589600
vt 0.454590 0.589355
vt 0.440918 0.599121
vt 0.449707 0.589600
vt 0.440918 0.594727
vt 0.442627 0.598145
vt 0.443604 0.599365
vt 0.444336 0.590088
vt 0.451904 0.594482
vt 0.444824 0.597900
vt 0.445068 0.599609
vt 0.446289 0.599121
vt 0.444580 0.593994
vt 0.448730 0.593750
vt 0.447266 0.597900
vt 0.448242 0.599121
vt 0.449707 0.598389
vt 0.451172 0.599121
vt 0.472900 0.522949
vt 0.482178 0.519287
vt 0.480957 0.524658
vt 0.473633 0.517578
vt 0.463867 0.521729
vt 0.464111 0.515381
vt 0.454346 0.520996
vt 0.453857 0.512451
vt 0.442871 0.520996
vt 0.442139 0.510742
vt 0.431152 0.513428
vt 0.430908 0.522461
vt 0.419922 0.517090
vt 0.419922 0.523682
vt 0.407959 0.518555
vt 0.408691 0.524170
vt 0.398193 0.519531
vt 0.398926 0.525146
vt 0.225952 0.618896
vt 0.235107 0.617432
vt 0.234985 0.618896
vt 0.225952 0.617432
vt 0.215454 0.618896
vt 0.215210 0.617432
vt 0.204590 0.618896
vt 0.204346 0.617432
vt 0.190308 0.617432
vt 0.190308 0.618896
vt 0.177002 0.617432
vt 0.176758 0.618896
vt 0.161011 0.617432
vt 0.161011 0.618896
vt 0.148926 0.618896
vt 0.148438 0.617432
vt 0.137329 0.617432
vt 0.137451 0.618896
vt 0.128296 0.617432
vt 0.128418 0.618896
vt 0.119202 0.618896
vt 0.119019 0.617432
vt 0.109924 0.618896
vt 0.109619 0.617432
vt 0.099426 0.617432
vt 0.099609 0.618896
vt 0.085388 0.618896
vt 0.085327 0.617432
vt 0.072388 0.618896
vt 0.072388 0.617432
vt 0.056610 0.618896
vt 0.056610 0.617432
vt 0.039703 0.617432
vt 0.039703 0.618896
vt 0.024902 0.617432
vt 0.024902 0.618896
vt 0.014900 0.617432
vt 0.014801 0.618896
vt 0.107727 0.631348
vt 0.119080 0.631348
vt 0.119507 0.632324
vt 0.107605 0.632324
vt 0.090515 0.631348
vt 0.090393 0.632324
vt 0.073120 0.631348
vt 0.073120 0.632324
vt 0.060486 0.632324
vt 0.060394 0.631348
vt 0.050201 0.632324
vt 0.050110 0.631348
vt 0.034393 0.632324
vt 0.034485 0.631348
vt 0.019608 0.632324
vt 0.019699 0.631348
vt 0.006901 0.631348
vt 0.006401 0.632324
vt 0.007401 0.639893
vt 0.006699 0.638428
vt 0.019394 0.638428
vt 0.019501 0.639893
vt 0.033508 0.638428
vt 0.033386 0.639893
vt 0.047699 0.639893
vt 0.048004 0.638428
vt 0.060303 0.639893
vt 0.060394 0.638428
vt 0.075623 0.639893
vt 0.075500 0.638428
vt 0.091919 0.638428
vt 0.092102 0.639893
vt 0.107971 0.638428
vt 0.107971 0.639893
vt 0.119629 0.638428
vt 0.119324 0.639893
vt 0.107483 0.629883
vt 0.117188 0.626465
vt 0.118530 0.629883
vt 0.106873 0.626465
vt 0.090576 0.629883
vt 0.090820 0.626465
vt 0.074097 0.626465
vt 0.073425 0.629883
vt 0.060699 0.626465
vt 0.060486 0.629883
vt 0.049805 0.629883
vt 0.048889 0.626465
vt 0.034393 0.629883
vt 0.034302 0.626465
vt 0.020599 0.626465
vt 0.020004 0.629883
vt 0.009003 0.626465
vt 0.007599 0.629883
vt 0.119812 0.634766
vt 0.119812 0.635986
vt 0.107788 0.635986
vt 0.107727 0.634766
vt 0.091309 0.635986
vt 0.090881 0.634766
vt 0.074585 0.635986
vt 0.073975 0.634766
vt 0.060608 0.635986
vt 0.060608 0.634766
vt 0.049500 0.634766
vt 0.048889 0.635986
vt 0.034088 0.634766
vt 0.033813 0.635986
vt 0.019394 0.634766
vt 0.019302 0.635986
vt 0.006199 0.635986
vt 0.006100 0.634766
vt 0.020996 0.564697
vt 0.007801 0.576416
vt 0.007801 0.564697
vt 0.020905 0.576416
vt 0.033295 0.564697
vt 0.007801 0.593994
vt 0.033203 0.576416
vt 0.045593 0.564697
vt 0.022003 0.593994
vt 0.007801 0.601074
vt 0.022400 0.601074
vt 0.034393 0.593994
vt 0.034607 0.601074
vt 0.045105 0.576416
vt 0.060913 0.564697
vt 0.046509 0.593994
vt 0.046814 0.601074
vt 0.062012 0.576416
vt 0.063416 0.593994
vt 0.063721 0.601074
vt 0.075623 0.601074
vt 0.074280 0.576416
vt 0.073120 0.564697
vt 0.086914 0.564697
vt 0.075317 0.593994
vt 0.088806 0.576416
vt 0.105103 0.564697
vt 0.090271 0.593994
vt 0.091309 0.601074
vt 0.105774 0.576416
vt 0.121704 0.564697
vt 0.106506 0.593994
vt 0.106873 0.601074
vt 0.123108 0.576416
vt 0.146484 0.564697
vt 0.125366 0.593994
vt 0.126343 0.601074
vt 0.146484 0.601074
vt 0.146484 0.576416
vt 0.146484 0.593994
vt 0.166748 0.601074
vt 0.167603 0.593994
vt 0.186157 0.601074
vt 0.169922 0.576416
vt 0.171265 0.564697
vt 0.186523 0.593994
vt 0.201660 0.601074
vt 0.187256 0.576416
vt 0.187866 0.564697
vt 0.202759 0.593994
vt 0.217407 0.601074
vt 0.204224 0.576416
vt 0.206055 0.564697
vt 0.217773 0.593994
vt 0.218750 0.576416
vt 0.219849 0.564697
vt 0.232056 0.564697
vt 0.229736 0.593994
vt 0.229248 0.601074
vt 0.246216 0.601074
vt 0.231079 0.576416
vt 0.246460 0.593994
vt 0.258301 0.601074
vt 0.247925 0.576416
vt 0.247437 0.564697
vt 0.258545 0.593994
vt 0.270752 0.601074
vt 0.259766 0.576416
vt 0.259766 0.564697
vt 0.270996 0.593994
vt 0.285156 0.601074
vt 0.285156 0.593994
vt 0.272217 0.576416
vt 0.272217 0.564697
vt 0.285156 0.576416
vt 0.285156 0.564697
vt 0.363281 0.573730
vt 0.369873 0.576660
vt 0.367432 0.580078
vt 0.360107 0.579346
vt 0.364502 0.583496
vt 0.358887 0.586182
vt 0.364258 0.583984
vt 0.358887 0.586914
vt 0.353760 0.580811
vt 0.354980 0.587891
vt 0.348633 0.582520
vt 0.352051 0.589355
vt 0.344971 0.585449
vt 0.348389 0.591797
vt 0.342041 0.588135
vt 0.345947 0.594238
vt 0.339111 0.592529
vt 0.344238 0.597168
vt 0.336914 0.596191
vt 0.343018 0.599609
vt 0.335693 0.599854
vt 0.342041 0.602539
vt 0.341309 0.605225
vt 0.334473 0.603516
vt 0.333496 0.607178
vt 0.340576 0.608154
vt 0.340088 0.611084
vt 0.332764 0.610840
vt 0.339844 0.613770
vt 0.333008 0.615234
vt 0.339600 0.617188
vt 0.333252 0.620361
vt 0.340576 0.620605
vt 0.334229 0.624268
vt 0.342285 0.624512
vt 0.336182 0.628662
vt 0.344238 0.627197
vt 0.339600 0.632568
vt 0.346680 0.630615
vt 0.346924 0.629883
vt 0.350342 0.635498
vt 0.344238 0.637207
vt 0.351074 0.640381
vt 0.344238 0.643799
vt 0.351318 0.644287
vt 0.353516 0.693115
vt 0.355225 0.704590
vt 0.331543 0.705078
vt 0.329590 0.687256
vt 0.349854 0.677002
vt 0.340088 0.663574
vt 0.314697 0.671875
vt 0.333252 0.654541
vt 0.304199 0.659424
vt 0.328613 0.645752
vt 0.298096 0.644287
vt 0.323486 0.632080
vt 0.294434 0.630615
vt 0.322021 0.620117
vt 0.291748 0.612793
vt 0.324219 0.607422
vt 0.295654 0.593994
vt 0.326416 0.597412
vt 0.299805 0.580566
vt 0.329346 0.586426
vt 0.332031 0.576416
vt 0.303223 0.567383
vt 0.307617 0.554688
vt 0.335205 0.566650
vt 0.339111 0.555664
vt 0.311768 0.540771
vt 0.343018 0.545898
vt 0.320312 0.522949
vt 0.348633 0.534180
vt 0.333008 0.510498
vt 0.356934 0.524658
vt 0.343262 0.501953
vt 0.367920 0.517334
vt 0.355957 0.493164
vt 0.376221 0.513184
vt 0.370850 0.489258
vt 0.386475 0.509521
vt 0.390381 0.484863
vt 0.401367 0.503906
vt 0.412842 0.493164
vt 0.401367 0.471680
vt 0.420166 0.484375
vt 0.594727 0.614746
vt 0.590332 0.610596
vt 0.628906 0.614258
vt 0.626953 0.617432
vt 0.597168 0.617676
vt 0.652344 0.628174
vt 0.672852 0.621582
vt 0.625977 0.619141
vt 0.636719 0.631836
vt 0.611328 0.631104
vt 0.621094 0.629883
vt 0.599609 0.641846
vt 0.578613 0.633545
vt 0.574707 0.650146
vt 0.596680 0.652344
vt 0.574219 0.669189
vt 0.599609 0.669189
vt 0.572266 0.690918
vt 0.624512 0.635498
vt 0.601074 0.692139
vt 0.567383 0.716553
vt 0.628906 0.645996
vt 0.586914 0.720215
vt 0.563965 0.753174
vt 0.597168 0.720459
vt 0.644043 0.644775
vt 0.581543 0.755249
vt 0.562988 0.779297
vt 0.593750 0.730957
vt 0.600098 0.723877
vt 0.647949 0.666260
vt 0.624023 0.665039
vt 0.662109 0.642578
vt 0.580566 0.780396
vt 0.563477 0.791138
vt 0.595215 0.757568
vt 0.604980 0.735352
vt 0.654297 0.701172
vt 0.619629 0.698730
vt 0.684082 0.640137
vt 0.707520 0.624023
vt 0.669434 0.664062
vt 0.628418 0.719482
vt 0.611816 0.758423
vt 0.713379 0.637207
vt 0.729492 0.628174
vt 0.656738 0.720215
vt 0.692871 0.661621
vt 0.729492 0.636963
vt 0.597168 0.781860
vt 0.637695 0.754150
vt 0.746094 0.637207
vt 0.751953 0.624023
vt 0.774902 0.640137
vt 0.786621 0.621582
vt 0.766113 0.661621
vt 0.729492 0.655518
vt 0.698730 0.700195
vt 0.616211 0.783936
vt 0.729980 0.698730
vt 0.675293 0.700684
vt 0.677734 0.719971
vt 0.699707 0.720215
vt 0.680664 0.757568
vt 0.659668 0.753052
vt 0.639648 0.782959
vt 0.657715 0.784058
vt 0.701172 0.757446
vt 0.729980 0.717773
vt 0.678223 0.787231
vt 0.618164 0.796875
vt 0.640137 0.797119
vt 0.656738 0.798096
vt 0.599121 0.793823
vt 0.581543 0.791992
vt 0.563477 0.801636
vt 0.581055 0.804688
vt 0.563965 0.808105
vt 0.582031 0.812134
vt 0.599609 0.807495
vt 0.601074 0.816040
vt 0.618164 0.811646
vt 0.618652 0.821167
vt 0.639648 0.814941
vt 0.638672 0.825562
vt 0.655273 0.817017
vt 0.653320 0.829590
vt 0.677246 0.801758
vt 0.673828 0.821533
vt 0.667969 0.833374
vt 0.700195 0.788086
vt 0.699707 0.802979
vt 0.697266 0.823975
vt 0.695801 0.838501
vt 0.729980 0.755859
vt 0.729980 0.785156
vt 0.729980 0.801147
vt 0.729980 0.822632
vt 0.729980 0.840454
vt 0.764160 0.838379
vt 0.762207 0.823975
vt 0.791504 0.833374
vt 0.759766 0.802856
vt 0.786133 0.821411
vt 0.806152 0.829468
vt 0.759277 0.787842
vt 0.804688 0.816772
vt 0.820801 0.825439
vt 0.782715 0.801514
vt 0.820312 0.814819
vt 0.840820 0.821045
vt 0.803223 0.797852
vt 0.781738 0.786987
vt 0.758789 0.757324
vt 0.841309 0.811523
vt 0.858887 0.815796
vt 0.819824 0.796753
vt 0.802246 0.783813
vt 0.859863 0.807251
vt 0.877930 0.811890
vt 0.841309 0.796753
vt 0.878418 0.804443
vt 0.895508 0.807861
vt 0.896484 0.801392
vt 0.860840 0.793701
vt 0.877930 0.791870
vt 0.895996 0.790894
vt 0.820312 0.782715
vt 0.779297 0.757446
vt 0.782227 0.719727
vt 0.800293 0.752808
vt 0.843262 0.783813
vt 0.878906 0.780273
vt 0.896973 0.779175
vt 0.862305 0.781860
vt 0.822266 0.753906
vt 0.878418 0.755249
vt 0.895508 0.753052
vt 0.864258 0.757446
vt 0.847656 0.758179
vt 0.872559 0.719971
vt 0.892090 0.716309
vt 0.865723 0.730957
vt 0.854492 0.735107
vt 0.831543 0.719238
vt 0.858398 0.691895
vt 0.887207 0.690918
vt 0.862305 0.720215
vt 0.859863 0.669189
vt 0.885254 0.669189
vt 0.862793 0.652100
vt 0.884766 0.649902
vt 0.859375 0.723877
vt 0.859863 0.641846
vt 0.880859 0.633301
vt 0.862305 0.617432
vt 0.839844 0.698730
vt 0.848145 0.630859
vt 0.802734 0.720215
vt 0.805176 0.701172
vt 0.835938 0.664795
vt 0.833496 0.618896
vt 0.838379 0.629639
vt 0.832520 0.617188
vt 0.864746 0.614502
vt 0.822754 0.631836
vt 0.834961 0.635498
vt 0.830566 0.645996
vt 0.811523 0.666260
vt 0.830566 0.614014
vt 0.869141 0.610352
vt 0.807129 0.628174
vt 0.814941 0.644531
vt 0.796875 0.642578
vt 0.789551 0.664062
vt 0.783691 0.700684
vt 0.760742 0.700195
vt 0.759766 0.719971
vt 0.532715 0.880920
vt 0.532715 0.875916
vt 0.554688 0.875916
vt 0.554688 0.880920
vt 0.533203 0.886780
vt 0.577637 0.875916
vt 0.555664 0.886780
vt 0.535645 0.908325
vt 0.578125 0.880920
vt 0.558594 0.908325
vt 0.535156 0.918884
vt 0.558105 0.918884
vt 0.597656 0.880920
vt 0.597656 0.875916
vt 0.578613 0.886780
vt 0.580566 0.908325
vt 0.580078 0.918884
vt 0.599121 0.908325
vt 0.599609 0.918884
vt 0.621094 0.918884
vt 0.598145 0.886780
vt 0.619629 0.880920
vt 0.620117 0.875916
vt 0.620117 0.908325
vt 0.619629 0.886780
vt 0.634277 0.908325
vt 0.634766 0.918884
vt 0.648438 0.918884
vt 0.635254 0.880920
vt 0.636719 0.875916
vt 0.634766 0.886780
vt 0.648438 0.908325
vt 0.677734 0.918884
vt 0.649902 0.880920
vt 0.652344 0.875916
vt 0.649902 0.886780
vt 0.677246 0.908325
vt 0.678711 0.880920
vt 0.679199 0.875916
vt 0.708008 0.875916
vt 0.678711 0.886780
vt 0.708008 0.908325
vt 0.708008 0.918884
vt 0.738281 0.918884
vt 0.708008 0.880920
vt 0.708008 0.886780
vt 0.738770 0.908325
vt 0.737305 0.880920
vt 0.736816 0.875916
vt 0.763672 0.875916
vt 0.737793 0.886780
vt 0.767578 0.908325
vt 0.767578 0.918884
vt 0.766113 0.880920
vt 0.779297 0.875916
vt 0.766113 0.886780
vt 0.780762 0.880920
vt 0.795898 0.875916
vt 0.781738 0.908325
vt 0.781250 0.918884
vt 0.795410 0.918884
vt 0.780762 0.886780
vt 0.796387 0.880920
vt 0.818359 0.875916
vt 0.795898 0.908325
vt 0.816895 0.908325
vt 0.816406 0.918884
vt 0.835938 0.918884
vt 0.796387 0.886780
vt 0.818359 0.880920
vt 0.838379 0.875916
vt 0.817871 0.886780
vt 0.835449 0.908325
vt 0.857910 0.918884
vt 0.837402 0.886780
vt 0.857422 0.908325
vt 0.880859 0.918884
vt 0.880371 0.908325
vt 0.860352 0.886780
vt 0.882812 0.886780
vt 0.837891 0.880920
vt 0.861328 0.880920
vt 0.883301 0.880920
vt 0.861328 0.875916
vt 0.883301 0.875916
vt 0.915039 0.033691
vt 0.917969 0.024414
vt 0.924316 0.025879
vt 0.922363 0.034180
vt 0.914062 0.045410
vt 0.930664 0.026367
vt 0.923828 0.044434
vt 0.921387 0.060059
vt 0.930664 0.033691
vt 0.931152 0.055664
vt 0.941406 0.062012
vt 0.933105 0.042969
vt 0.954102 0.042480
vt 0.949707 0.034180
vt 0.945801 0.026855
vt 0.955078 0.025391
vt 0.936523 0.050781
vt 0.946777 0.055176
vt 0.959473 0.053223
vt 0.965332 0.033203
vt 0.960938 0.022461
vt 0.968262 0.042480
vt 0.972168 0.054199
vt 0.997559 0.057129
vt 0.997559 0.043457
vt 0.997559 0.035156
vt 0.971680 0.026367
vt 0.964844 0.017578
vt 0.997559 0.028320
vt 0.974121 0.020020
vt 0.967285 0.011230
vt 0.997559 0.021484
vt 0.975586 0.013184
vt 0.969727 0.004395
vt 0.997559 0.014160
vt 0.977051 0.006348
vt 0.997559 0.006836
vt 0.790527 0.040039
vt 0.784180 0.053223
vt 0.784180 0.041016
vt 0.789551 0.052246
vt 0.793945 0.037109
vt 0.788574 0.061035
vt 0.784180 0.062012
vt 0.788086 0.067871
vt 0.784180 0.069336
vt 0.784180 0.073730
vt 0.791504 0.060059
vt 0.793457 0.051270
vt 0.790527 0.073730
vt 0.784180 0.083496
vt 0.790527 0.082520
vt 0.797363 0.049805
vt 0.796387 0.034180
vt 0.795410 0.059570
vt 0.792480 0.067383
vt 0.805664 0.070312
vt 0.804688 0.080078
vt 0.824219 0.075195
vt 0.808594 0.061523
vt 0.823730 0.066406
vt 0.834961 0.069336
vt 0.808105 0.052246
vt 0.808594 0.043457
vt 0.832520 0.062012
vt 0.853027 0.053711
vt 0.846680 0.049316
vt 0.823730 0.062012
vt 0.829590 0.058105
vt 0.839355 0.045898
vt 0.828613 0.037598
vt 0.818359 0.053223
vt 0.813477 0.048340
vt 0.822266 0.032227
vt 0.817871 0.027832
vt 0.806152 0.035645
vt 0.798340 0.031250
vt 0.816406 0.023926
vt 0.800293 0.027344
vt 0.803711 0.026855
vt 0.798828 0.021484
vt 0.815918 0.018555
vt 0.803223 0.019043
vt 0.816406 0.012207
vt 0.924316 0.025879
vt 0.917969 0.024414
vt 0.915039 0.033691
vt 0.922363 0.034180
vt 0.930664 0.026367
vt 0.914062 0.045410
vt 0.930664 0.033691
vt 0.945801 0.026855
vt 0.923828 0.044434
vt 0.921387 0.060059
vt 0.949707 0.034180
vt 0.955078 0.025391
vt 0.965332 0.033203
vt 0.960938 0.022461
vt 0.933105 0.042969
vt 0.931152 0.055664
vt 0.941406 0.062012
vt 0.936523 0.050781
vt 0.946777 0.055176
vt 0.954102 0.042480
vt 0.959473 0.053223
vt 0.968262 0.042480
vt 0.972168 0.054199
vt 0.997559 0.057129
vt 0.997559 0.043457
vt 0.997559 0.035156
vt 0.997559 0.028320
vt 0.971680 0.026367
vt 0.997559 0.021484
vt 0.964844 0.017578
vt 0.974121 0.020020
vt 0.997559 0.014160
vt 0.967285 0.011230
vt 0.975586 0.013184
vt 0.997559 0.006836
vt 0.969727 0.004395
vt 0.977051 0.006348
vt 0.770996 0.314453
vt 0.770996 0.340820
vt 0.739746 0.347168
vt 0.739746 0.324219
vt 0.741211 0.294922
vt 0.770996 0.283691
vt 0.725098 0.327637
vt 0.727051 0.348633
vt 0.676758 0.358398
vt 0.726074 0.299316
vt 0.744629 0.259277
vt 0.770996 0.248047
vt 0.729004 0.267090
vt 0.738770 0.226562
vt 0.770996 0.210449
vt 0.723633 0.234375
vt 0.728027 0.202148
vt 0.755371 0.181152
vt 0.738281 0.164062
vt 0.679688 0.333984
vt 0.686035 0.317871
vt 0.695312 0.286133
vt 0.663574 0.336914
vt 0.646973 0.368652
vt 0.672852 0.324707
vt 0.687012 0.250488
vt 0.682129 0.306641
vt 0.711914 0.183105
vt 0.712402 0.209961
vt 0.640625 0.166016
vt 0.638184 0.137695
vt 0.668457 0.218750
vt 0.694824 0.190918
vt 0.653809 0.196289
vt 0.600098 0.167480
vt 0.583984 0.141113
vt 0.644531 0.182617
vt 0.645020 0.220215
vt 0.611328 0.185059
vt 0.628418 0.201660
vt 0.563477 0.180176
vt 0.537109 0.160156
vt 0.584473 0.194824
vt 0.605469 0.208984
vt 0.541992 0.194824
vt 0.516113 0.183105
vt 0.577637 0.202637
vt 0.591797 0.219238
vt 0.625000 0.227051
vt 0.568359 0.213379
vt 0.531250 0.212891
vt 0.513672 0.228027
vt 0.506836 0.227051
vt 0.506836 0.240234
vt 0.608398 0.237793
vt 0.532227 0.225586
vt 0.648438 0.251465
vt 0.637695 0.262695
vt 0.666504 0.245117
vt 0.682129 0.256348
vt 0.687988 0.284180
vt 0.583008 0.228027
vt 0.595703 0.246094
vt 0.563965 0.224121
vt 0.559570 0.235352
vt 0.617676 0.273926
vt 0.532227 0.238281
vt 0.513184 0.240723
vt 0.518066 0.260254
vt 0.506836 0.259277
vt 0.532715 0.253906
vt 0.552734 0.251465
vt 0.578125 0.256836
vt 0.519043 0.274902
vt 0.506836 0.272949
vt 0.506836 0.285645
vt 0.593262 0.284180
vt 0.521484 0.262695
vt 0.531250 0.279785
vt 0.523438 0.291992
vt 0.506836 0.303223
vt 0.572266 0.263184
vt 0.552246 0.257324
vt 0.583496 0.284668
vt 0.534180 0.258301
vt 0.541504 0.270508
vt 0.533691 0.273438
vt 0.562500 0.278809
vt 0.561035 0.274414
vt 0.579102 0.300293
vt 0.560547 0.280762
vt 0.559570 0.275391
vt 0.553223 0.283691
vt 0.551758 0.271484
vt 0.551270 0.272949
vt 0.542969 0.271973
vt 0.534668 0.273926
vt 0.532715 0.279297
vt 0.534180 0.280762
vt 0.534180 0.282715
vt 0.538574 0.282227
vt 0.530762 0.301270
vt 0.547852 0.315918
vt 0.548828 0.284180
vt 0.527832 0.312012
vt 0.534668 0.332520
vt 0.539062 0.351562
vt 0.522461 0.324707
vt 0.506836 0.321289
vt 0.506836 0.338379
vt 0.517578 0.340332
vt 0.506836 0.342285
vt 0.517090 0.346680
vt 0.506836 0.346191
vt 0.516113 0.359863
vt 0.506836 0.359375
vt 0.515625 0.361816
vt 0.506836 0.361816
vt 0.514648 0.366211
vt 0.506836 0.366211
vt 0.515625 0.373535
vt 0.506836 0.374512
vt 0.531250 0.366211
vt 0.532715 0.362793
vt 0.515625 0.378906
vt 0.506836 0.379395
vt 0.531738 0.369141
vt 0.533691 0.360840
vt 0.535156 0.366211
vt 0.516602 0.388672
vt 0.506836 0.389160
vt 0.537598 0.364258
vt 0.522949 0.402832
vt 0.512207 0.408691
vt 0.527344 0.407715
vt 0.516602 0.416016
vt 0.529297 0.399414
vt 0.536133 0.380859
vt 0.531738 0.412109
vt 0.521973 0.421875
vt 0.575684 0.449707
vt 0.584961 0.439453
vt 0.537598 0.407227
vt 0.597168 0.427734
vt 0.556152 0.394043
vt 0.613281 0.416016
vt 0.625488 0.403809
vt 0.532715 0.373535
vt 0.537109 0.369629
vt 0.544922 0.389648
vt 0.541992 0.375000
vt 0.536133 0.367188
vt 0.537598 0.366211
vt 0.539551 0.366699
vt 0.538086 0.363281
vt 0.554688 0.381348
vt 0.544922 0.367676
vt 0.543457 0.360352
vt 0.559082 0.369141
vt 0.557129 0.342773
vt 0.559082 0.355957
vt 0.560547 0.315430
vt 0.567871 0.338867
vt 0.569824 0.353516
vt 0.569336 0.369629
vt 0.592285 0.308105
vt 0.594238 0.325684
vt 0.595215 0.342773
vt 0.622070 0.291992
vt 0.624512 0.308594
vt 0.636230 0.284180
vt 0.565918 0.382812
vt 0.596680 0.384766
vt 0.626465 0.325195
vt 0.626953 0.340820
vt 0.637695 0.300781
vt 0.639648 0.315430
vt 0.595703 0.362793
vt 0.625977 0.358887
vt 0.637695 0.387695
vt 0.641113 0.328613
vt 0.643066 0.344727
vt 0.647949 0.333496
vt 0.652832 0.320801
vt 0.660645 0.331543
vt 0.656738 0.324707
vt 0.665039 0.315430
vt 0.649414 0.306152
vt 0.674316 0.301758
vt 0.662598 0.312012
vt 0.648926 0.295410
vt 0.664551 0.299805
vt 0.648926 0.279785
vt 0.671387 0.299316
vt 0.665527 0.289062
vt 0.666016 0.276367
vt 0.650391 0.261230
vt 0.676758 0.283203
vt 0.657715 0.253418
vt 0.659180 0.261230
vt 0.666016 0.255371
vt 0.672852 0.259277
vt 0.669434 0.261230
vt 0.674316 0.265625
vt 0.677246 0.265137
vt 0.676270 0.272461
vt 0.679688 0.272461
vt 0.680664 0.285645
vt 0.584961 0.439453
vt 0.521973 0.421875
vt 0.575684 0.449707
vt 0.531738 0.412109
vt 0.597168 0.427734
vt 0.527344 0.407715
vt 0.516602 0.416016
vt 0.537598 0.407227
vt 0.556152 0.394043
vt 0.613281 0.416016
vt 0.625488 0.403809
vt 0.522949 0.402832
vt 0.512207 0.408691
vt 0.529297 0.399414
vt 0.536133 0.380859
vt 0.516602 0.388672
vt 0.506836 0.389160
vt 0.515625 0.378906
vt 0.506836 0.379395
vt 0.596680 0.384766
vt 0.637695 0.387695
vt 0.544922 0.389648
vt 0.554688 0.381348
vt 0.515625 0.373535
vt 0.506836 0.374512
vt 0.514648 0.366211
vt 0.506836 0.366211
vt 0.531738 0.369141
vt 0.532715 0.373535
vt 0.625977 0.358887
vt 0.646973 0.368652
vt 0.565918 0.382812
vt 0.626953 0.340820
vt 0.595703 0.362793
vt 0.541992 0.375000
vt 0.569336 0.369629
vt 0.559082 0.369141
vt 0.536133 0.367188
vt 0.537109 0.369629
vt 0.544922 0.367676
vt 0.531250 0.366211
vt 0.539551 0.366699
vt 0.595215 0.342773
vt 0.569824 0.353516
vt 0.559082 0.355957
vt 0.543457 0.360352
vt 0.539062 0.351562
vt 0.567871 0.338867
vt 0.626465 0.325195
vt 0.557129 0.342773
vt 0.547852 0.315918
vt 0.560547 0.315430
vt 0.594238 0.325684
vt 0.624512 0.308594
vt 0.592285 0.308105
vt 0.641113 0.328613
vt 0.639648 0.315430
vt 0.643066 0.344727
vt 0.663574 0.336914
vt 0.676758 0.358398
vt 0.647949 0.333496
vt 0.652832 0.320801
vt 0.637695 0.300781
vt 0.622070 0.291992
vt 0.649414 0.306152
vt 0.636230 0.284180
vt 0.617676 0.273926
vt 0.648926 0.295410
vt 0.679688 0.333984
vt 0.725098 0.327637
vt 0.727051 0.348633
vt 0.739746 0.347168
vt 0.739746 0.324219
vt 0.770996 0.340820
vt 0.770996 0.314453
vt 0.770996 0.283691
vt 0.726074 0.299316
vt 0.741211 0.294922
vt 0.770996 0.248047
vt 0.744629 0.259277
vt 0.770996 0.210449
vt 0.729004 0.267090
vt 0.686035 0.317871
vt 0.672852 0.324707
vt 0.660645 0.331543
vt 0.656738 0.324707
vt 0.665039 0.315430
vt 0.662598 0.312012
vt 0.674316 0.301758
vt 0.682129 0.306641
vt 0.664551 0.299805
vt 0.671387 0.299316
vt 0.665527 0.289062
vt 0.676758 0.283203
vt 0.666016 0.276367
vt 0.648926 0.279785
vt 0.637695 0.262695
vt 0.595703 0.246094
vt 0.680664 0.285645
vt 0.650391 0.261230
vt 0.687988 0.284180
vt 0.679688 0.272461
vt 0.695312 0.286133
vt 0.682129 0.256348
vt 0.676270 0.272461
vt 0.687012 0.250488
vt 0.666504 0.245117
vt 0.672852 0.259277
vt 0.677246 0.265137
vt 0.674316 0.265625
vt 0.669434 0.261230
vt 0.659180 0.261230
vt 0.666016 0.255371
vt 0.657715 0.253418
vt 0.648438 0.251465
vt 0.608398 0.237793
vt 0.625000 0.227051
vt 0.591797 0.219238
vt 0.605469 0.208984
vt 0.645020 0.220215
vt 0.628418 0.201660
vt 0.668457 0.218750
vt 0.653809 0.196289
vt 0.611328 0.185059
vt 0.644531 0.182617
vt 0.694824 0.190918
vt 0.712402 0.209961
vt 0.711914 0.183105
vt 0.723633 0.234375
vt 0.728027 0.202148
vt 0.738770 0.226562
vt 0.755371 0.181152
vt 0.738281 0.164062
vt 0.640625 0.166016
vt 0.638184 0.137695
vt 0.583984 0.141113
vt 0.600098 0.167480
vt 0.537109 0.160156
vt 0.584473 0.194824
vt 0.563477 0.180176
vt 0.516113 0.183105
vt 0.577637 0.202637
vt 0.541992 0.194824
vt 0.506836 0.227051
vt 0.513672 0.228027
vt 0.506836 0.240234
vt 0.531250 0.212891
vt 0.568359 0.213379
vt 0.532227 0.225586
vt 0.513184 0.240723
vt 0.518066 0.260254
vt 0.506836 0.259277
vt 0.506836 0.272949
vt 0.583008 0.228027
vt 0.563965 0.224121
vt 0.559570 0.235352
vt 0.532227 0.238281
vt 0.532715 0.253906
vt 0.552734 0.251465
vt 0.578125 0.256836
vt 0.593262 0.284180
vt 0.579102 0.300293
vt 0.521484 0.262695
vt 0.534180 0.258301
vt 0.552246 0.257324
vt 0.572266 0.263184
vt 0.583496 0.284668
vt 0.560547 0.280762
vt 0.553223 0.283691
vt 0.562500 0.278809
vt 0.548828 0.284180
vt 0.561035 0.274414
vt 0.559570 0.275391
vt 0.551270 0.272949
vt 0.551758 0.271484
vt 0.542969 0.271973
vt 0.541504 0.270508
vt 0.533691 0.273438
vt 0.534668 0.273926
vt 0.532715 0.279297
vt 0.531250 0.279785
vt 0.534180 0.280762
vt 0.519043 0.274902
vt 0.523438 0.291992
vt 0.506836 0.285645
vt 0.506836 0.303223
vt 0.534180 0.282715
vt 0.538574 0.282227
vt 0.530762 0.301270
vt 0.527832 0.312012
vt 0.522461 0.324707
vt 0.506836 0.321289
vt 0.534668 0.332520
vt 0.517578 0.340332
vt 0.506836 0.338379
vt 0.506836 0.342285
vt 0.506836 0.346191
vt 0.517090 0.346680
vt 0.506836 0.359375
vt 0.516113 0.359863
vt 0.506836 0.361816
vt 0.533691 0.360840
vt 0.515625 0.361816
vt 0.532715 0.362793
vt 0.538086 0.363281
vt 0.537598 0.364258
vt 0.535156 0.366211
vt 0.537598 0.366211
vt 0.837402 0.552979
vt 0.829590 0.565186
vt 0.828125 0.563721
vt 0.835449 0.551758
vt 0.827637 0.563477
vt 0.835449 0.551514
vt 0.838867 0.547363
vt 0.837402 0.546143
vt 0.836914 0.545898
vt 0.842773 0.534424
vt 0.842285 0.534180
vt 0.844238 0.535645
vt 0.849121 0.526367
vt 0.849121 0.525635
vt 0.844727 0.535889
vt 0.849609 0.529053
vt 0.839355 0.547607
vt 0.849121 0.528809
vt 0.855957 0.517334
vt 0.855469 0.517090
vt 0.856934 0.518311
vt 0.848633 0.538574
vt 0.872070 0.503906
vt 0.872070 0.503906
vt 0.885742 0.500000
vt 0.873535 0.505371
vt 0.885742 0.500000
vt 0.843262 0.549316
vt 0.830078 0.565430
vt 0.834961 0.567139
vt 0.848145 0.552002
vt 0.840820 0.568848
vt 0.854004 0.541992
vt 0.854980 0.555420
vt 0.849121 0.571777
vt 0.861328 0.547363
vt 0.859863 0.558105
vt 0.856934 0.572266
vt 0.853516 0.531982
vt 0.857910 0.535889
vt 0.864258 0.560791
vt 0.861816 0.573730
vt 0.869141 0.574707
vt 0.869629 0.562988
vt 0.889648 0.575439
vt 0.870605 0.555176
vt 0.866211 0.551514
vt 0.865723 0.542480
vt 0.865723 0.527588
vt 0.875000 0.559082
vt 0.871094 0.547607
vt 0.877930 0.555908
vt 0.892578 0.565918
vt 0.874512 0.551514
vt 0.880859 0.552002
vt 0.894531 0.556885
vt 0.879395 0.547607
vt 0.878418 0.542725
vt 0.872559 0.535889
vt 0.895508 0.551514
vt 0.890137 0.521729
vt 0.908691 0.558838
vt 0.909180 0.563721
vt 0.894531 0.566162
vt 0.910645 0.567627
vt 0.890625 0.575684
vt 0.907227 0.585449
vt 0.914551 0.561279
vt 0.911621 0.555420
vt 0.913574 0.573730
vt 0.916016 0.587891
vt 0.916504 0.566162
vt 0.918945 0.574219
vt 0.919434 0.559082
vt 0.896973 0.546631
vt 0.924316 0.573975
vt 0.921875 0.589111
vt 0.928223 0.590576
vt 0.921875 0.564941
vt 0.915039 0.551758
vt 0.901367 0.527832
vt 0.891113 0.526855
vt 0.902832 0.522217
vt 0.911133 0.531738
vt 0.914551 0.527588
vt 0.923340 0.548340
vt 0.926270 0.557129
vt 0.928223 0.563721
vt 0.888184 0.514404
vt 0.904785 0.514648
vt 0.919434 0.521729
vt 0.933594 0.544189
vt 0.905762 0.509766
vt 0.861328 0.522461
vt 0.887695 0.507568
vt 0.857422 0.518799
vt 0.887207 0.502197
vt 0.923340 0.516113
vt 0.887207 0.501709
vt 0.907227 0.505127
vt 0.907227 0.504639
vt 0.907715 0.502441
vt 0.907715 0.501953
vt 0.928711 0.510254
vt 0.926270 0.511719
vt 0.928223 0.510254
vt 0.938477 0.520020
vt 0.938965 0.520020
vt 0.947266 0.539307
vt 0.939941 0.541504
vt 0.944824 0.540039
vt 0.946777 0.539307
vt 0.949219 0.550049
vt 0.942383 0.553711
vt 0.945312 0.539795
vt 0.937012 0.520752
vt 0.948730 0.550537
vt 0.950684 0.560547
vt 0.947754 0.552734
vt 0.950684 0.560791
vt 0.950195 0.573486
vt 0.947266 0.552734
vt 0.936035 0.554932
vt 0.937012 0.562256
vt 0.950195 0.573730
vt 0.952148 0.579834
vt 0.948730 0.561279
vt 0.943359 0.561768
vt 0.930176 0.573730
vt 0.937500 0.573730
vt 0.936523 0.591553
vt 0.942383 0.592773
vt 0.948242 0.573730
vt 0.948242 0.561279
vt 0.943359 0.573730
vt 0.947754 0.573730
vt 0.947754 0.593506
vt 0.951660 0.579834
vt 0.951172 0.593018
vt 0.949707 0.580078
vt 0.950195 0.593018
vt 0.948242 0.593750
vt 0.617676 0.846924
vt 0.604004 0.848999
vt 0.604492 0.846924
vt 0.617676 0.848999
vt 0.631348 0.846924
vt 0.604004 0.852173
vt 0.630859 0.848999
vt 0.647949 0.846924
vt 0.617188 0.852173
vt 0.647949 0.848999
vt 0.663574 0.846924
vt 0.617188 0.852661
vt 0.604004 0.852661
vt 0.604004 0.854126
vt 0.630859 0.852173
vt 0.663574 0.848999
vt 0.673340 0.846924
vt 0.617188 0.854126
vt 0.604004 0.854858
vt 0.630859 0.852661
vt 0.647949 0.852173
vt 0.673340 0.848999
vt 0.681152 0.846924
vt 0.617188 0.854858
vt 0.603516 0.862061
vt 0.631348 0.854126
vt 0.647949 0.852661
vt 0.663574 0.852173
vt 0.681152 0.848999
vt 0.692871 0.846924
vt 0.663574 0.852661
vt 0.648438 0.854126
vt 0.673340 0.852173
vt 0.692871 0.848999
vt 0.706543 0.846924
vt 0.673340 0.852661
vt 0.681152 0.852173
vt 0.706543 0.848999
vt 0.728027 0.846924
vt 0.630859 0.854858
vt 0.663574 0.854126
vt 0.647949 0.854858
vt 0.630859 0.862061
vt 0.681152 0.852661
vt 0.692871 0.852173
vt 0.617188 0.862061
vt 0.604004 0.863770
vt 0.617188 0.863770
vt 0.603516 0.865723
vt 0.692871 0.852661
vt 0.681152 0.854126
vt 0.692871 0.854126
vt 0.673340 0.854126
vt 0.663574 0.854858
vt 0.647949 0.862061
vt 0.631348 0.863770
vt 0.673340 0.854858
vt 0.663574 0.862061
vt 0.681152 0.854858
vt 0.617188 0.865723
vt 0.648438 0.863770
vt 0.673340 0.862061
vt 0.617188 0.868408
vt 0.603516 0.868408
vt 0.604004 0.870850
vt 0.617188 0.870850
vt 0.630859 0.868408
vt 0.630859 0.870850
vt 0.630859 0.865723
vt 0.647949 0.868408
vt 0.647461 0.870850
vt 0.647949 0.865723
vt 0.663574 0.868408
vt 0.663574 0.870850
vt 0.663574 0.863770
vt 0.673340 0.868408
vt 0.673340 0.870850
vt 0.663574 0.865723
vt 0.673340 0.863770
vt 0.681152 0.868408
vt 0.681152 0.870850
vt 0.673340 0.865723
vt 0.681152 0.862061
vt 0.692871 0.868408
vt 0.692871 0.870850
vt 0.681152 0.863770
vt 0.681152 0.865723
vt 0.692871 0.854858
vt 0.692871 0.862061
vt 0.692871 0.863770
vt 0.706543 0.854126
vt 0.706543 0.854858
vt 0.706543 0.852661
vt 0.692871 0.865723
vt 0.707031 0.862061
vt 0.728027 0.854126
vt 0.706543 0.852173
vt 0.706543 0.863770
vt 0.707031 0.865723
vt 0.728027 0.854858
vt 0.728027 0.862061
vt 0.728027 0.852661
vt 0.728027 0.848999
vt 0.747559 0.846924
vt 0.728027 0.852173
vt 0.747559 0.848999
vt 0.764648 0.846924
vt 0.747559 0.852661
vt 0.747559 0.854126
vt 0.764648 0.848999
vt 0.782227 0.846924
vt 0.747559 0.852173
vt 0.747559 0.854858
vt 0.782227 0.848999
vt 0.801758 0.846924
vt 0.764648 0.854126
vt 0.764648 0.852173
vt 0.764648 0.852661
vt 0.801758 0.848999
vt 0.822266 0.846924
vt 0.782227 0.852661
vt 0.782227 0.852173
vt 0.822754 0.848999
vt 0.836426 0.846924
vt 0.801758 0.852173
vt 0.801758 0.852661
vt 0.782227 0.854126
vt 0.836426 0.848999
vt 0.848145 0.846924
vt 0.822754 0.852173
vt 0.822754 0.852661
vt 0.848145 0.848999
vt 0.856445 0.846924
vt 0.836426 0.852173
vt 0.856445 0.848999
vt 0.866211 0.846924
vt 0.764648 0.854858
vt 0.801758 0.854126
vt 0.836426 0.852661
vt 0.848145 0.852173
vt 0.866211 0.848999
vt 0.882324 0.846924
vt 0.782227 0.854858
vt 0.748047 0.862061
vt 0.848633 0.852661
vt 0.856445 0.852173
vt 0.882324 0.848999
vt 0.899414 0.846924
vt 0.765137 0.862061
vt 0.728027 0.863770
vt 0.747559 0.863770
vt 0.856934 0.852661
vt 0.899902 0.848999
vt 0.913574 0.846924
vt 0.728027 0.865723
vt 0.913574 0.848999
vt 0.927246 0.846924
vt 0.927734 0.848999
vt 0.914062 0.852173
vt 0.927734 0.852173
vt 0.899902 0.852173
vt 0.914062 0.852661
vt 0.927734 0.852661
vt 0.882812 0.852173
vt 0.914062 0.854126
vt 0.927734 0.854126
vt 0.899902 0.852661
vt 0.866211 0.852173
vt 0.899414 0.854126
vt 0.882812 0.852661
vt 0.866211 0.852661
vt 0.914062 0.854858
vt 0.927734 0.854858
vt 0.882324 0.854126
vt 0.899902 0.854858
vt 0.914551 0.862061
vt 0.928223 0.862061
vt 0.882812 0.854858
vt 0.866211 0.854126
vt 0.914551 0.863770
vt 0.928223 0.863770
vt 0.900391 0.862061
vt 0.866699 0.854858
vt 0.914551 0.865723
vt 0.928223 0.865723
vt 0.928223 0.868408
vt 0.899902 0.863770
vt 0.900391 0.865723
vt 0.914551 0.868408
vt 0.914551 0.870850
vt 0.928223 0.870850
vt 0.900391 0.870850
vt 0.900391 0.868408
vt 0.883301 0.870850
vt 0.883301 0.865723
vt 0.883301 0.868408
vt 0.867188 0.870850
vt 0.882812 0.863770
vt 0.867188 0.868408
vt 0.857422 0.870850
vt 0.866699 0.865723
vt 0.882812 0.862061
vt 0.856934 0.868408
vt 0.848633 0.870850
vt 0.866699 0.863770
vt 0.866699 0.862061
vt 0.856934 0.865723
vt 0.848633 0.868408
vt 0.836914 0.870850
vt 0.856934 0.863770
vt 0.848633 0.865723
vt 0.856934 0.862061
vt 0.836914 0.868408
vt 0.822754 0.870850
vt 0.848633 0.863770
vt 0.836914 0.865723
vt 0.822754 0.868408
vt 0.802246 0.870850
vt 0.822754 0.865723
vt 0.836914 0.863770
vt 0.801758 0.868408
vt 0.782715 0.870850
vt 0.801758 0.865723
vt 0.782227 0.868408
vt 0.765137 0.870850
vt 0.848633 0.862061
vt 0.823242 0.863770
vt 0.782227 0.865723
vt 0.765137 0.868408
vt 0.747559 0.870850
vt 0.836426 0.862061
vt 0.802246 0.863770
vt 0.765137 0.865723
vt 0.748047 0.868408
vt 0.728027 0.870850
vt 0.822754 0.862061
vt 0.782227 0.863770
vt 0.748047 0.865723
vt 0.728027 0.868408
vt 0.707031 0.870850
vt 0.801758 0.862061
vt 0.765137 0.863770
vt 0.707031 0.868408
vt 0.782227 0.862061
vt 0.801758 0.854858
vt 0.822754 0.854858
vt 0.822754 0.854126
vt 0.836426 0.854126
vt 0.836426 0.854858
vt 0.848633 0.854126
vt 0.848633 0.854858
vt 0.856934 0.854126
vt 0.856934 0.854858
vt 0.464844 0.898315
vt 0.459961 0.905273
vt 0.467285 0.905212
vt 0.456543 0.897278
vt 0.461670 0.892822
vt 0.446289 0.904297
vt 0.453369 0.891296
vt 0.457520 0.886230
vt 0.450439 0.885376
vt 0.443848 0.896790
vt 0.434570 0.906921
vt 0.441650 0.889282
vt 0.440430 0.883606
vt 0.431396 0.897278
vt 0.429199 0.888123
vt 0.428467 0.880920
vt 0.415283 0.875183
vt 0.418945 0.901306
vt 0.423828 0.914795
vt 0.411133 0.884521
vt 0.402100 0.867432
vt 0.408447 0.864746
vt 0.408447 0.848511
vt 0.406006 0.909119
vt 0.409668 0.926819
vt 0.400146 0.890198
vt 0.392090 0.916626
vt 0.396973 0.938110
vt 0.384766 0.937592
vt 0.376953 0.920227
vt 0.363525 0.937378
vt 0.386475 0.896423
vt 0.394287 0.871826
vt 0.401123 0.850952
vt 0.391357 0.853027
vt 0.409180 0.828857
vt 0.425781 0.824341
vt 0.392090 0.830200
vt 0.357910 0.923218
vt 0.371826 0.902222
vt 0.380127 0.878418
vt 0.375732 0.860962
vt 0.361084 0.871094
vt 0.374268 0.846191
vt 0.366211 0.885071
vt 0.354980 0.909119
vt 0.350342 0.895081
vt 0.343018 0.919312
vt 0.346191 0.932007
vt 0.351074 0.944305
vt 0.328369 0.929382
vt 0.331299 0.941589
vt 0.335693 0.952301
vt 0.309082 0.940796
vt 0.313965 0.953888
vt 0.316406 0.963989
vt 0.286865 0.948486
vt 0.287842 0.966705
vt 0.291748 0.977097
vt 0.266113 0.953400
vt 0.267090 0.974503
vt 0.250732 0.955200
vt 0.269043 0.986298
vt 0.250732 0.980698
vt 0.250732 0.993401
vt 0.460449 0.718994
vt 0.491699 0.736084
vt 0.491211 0.712158
vt 0.460693 0.743652
vt 0.484375 0.778564
vt 0.436768 0.718750
vt 0.456299 0.779541
vt 0.470215 0.805664
vt 0.441162 0.807251
vt 0.455811 0.822144
vt 0.433594 0.781616
vt 0.423584 0.806641
vt 0.436768 0.742676
vt 0.408936 0.781494
vt 0.403564 0.805664
vt 0.406250 0.745605
vt 0.404297 0.718018
vt 0.370361 0.722412
vt 0.376221 0.748779
vt 0.381592 0.781128
vt 0.381348 0.802612
vt 0.375488 0.818848
vt 0.363770 0.834229
vt 0.459961 0.905273
vt 0.464844 0.898315
vt 0.467285 0.905212
vt 0.456543 0.897278
vt 0.461670 0.892822
vt 0.446289 0.904297
vt 0.453369 0.891296
vt 0.457520 0.886230
vt 0.450439 0.885376
vt 0.443848 0.896790
vt 0.441650 0.889282
vt 0.440430 0.883606
vt 0.428467 0.880920
vt 0.431396 0.897278
vt 0.434570 0.906921
vt 0.429199 0.888123
vt 0.415283 0.875183
vt 0.418945 0.901306
vt 0.423828 0.914795
vt 0.411133 0.884521
vt 0.408447 0.864746
vt 0.406006 0.909119
vt 0.409668 0.926819
vt 0.402100 0.867432
vt 0.408447 0.848511
vt 0.392090 0.916626
vt 0.396973 0.938110
vt 0.384766 0.937592
vt 0.400146 0.890198
vt 0.376953 0.920227
vt 0.363525 0.937378
vt 0.386475 0.896423
vt 0.394287 0.871826
vt 0.401123 0.850952
vt 0.391357 0.853027
vt 0.409180 0.828857
vt 0.425781 0.824341
vt 0.392090 0.830200
vt 0.357910 0.923218
vt 0.371826 0.902222
vt 0.380127 0.878418
vt 0.375732 0.860962
vt 0.374268 0.846191
vt 0.346191 0.932007
vt 0.351074 0.944305
vt 0.331299 0.941589
vt 0.335693 0.952301
vt 0.313965 0.953888
vt 0.316406 0.963989
vt 0.287842 0.966705
vt 0.291748 0.977097
vt 0.267090 0.974503
vt 0.269043 0.986298
vt 0.250732 0.980698
vt 0.250732 0.993401
vt 0.250732 0.955200
vt 0.266113 0.953400
vt 0.286865 0.948486
vt 0.309082 0.940796
vt 0.328369 0.929382
vt 0.343018 0.919312
vt 0.354980 0.909119
vt 0.337646 0.904907
vt 0.350342 0.895081
vt 0.366211 0.885071
vt 0.344482 0.882385
vt 0.361084 0.871094
vt 0.355469 0.858887
vt 0.363770 0.834229
vt 0.349121 0.846069
vt 0.375488 0.818848
vt 0.381348 0.802612
vt 0.403564 0.805664
vt 0.381592 0.781128
vt 0.408936 0.781494
vt 0.376221 0.748779
vt 0.423584 0.806641
vt 0.406250 0.745605
vt 0.370361 0.722412
vt 0.404297 0.718018
vt 0.441162 0.807251
vt 0.455811 0.822144
vt 0.470215 0.805664
vt 0.433594 0.781616
vt 0.436768 0.742676
vt 0.436768 0.718750
vt 0.460449 0.718994
vt 0.456299 0.779541
vt 0.484375 0.778564
vt 0.491699 0.736084
vt 0.491211 0.712158
vt 0.460693 0.743652
vt 0.806152 0.035645
vt 0.816406 0.023926
vt 0.815918 0.018555
vt 0.817871 0.027832
vt 0.803711 0.026855
vt 0.816406 0.012207
vt 0.803223 0.019043
vt 0.798828 0.021484
vt 0.800293 0.027344
vt 0.798340 0.031250
vt 0.796387 0.034180
vt 0.808594 0.043457
vt 0.813477 0.048340
vt 0.822266 0.032227
vt 0.818359 0.053223
vt 0.828613 0.037598
vt 0.839355 0.045898
vt 0.797363 0.049805
vt 0.793945 0.037109
vt 0.808105 0.052246
vt 0.795410 0.059570
vt 0.793457 0.051270
vt 0.790527 0.040039
vt 0.789551 0.052246
vt 0.784180 0.041016
vt 0.784180 0.053223
vt 0.791504 0.060059
vt 0.788574 0.061035
vt 0.784180 0.062012
vt 0.788086 0.067871
vt 0.784180 0.069336
vt 0.784180 0.073730
vt 0.792480 0.067383
vt 0.790527 0.073730
vt 0.784180 0.083496
vt 0.790527 0.082520
vt 0.808594 0.061523
vt 0.805664 0.070312
vt 0.804688 0.080078
vt 0.824219 0.075195
vt 0.829590 0.058105
vt 0.823730 0.066406
vt 0.834961 0.069336
vt 0.823730 0.062012
vt 0.832520 0.062012
vt 0.846680 0.049316
vt 0.853027 0.053711
vt 0.378662 0.564697
vt 0.381836 0.568115
vt 0.378418 0.569580
vt 0.375732 0.567871
vt 0.383057 0.565186
vt 0.374268 0.563721
vt 0.378906 0.556885
vt 0.384277 0.557373
vt 0.373291 0.556396
vt 0.384766 0.549316
vt 0.378662 0.548584
vt 0.372559 0.548096
vt 0.384521 0.542725
vt 0.378906 0.541992
vt 0.373047 0.541260
vt 0.384277 0.535889
vt 0.379150 0.535156
vt 0.374023 0.534180
vt 0.383789 0.528809
vt 0.379395 0.528076
vt 0.375000 0.527588
vt 0.382568 0.523438
vt 0.376221 0.523193
vt 0.379395 0.522461
vt 0.383789 0.522217
vt 0.379395 0.520508
vt 0.379395 0.528076
vt 0.375488 0.522461
vt 0.373047 0.527588
vt 0.385498 0.528809
vt 0.371582 0.534180
vt 0.379150 0.535156
vt 0.386719 0.535889
vt 0.370605 0.541016
vt 0.378906 0.541992
vt 0.386963 0.542969
vt 0.370117 0.548096
vt 0.378662 0.548584
vt 0.387207 0.549561
vt 0.370850 0.556152
vt 0.378906 0.556885
vt 0.386719 0.557617
vt 0.372314 0.563477
vt 0.384766 0.565186
vt 0.378662 0.564697
vt 0.375000 0.568604
vt 0.382324 0.568848
vt 0.378418 0.571045
vt 0.884277 0.071777
vt 0.882812 0.045898
vt 0.869629 0.049805
vt 0.887695 0.072266
vt 0.884766 0.082031
vt 0.896484 0.047363
vt 0.880859 0.072754
vt 0.858887 0.059082
vt 0.890625 0.074219
vt 0.908203 0.054688
vt 0.877930 0.075195
vt 0.852539 0.071289
vt 0.892578 0.077637
vt 0.916992 0.066406
vt 0.876465 0.079102
vt 0.850586 0.085449
vt 0.894043 0.081055
vt 0.875977 0.083008
vt 0.893555 0.084961
vt 0.920410 0.080078
vt 0.854492 0.099121
vt 0.918457 0.094238
vt 0.876953 0.086914
vt 0.862793 0.110352
vt 0.891602 0.088379
vt 0.912109 0.106445
vt 0.879395 0.089844
vt 0.874512 0.116699
vt 0.889160 0.090820
vt 0.901367 0.115234
vt 0.882324 0.091797
vt 0.888184 0.118652
vt 0.885742 0.092285
vt 0.880859 0.072754
vt 0.869629 0.049805
vt 0.882812 0.045898
vt 0.884277 0.071777
vt 0.884766 0.082031
vt 0.896484 0.047363
vt 0.877930 0.075195
vt 0.858887 0.059082
vt 0.887695 0.072266
vt 0.908203 0.054688
vt 0.876465 0.079102
vt 0.852539 0.071289
vt 0.890625 0.074219
vt 0.916992 0.066406
vt 0.875977 0.083008
vt 0.850586 0.085449
vt 0.892578 0.077637
vt 0.876953 0.086914
vt 0.894043 0.081055
vt 0.920410 0.080078
vt 0.854492 0.099121
vt 0.918457 0.094238
vt 0.879395 0.089844
vt 0.862793 0.110352
vt 0.893555 0.084961
vt 0.912109 0.106445
vt 0.882324 0.091797
vt 0.874512 0.116699
vt 0.891602 0.088379
vt 0.901367 0.115234
vt 0.885742 0.092285
vn 0.667692 0.056970 0.742255
vn -0.294118 -0.374499 0.879344
vn 0.971719 0.062964 -0.227592
vn 0.971719 0.062964 -0.227592
vn -0.587912 -0.587582 -0.555973
vn 0.305088 -0.194338 -0.932284
vn -0.952682 0.303943 -0.003876
vn -0.008657 0.664853 0.746924
vn -0.138806 -0.625953 -0.767408
vn -0.677331 0.713520 0.179199
vn -0.582976 0.742737 0.329363
vn -0.454700 0.707978 0.540385
vn -0.696324 0.679963 0.229747
vn -0.766450 0.593457 -0.245689
vn -0.716877 0.646337 -0.261413
vn -0.727141 0.685201 -0.042015
vn -0.518878 0.321574 -0.792058
vn -0.442663 0.335488 -0.831563
vn -0.711494 0.578720 -0.398572
vn -0.781570 0.575850 -0.239885
vn -0.576067 0.181617 -0.796970
vn -0.435882 0.674305 0.596087
vn -0.664435 0.714989 0.217522
vn -0.117930 0.596460 0.793932
vn -0.374217 0.695905 0.612926
vn -0.114074 0.595211 0.795432
vn 0.363156 0.449098 0.816351
vn -0.338826 0.722793 0.602302
vn -0.046830 -0.161636 -0.985739
vn 0.001898 -0.092930 -0.995671
vn -0.580757 0.146025 -0.800874
vn -0.729587 0.612637 -0.303939
vn 0.033830 -0.253371 -0.966778
vn -0.035192 -0.348699 -0.936574
vn 0.340975 -0.661260 -0.668185
vn 0.403943 -0.479514 -0.779036
vn -0.400082 0.113212 -0.909460
vn 0.064922 -0.457049 -0.887069
vn -0.464683 0.120143 -0.877289
vn 0.312632 -0.775616 -0.548344
vn -0.787974 0.513595 -0.339583
vn -0.716877 0.646337 -0.261413
vn 0.608548 -0.732113 -0.306071
vn 0.538647 -0.569862 -0.620578
vn 0.489766 -0.851414 -0.187678
vn 0.251453 -0.328435 -0.910440
vn 0.420107 -0.814712 -0.399693
vn -0.519161 0.148592 -0.841661
vn 0.457139 -0.868168 -0.193155
vn -0.827335 0.526689 -0.195232
vn -0.921015 0.360689 -0.147090
vn -0.619250 0.088961 -0.780138
vn 0.310580 -0.188585 -0.931652
vn -0.984521 0.174892 -0.011425
vn 0.703904 -0.689482 -0.170687
vn 0.924601 -0.377398 -0.051802
vn 0.540398 -0.782989 0.308055
vn 0.448194 -0.139402 0.883000
vn -0.549266 0.092022 0.830565
vn -0.940167 0.267433 0.211105
vn -0.940167 0.267433 0.211105
vn -0.549266 0.092022 0.830565
vn 0.469333 -0.870733 -0.146800
vn -0.925031 0.379889 0.001160
vn -0.714118 0.115482 -0.690434
vn -0.938891 0.330809 0.095130
vn 0.508889 -0.860581 0.020779
vn 0.138664 -0.366973 -0.919839
vn -0.714118 0.115482 -0.690434
vn 0.514019 -0.857540 -0.020259
vn 0.486208 -0.873540 0.022998
vn 0.811472 -0.568978 -0.133330
vn 0.342917 -0.916424 -0.206337
vn 0.602694 -0.228745 0.764484
vn -0.396518 0.229198 0.888955
vn -0.941415 0.336621 0.020598
vn -0.818846 0.124362 -0.560379
vn 0.034106 -0.397025 -0.917174
vn 0.758479 -0.590794 -0.275085
vn 0.490584 -0.871388 0.003225
vn 0.520216 -0.853861 -0.017222
vn 0.398582 -0.902425 -0.163590
vn 0.499759 -0.686636 0.527989
vn 0.685173 -0.200542 0.700229
vn -0.142378 0.276167 0.950505
vn -0.339717 0.306227 0.889279
vn -0.935661 0.348946 0.052686
vn 0.280692 -0.910266 -0.304349
vn 0.238942 -0.924160 -0.298051
vn 0.424319 -0.885253 -0.190472
vn 0.045602 -0.912718 -0.406037
vn -0.822286 0.196668 -0.534011
vn -0.049913 -0.452335 -0.890450
vn 0.623753 -0.735876 -0.263475
vn 0.392004 -0.910461 -0.131887
vn 0.485743 -0.873923 -0.017678
vn 0.693897 -0.280631 0.663139
vn 0.598812 -0.335530 0.727217
vn 0.403895 -0.580914 0.706688
vn 0.130565 -0.950347 -0.282478
vn 0.310981 -0.950117 -0.023824
vn -0.024100 -0.903530 -0.427846
vn -0.222682 -0.288667 0.931173
vn 0.217830 -0.874434 -0.433492
vn 0.638190 -0.662376 -0.392393
vn 0.714190 -0.684147 -0.147904
vn 0.679438 -0.376367 -0.629850
vn 0.491413 -0.681345 -0.542477
vn 0.918927 -0.372289 -0.130289
vn 0.908582 -0.320202 -0.268235
vn -0.125384 -0.286771 -0.949758
vn 0.508672 -0.731155 -0.454605
vn 0.667669 -0.581472 -0.464875
vn 0.616037 -0.730149 -0.295601
vn 0.826979 -0.561075 0.036069
vn 0.364453 -0.741520 -0.563313
vn 0.515132 -0.839661 -0.172069
vn 0.641636 -0.729175 0.237923
vn -0.107364 -0.445862 -0.888639
vn 0.303845 -0.802748 -0.513102
vn 0.440595 -0.890908 -0.110270
vn 0.563932 -0.761699 0.319055
vn -0.139545 -0.481650 -0.865183
vn -0.556947 0.102997 -0.824137
vn 0.248411 -0.844494 -0.474470
vn -0.150810 -0.507051 -0.848620
vn 0.396435 -0.917640 -0.027857
vn 0.515813 -0.745918 0.421359
vn -0.713487 0.559867 -0.421289
vn 0.181682 -0.878592 -0.441666
vn 0.407265 -0.912292 0.043103
vn 0.493969 -0.720461 0.486755
vn 0.162310 -0.879056 -0.448237
vn 0.407606 -0.912623 0.031270
vn 0.455593 -0.727798 0.512587
vn 0.489158 -0.838888 0.238726
vn -0.178224 -0.541501 -0.821592
vn -0.182153 -0.542730 -0.819917
vn 0.177591 -0.861388 -0.475891
vn 0.431100 -0.900631 -0.054916
vn 0.581527 -0.789965 0.194373
vn 0.538274 -0.834080 -0.120710
vn 0.650132 -0.742001 0.163597
vn 0.256846 -0.849821 -0.460255
vn 0.630078 -0.762447 -0.147229
vn 0.706315 -0.687739 0.167734
vn -0.189888 -0.531670 -0.825390
vn 0.387047 -0.775626 -0.498598
vn 0.680970 -0.705760 -0.195401
vn 0.712124 -0.672734 0.200768
vn 0.046222 -0.677916 -0.733685
vn 0.489617 -0.675925 -0.550817
vn 0.643623 -0.732266 -0.222566
vn 0.617337 -0.761645 0.196957
vn 0.166725 -0.587581 -0.791802
vn -0.311276 -0.358479 -0.880114
vn -0.510960 -0.084950 -0.855397
vn 0.549838 -0.645919 -0.529591
vn 0.566668 -0.800125 -0.196693
vn 0.476952 -0.859677 0.182953
vn 0.250741 -0.555380 -0.792895
vn -0.196594 -0.305666 -0.931622
vn 0.518547 -0.692754 -0.501199
vn 0.453546 -0.874940 -0.169638
vn 0.427455 -0.883566 0.191296
vn 0.286157 -0.576990 -0.764982
vn 0.469472 -0.727651 -0.500120
vn -0.564294 -0.007504 -0.825540
vn -0.187363 -0.228272 -0.955399
vn 0.325679 -0.553520 -0.766517
vn 0.425877 -0.896294 -0.123636
vn 0.495066 -0.825501 0.271031
vn 0.480918 -0.875262 -0.051326
vn 0.511623 -0.819947 0.256765
vn 0.521147 -0.848816 0.088981
vn 0.347294 -0.804474 -0.481880
vn 0.330351 -0.804605 -0.493437
vn 0.272806 -0.594140 -0.756686
vn 0.406834 -0.761024 -0.505300
vn 0.302489 -0.649082 -0.697992
vn 0.143954 -0.240093 -0.960017
vn 0.316903 -0.530520 -0.786207
vn 0.095354 -0.229025 -0.968739
vn -0.207741 0.153910 -0.966000
vn 0.266888 -0.501001 -0.823267
vn -0.160814 0.028245 -0.986580
vn -0.159618 0.067332 -0.984880
vn -0.195662 0.081759 -0.977257
vn -0.225159 0.122015 -0.966652
vn -0.543915 0.494297 -0.678105
vn -0.615133 0.661336 -0.429239
vn -0.602030 0.748596 -0.277784
vn -0.637997 0.765601 0.082555
vn -0.551034 0.543064 -0.633595
vn -0.473048 0.563444 -0.677315
vn -0.225137 -0.090139 -0.970149
vn -0.590045 0.798078 0.122141
vn -0.595656 0.658288 0.460272
vn -0.508786 0.785203 -0.352977
vn -0.441731 0.520259 -0.730893
vn -0.499445 0.382503 -0.777333
vn -0.538594 0.270868 -0.797839
vn -0.471157 0.869604 0.147648
vn -0.548682 0.674866 0.493461
vn -0.515416 0.722177 -0.461311
vn -0.514615 0.489299 0.704101
vn -0.508918 0.495628 0.703815
vn -0.378357 0.747509 0.545964
vn -0.488532 0.871923 0.032980
vn -0.626789 0.576139 -0.524594
vn -0.304332 0.105017 0.946759
vn -0.208879 0.093865 0.973426
vn 0.193827 -0.513493 0.835916
vn 0.315289 -0.560312 0.765926
vn 0.452619 -0.780817 0.430651
vn 0.478415 -0.751020 0.455069
vn 0.495066 -0.825501 0.271031
vn 0.511623 -0.819947 0.256765
vn 0.427455 -0.883566 0.191296
vn 0.476952 -0.859677 0.182953
vn 0.414801 -0.808191 0.418051
vn 0.617337 -0.761645 0.196957
vn 0.044693 -0.459330 0.887141
vn 0.517599 -0.658474 0.546354
vn 0.712124 -0.672734 0.200768
vn 0.557155 -0.481995 0.676210
vn 0.706315 -0.687739 0.167734
vn -0.343616 0.094261 0.934368
vn 0.079372 -0.125062 0.988969
vn 0.627332 -0.365781 0.687502
vn 0.650132 -0.742001 0.163597
vn 0.591899 -0.425276 0.684686
vn 0.581527 -0.789965 0.194373
vn 0.352445 0.120260 0.928073
vn -0.393427 0.492256 0.776465
vn -0.061896 0.205563 0.976685
vn 0.003756 0.502654 0.864479
vn -0.045305 0.703498 0.709252
vn 0.264221 0.468190 0.843199
vn 0.360362 0.276669 0.890839
vn -0.331930 0.855284 0.397883
vn -0.614734 0.785964 -0.066040
vn -0.435683 0.826193 0.357192
vn -0.159945 0.700654 0.695343
vn 0.167636 0.456451 0.873814
vn 0.380324 0.243556 0.892207
vn -0.690325 0.434054 -0.578833
vn -0.702903 0.693916 -0.156232
vn -0.542973 0.783030 0.303388
vn -0.272985 0.663222 0.696861
vn -0.553995 0.133231 -0.821790
vn -0.707090 0.361965 -0.607459
vn -0.744121 0.638452 -0.196629
vn -0.701126 0.320469 -0.636963
vn 0.029227 0.407832 0.912589
vn -0.365324 0.622421 0.692192
vn -0.067644 0.365645 0.928293
vn 0.268060 0.127924 0.954871
vn -0.626840 0.728685 0.275845
vn 0.417978 0.068480 0.905872
vn 0.501692 -0.508201 0.700026
vn 0.356066 -0.110712 0.927879
vn 0.435296 -0.584977 0.684338
vn 0.489158 -0.838888 0.238726
vn 0.455593 -0.727798 0.512587
vn 0.190941 0.037248 0.980895
vn 0.325946 -0.291328 0.899382
vn 0.369566 -0.362582 0.855544
vn 0.493969 -0.720461 0.486755
vn 0.176815 0.023755 0.983957
vn -0.110121 0.375532 0.920244
vn 0.188235 0.023196 0.981850
vn 0.412186 -0.388093 0.824310
vn -0.423113 0.630371 0.650852
vn 0.460689 -0.380828 0.801708
vn 0.515813 -0.745918 0.421359
vn -0.144640 0.428950 0.891673
vn 0.214482 0.048634 0.975516
vn -0.657061 0.717546 0.231080
vn 0.531879 -0.383629 0.754940
vn 0.563932 -0.761699 0.319055
vn 0.641636 -0.729175 0.237923
vn -0.477406 0.674241 0.563456
vn -0.752713 0.619850 -0.221832
vn 0.248521 0.112888 0.962026
vn -0.200400 0.483270 0.852226
vn -0.702135 0.700110 0.129819
vn -0.690023 0.288591 -0.663765
vn -0.224707 0.560161 0.797325
vn -0.561820 0.685692 0.462802
vn 0.244984 0.189135 0.950900
vn -0.765767 0.600488 -0.230251
vn -0.746775 0.664867 0.016706
vn -0.569201 0.724979 0.387834
vn -0.506032 -0.075308 -0.859221
vn -0.557346 0.008888 -0.830233
vn -0.763483 0.443203 -0.469749
vn -0.561501 0.075339 -0.824039
vn -0.733194 0.497637 -0.463448
vn -0.717166 0.696394 -0.026609
vn -0.674175 0.737754 -0.034742
vn -0.527711 0.770503 0.357556
vn -0.620895 0.761946 0.184194
vn -0.335716 0.689237 0.642064
vn -0.254563 0.639968 0.725009
vn 0.210951 0.339889 0.916501
vn 0.268213 0.511778 0.816177
vn 0.759019 -0.183253 0.624747
vn 0.488298 0.452689 0.746081
vn 0.920259 0.138824 0.365856
vn 0.595530 -0.360879 0.717711
vn 0.826979 -0.561075 0.036069
vn 0.908582 -0.320202 -0.268235
vn 0.918927 -0.372289 -0.130289
vn 0.925004 0.127112 0.358065
vn 0.890904 -0.034067 0.452911
vn 0.714190 -0.684147 -0.147904
vn 0.822532 -0.051092 0.566420
vn 0.638190 -0.662376 -0.392393
vn 0.886356 -0.063640 0.458609
vn 0.679438 -0.376367 -0.629850
vn 0.824977 -0.060617 0.561907
vn 0.695946 -0.556477 -0.453864
vn 0.719281 -0.613862 -0.325281
vn 0.756276 -0.066054 0.650909
vn 0.017930 0.379881 0.924862
vn 0.316555 0.370373 0.873279
vn 0.143170 0.161501 0.976432
vn -0.134361 0.442614 0.886589
vn 0.203658 0.191072 0.960216
vn -0.616565 0.122750 0.777676
vn -0.881128 0.165669 0.442907
vn -0.832404 0.392775 0.390937
vn -0.049140 0.376760 0.925007
vn -0.222682 -0.288667 0.931173
vn 0.112943 0.319026 0.940992
vn 0.403895 -0.580914 0.706688
vn 0.598812 -0.335530 0.727217
vn -0.391124 0.691417 0.607424
vn -0.454700 0.707978 0.540385
vn 0.144257 0.280265 0.949021
vn 0.693897 -0.280631 0.663139
vn 0.002512 0.345053 0.938580
vn -0.565827 0.589019 0.576972
vn -0.715913 0.546462 0.434567
vn -0.595010 0.656883 0.463107
vn -0.935661 0.348946 0.052686
vn -0.822286 0.196668 -0.534011
vn -0.339717 0.306227 0.889279
vn -0.675948 0.667675 0.311936
vn -0.582976 0.742737 0.329363
vn -0.677331 0.713520 0.179199
vn -0.829139 0.485377 0.277378
vn -0.779340 0.613534 0.127298
vn -0.867216 0.407397 0.286293
vn -0.142378 0.276167 0.950505
vn -0.941415 0.336621 0.020598
vn -0.818846 0.124362 -0.560379
vn -0.811913 0.583295 -0.023767
vn -0.727141 0.685201 -0.042015
vn -0.396518 0.229198 0.888955
vn 0.719281 -0.613862 -0.325281
vn 0.658994 -0.159654 0.735009
vn 0.681846 -0.664211 -0.306448
vn 0.756276 -0.066054 0.650909
vn -0.027352 0.229546 0.972914
vn 0.017930 0.379881 0.924862
vn -0.832404 0.392775 0.390937
vn -0.865933 0.230853 0.443698
vn -0.191551 -0.660403 -0.726069
vn 0.719281 -0.613862 -0.325281
vn 0.681846 -0.664211 -0.306448
vn -0.128192 -0.592930 -0.794985
vn -0.850522 -0.283676 -0.442877
vn -0.843708 -0.150700 -0.515215
vn -0.865933 0.230853 0.443698
vn -0.832404 0.392775 0.390937
vn -0.317159 -0.769349 0.554538
vn -0.027352 0.229546 0.972914
vn -0.865933 0.230853 0.443698
vn 0.658994 -0.159654 0.735009
vn 0.681846 -0.664211 -0.306448
vn -0.865933 0.230853 0.443698
vn -0.850522 -0.283676 -0.442877
vn -0.191551 -0.660403 -0.726069
vn -0.317159 -0.769349 0.554538
vn 0.681846 -0.664211 -0.306448
vn 0.846596 -0.315522 -0.428627
vn 0.710840 -0.009014 0.703296
vn 0.603357 0.445519 0.661417
vn 0.636767 0.666860 -0.387073
vn 0.131213 0.127661 -0.983100
vn -0.045744 -0.260846 -0.964296
vn -0.649294 -0.576623 -0.495906
vn -0.897388 -0.111243 -0.426989
vn -0.649294 -0.576623 -0.495906
vn -0.886190 0.143688 0.440477
vn -0.897388 -0.111243 -0.426989
vn -0.707286 -0.594836 0.381990
vn -0.242727 -0.245344 0.938557
vn -0.240715 0.185210 0.952761
vn 0.603357 0.445519 0.661417
vn 0.710840 -0.009014 0.703296
vn 0.656004 0.692095 -0.301103
vn 0.603357 0.445519 0.661417
vn 0.582990 0.522057 0.622559
vn 0.636767 0.666860 -0.387073
vn 0.268112 0.159274 -0.950130
vn 0.131213 0.127661 -0.983100
vn -0.314221 -0.726474 -0.611147
vn -0.649294 -0.576623 -0.495906
vn 0.537151 -0.058335 -0.841466
vn 0.280491 -0.778685 -0.561226
vn -0.314221 -0.726474 -0.611147
vn 0.268112 0.159274 -0.950130
vn 0.927180 0.301382 -0.222498
vn 0.656004 0.692095 -0.301103
vn 0.582990 0.522057 0.622559
vn 0.801228 0.169115 0.573963
vn 0.133454 -0.969272 0.206642
vn 0.280491 -0.778685 -0.561226
vn 0.444075 -0.561365 0.698332
vn 0.280491 -0.778685 -0.561226
vn -0.386236 -0.855046 0.346003
vn -0.314221 -0.726474 -0.611147
vn 0.133454 -0.969272 0.206642
vn 0.444075 -0.561365 0.698332
vn -0.005843 -0.329554 0.944118
vn 0.801228 0.169115 0.573963
vn 0.582990 0.522057 0.622559
vn -0.822286 0.196668 -0.534011
vn -0.045744 -0.260846 -0.964296
vn -0.897388 -0.111243 -0.426989
vn -0.049913 -0.452335 -0.890450
vn 0.846596 -0.315522 -0.428627
vn 0.623753 -0.735876 -0.263475
vn 0.693897 -0.280631 0.663139
vn 0.710840 -0.009014 0.703296
vn -0.822286 0.196668 -0.534011
vn -0.897388 -0.111243 -0.426989
vn -0.886190 0.143688 0.440477
vn -0.715913 0.546462 0.434567
vn -0.240715 0.185210 0.952761
vn 0.002512 0.345053 0.938580
vn 0.710840 -0.009014 0.703296
vn 0.693897 -0.280631 0.663139
vn 0.138664 -0.366973 -0.919839
vn -0.699815 -0.026476 -0.713833
vn -0.714118 0.115482 -0.690434
vn 0.272211 -0.218432 -0.937117
vn 0.811472 -0.568978 -0.133330
vn 0.951763 -0.256912 -0.167760
vn 0.602694 -0.228745 0.764484
vn 0.635129 -0.066368 0.769549
vn -0.392103 0.120340 0.912016
vn -0.396518 0.229198 0.888955
vn -0.714118 0.115482 -0.690434
vn -0.699815 -0.026476 -0.713833
vn -0.980155 0.117646 0.159547
vn -0.938891 0.330809 0.095130
vn -0.392103 0.120340 0.912016
vn -0.396518 0.229198 0.888955
vn 0.528228 0.062620 0.846790
vn -0.549266 0.092022 0.830565
vn -0.492768 -0.280002 0.823880
vn 0.448194 -0.139402 0.883000
vn 0.973901 0.226975 -0.000149
vn 0.924601 -0.377398 -0.051802
vn 0.495224 0.059137 -0.866750
vn 0.310580 -0.188585 -0.931652
vn -0.619250 0.088961 -0.780138
vn -0.493467 -0.263760 -0.828807
vn -0.984521 0.174892 -0.011425
vn -0.918611 -0.395065 -0.008830
vn -0.549266 0.092022 0.830565
vn -0.492768 -0.280002 0.823880
vn 0.596755 -0.081904 0.798233
vn -0.492768 -0.280002 0.823880
vn -0.323035 -0.526976 0.786095
vn 0.528228 0.062620 0.846790
vn 0.996745 0.076690 0.024858
vn 0.973901 0.226975 -0.000149
vn 0.605301 -0.087975 -0.791120
vn 0.495224 0.059137 -0.866750
vn -0.493467 -0.263760 -0.828807
vn -0.303094 -0.483828 -0.821002
vn -0.918611 -0.395065 -0.008830
vn -0.715660 -0.696876 -0.046844
vn -0.323035 -0.526976 0.786095
vn -0.492768 -0.280002 0.823880
vn 0.596755 -0.081904 0.798233
vn -0.323035 -0.526976 0.786095
vn -0.715660 -0.696876 -0.046844
vn 0.996745 0.076690 0.024858
vn 0.605301 -0.087975 -0.791120
vn -0.303094 -0.483828 -0.821002
vn 0.293037 -0.267426 -0.917940
vn -0.751108 -0.271351 -0.601835
vn -0.802588 -0.059847 -0.593524
vn 0.133016 -0.291047 -0.947417
vn 0.913724 -0.278676 -0.295715
vn 0.948018 -0.103864 -0.300788
vn 0.793596 0.082105 0.602880
vn 0.728919 0.009910 0.684529
vn -0.257912 0.237140 0.936614
vn -0.212644 0.106192 0.971342
vn -0.947050 -0.080485 0.310835
vn -0.802588 -0.059847 -0.593524
vn -0.751108 -0.271351 -0.601835
vn -0.945555 0.171369 0.276692
vn -0.212644 0.106192 0.971342
vn -0.257912 0.237140 0.936614
vn 0.305922 -0.582249 -0.753258
vn -0.686478 -0.532620 -0.495040
vn -0.751108 -0.271351 -0.601835
vn 0.293037 -0.267426 -0.917940
vn 0.853099 -0.497295 -0.157860
vn 0.948018 -0.103864 -0.300788
vn -0.686478 -0.532620 -0.495040
vn 0.793596 0.082105 0.602880
vn -0.866788 -0.373160 0.330801
vn 0.748324 -0.297392 0.592933
vn -0.199017 -0.203877 0.958554
vn -0.212644 0.106192 0.971342
vn -0.199017 -0.203877 0.958554
vn -0.686478 -0.532620 -0.495040
vn -0.947050 -0.080485 0.310835
vn -0.751108 -0.271351 -0.601835
vn -0.866788 -0.373160 0.330801
vn -0.199017 -0.203877 0.958554
vn -0.212644 0.106192 0.971342
vn 0.034106 -0.397025 -0.917174
vn -0.802588 -0.059847 -0.593524
vn -0.818846 0.124362 -0.560379
vn 0.133016 -0.291047 -0.947417
vn 0.913724 -0.278676 -0.295715
vn 0.758479 -0.590794 -0.275085
vn 0.685173 -0.200542 0.700229
vn 0.728919 0.009910 0.684529
vn -0.257912 0.237140 0.936614
vn -0.142378 0.276167 0.950505
vn -0.818846 0.124362 -0.560379
vn -0.802588 -0.059847 -0.593524
vn -0.945555 0.171369 0.276692
vn -0.867216 0.407397 0.286293
vn -0.257912 0.237140 0.936614
vn -0.142378 0.276167 0.950505
vn -0.616565 0.122750 0.777676
vn -0.134361 0.442614 0.886589
vn -0.919567 -0.035349 -0.391339
vn -0.881128 0.165669 0.442907
vn -0.877833 -0.067155 -0.474235
vn -0.832404 0.392775 0.390937
vn -0.843708 -0.150700 -0.515215
vn -0.150060 -0.486441 -0.860731
vn -0.128192 -0.592930 -0.794985
vn 0.695946 -0.556477 -0.453864
vn 0.719281 -0.613862 -0.325281
vn -0.587912 -0.587582 -0.555973
vn 0.971719 0.062964 -0.227592
vn -0.778779 -0.583253 0.230910
vn -0.294118 -0.374499 0.879344
vn -0.386236 -0.855046 0.346003
vn -0.649294 -0.576623 -0.495906
vn -0.314221 -0.726474 -0.611147
vn -0.707286 -0.594836 0.381990
vn -0.005843 -0.329554 0.944118
vn -0.242727 -0.245344 0.938557
vn 0.582990 0.522057 0.622559
vn 0.603357 0.445519 0.661417
vn 0.344119 -0.136991 -0.928879
vn -0.587912 -0.587582 -0.555973
vn -0.661762 -0.313992 -0.680794
vn 0.305088 -0.194338 -0.932284
vn 0.970716 0.063772 -0.231610
vn 0.971719 0.062964 -0.227592
vn 0.711662 0.094516 0.696135
vn 0.667692 0.056970 0.742255
vn -0.321728 -0.098550 0.941689
vn -0.294118 -0.374499 0.879344
vn -0.587912 -0.587582 -0.555973
vn -0.930279 -0.283076 0.233341
vn -0.661762 -0.313992 -0.680794
vn -0.778779 -0.583253 0.230910
vn -0.321728 -0.098550 0.941689
vn -0.294118 -0.374499 0.879344
vn 0.344119 -0.136991 -0.928879
vn -0.661762 -0.313992 -0.680794
vn -0.699815 -0.026476 -0.713833
vn 0.272211 -0.218432 -0.937117
vn 0.970716 0.063772 -0.231610
vn 0.951763 -0.256912 -0.167760
vn 0.635129 -0.066368 0.769549
vn 0.711662 0.094516 0.696135
vn -0.392103 0.120340 0.912016
vn -0.321728 -0.098550 0.941689
vn -0.661762 -0.313992 -0.680794
vn -0.980155 0.117646 0.159547
vn -0.699815 -0.026476 -0.713833
vn -0.930279 -0.283076 0.233341
vn -0.321728 -0.098550 0.941689
vn -0.392103 0.120340 0.912016
vn 0.135868 -0.129172 0.982270
vn -0.196765 -0.395122 0.897309
vn 0.142738 -0.735719 -0.662075
vn 0.906332 -0.163185 -0.389786
vn 0.173158 -0.582691 -0.794032
vn 0.804840 -0.106998 -0.583767
vn 0.087274 -0.491611 -0.866430
vn 0.760735 0.042655 -0.647660
vn 0.769750 0.090673 -0.631872
vn -0.006454 -0.506866 -0.862001
vn 0.071132 -0.465434 -0.882219
vn 0.801576 0.125461 -0.584581
vn -0.122622 -0.679001 -0.723824
vn 0.942510 0.243095 0.229303
vn 0.078465 -0.490394 0.867962
vn 0.171161 0.542850 0.822203
vn -0.477172 -0.847258 -0.233368
vn -0.252859 -0.826453 0.503029
vn -0.213503 -0.975700 -0.049263
vn -0.485743 -0.873923 -0.017682
vn -0.598812 -0.335531 0.727216
vn -0.638555 -0.339852 0.690469
vn -0.157663 -0.954951 -0.251418
vn -0.602298 -0.749790 -0.273955
vn -0.392004 -0.910461 -0.131888
vn -0.591392 -0.773370 -0.228374
vn -0.045601 -0.912717 -0.406040
vn -0.499757 -0.686638 0.527988
vn -0.643179 -0.706828 -0.294474
vn -0.714199 -0.323337 0.620784
vn 0.046723 -0.431201 -0.901045
vn -0.639990 -0.709844 -0.294167
vn -0.721889 -0.308198 0.619589
vn -0.755775 -0.282262 0.590874
vn 0.011226 -0.428202 -0.903613
vn 0.820349 0.569346 -0.053601
vn 0.666556 0.513065 0.540803
vn 0.339719 0.306226 0.889279
vn 0.832817 0.527903 -0.166535
vn 0.011500 0.268152 0.963308
vn 0.023299 -0.442728 -0.896353
vn 0.825050 0.553764 -0.112419
vn -0.710400 -0.591831 -0.380877
vn -0.787755 -0.308766 0.533016
vn -0.005181 -0.345703 -0.938330
vn 0.876147 0.482038 -0.002490
vn 0.913703 0.403042 -0.052000
vn -0.062057 -0.337376 -0.939322
vn 0.888331 0.450729 -0.087813
vn -0.740559 -0.536668 -0.404426
vn -0.758657 -0.359674 0.543207
vn -0.045385 -0.409418 -0.911218
vn -0.694619 -0.624919 -0.356344
vn -0.057314 -0.385342 -0.920992
vn 0.887154 0.452994 -0.088063
vn 0.918697 0.367282 -0.145257
vn -0.744102 -0.582821 -0.326544
vn -0.756013 -0.258341 0.601419
vn -0.108894 -0.421090 -0.900458
vn -0.763329 -0.567358 -0.308924
vn -0.755525 -0.303849 0.580395
vn -0.656500 -0.724240 -0.210914
vn -0.634534 -0.446622 0.630790
vn -0.083056 -0.549888 -0.831098
vn 0.921288 0.350374 -0.168718
vn -0.363893 -0.930937 -0.030632
vn -0.379553 -0.670368 0.637609
vn 0.014646 -0.778831 -0.627063
vn 0.943829 0.298539 -0.141638
vn 0.257871 -0.960554 -0.104108
vn 0.755104 -0.480427 0.446103
vn 0.524286 -0.613442 0.590604
vn 0.257871 -0.960554 -0.104108
vn 0.943829 0.298539 -0.141638
vn 0.755104 -0.480427 0.446103
vn 0.524286 -0.613442 0.590604
vn 0.628478 0.411619 0.659989
vn -0.379553 -0.670368 0.637609
vn 0.921288 0.350374 -0.168718
vn 0.531664 0.414191 0.738769
vn -0.634534 -0.446622 0.630790
vn 0.918697 0.367282 -0.145257
vn 0.489291 0.426314 0.760822
vn -0.755525 -0.303849 0.580395
vn 0.887154 0.452994 -0.088063
vn 0.493573 0.507150 0.706530
vn -0.756013 -0.258341 0.601419
vn 0.888331 0.450729 -0.087813
vn 0.439567 0.477492 0.760777
vn -0.758657 -0.359674 0.543207
vn 0.913703 0.403042 -0.052000
vn 0.458244 0.410140 0.788542
vn -0.787755 -0.308766 0.533016
vn -0.755775 -0.282262 0.590874
vn 0.458858 0.487432 0.742872
vn 0.876147 0.482038 -0.002490
vn 0.375216 0.592089 0.713193
vn 0.825050 0.553764 -0.112419
vn -0.721889 -0.308198 0.619589
vn 0.832817 0.527903 -0.166535
vn 0.339574 0.556511 0.758278
vn -0.714199 -0.323337 0.620784
vn 0.820349 0.569346 -0.053601
vn 0.313426 0.530024 0.787933
vn -0.638555 -0.339852 0.690469
vn 0.666556 0.513065 0.540803
vn 0.235468 0.438412 0.867381
vn -0.598812 -0.335531 0.727216
vn 0.407321 0.634602 0.656788
vn 0.339719 0.306226 0.889279
vn 0.199413 0.551059 0.810289
vn -0.252859 -0.826453 0.503029
vn 0.078465 -0.490394 0.867962
vn 0.171161 0.542850 0.822203
vn 0.373944 0.677753 0.633101
vn 0.675948 0.667676 0.311934
vn 0.829139 0.485376 0.277377
vn 0.802370 0.518042 0.296370
vn 0.011500 0.268152 0.963308
vn 0.789569 0.554378 0.263147
vn 0.034439 0.324547 0.945242
vn 0.885958 0.352175 0.301746
vn 0.185780 0.258738 0.947914
vn 0.169865 0.190484 0.966883
vn 0.762322 0.163911 -0.626098
vn 0.711005 0.164990 -0.683557
vn 0.941416 0.336618 0.020598
vn 0.802898 0.093871 -0.588679
vn 0.913817 0.253974 0.316916
vn 0.930793 0.168098 0.324603
vn 0.803215 0.014830 -0.595504
vn 0.144192 0.075569 0.986660
vn 0.792628 -0.099512 -0.601530
vn 0.146152 -0.134186 0.980119
vn 0.764438 -0.228515 -0.602839
vn 0.946188 0.105368 0.305982
vn -0.376983 -0.872375 0.311199
vn -0.131320 -0.931090 -0.340334
vn -0.157256 -0.987482 0.012220
vn 0.788005 0.601514 0.131260
vn 0.701407 0.697531 0.146553
vn 0.582977 0.742738 0.329361
vn 0.925032 0.379887 0.001161
vn 0.794162 0.606352 -0.040544
vn 0.926014 0.367126 0.087843
vn 0.289209 0.234627 0.928067
vn 0.846788 0.504255 0.169346
vn 0.223436 0.279039 0.933924
vn 0.318786 0.189460 0.928698
vn 0.688285 0.094338 -0.719281
vn 0.633877 0.190329 -0.749650
vn 0.912085 0.296859 -0.282800
vn 0.923585 0.331082 0.193326
vn 0.683003 0.100819 -0.723424
vn 0.731486 -0.039812 -0.680694
vn 0.968587 0.076063 0.236759
vn 0.949292 -0.204606 0.238708
vn 0.336896 0.045309 0.940451
vn 0.682628 -0.246698 -0.687866
vn 0.259976 -0.131446 0.956627
vn 0.046910 -0.848725 -0.526750
vn -0.220210 -0.814088 0.537372
vn 0.311771 -0.945014 0.098724
vn 0.794001 0.534462 -0.289678
vn 0.744017 0.596945 -0.300158
vn 0.771163 0.239427 -0.589900
vn 0.693441 0.322320 -0.644398
vn 0.818189 0.307784 -0.485629
vn 0.742368 0.392813 0.542759
vn -0.222634 -0.359645 -0.906140
vn 0.895616 0.269601 -0.353819
vn 0.828788 0.274016 0.487878
vn 0.931556 0.055760 -0.359296
vn 0.903841 0.034606 0.426467
vn 0.825867 -0.235888 0.512152
vn -0.269413 -0.339541 -0.901182
vn 0.400795 -0.906949 -0.129639
vn -0.831443 -0.304721 0.464594
vn -0.719157 -0.416334 -0.556308
vn -0.340527 -0.241231 -0.908762
vn -0.518555 -0.222951 -0.825466
vn -0.958467 -0.285165 0.004740
vn 0.400795 -0.906949 -0.129639
vn -0.902546 -0.425266 -0.067531
vn -0.800276 -0.593295 -0.086947
vn -0.590672 -0.213763 0.778082
vn -0.831443 -0.304721 0.464594
vn -0.516378 -0.224357 0.826449
vn 0.903841 0.034606 0.426467
vn 0.825867 -0.235888 0.512152
vn 0.828788 0.274016 0.487878
vn -0.518090 -0.265872 0.812954
vn 0.742368 0.392813 0.542759
vn -0.508417 -0.861102 -0.003962
vn 0.912085 0.296859 -0.282800
vn -0.652295 -0.730623 -0.201749
vn -0.072098 -0.479378 -0.874642
vn 0.688285 0.094338 -0.719281
vn 0.633877 0.190329 -0.749650
vn -0.420106 -0.814712 -0.399695
vn -0.447992 -0.877416 -0.171593
vn -0.064921 -0.457048 -0.887069
vn 0.531225 0.286638 -0.797270
vn -0.480191 -0.874874 -0.063341
vn -0.479026 -0.845554 -0.235739
vn -0.344999 -0.634538 -0.691619
vn -0.062137 -0.308177 -0.949298
vn 0.502125 0.255097 -0.826315
vn -0.486208 -0.873540 0.023000
vn -0.076869 -0.302179 -0.950147
vn 0.756884 0.601904 -0.254634
vn 0.580757 0.146025 -0.800874
vn 0.673202 0.705039 0.222977
vn 0.729587 0.612637 -0.303939
vn -0.706579 -0.693669 -0.139890
vn -0.342916 -0.916425 -0.206333
vn -0.478714 -0.877724 0.020836
vn -0.625560 -0.298589 0.720777
vn -0.177686 -0.371645 -0.911212
vn -0.767232 -0.621308 -0.159157
vn -0.250733 -0.300139 -0.920353
vn 0.683003 0.100819 -0.723424
vn -0.382464 -0.885687 -0.263211
vn -0.278467 -0.204177 -0.938492
vn 0.731486 -0.039812 -0.680694
vn 0.682628 -0.246698 -0.687866
vn -0.440219 -0.328489 -0.835645
vn 0.046910 -0.848725 -0.526750
vn 0.311771 -0.945014 0.098724
vn -0.943255 -0.226693 -0.242654
vn -0.913960 -0.325521 -0.242310
vn -0.807746 -0.247921 0.534866
vn -0.220210 -0.814088 0.537372
vn 0.259976 -0.131446 0.956627
vn -0.704712 -0.107739 0.701266
vn 0.336896 0.045309 0.940451
vn 0.318786 0.189460 0.928698
vn -0.872981 -0.453812 -0.178772
vn -0.635230 -0.218387 0.740803
vn 0.223436 0.279039 0.933924
vn -0.602353 -0.297348 0.740780
vn 0.289209 0.234627 0.928067
vn 0.941416 0.336618 0.020598
vn 0.762322 0.163911 -0.626098
vn -0.023988 -0.463553 -0.885744
vn 0.711005 0.164990 -0.683557
vn -0.046504 -0.431436 -0.900944
vn 0.802898 0.093871 -0.588679
vn -0.675090 -0.693495 -0.251633
vn -0.714680 -0.657376 -0.238934
vn -0.843051 -0.440486 -0.308604
vn -0.137806 -0.333199 -0.932731
vn -0.179570 -0.322626 -0.929337
vn 0.803215 0.014830 -0.595504
vn 0.792628 -0.099512 -0.601530
vn -0.398582 -0.902425 -0.163589
vn -0.669490 -0.298693 0.680122
vn -0.702098 -0.264734 0.661040
vn 0.034439 0.324547 0.945242
vn 0.185780 0.258738 0.947914
vn -0.438205 -0.890621 -0.121531
vn -0.329206 -0.925568 -0.186941
vn -0.779633 -0.545484 -0.307602
vn -0.746723 -0.157434 0.646234
vn -0.783009 -0.157665 0.601697
vn 0.169865 0.190484 0.966883
vn 0.144192 0.075569 0.986660
vn -0.527289 -0.756822 -0.386248
vn -0.866019 -0.382697 -0.321798
vn -0.779199 -0.367063 0.508049
vn -0.660945 -0.612279 -0.433897
vn -0.857514 -0.412848 -0.306962
vn -0.526030 -0.769065 -0.363087
vn -0.435117 -0.589531 -0.680534
vn -0.249863 -0.502885 -0.827451
vn -0.376983 -0.872375 0.311199
vn 0.146152 -0.134186 0.980119
vn -0.157256 -0.987482 0.012220
vn -0.794205 -0.550758 -0.256718
vn -0.131320 -0.931090 -0.340334
vn 0.764438 -0.228515 -0.602839
vn -0.364454 -0.741520 -0.563313
vn -0.616037 -0.730150 -0.295601
vn -0.826978 -0.561076 0.036068
vn -0.515132 -0.839661 -0.172070
vn -0.641636 -0.729175 0.237922
vn 0.107364 -0.445862 -0.888639
vn -0.303845 -0.802748 -0.513102
vn -0.440595 -0.890908 -0.110271
vn -0.563932 -0.761699 0.319054
vn 0.139544 -0.481650 -0.865182
vn 0.556948 0.102998 -0.824136
vn -0.248411 -0.844494 -0.474470
vn 0.150810 -0.507051 -0.848620
vn -0.396436 -0.917640 -0.027857
vn -0.515813 -0.745918 0.421359
vn 0.713487 0.559868 -0.421288
vn -0.181682 -0.878592 -0.441666
vn -0.407265 -0.912292 0.043103
vn -0.493969 -0.720461 0.486755
vn -0.162310 -0.879056 -0.448237
vn -0.407606 -0.912623 0.031270
vn -0.452950 -0.682156 0.574020
vn -0.489668 -0.817355 0.303571
vn 0.178224 -0.541501 -0.821592
vn 0.182152 -0.542730 -0.819917
vn -0.177591 -0.861388 -0.475891
vn -0.431100 -0.900631 -0.054915
vn -0.568463 -0.789303 0.232058
vn -0.538274 -0.834081 -0.120710
vn -0.650131 -0.742001 0.163597
vn -0.256846 -0.849821 -0.460255
vn -0.630078 -0.762447 -0.147228
vn -0.704680 -0.683553 0.190216
vn 0.250039 -0.458479 -0.852805
vn -0.387047 -0.775626 -0.498597
vn -0.658114 -0.730304 -0.183144
vn -0.647176 -0.738690 0.188412
vn -0.026696 -0.656319 -0.754011
vn -0.489618 -0.675925 -0.550817
vn -0.148680 -0.587224 -0.795652
vn -0.601363 -0.775152 -0.193656
vn -0.476952 -0.859678 0.182951
vn -0.518977 -0.686213 -0.509680
vn -0.250742 -0.555381 -0.792894
vn 0.250854 -0.306205 -0.918320
vn -0.453545 -0.874940 -0.169638
vn -0.427455 -0.883566 0.191294
vn -0.494785 -0.705950 -0.506777
vn -0.292410 -0.577585 -0.762162
vn 0.538309 -0.037260 -0.841924
vn 0.187363 -0.228272 -0.955399
vn -0.425877 -0.896294 -0.123636
vn -0.495066 -0.825501 0.271030
vn -0.480918 -0.875262 -0.051326
vn -0.511623 -0.819948 0.256764
vn -0.521147 -0.848815 0.088983
vn -0.347294 -0.804474 -0.481879
vn -0.330351 -0.804605 -0.493437
vn -0.272806 -0.594141 -0.756686
vn -0.406834 -0.761024 -0.505300
vn -0.302488 -0.649081 -0.697993
vn -0.143954 -0.240093 -0.960017
vn -0.318589 -0.519948 -0.792563
vn -0.095354 -0.229025 -0.968739
vn 0.207740 0.153909 -0.966000
vn -0.266888 -0.501000 -0.823268
vn 0.197276 -0.048062 -0.979169
vn 0.156475 0.046823 -0.986571
vn 0.195662 0.081758 -0.977257
vn 0.225158 0.122014 -0.966652
vn 0.543914 0.494297 -0.678107
vn 0.615132 0.661336 -0.429240
vn 0.602030 0.748596 -0.277785
vn 0.637997 0.765601 0.082554
vn 0.551034 0.543064 -0.633595
vn 0.474957 0.535580 -0.698262
vn 0.590045 0.798078 0.122140
vn 0.595657 0.658288 0.460271
vn 0.474571 0.444914 -0.759496
vn 0.509534 0.772190 -0.379601
vn 0.471157 0.869604 0.147648
vn 0.548683 0.674866 0.493461
vn 0.514615 0.489300 0.704100
vn 0.508918 0.495628 0.703815
vn 0.369216 0.750389 0.548267
vn 0.488532 0.871923 0.032980
vn 0.538594 0.270869 -0.797839
vn 0.504433 0.701198 -0.503854
vn 0.626789 0.576139 -0.524595
vn 0.558237 0.073152 -0.826451
vn 0.696529 0.399820 -0.595812
vn 0.614734 0.785964 -0.066041
vn 0.700819 0.346317 -0.623632
vn 0.331930 0.855285 0.397882
vn 0.721216 0.670031 -0.175800
vn 0.435683 0.826193 0.357191
vn 0.036000 0.708480 0.704812
vn 0.336201 0.512155 0.790358
vn 0.690023 0.288591 -0.663765
vn 0.747061 0.632166 -0.205587
vn 0.581409 0.757349 0.297296
vn 0.159945 0.700655 0.695341
vn -0.092927 0.493943 0.864514
vn 0.257783 0.120369 0.958676
vn 0.506032 -0.075308 -0.859221
vn 0.557346 0.008888 -0.830233
vn 0.304332 0.105017 0.946759
vn 0.208879 0.093866 0.973426
vn -0.193828 -0.513492 0.835917
vn -0.315289 -0.560311 0.765927
vn 0.561501 0.075339 -0.824039
vn 0.733194 0.497638 -0.463448
vn 0.763483 0.443203 -0.469750
vn 0.765767 0.600487 -0.230252
vn 0.746775 0.664867 0.016706
vn 0.674176 0.737754 -0.034742
vn 0.702135 0.700110 0.129819
vn 0.717166 0.696395 -0.026608
vn 0.620895 0.761946 0.184194
vn 0.527711 0.770503 0.357556
vn 0.569201 0.724979 0.387835
vn 0.335717 0.689237 0.642065
vn 0.634580 0.728801 0.257212
vn 0.561819 0.685691 0.462804
vn 0.254563 0.639968 0.725009
vn 0.397130 0.681463 0.614733
vn -0.081872 0.558815 0.825241
vn -0.210951 0.339889 0.916502
vn 0.477406 0.674241 0.563457
vn 0.398183 0.641247 0.655936
vn 0.224707 0.560161 0.797325
vn -0.244985 0.189135 0.950900
vn 0.200400 0.483270 0.852226
vn 0.144640 0.428951 0.891673
vn 0.329939 0.645798 0.688538
vn -0.214482 0.048634 0.975516
vn 0.093831 0.385001 0.918134
vn -0.167636 0.456451 0.873814
vn -0.759019 -0.183253 0.624746
vn -0.248521 0.112887 0.962026
vn -0.188235 0.023196 0.981850
vn 0.024914 0.391662 0.919772
vn -0.124686 0.227585 0.965742
vn -0.380324 0.243555 0.892208
vn -0.224749 0.100501 0.969220
vn -0.215862 -0.051958 0.975040
vn -0.177496 0.044425 0.983118
vn -0.417978 0.068480 0.905872
vn -0.353770 -0.201984 0.913263
vn -0.354309 -0.326591 0.876244
vn -0.412185 -0.388092 0.824310
vn -0.468534 -0.528172 0.708174
vn -0.460689 -0.380828 0.801708
vn -0.493969 -0.720461 0.486755
vn -0.452950 -0.682156 0.574020
vn -0.515813 -0.745918 0.421359
vn -0.531879 -0.383630 0.754939
vn -0.563932 -0.761699 0.319054
vn -0.641636 -0.729175 0.237922
vn -0.595531 -0.360880 0.717711
vn -0.826978 -0.561076 0.036068
vn -0.920259 0.138823 0.365857
vn -0.857514 -0.412848 -0.306962
vn -0.779633 -0.545484 -0.307602
vn -0.925003 0.127111 0.358066
vn -0.413899 0.486685 0.769302
vn -0.350986 0.461818 0.814575
vn -0.890904 -0.034067 0.452913
vn -0.602298 -0.749790 -0.273955
vn -0.842104 -0.157426 0.515827
vn -0.477172 -0.847258 -0.233368
vn -0.784018 -0.211977 0.583423
vn -0.122622 -0.679001 -0.723824
vn -0.793586 -0.143688 0.591248
vn 0.071132 -0.465434 -0.882219
vn -0.006454 -0.506866 -0.862001
vn -0.298466 0.399704 0.866692
vn 0.157691 0.573986 0.803538
vn -0.195918 0.321107 0.926556
vn 0.942510 0.243095 0.229303
vn -0.094124 0.429801 0.898004
vn 0.801576 0.125461 -0.584581
vn -0.022535 0.445483 0.895007
vn 0.769750 0.090673 -0.631872
vn -0.739633 -0.121626 0.661929
vn -0.674037 -0.175987 0.717428
vn 0.087274 -0.491611 -0.866430
vn 0.019636 0.376360 0.926266
vn 0.760735 0.042655 -0.647660
vn -0.017526 0.225114 0.974175
vn 0.804840 -0.106998 -0.583767
vn 0.906332 -0.163185 -0.389786
vn 0.135868 -0.129172 0.982270
vn -0.548484 -0.190125 0.814259
vn 0.173158 -0.582691 -0.794032
vn -0.196765 -0.395122 0.897309
vn 0.142738 -0.735719 -0.662075
vn -0.568463 -0.789303 0.232058
vn -0.489668 -0.817355 0.303571
vn -0.591899 -0.425276 0.684687
vn -0.650131 -0.742001 0.163597
vn -0.601065 -0.452514 0.658750
vn -0.704680 -0.683553 0.190216
vn -0.088395 -0.401370 0.911640
vn -0.560923 -0.600076 0.570328
vn -0.647176 -0.738690 0.188412
vn -0.414801 -0.808192 0.418050
vn -0.476952 -0.859678 0.182951
vn -0.452619 -0.780817 0.430651
vn -0.427455 -0.883566 0.191294
vn -0.478416 -0.751020 0.455069
vn -0.495066 -0.825501 0.271030
vn -0.511623 -0.819948 0.256764
vn 0.705341 0.079986 -0.704341
vn 0.037844 0.052956 -0.997880
vn 0.055263 -0.006935 -0.998448
vn 0.728458 0.060659 -0.682400
vn 0.763373 -0.030790 -0.645223
vn -0.003117 0.002024 -0.999993
vn 0.895620 0.057780 -0.441051
vn -0.058362 0.073218 -0.995607
vn 0.915631 0.086181 -0.392673
vn 0.932468 0.098383 -0.347598
vn 0.947974 0.206566 -0.242231
vn 0.943227 0.185834 -0.275298
vn 0.740478 0.005070 -0.672062
vn -0.047353 0.072838 -0.996219
vn 0.978443 0.116433 -0.170568
vn 0.898811 0.400799 -0.177477
vn 0.982327 0.186742 -0.012663
vn 0.689667 0.110180 -0.715696
vn -0.001722 -0.060677 -0.998156
vn 0.992026 0.026324 -0.123251
vn 0.882340 0.470605 0.002689
vn 0.875754 0.478559 0.063541
vn 0.966938 0.199163 0.159266
vn 0.679789 -0.075175 -0.729545
vn 0.034832 -0.123400 -0.991746
vn 0.866630 0.380235 0.323070
vn 0.729131 0.679532 0.081266
vn 0.989866 0.073005 -0.121800
vn 0.696551 -0.143476 -0.703016
vn 0.022728 -0.186256 -0.982238
vn 0.669032 0.692110 0.270888
vn 0.905535 0.164211 0.391204
vn 0.986502 -0.111261 -0.120142
vn 0.887813 0.127952 0.442060
vn 0.135534 0.344379 0.928996
vn 0.178369 0.577890 0.796384
vn 0.715547 -0.128855 -0.686578
vn 0.985720 -0.152498 -0.071418
vn 0.709242 -0.343657 -0.615529
vn 0.035000 -0.432639 -0.900888
vn 0.993510 -0.113113 -0.012015
vn 0.935852 -0.336913 0.103303
vn 0.785803 -0.123103 0.606101
vn 0.725364 -0.160103 0.669488
vn 0.176587 -0.152364 0.972421
vn 0.605709 -0.353958 0.712622
vn 0.826380 -0.083034 0.556957
vn 0.141243 -0.221174 0.964952
vn 0.124410 -0.398807 0.908557
vn -0.478320 -0.366726 0.797949
vn -0.624745 -0.226201 0.747347
vn -0.919316 -0.388294 0.063925
vn 0.116847 0.198070 0.973198
vn -0.977566 -0.203137 -0.055686
vn -0.617317 -0.409289 -0.671865
vn -0.642770 -0.244318 0.726055
vn 0.179714 -0.105985 0.977993
vn -0.678783 -0.238277 0.694606
vn -0.967205 -0.247621 -0.056543
vn -0.811013 0.216805 0.543372
vn -0.797005 0.067234 0.600218
vn -0.968767 -0.243990 -0.044252
vn -0.662050 -0.151561 -0.733975
vn -0.650055 -0.191303 -0.735413
vn 0.022728 -0.186256 -0.982238
vn 0.035000 -0.432639 -0.900888
vn 0.034832 -0.123400 -0.991746
vn -0.001722 -0.060677 -0.998156
vn -0.692193 -0.120899 -0.711514
vn -0.047353 0.072838 -0.996219
vn -0.999892 -0.002051 -0.014531
vn -0.746548 -0.013476 -0.665195
vn -0.798526 0.044921 -0.600282
vn -0.058362 0.073218 -0.995607
vn -0.996941 0.073868 -0.025547
vn -0.844166 0.010301 -0.535983
vn -0.003117 0.002024 -0.999993
vn -0.998246 0.005330 0.058965
vn -0.840700 -0.072289 -0.536655
vn 0.055263 -0.006935 -0.998448
vn -0.819757 -0.070564 -0.568348
vn 0.037844 0.052956 -0.997880
vn -0.990712 -0.085715 -0.105564
vn -0.995387 -0.069163 -0.066488
vn -0.997759 0.037656 -0.055304
vn -0.995435 0.069137 0.065798
vn -0.977876 0.195505 -0.074402
vn -0.812666 0.229316 0.535713
vn -0.951432 0.176879 0.251976
vn -0.945424 0.325831 0.002690
vn -0.963314 0.249920 0.097807
vn -0.709394 0.508010 0.488555
vn -0.886194 0.444845 0.129508
vn -0.951302 0.247147 0.184238
vn -0.813587 0.538803 0.218559
vn 0.089691 0.808322 0.581868
vn -0.861739 0.499448 0.089204
vn -0.839879 0.542163 0.025741
vn -0.667947 0.718879 0.192511
vn -0.541614 0.726081 0.423628
vn 0.519820 0.805627 0.284168
vn -0.679167 0.733287 -0.031960
vn -0.472001 0.865282 0.168824
vn -0.003183 0.887906 0.460013
vn -0.512674 0.843770 -0.158800
vn -0.576203 0.791594 -0.203396
vn 0.645946 0.745026 0.166406
vn -0.041051 0.987260 0.153728
vn -0.054001 0.959343 -0.277027
vn -0.026418 0.955737 -0.293032
vn 0.516700 0.799112 -0.307313
vn 0.479859 0.860384 0.171685
vn 0.463299 0.867058 -0.183206
vn 0.793819 0.593263 -0.133758
vn 0.654623 0.755934 -0.005697
vn 0.822888 0.557916 0.107634
vn 0.271438 -0.914285 -0.300673
vn -0.004008 -0.927969 -0.372636
vn 0.037844 0.052956 -0.997880
vn 0.705341 0.079986 -0.704341
vn 0.281855 -0.949282 -0.139360
vn 0.895620 0.057780 -0.441051
vn 0.225984 -0.969494 -0.094932
vn 0.932468 0.098383 -0.347598
vn 0.943227 0.185834 -0.275298
vn 0.215602 -0.974686 -0.059184
vn 0.982327 0.186742 -0.012663
vn 0.225493 -0.974163 0.012634
vn 0.966938 0.199163 0.159266
vn 0.215278 -0.916469 0.337252
vn 0.337040 -0.407827 0.848576
vn 0.793819 0.593263 -0.133758
vn 0.516700 0.799112 -0.307313
vn 0.393190 -0.094794 0.914557
vn -0.026418 0.955737 -0.293032
vn 0.129165 0.030636 0.991150
vn -0.153225 -0.064404 0.986090
vn -0.576203 0.791594 -0.203396
vn -0.073844 -0.428754 0.900398
vn -0.839879 0.542163 0.025741
vn -0.951302 0.247147 0.184238
vn -0.122492 -0.901819 0.414389
vn -0.219878 -0.974948 0.033601
vn -0.963314 0.249920 0.097807
vn -0.247064 -0.968901 -0.013799
vn -0.977876 0.195505 -0.074402
vn -0.273634 -0.961320 -0.031438
vn -0.997759 0.037656 -0.055304
vn -0.990712 -0.085715 -0.105564
vn -0.352351 -0.934753 -0.045670
vn -0.819757 -0.070564 -0.568348
vn -0.348709 -0.905857 -0.240470
vn 0.037844 0.052956 -0.997880
vn -0.004008 -0.927969 -0.372636
vn 0.709242 -0.343657 -0.615529
vn 0.035000 -0.432639 -0.900888
vn 0.035527 -0.346290 -0.937455
vn 0.710644 -0.268570 -0.650274
vn 0.935852 -0.336913 0.103303
vn -0.075681 0.592296 -0.802158
vn 0.965316 -0.255411 -0.054130
vn 0.605709 -0.353958 0.712622
vn 0.507026 0.627348 -0.591066
vn -0.097402 0.930147 0.354033
vn -0.404265 0.898205 0.172621
vn 0.800209 0.596547 -0.061618
vn -0.486741 0.860397 -0.150999
vn -0.314818 0.828706 -0.462749
vn 0.722346 -0.332254 0.606485
vn 0.648541 0.428238 0.629291
vn -0.115982 0.811699 -0.572445
vn 0.087768 -0.406211 0.909555
vn 0.124410 -0.398807 0.908557
vn 0.033510 0.374441 0.926645
vn -0.686399 0.408248 0.601822
vn 0.129154 0.857447 -0.498100
vn -0.665259 -0.369462 0.648790
vn -0.478320 -0.366726 0.797949
vn -0.851161 0.519640 -0.074154
vn 0.341419 0.927951 -0.149469
vn 0.248154 0.936021 0.249570
vn -0.932786 -0.355802 -0.057576
vn -0.919316 -0.388294 0.063925
vn -0.617317 -0.409289 -0.671865
vn -0.582321 0.577911 -0.571770
vn -0.097402 0.930147 0.354033
vn -0.075681 0.592296 -0.802158
vn 0.035527 -0.346290 -0.937455
vn -0.630234 -0.368369 -0.683454
vn 0.035000 -0.432639 -0.900888
vn -0.881976 -0.441751 -0.164239
vn 0.000000 -0.964147 0.265370
vn 0.000000 -0.954804 -0.297237
vn -0.180680 -0.459512 0.869600
vn 0.000000 -0.416734 0.909028
vn -0.988270 -0.144569 -0.049211
vn 0.298715 -0.439769 0.846979
vn 0.000000 -0.216922 0.976189
vn 0.357272 -0.297284 0.885426
vn 0.000000 -0.186053 0.982540
vn 0.416474 -0.153248 0.896139
vn 0.527898 -0.144169 0.836982
vn 0.664662 -0.075622 0.743307
vn 0.859681 0.009465 0.510743
vn 0.900912 0.062126 0.429532
vn 0.356687 -0.161330 0.920189
vn -0.754283 -0.242258 0.610219
vn -0.753967 -0.317680 0.574990
vn -0.977091 -0.196430 -0.081910
vn 0.983461 0.092592 -0.155661
vn 0.972135 0.177327 -0.153323
vn 0.648032 0.059195 -0.759309
vn 0.267281 -0.234543 0.934639
vn -0.744568 -0.362526 0.560529
vn -0.966683 -0.236046 -0.099025
vn 0.654709 -0.013971 -0.755752
vn 0.361851 -0.016172 -0.932096
vn 0.186340 -0.212561 -0.959216
vn 0.000000 -0.040941 -0.999162
vn 0.000000 -0.567274 -0.823529
vn 0.000000 -0.954804 -0.297237
vn -0.881976 -0.441751 -0.164239
vn -0.988270 -0.144569 -0.049211
vn -0.386668 -0.083540 -0.918427
vn 0.605957 0.014280 -0.795369
vn -0.442039 -0.041337 -0.896043
vn -0.977091 -0.196430 -0.081910
vn 0.990485 0.068689 -0.119257
vn 0.819795 -0.037324 0.571440
vn 0.996454 0.038410 -0.074857
vn 0.800019 -0.105514 0.590624
vn 0.565726 0.111769 -0.816983
vn -0.355000 -0.112972 -0.928015
vn -0.966683 -0.236046 -0.099025
vn 0.999035 0.026812 -0.034791
vn 0.544192 0.028336 -0.838482
vn -0.383833 -0.128993 -0.914348
vn -0.963043 -0.259327 -0.072782
vn 0.804366 -0.081783 0.588479
vn 0.494923 0.015997 -0.868789
vn -0.405325 -0.039616 -0.913314
vn -0.983602 -0.179459 -0.017923
vn 0.997355 0.070387 -0.018108
vn 0.452842 0.078887 -0.888094
vn 0.252893 -0.258751 0.932252
vn -0.404770 0.101106 -0.908812
vn -0.991407 -0.127373 0.029808
vn -0.978861 -0.194006 -0.064758
vn 0.422734 0.143555 -0.894812
vn 0.809784 -0.089474 0.579865
vn 0.168429 -0.322875 0.931334
vn -0.403920 0.104883 -0.908762
vn -0.981968 -0.177443 -0.065211
vn 0.998247 0.054695 0.022603
vn -0.696395 -0.406524 0.591415
vn -0.963043 -0.259327 -0.072782
vn 0.812636 -0.121593 0.569945
vn 0.168910 -0.364012 0.915950
vn -0.696702 -0.347522 0.627563
vn -0.983602 -0.179459 -0.017923
vn 0.996882 0.067760 0.040438
vn 0.777229 -0.025008 0.628721
vn 0.133382 -0.213158 0.967870
vn -0.659847 -0.257692 0.705831
vn -0.991407 -0.127373 0.029808
vn 0.999452 -0.012569 0.030621
vn 0.796473 -0.145890 0.586811
vn -0.685438 -0.270316 0.676095
vn -0.978861 -0.194006 -0.064758
vn -0.981968 -0.177443 -0.065211
vn 0.125134 -0.240285 0.962603
vn 0.784466 -0.210068 0.583510
vn 0.460516 0.203787 -0.863942
vn 0.100412 -0.367562 0.924562
vn -0.665547 -0.333951 0.667476
vn 0.999857 0.016738 0.002522
vn 0.462466 0.113496 -0.879343
vn 0.442828 -0.016042 -0.896463
vn -0.335818 0.030313 -0.941439
vn -0.957982 -0.283853 -0.041198
vn -0.641809 -0.449737 0.621142
vn -0.957982 -0.283853 -0.041198
vn 0.137625 -0.434142 0.890270
vn -0.564995 -0.489941 0.663881
vn -0.864566 -0.502163 0.018936
vn 0.741594 -0.175568 0.647467
vn -0.352894 -0.053813 -0.934115
vn -0.365867 -0.158380 -0.917092
vn -0.864566 -0.502163 0.018936
vn -0.944886 -0.290523 0.150952
vn 0.104191 0.152098 -0.982858
vn -0.611381 -0.538082 0.580242
vn -0.944886 -0.290523 0.150952
vn 0.166459 -0.743057 0.648195
vn 0.126276 -0.451783 0.883146
vn 0.671623 -0.473856 0.569546
vn 0.713678 -0.567770 0.410246
vn 0.993905 -0.103317 0.038439
vn 0.915273 -0.397962 -0.062470
vn 0.942269 -0.305982 -0.136030
vn 0.455959 -0.017769 -0.889824
vn 0.813950 -0.254425 -0.522258
vn 0.881976 -0.441751 -0.164239
vn 0.000000 -0.954804 -0.297237
vn 0.000000 -0.964147 0.265370
vn 0.180680 -0.459512 0.869600
vn 0.000000 -0.416734 0.909028
vn 0.754284 -0.242258 0.610219
vn -0.527898 -0.144169 0.836982
vn 0.988270 -0.144569 -0.049211
vn -0.298715 -0.439769 0.846979
vn 0.000000 -0.216922 0.976189
vn -0.357272 -0.297284 0.885426
vn 0.000000 -0.186053 0.982540
vn -0.416474 -0.153248 0.896139
vn -0.664662 -0.075622 0.743307
vn 0.753967 -0.317680 0.574990
vn 0.977091 -0.196430 -0.081910
vn -0.859681 0.009465 0.510743
vn -0.900912 0.062126 0.429532
vn -0.952527 0.074088 -0.295302
vn -0.943254 0.150673 -0.295920
vn -0.667968 0.052761 -0.742317
vn -0.819795 -0.037324 0.571440
vn -0.356687 -0.161330 0.920189
vn -0.267282 -0.234543 0.934639
vn 0.744568 -0.362526 0.560529
vn 0.966683 -0.236046 -0.099025
vn -0.646333 -0.030753 -0.762435
vn -0.377979 -0.022994 -0.925529
vn -0.800019 -0.105514 0.590624
vn -0.252893 -0.258751 0.932252
vn 0.696395 -0.406524 0.591416
vn 0.963043 -0.259327 -0.072782
vn -0.184457 -0.244240 -0.952009
vn 0.000000 -0.040941 -0.999162
vn 0.000000 -0.567274 -0.823529
vn 0.000000 -0.954804 -0.297237
vn 0.881976 -0.441751 -0.164239
vn 0.443139 -0.140999 -0.885295
vn 0.988270 -0.144569 -0.049211
vn -0.804366 -0.081783 0.588479
vn 0.696702 -0.347522 0.627563
vn 0.983602 -0.179459 -0.017922
vn -0.604557 -0.014525 -0.796429
vn 0.512245 -0.065662 -0.856326
vn 0.977091 -0.196430 -0.081910
vn -0.961433 0.043427 -0.271590
vn -0.547478 0.117540 -0.828524
vn -0.971053 0.051114 -0.233331
vn 0.404621 -0.107132 -0.908187
vn 0.966683 -0.236046 -0.099025
vn -0.535975 0.083688 -0.840076
vn -0.979738 0.067522 -0.188557
vn 0.390635 -0.176101 -0.903545
vn 0.963043 -0.259327 -0.072782
vn -0.495923 -0.020498 -0.868125
vn -0.982923 0.051781 -0.176581
vn 0.382556 -0.029570 -0.923459
vn 0.983602 -0.179459 -0.017922
vn -0.443081 0.090059 -0.891947
vn 0.374939 0.103442 -0.921260
vn 0.991407 -0.127373 0.029808
vn 0.978861 -0.194006 -0.064758
vn -0.405661 0.159469 -0.900005
vn 0.351242 0.085187 -0.932401
vn 0.981968 -0.177443 -0.065210
vn 0.262636 0.061880 -0.962909
vn 0.957982 -0.283853 -0.041198
vn -0.982407 0.072693 -0.172026
vn -0.498826 0.163839 -0.851076
vn -0.987199 0.111344 -0.114193
vn -0.812636 -0.121593 0.569945
vn -0.809784 -0.089474 0.579865
vn -0.168429 -0.322875 0.931334
vn -0.168910 -0.364012 0.915950
vn -0.777229 -0.025008 0.628721
vn -0.990215 -0.011328 -0.139090
vn -0.133381 -0.213158 0.967870
vn -0.443305 0.140161 -0.885345
vn 0.659847 -0.257692 0.705831
vn 0.991407 -0.127373 0.029808
vn -0.796473 -0.145890 0.586811
vn 0.685438 -0.270316 0.676095
vn 0.978861 -0.194006 -0.064758
vn 0.981968 -0.177443 -0.065210
vn -0.125134 -0.240285 0.962603
vn -0.784466 -0.210068 0.583510
vn -0.100412 -0.367562 0.924562
vn 0.665547 -0.333951 0.667476
vn 0.641809 -0.449737 0.621142
vn 0.957982 -0.283853 -0.041198
vn -0.137625 -0.434142 0.890269
vn 0.564995 -0.489941 0.663881
vn 0.889346 -0.457118 -0.010283
vn -0.969094 0.045136 -0.242528
vn -0.741594 -0.175568 0.647467
vn 0.611381 -0.538082 0.580242
vn 0.980667 -0.195684 0.000718
vn -0.166459 -0.743057 0.648195
vn -0.126276 -0.451784 0.883146
vn -0.671623 -0.473856 0.569547
vn -0.713677 -0.567769 0.410247
vn -0.985085 -0.074970 -0.154876
vn -0.923555 -0.337478 -0.182086
vn -0.877462 -0.431475 -0.209499
vn -0.403744 -0.334099 -0.851686
vn -0.349518 -0.530637 -0.772180
vn -0.473894 -0.107737 -0.873966
vn 0.231881 -0.481314 -0.845321
vn 0.369603 -0.478306 -0.796629
vn 0.283294 -0.212488 -0.935197
vn 0.889346 -0.457118 -0.010283
vn 0.980667 -0.195684 0.000718
vn -0.693911 0.082505 -0.715319
vn -0.051821 0.041688 -0.997786
vn -0.036778 0.055981 -0.997754
vn -0.725739 0.099491 -0.680738
vn -0.763373 -0.030790 -0.645223
vn 0.003116 0.002024 -0.999993
vn -0.896676 0.058540 -0.438799
vn 0.058362 0.073218 -0.995607
vn -0.911615 0.121764 -0.392596
vn -0.935894 0.098202 -0.338318
vn -0.940559 0.237026 -0.243243
vn -0.944301 0.185146 -0.272061
vn -0.740478 0.005070 -0.672062
vn 0.047353 0.072838 -0.996219
vn -0.978443 0.116433 -0.170568
vn -0.888525 0.422409 -0.179151
vn -0.983276 0.181825 -0.010427
vn -0.689667 0.110180 -0.715696
vn 0.001722 -0.060677 -0.998156
vn -0.992026 0.026324 -0.123251
vn -0.882340 0.470605 0.002689
vn -0.863618 0.500656 0.059222
vn -0.967963 0.151798 0.200010
vn -0.679789 -0.075175 -0.729545
vn -0.026166 -0.134777 -0.990530
vn -0.706132 -0.123183 -0.697283
vn -0.989866 0.073005 -0.121801
vn -0.986502 -0.111261 -0.120142
vn -0.990527 -0.124922 -0.057010
vn -0.763409 -0.140099 0.630539
vn -0.826380 -0.083034 0.556957
vn -0.153883 -0.189639 0.969720
vn -0.887813 0.127952 0.442060
vn -0.905535 0.164210 0.391204
vn -0.866630 0.380235 0.323070
vn -0.135534 0.344379 0.928996
vn -0.116847 0.198070 0.973198
vn -0.179714 -0.105985 0.977993
vn 0.678783 -0.238277 0.694606
vn 0.646618 -0.234317 0.725935
vn 0.975152 -0.217878 -0.040086
vn 0.968767 -0.243990 -0.044252
vn 0.671722 -0.153966 -0.724627
vn 0.797005 0.067234 0.600218
vn 0.811013 0.216805 0.543372
vn 0.999892 -0.002051 -0.014531
vn 0.692193 -0.120900 -0.711514
vn 0.001722 -0.060677 -0.998156
vn -0.026166 -0.134777 -0.990530
vn 0.047353 0.072838 -0.996219
vn 0.746549 -0.013476 -0.665195
vn 0.798526 0.044921 -0.600282
vn 0.058362 0.073218 -0.995607
vn 0.996941 0.073868 -0.025547
vn 0.844166 0.010301 -0.535983
vn 0.003116 0.002024 -0.999993
vn 0.998246 0.005330 0.058965
vn 0.841054 -0.029119 -0.540166
vn -0.051821 0.041688 -0.997786
vn 0.812156 -0.064119 -0.579906
vn -0.036778 0.055981 -0.997754
vn 0.990805 -0.083845 -0.106184
vn 0.997304 -0.029373 -0.067243
vn 0.997810 0.037851 -0.054239
vn 0.991172 0.118166 0.060131
vn 0.978755 0.195116 -0.062991
vn 0.812666 0.229316 0.535713
vn 0.951432 0.176879 0.251976
vn 0.928941 0.370199 0.004552
vn 0.964271 0.243788 0.103675
vn -0.178369 0.577890 0.796384
vn 0.709394 0.508010 0.488555
vn 0.864853 0.486031 0.125711
vn 0.952852 0.196134 0.231527
vn 0.813587 0.538803 0.218559
vn -0.669032 0.692110 0.270888
vn 0.842781 0.536118 0.047939
vn 0.846014 0.528969 0.066725
vn -0.089691 0.808322 0.581868
vn 0.667947 0.718879 0.192511
vn 0.541614 0.726081 0.423628
vn -0.729131 0.679532 0.081266
vn 0.679314 0.730158 -0.073495
vn -0.519820 0.805627 0.284168
vn 0.472001 0.865282 0.168824
vn 0.508391 0.841075 -0.184748
vn 0.564934 0.800509 -0.200086
vn 0.003183 0.887906 0.460013
vn -0.645946 0.745026 0.166406
vn 0.056214 0.953240 -0.296939
vn 0.033162 0.955110 -0.294390
vn -0.501307 0.809352 -0.306008
vn 0.041051 0.987260 0.153728
vn -0.479859 0.860384 0.171685
vn -0.460667 0.861088 -0.215207
vn -0.805377 0.582413 -0.110286
vn -0.655795 0.753196 -0.051281
vn -0.812816 0.577239 0.078264
vn -0.706132 -0.123183 -0.697283
vn -0.032204 -0.333673 -0.942139
vn -0.026166 -0.134777 -0.990530
vn -0.719671 -0.267835 -0.640576
vn -0.990527 -0.124922 -0.057010
vn -0.965373 -0.253653 0.060959
vn -0.763409 -0.140099 0.630539
vn -0.649036 -0.271352 0.710718
vn -0.153883 -0.189639 0.969720
vn -0.135080 -0.324833 0.936075
vn 0.515381 -0.312425 0.797980
vn 0.646618 -0.234317 0.725935
vn 0.946207 -0.320722 0.042781
vn 0.975152 -0.217878 -0.040086
vn 0.641764 -0.321947 -0.696052
vn 0.671722 -0.153966 -0.724627
vn -0.032204 -0.333673 -0.942139
vn -0.026166 -0.134777 -0.990530
vn -0.210613 -0.949320 -0.233310
vn -0.036778 0.055981 -0.997754
vn 0.010595 -0.952864 -0.303213
vn -0.693911 0.082505 -0.715319
vn -0.203385 -0.973712 -0.102569
vn -0.896676 0.058540 -0.438799
vn -0.160931 -0.984697 -0.066874
vn -0.935894 0.098202 -0.338318
vn -0.944301 0.185146 -0.272061
vn -0.164004 -0.985536 -0.042677
vn -0.983276 0.181825 -0.010427
vn -0.179924 -0.983595 0.012945
vn -0.967963 0.151798 0.200010
vn -0.185221 -0.923516 0.335875
vn -0.301127 -0.429143 0.851562
vn -0.805377 0.582413 -0.110286
vn -0.501307 0.809352 -0.306008
vn -0.350445 -0.152444 0.924094
vn 0.033162 0.955110 -0.294390
vn -0.124045 -0.035916 0.991626
vn 0.108823 -0.115586 0.987318
vn 0.564934 0.800509 -0.200086
vn 0.047879 -0.439094 0.897164
vn 0.846014 0.528969 0.066725
vn 0.952852 0.196134 0.231527
vn 0.099447 -0.906494 0.410339
vn 0.179570 -0.983306 0.029385
vn 0.964271 0.243788 0.103675
vn 0.201942 -0.979355 -0.009167
vn 0.978755 0.195116 -0.062991
vn 0.216197 -0.975996 -0.026284
vn 0.997810 0.037851 -0.054239
vn 0.990805 -0.083845 -0.106184
vn 0.284179 -0.958016 -0.038061
vn 0.812156 -0.064119 -0.579906
vn 0.297605 -0.932791 -0.203304
vn -0.036778 0.055981 -0.997754
vn 0.010595 -0.952864 -0.303213
vn 0.329926 0.936813 0.116319
vn 0.109928 0.960306 0.256376
vn 0.023160 0.208235 -0.977805
vn -0.670378 0.291069 -0.682548
vn 0.389102 0.906629 -0.163168
vn -0.956995 0.289451 -0.019474
vn 0.226527 0.869691 -0.438547
vn -0.688758 0.119448 0.715084
vn -0.070451 0.029408 0.997082
vn 0.119458 0.881143 -0.457511
vn 0.672443 0.033874 0.739374
vn -0.023872 0.884718 -0.465515
vn 0.988608 0.149501 -0.017416
vn -0.245302 0.955455 -0.164111
vn 0.688753 0.175064 -0.703543
vn -0.169747 0.964574 0.201949
vn 0.109928 0.960306 0.256376
vn 0.023160 0.208235 -0.977805
vn -0.032204 -0.333673 -0.942139
vn -0.039110 -0.376164 -0.925727
vn 0.619771 -0.402748 -0.673556
vn 0.641764 -0.321947 -0.696052
vn 0.917702 -0.394540 -0.046480
vn 0.946207 -0.320722 0.042781
vn 0.515381 -0.312425 0.797980
vn 0.647303 -0.390235 0.654764
vn -0.135080 -0.324833 0.936075
vn -0.089639 -0.413067 0.906278
vn -0.649036 -0.271352 0.710718
vn -0.710496 -0.352204 0.609220
vn -0.956352 -0.289268 -0.041426
vn -0.965373 -0.253653 0.060959
vn -0.707881 -0.300907 -0.639030
vn -0.719671 -0.267835 -0.640576
vn -0.039110 -0.376164 -0.925727
vn -0.032204 -0.333673 -0.942139
vn 0.329926 0.936813 0.116319
vn 0.086979 0.777848 0.622404
vn 0.109928 0.960306 0.256376
vn 0.603323 0.693011 0.394636
vn 0.389102 0.906629 -0.163168
vn 0.787229 0.610854 -0.084421
vn 0.576544 0.573283 -0.582189
vn 0.226527 0.869691 -0.438547
vn 0.102550 0.616845 -0.780375
vn 0.119458 0.881143 -0.457511
vn -0.023872 0.884718 -0.465515
vn -0.399561 0.680224 -0.614529
vn -0.245302 0.955455 -0.164111
vn -0.634110 0.764840 -0.113686
vn -0.447255 0.783791 0.430853
vn -0.169747 0.964574 0.201949
vn 0.086979 0.777848 0.622404
vn 0.109928 0.960306 0.256376
vn 0.023160 0.208235 -0.977805
vn -0.039110 -0.376164 -0.925727
vn -0.707881 -0.300907 -0.639030
vn -0.670378 0.291069 -0.682548
vn -0.956352 -0.289268 -0.041426
vn -0.956995 0.289451 -0.019474
vn -0.710496 -0.352204 0.609220
vn -0.688758 0.119448 0.715084
vn -0.089639 -0.413067 0.906278
vn -0.070451 0.029408 0.997082
vn 0.672443 0.033874 0.739374
vn 0.647303 -0.390235 0.654764
vn 0.988608 0.149501 -0.017416
vn 0.917702 -0.394540 -0.046480
vn 0.688753 0.175064 -0.703543
vn 0.619771 -0.402748 -0.673556
vn -0.039110 -0.376164 -0.925727
vn 0.023160 0.208235 -0.977805
vn 0.128297 0.664389 -0.736293
vn -0.007213 0.565513 -0.824708
vn -0.012441 0.634317 -0.772973
vn 0.137265 0.585518 -0.798954
vn 0.238544 0.782340 -0.575361
vn -0.005057 0.524063 -0.851665
vn 0.300632 0.676487 -0.672299
vn 0.196917 0.976026 -0.092720
vn 0.139823 0.548761 -0.824203
vn -0.003706 0.456897 -0.889512
vn 0.141320 0.517805 -0.843746
vn 0.297804 0.654848 -0.694613
vn 0.259279 0.693734 -0.671943
vn 0.434358 0.862065 -0.261109
vn 0.016498 0.970860 0.239080
vn 0.443615 0.846813 -0.293451
vn 0.310246 0.909968 -0.275147
vn 0.378225 0.913318 0.150982
vn 0.411402 0.904107 0.115496
vn 0.296156 0.952581 0.069864
vn 0.274986 0.854021 0.441622
vn 0.189159 0.869111 0.457017
vn -0.146933 0.917746 0.368990
vn -0.162616 0.919790 0.357130
vn 0.276947 0.837546 0.470975
vn 0.135254 0.847572 0.513155
vn -0.119125 0.934249 0.336136
vn 0.231614 0.798787 0.555243
vn 0.274593 0.770850 0.574794
vn 0.112204 0.842415 0.527017
vn -0.034532 0.940136 0.339046
vn 0.183145 0.798994 0.572771
vn 0.239947 0.773088 0.587163
vn 0.068206 0.845445 0.529689
vn -0.004533 0.940655 0.339335
vn 0.099383 0.808285 0.580344
vn 0.131435 0.784771 0.605690
vn -0.004210 0.790048 0.613031
vn -0.003565 0.847837 0.530244
vn -0.003375 0.812429 0.583051
vn -0.147049 0.780280 0.607898
vn -0.112740 0.809506 0.576186
vn -0.253654 0.767478 0.588759
vn -0.082210 0.849108 0.521782
vn 0.011791 0.943465 0.331263
vn -0.193182 0.800347 0.567562
vn -0.274709 0.766638 0.580346
vn -0.120547 0.846494 0.518572
vn 0.105259 0.939160 0.326953
vn -0.228488 0.798789 0.556534
vn -0.259565 0.855712 0.447642
vn -0.126082 0.851119 0.509607
vn 0.185903 0.923044 0.336793
vn -0.270956 0.833080 0.482246
vn -0.174768 0.866044 0.468427
vn 0.215691 0.907483 0.360489
vn 0.048914 0.970243 0.237141
vn -0.406217 0.906339 0.116354
vn -0.275937 0.958274 0.074631
vn -0.296678 0.915363 -0.272199
vn -0.371571 0.916826 0.146165
vn -0.435664 0.850391 -0.295011
vn -0.256696 0.693794 -0.672872
vn -0.426044 0.864493 -0.266718
vn -0.179733 0.977671 -0.108884
vn -0.292598 0.662292 -0.689751
vn -0.145145 0.517520 -0.843271
vn -0.293461 0.687181 -0.664577
vn -0.228875 0.796522 -0.559616
vn -0.144581 0.553149 -0.820440
vn -0.003706 0.456897 -0.889512
vn -0.005057 0.524063 -0.851665
vn -0.142902 0.593987 -0.791681
vn -0.136830 0.683128 -0.717366
vn -0.007213 0.565513 -0.824708
vn -0.012441 0.634317 -0.772973
vn -0.092090 -0.794816 -0.599823
vn -0.958340 0.267223 -0.100882
vn -0.952682 0.303943 -0.003876
vn -0.296592 -0.668511 -0.682001
vn -0.138806 -0.625953 -0.767408
vn -0.587625 -0.552865 -0.590793
vn -0.008657 0.664853 0.746924
vn 0.516143 0.629890 0.580375
vn -0.709074 -0.523315 -0.472605
vn -0.245087 0.883702 0.398753
vn -0.762033 -0.580213 -0.287506
vn -0.604949 0.762715 0.228697
vn -0.777579 -0.625222 -0.066848
vn -0.384430 0.852882 0.353278
vn -0.713728 -0.620517 0.324886
vn -0.241805 0.894587 0.375825
vn -0.486431 -0.552939 0.676493
vn -0.221303 0.917558 0.330322
vn -0.282028 -0.508239 0.813728
vn -0.062751 0.937252 0.342961
vn -0.135249 -0.487390 0.862646
vn 0.022831 0.923827 0.382128
vn -0.000403 0.929667 0.368401
vn -0.000038 -0.479481 0.877552
vn 0.135251 -0.487426 0.862625
vn -0.022768 0.923521 0.382871
vn 0.063258 0.937048 0.343422
vn 0.282043 -0.508249 0.813717
vn 0.221311 0.917551 0.330337
vn 0.486431 -0.552939 0.676493
vn 0.241805 0.894585 0.375829
vn 0.713727 -0.620517 0.324887
vn 0.384429 0.852877 0.353291
vn 0.777579 -0.625222 -0.066846
vn 0.604952 0.762711 0.228704
vn 0.762033 -0.580213 -0.287505
vn 0.245094 0.883700 0.398752
vn 0.709074 -0.523315 -0.472605
vn 0.587674 -0.553133 -0.590494
vn -0.515456 0.629650 0.581245
vn 0.803010 0.518439 0.293932
vn 0.298914 -0.666522 -0.682934
vn 0.961075 0.272316 -0.046685
vn 0.092090 -0.794815 -0.599824
vn 0.958337 0.267224 -0.100902
vn -0.952682 0.303943 -0.003876
vn -0.958340 0.267223 -0.100882
vn -0.036491 0.816544 0.576129
vn 0.182416 0.713072 0.676944
vn -0.008657 0.664853 0.746924
vn 0.516143 0.629890 0.580375
vn 0.642403 0.594148 0.484052
vn -0.245087 0.883702 0.398753
vn 0.694821 0.650069 0.307626
vn -0.604949 0.762715 0.228697
vn 0.714247 0.693665 0.093166
vn -0.384430 0.852882 0.353278
vn 0.660558 0.700324 -0.270572
vn -0.241805 0.894587 0.375825
vn 0.449117 0.637964 -0.625536
vn -0.221303 0.917558 0.330322
vn 0.266667 0.593410 -0.759443
vn -0.062751 0.937252 0.342961
vn 0.135658 0.577948 -0.804719
vn 0.022831 0.923827 0.382128
vn -0.000403 0.929667 0.368401
vn 0.000000 0.573513 -0.819197
vn -0.135657 0.577946 -0.804720
vn -0.022768 0.923521 0.382871
vn 0.063258 0.937048 0.343422
vn -0.266664 0.593409 -0.759444
vn 0.221311 0.917551 0.330337
vn -0.449117 0.637964 -0.625536
vn 0.241805 0.894585 0.375829
vn -0.660558 0.700324 -0.270572
vn 0.384429 0.852877 0.353291
vn -0.714247 0.693666 0.093167
vn 0.604952 0.762711 0.228704
vn -0.694821 0.650069 0.307627
vn 0.245094 0.883700 0.398752
vn -0.642403 0.594148 0.484052
vn -0.515456 0.629650 0.581245
vn -0.182416 0.713073 0.676943
vn 0.803010 0.518439 0.293932
vn 0.961075 0.272316 -0.046685
vn 0.036491 0.816545 0.576128
vn 0.958337 0.267224 -0.100902
vn 0.508900 0.849906 0.136678
vn 0.483004 0.860110 0.164069
vn 0.250295 0.883058 0.396939
vn 0.270927 0.882995 0.383299
vn 0.369604 0.893393 -0.255425
vn 0.193973 0.860234 0.471564
vn 0.147699 0.879467 0.452464
vn 0.281442 0.934644 0.217329
vn 0.185347 0.852878 0.488104
vn 0.346975 0.906974 -0.238761
vn 0.261170 0.943555 0.203703
vn 0.283376 0.701583 -0.653819
vn 0.283968 0.702846 -0.652204
vn 0.191519 0.354641 -0.915178
vn 0.190202 0.342319 -0.920131
vn 0.222226 -0.005407 -0.974980
vn 0.225359 -0.014627 -0.974166
vn 0.326758 -0.142562 -0.934294
vn 0.163514 0.852822 0.495941
vn 0.355665 -0.146020 -0.923137
vn 0.410865 -0.131989 -0.902091
vn 0.342622 0.691932 0.635484
vn 0.520542 -0.141369 -0.842051
vn 0.477001 -0.105364 -0.872564
vn 0.826297 -0.104796 -0.553400
vn 0.334790 0.745023 0.576938
vn 0.625780 -0.100002 -0.773562
vn 0.535557 -0.045398 -0.843278
vn 0.909285 -0.039384 -0.414306
vn 0.987544 0.140888 -0.070054
vn 0.566555 0.588447 0.576841
vn 0.707746 0.464662 0.532151
vn 0.282587 0.812052 0.510603
vn 0.672639 -0.012776 -0.739861
vn 0.555148 -0.048646 -0.830328
vn 0.912280 0.033031 -0.408233
vn 0.987283 0.132439 -0.087929
vn 0.708631 0.321276 0.628191
vn 0.918953 0.242556 0.310953
vn 0.146300 0.842493 0.518461
vn 0.086226 0.880741 0.465682
vn 0.359677 0.700355 0.616552
vn 0.961875 0.207771 0.177843
vn 0.975983 0.183041 -0.118127
vn 0.057264 0.835942 0.545822
vn 0.000000 0.860512 0.509430
vn 0.758956 0.279690 0.588013
vn 0.129381 0.722744 0.678897
vn 0.000018 0.828564 0.559894
vn 0.883012 0.117269 -0.454465
vn 0.945308 0.255689 0.202525
vn -0.057225 0.835945 0.545822
vn -0.086173 0.880763 0.465650
vn -0.146302 0.842497 0.518455
vn -0.147700 0.879482 0.452434
vn -0.129382 0.722738 0.678904
vn 0.000010 0.721689 0.692218
vn 0.170985 0.466210 0.867993
vn 0.965013 0.233460 -0.119360
vn 0.000002 0.480626 0.876926
vn 0.441508 0.403794 0.801262
vn 0.500267 0.332637 0.799429
vn 0.247109 0.403704 0.880886
vn 0.561255 0.337972 0.755491
vn 0.760464 0.306011 0.572758
vn 0.942315 0.240773 0.232530
vn 0.793687 0.192160 0.577178
vn 0.283316 0.382447 0.879469
vn 0.000000 0.425499 0.904959
vn 0.614474 0.166535 0.771160
vn 0.997706 -0.003994 -0.067581
vn 0.953708 -0.038869 0.298212
vn 0.798917 -0.049912 0.599367
vn 0.870592 0.037551 -0.490570
vn 0.680955 -0.017386 -0.732118
vn 0.539850 -0.177624 -0.822808
vn 0.660096 -0.182350 -0.728712
vn 0.364159 0.878496 -0.309246
vn 0.388732 0.909898 -0.144820
vn 0.853223 -0.226595 -0.469749
vn 0.706783 0.700713 -0.097252
vn 0.940337 -0.337521 -0.042967
vn 0.960929 0.209278 0.181155
vn 0.895374 -0.342877 0.284149
vn 0.914692 -0.002743 0.404142
vn 0.775786 -0.272683 0.569035
vn 0.766491 0.007307 0.642213
vn 0.631009 -0.062724 0.773236
vn 0.619696 -0.241945 0.746618
vn 0.601126 0.094419 0.793557
vn 0.327933 0.189393 0.925522
vn 0.355414 -0.052009 0.933261
vn 0.354367 -0.221547 0.908483
vn 0.319994 0.113608 0.940583
vn 0.000000 0.388352 0.921511
vn 0.000000 0.208988 0.977918
vn 0.000000 -0.046503 0.998918
vn 0.000000 -0.228101 0.973637
vn -0.000012 0.148519 0.988910
vn -0.320014 0.113502 0.940589
vn -0.354367 -0.221547 0.908482
vn -0.601134 0.094277 0.793568
vn -0.355414 -0.052009 0.933261
vn -0.619692 -0.241922 0.746630
vn -0.766493 0.007240 0.642212
vn -0.327933 0.189393 0.925522
vn -0.775795 -0.272669 0.569029
vn -0.914708 -0.002825 0.404106
vn -0.631009 -0.062724 0.773236
vn -0.895374 -0.342878 0.284150
vn -0.960921 0.209316 0.181157
vn -0.798919 -0.049912 0.599363
vn -0.614474 0.166535 0.771160
vn -0.283317 0.382448 0.879469
vn -0.940338 -0.337517 -0.042976
vn -0.706888 0.700603 -0.097290
vn -0.953707 -0.038871 0.298215
vn -0.793688 0.192158 0.577177
vn -0.853235 -0.226645 -0.469705
vn -0.388939 0.909788 -0.144956
vn -0.997707 -0.003996 -0.067560
vn -0.660078 -0.182548 -0.728679
vn -0.364625 0.878058 -0.309938
vn -0.539847 -0.177761 -0.822780
vn -0.870600 0.037516 -0.490558
vn -0.680936 -0.017401 -0.732136
vn -0.555156 -0.048619 -0.830324
vn -0.942315 0.240773 0.232533
vn -0.561254 0.337973 0.755492
vn -0.500272 0.332636 0.799425
vn -0.760465 0.306012 0.572756
vn -0.965010 0.233471 -0.119361
vn -0.672649 -0.012690 -0.739853
vn -0.535600 -0.045321 -0.843255
vn -0.883006 0.117325 -0.454462
vn -0.945307 0.255693 0.202524
vn -0.625792 -0.099961 -0.773558
vn -0.477036 -0.105312 -0.872552
vn -0.912282 0.033059 -0.408225
vn -0.975981 0.183051 -0.118126
vn -0.520535 -0.141380 -0.842054
vn -0.410875 -0.131995 -0.902086
vn -0.909279 -0.039402 -0.414318
vn -0.987284 0.132438 -0.087925
vn -0.961874 0.207774 0.177844
vn -0.355664 -0.146060 -0.923130
vn -0.326767 -0.142603 -0.934285
vn -0.826282 -0.104829 -0.553416
vn -0.225369 -0.014624 -0.974164
vn -0.222235 -0.005397 -0.974978
vn -0.190229 0.342301 -0.920132
vn -0.191546 0.354615 -0.915182
vn -0.987546 0.140876 -0.070045
vn -0.283391 0.701583 -0.653813
vn -0.283974 0.702824 -0.652225
vn -0.369579 0.893395 -0.255454
vn -0.918950 0.242554 0.310965
vn -0.346964 0.906971 -0.238786
vn -0.758955 0.279698 0.588010
vn -0.708639 0.321271 0.628185
vn -0.707736 0.464653 0.532172
vn -0.281406 0.934646 0.217363
vn -0.261177 0.943558 0.203677
vn -0.270889 0.883004 0.383304
vn -0.508831 0.849945 0.136693
vn -0.185321 0.852885 0.488101
vn -0.163489 0.852825 0.495944
vn -0.342597 0.691920 0.635511
vn -0.566559 0.588435 0.576850
vn -0.250277 0.883062 0.396942
vn -0.482951 0.860137 0.164079
vn -0.193974 0.860237 0.471558
vn -0.334776 0.745018 0.576952
vn -0.282611 0.812050 0.510593
vn -0.359709 0.700336 0.616554
vn -0.441525 0.403794 0.801253
vn -0.170986 0.466207 0.867995
vn -0.247111 0.403705 0.880885
vn 0.469519 0.726269 -0.502081
vn 0.364159 0.878496 -0.309246
vn 0.388732 0.909898 -0.144820
vn 0.583437 0.669435 -0.459846
vn 0.554959 0.190849 -0.809690
vn 0.706783 0.700713 -0.097252
vn 0.704519 0.210228 -0.677833
vn 0.548159 0.072687 -0.833210
vn 0.745346 0.643134 -0.175605
vn 0.732770 0.078185 -0.675970
vn 0.387208 -0.575425 -0.720386
vn 0.485104 -0.624532 -0.612073
vn 0.786192 0.597575 0.157495
vn 0.960929 0.209278 0.181155
vn 0.932203 0.184171 -0.311573
vn 0.951739 0.031080 -0.305331
vn 0.612544 -0.714374 -0.338320
vn 0.996669 -0.045474 0.067705
vn 0.639345 -0.764559 -0.081777
vn 0.637818 -0.766320 0.077088
vn 0.989118 0.118134 0.087688
vn 0.726669 0.580530 0.367339
vn 0.914692 -0.002743 0.404142
vn 0.947226 -0.066271 0.313642
vn 0.936813 0.079255 0.340735
vn 0.812381 -0.105147 0.573569
vn 0.580886 -0.763292 0.282767
vn 0.483109 -0.771264 0.414437
vn 0.641935 0.502370 0.579262
vn 0.766491 0.007307 0.642213
vn 0.803033 0.025224 0.595400
vn 0.656586 -0.151468 0.738886
vn 0.314574 -0.780373 0.540427
vn 0.524825 0.414725 0.743345
vn 0.601126 0.094419 0.793557
vn 0.644620 -0.033833 0.763754
vn 0.397715 -0.188187 0.898002
vn 0.319956 0.328043 0.888828
vn 0.319994 0.113608 0.940583
vn -0.000012 0.148519 0.988910
vn 0.386102 -0.070601 0.919750
vn 0.000000 -0.189257 0.981928
vn -0.000000 -0.797259 0.603638
vn -0.314574 -0.780373 0.540427
vn -0.000008 0.311643 0.950199
vn 0.000001 -0.074210 0.997243
vn -0.397715 -0.188187 0.898002
vn -0.319966 0.328050 0.888822
vn -0.320014 0.113502 0.940589
vn -0.601134 0.094277 0.793568
vn -0.386100 -0.070576 0.919753
vn -0.656586 -0.151468 0.738886
vn -0.483109 -0.771264 0.414437
vn -0.524879 0.414646 0.743350
vn -0.766493 0.007240 0.642212
vn -0.644615 -0.033804 0.763760
vn -0.642016 0.502231 0.579293
vn -0.914708 -0.002825 0.404106
vn -0.812386 -0.105140 0.573563
vn -0.580886 -0.763292 0.282767
vn -0.637818 -0.766319 0.077089
vn -0.803035 0.025245 0.595397
vn -0.726711 0.580468 0.367352
vn -0.960921 0.209316 0.181157
vn -0.947225 -0.066264 0.313646
vn -0.996668 -0.045472 0.067711
vn -0.639346 -0.764558 -0.081775
vn -0.612546 -0.714364 -0.338335
vn -0.936813 0.079265 0.340733
vn -0.786183 0.597588 0.157496
vn -0.706888 0.700603 -0.097290
vn -0.989119 0.118128 0.087694
vn -0.951745 0.031075 -0.305311
vn -0.485182 -0.624479 -0.612065
vn -0.932201 0.184187 -0.311572
vn -0.732773 0.078219 -0.675962
vn -0.387297 -0.575293 -0.720444
vn -0.548127 0.072707 -0.833229
vn -0.704508 0.210292 -0.677824
vn -0.554918 0.190947 -0.809694
vn -0.745327 0.643156 -0.175606
vn -0.583417 0.669495 -0.459785
vn -0.469479 0.726329 -0.502031
vn -0.388939 0.909788 -0.144956
vn -0.364625 0.878058 -0.309938
vn -0.245386 0.963059 0.110918
vn -0.368145 0.834013 0.410964
vn -0.259094 0.917409 0.302046
vn -0.186209 0.981514 0.044245
vn -0.190942 0.962920 -0.190594
vn -0.255345 0.937059 0.238157
vn -0.161701 0.962781 -0.216577
vn -0.156644 0.907645 -0.389415
vn -0.371465 0.924191 -0.088793
vn -0.105701 0.874958 -0.472520
vn -0.030944 0.782518 -0.621859
vn -0.322956 0.855279 -0.405212
vn -0.366508 0.678057 -0.637111
vn -0.507538 0.805766 -0.305199
vn -0.400449 0.888808 0.222849
vn -0.550472 0.821333 0.149641
vn -0.187952 0.782099 -0.594135
vn -0.219432 0.732660 -0.644250
vn -0.295017 0.577799 -0.760995
vn -0.383623 0.590288 -0.710207
vn -0.867226 0.492070 0.076065
vn -0.186522 0.516871 -0.835496
vn -0.112202 0.422589 -0.899350
vn 0.000040 0.406905 -0.913470
vn -0.000005 0.480994 -0.876724
vn 0.000005 0.509186 -0.860657
vn -0.371588 0.412513 -0.831718
vn -0.975584 0.218853 -0.018431
vn 0.000077 0.357998 -0.933722
vn -0.358983 0.308813 -0.880776
vn -0.971204 0.172338 -0.164506
vn 0.000013 0.278225 -0.960516
vn -0.336968 0.244095 -0.909324
vn -0.934379 0.162239 -0.317197
vn -0.000084 0.209202 -0.977872
vn -0.314387 0.156957 -0.936229
vn 0.000000 0.114306 -0.993446
vn -0.460445 -0.677079 0.574068
vn -0.000362 -0.293918 0.955831
vn -0.000529 -0.737165 0.675712
vn -0.492996 -0.241741 0.835773
vn -0.697700 -0.552099 0.456510
vn -0.098127 0.614021 0.783166
vn 0.000489 0.651885 0.758318
vn 0.019632 0.887752 0.459902
vn -0.000558 0.865865 0.500278
vn -0.000015 0.868571 0.495565
vn -0.231472 0.712705 0.662172
vn -0.651359 -0.069836 0.755549
vn -0.045767 0.883038 0.467064
vn 0.000181 0.787563 0.616234
vn -0.028431 0.813781 0.580476
vn -0.841363 0.029780 0.539649
vn -0.848810 -0.376406 0.371268
vn -0.451770 0.748338 0.485690
vn -0.156072 0.941298 0.299332
vn -0.204371 0.896278 0.393596
vn -0.221292 0.812936 0.538669
vn -0.378653 0.775293 0.505513
vn -0.226368 0.927046 0.298904
vn -0.300692 0.871612 0.387139
vn -0.442517 0.750362 0.491056
vn -0.522270 0.680500 0.513959
vn -0.859703 0.216032 0.462862
vn -0.351685 0.837686 0.417851
vn -0.368145 0.834013 0.410964
vn -0.259094 0.917409 0.302046
vn -0.144875 0.959613 0.241151
vn -0.193499 0.936269 0.293185
vn -0.255345 0.937059 0.238157
vn -0.400449 0.888808 0.222849
vn -0.244572 0.898014 0.365725
vn -0.375983 0.805684 0.457723
vn -0.550472 0.821333 0.149641
vn -0.867226 0.492070 0.076065
vn -0.952333 -0.016839 0.304596
vn -0.900209 -0.329057 0.285212
vn -0.975584 0.218853 -0.018431
vn -0.973739 -0.222215 0.049523
vn -0.992909 0.053310 0.106252
vn -0.988984 -0.129690 -0.071348
vn -0.971204 0.172338 -0.164506
vn -0.996319 0.079797 -0.031309
vn -0.934379 0.162239 -0.317197
vn 0.258551 0.917692 0.301649
vn 0.367221 0.834830 0.410133
vn 0.244949 0.963205 0.110615
vn 0.185840 0.981586 0.044179
vn 0.254647 0.937330 0.237838
vn 0.190737 0.962963 -0.190580
vn 0.370394 0.924615 -0.088851
vn 0.399611 0.889212 0.222739
vn 0.161344 0.962853 -0.216525
vn 0.156344 0.907800 -0.389173
vn 0.506632 0.806382 -0.305077
vn 0.549369 0.822083 0.149578
vn 0.383280 0.590639 -0.710100
vn 0.867129 0.492281 0.075807
vn 0.322028 0.855623 -0.405226
vn 0.105461 0.875045 -0.472413
vn 0.030908 0.782519 -0.621859
vn 0.187288 0.782431 -0.593906
vn 0.218919 0.732987 -0.644054
vn 0.365780 0.678651 -0.636897
vn 0.294554 0.578317 -0.760781
vn 0.186419 0.517069 -0.835397
vn 0.112279 0.422746 -0.899266
vn 0.000040 0.406905 -0.913470
vn -0.000005 0.480994 -0.876724
vn 0.000005 0.509186 -0.860657
vn 0.000077 0.357998 -0.933722
vn 0.371761 0.412179 -0.831806
vn 0.000013 0.278225 -0.960516
vn 0.975660 0.218520 -0.018323
vn 0.359226 0.308694 -0.880718
vn -0.000084 0.209202 -0.977872
vn 0.971252 0.172397 -0.164161
vn 0.336715 0.244317 -0.909358
vn 0.000000 0.114306 -0.993446
vn 0.934377 0.162254 -0.317197
vn 0.314391 0.156961 -0.936227
vn 0.000000 0.015123 -0.999886
vn 0.000000 0.114306 -0.993446
vn -0.314387 0.156957 -0.936229
vn -0.317211 0.048412 -0.947119
vn -0.326640 -0.076329 -0.942062
vn 0.000000 -0.093897 -0.995582
vn -0.899404 0.069075 -0.431627
vn -0.934379 0.162239 -0.317197
vn -0.996319 0.079797 -0.031309
vn -0.859269 -0.065343 -0.507334
vn -0.326841 -0.122451 -0.937113
vn 0.000000 -0.130861 -0.991401
vn -0.817110 -0.109647 -0.565958
vn -0.328894 -0.035209 -0.943710
vn 0.000000 -0.034742 -0.999396
vn -0.813481 -0.032297 -0.580694
vn -0.320649 0.170239 -0.931774
vn 0.000000 0.180250 -0.983621
vn -0.000000 0.680586 -0.732668
vn -0.983807 0.022819 -0.177771
vn -0.944198 -0.091595 -0.316386
vn -0.908580 -0.116787 -0.401053
vn -0.985948 -0.141774 -0.088349
vn -0.988984 -0.129690 -0.071348
vn -0.695730 -0.412303 -0.588189
vn -0.935428 -0.012616 -0.353291
vn -0.338363 -0.416228 -0.843958
vn -0.272199 0.665621 -0.694879
vn -0.815716 0.124798 -0.564830
vn -0.291404 0.878827 -0.377819
vn -0.000000 0.915030 -0.403385
vn -0.951770 0.128810 -0.278464
vn -0.690511 0.507330 -0.515568
vn -0.900482 0.384688 -0.202848
vn -0.366720 0.926622 0.082999
vn 0.000000 0.995855 0.090953
vn -0.622303 0.744078 -0.243080
vn -0.981781 0.166280 0.091963
vn -0.716971 0.690622 0.094839
vn -0.905410 0.413097 0.097901
vn -0.410207 0.844112 0.345262
vn 0.000000 0.937958 0.346748
vn -0.743411 0.597963 0.299634
vn -0.908982 0.328991 0.255962
vn -0.381796 0.689790 0.615159
vn -0.000005 0.731750 0.681573
vn -0.772376 0.450419 0.447836
vn -0.910178 0.208010 0.358202
vn -0.965309 0.097049 0.242405
vn -0.760651 0.398276 0.512626
vn -0.378908 0.556421 0.739476
vn -0.179510 0.514659 0.838393
vn -0.000006 0.559093 0.829105
vn -0.000001 0.233098 0.972453
vn -0.950732 0.041899 0.307169
vn -0.543152 0.370678 0.753382
vn -0.963371 0.031443 0.266324
vn -0.970092 -0.046517 0.238240
vn -0.992860 0.107057 0.052613
vn -0.743101 0.136535 -0.655102
vn -0.617650 -0.213124 -0.757025
vn -0.912435 0.141870 0.383843
vn -0.946986 0.097752 0.306044
vn -0.782367 0.286775 0.552867
vn -0.820044 0.226552 0.525549
vn -0.970280 0.065755 0.232878
vn -0.472718 0.301474 0.828041
vn -0.165716 0.258763 0.951620
vn -0.121875 0.100325 0.987462
vn -0.000000 0.012316 0.999924
vn -0.408421 0.297309 0.863018
vn -0.784147 0.281564 0.553024
vn -0.942822 0.162622 0.290932
vn -0.319878 -0.112526 0.940753
vn -0.000000 -0.029035 0.999578
vn 0.000009 0.439633 0.898177
vn -0.967808 0.127893 0.216774
vn -0.179047 -0.218534 0.959263
vn -0.591571 -0.194179 0.782520
vn -0.547942 0.411579 0.728260
vn 0.000016 0.516742 0.856141
vn -0.868952 0.070785 0.489808
vn -0.687590 0.100630 0.719092
vn -0.878139 0.134914 0.458987
vn -0.396330 -0.038345 0.917307
vn -0.386338 -0.346373 0.854850
vn -0.331585 -0.514968 0.790480
vn -0.723697 0.044576 0.688676
vn -0.716556 -0.163203 0.678168
vn -0.825225 0.038798 0.563470
vn -0.596096 0.248460 0.763503
vn 0.173525 -0.764900 0.620337
vn -0.507019 0.236880 0.828746
vn -0.574754 -0.212751 0.790187
vn -0.011346 -0.858136 0.513297
vn -0.154251 -0.885652 0.437981
vn -0.408902 -0.831547 0.375936
vn -0.730296 -0.540513 0.417748
vn -0.799937 0.142426 0.582937
vn -0.608952 0.278988 0.742525
vn -0.359271 0.395942 0.845076
vn -0.455974 0.399975 0.795052
vn -0.451588 0.185574 0.872715
vn -0.354996 0.326819 0.875881
vn -0.549141 0.371469 0.748635
vn -0.464611 0.127985 0.876217
vn -0.441621 0.118257 0.889374
vn -0.633110 0.096219 0.768058
vn -0.000029 0.005774 0.999983
vn 0.000028 -0.689333 0.724444
vn -0.504834 -0.177170 0.844839
vn 0.000003 0.162277 0.986745
vn -0.383340 0.218237 0.897453
vn -0.000022 0.283593 0.958945
vn -0.395440 0.112450 0.911582
vn 0.000018 0.151625 0.988438
vn -0.312213 -0.534228 0.785572
vn 0.000007 -0.644558 0.764555
vn -0.362176 0.180864 0.914394
vn 0.000022 0.251754 0.967791
vn -0.418210 0.059495 0.906400
vn 0.000009 0.010532 0.999945
vn -0.562490 0.165867 0.809995
vn -0.360424 -0.505102 0.784198
vn -0.364820 -0.157299 0.917695
vn 0.000000 -0.249387 0.968404
vn -0.610134 0.133606 0.780952
vn -0.461331 0.030030 0.886720
vn -0.379905 -0.286661 0.879487
vn -0.330262 0.211962 0.919782
vn 0.000012 0.175439 0.984490
vn -0.311175 -0.574834 0.756793
vn -0.287108 0.226609 0.930708
vn 0.000015 0.119587 0.992824
vn -0.183546 -0.503441 0.844309
vn 0.000006 -0.531098 0.847310
vn -0.517773 0.145224 0.843102
vn -0.424612 0.215344 0.879393
vn -0.350919 -0.766633 0.537708
vn -0.000388 -0.793995 0.607925
vn -0.000529 -0.737165 0.675712
vn -0.460445 -0.677079 0.574068
vn -0.652351 -0.614006 0.444336
vn -0.697700 -0.552099 0.456510
vn -0.757682 -0.538418 0.368815
vn -0.848810 -0.376406 0.371268
vn -0.900209 -0.329057 0.285212
vn -0.494524 -0.040591 0.868216
vn -0.246013 0.113476 0.962601
vn -0.567996 0.048713 0.821588
vn -0.389578 -0.017392 0.920829
vn -0.536566 0.342182 0.771368
vn -0.390835 0.103667 0.914604
vn 0.036261 -0.031517 0.998845
vn -0.169530 -0.153593 0.973483
vn -0.690893 -0.136030 0.710044
vn -0.472287 0.035612 0.880725
vn -0.458901 0.087825 0.884136
vn -0.806136 0.036424 0.590608
vn -0.596575 0.142510 0.789803
vn -0.760860 0.184089 0.622256
vn -0.744437 0.053597 0.665538
vn -0.858807 0.016174 0.512044
vn -0.907145 0.141934 0.396159
vn -0.922136 0.028726 0.385799
vn -0.934826 -0.014805 0.354798
vn -0.932988 0.004580 0.359879
vn -0.937055 0.112006 0.330729
vn -0.984626 0.055038 0.165777
vn -0.979895 0.059223 0.190521
vn -0.999726 -0.023129 -0.003593
vn -0.844183 -0.417281 0.336498
vn -0.878144 -0.392280 0.273825
vn -0.971376 0.097763 0.216497
vn -0.990774 -0.012579 0.134942
vn -0.990568 0.136881 -0.006231
vn -0.971389 0.170664 0.165158
vn -0.949017 0.038862 0.312821
vn -0.965836 -0.258873 0.012041
vn -0.973739 -0.222215 0.049523
vn -0.988775 -0.011203 0.148989
vn -0.962091 -0.184077 -0.201238
vn -0.806626 -0.589407 -0.044193
vn -0.945547 -0.082828 0.314769
vn -0.175245 -0.702218 -0.690058
vn -0.389149 -0.822250 -0.415292
vn -0.237669 -0.603449 -0.761159
vn -0.864655 0.249834 0.435838
vn -0.220532 -0.431202 -0.874889
vn -0.981860 -0.068637 0.176746
vn -0.900178 0.194789 0.389534
vn -0.733966 0.202151 0.648404
vn -0.867347 -0.074093 0.492158
vn -0.991563 -0.122298 0.042967
vn -0.687993 0.169799 0.705573
vn -0.758537 -0.087627 0.645711
vn -0.829122 -0.336240 0.446652
vn -0.996815 -0.075209 0.026539
vn -0.609730 0.567829 0.552992
vn -0.765303 -0.252401 0.592120
vn -0.280649 0.952275 -0.120039
vn -0.087346 0.782222 -0.616847
vn -0.941093 0.033616 0.336474
vn -0.998410 -0.050932 0.024145
vn -0.269271 0.383556 -0.883390
vn -0.995899 -0.057809 -0.069594
vn -0.120555 0.057687 -0.991029
vn -0.235933 -0.284463 -0.929202
vn 0.460348 -0.676910 0.574345
vn -0.000388 -0.793995 0.607925
vn -0.000529 -0.737165 0.675712
vn 0.350903 -0.766338 0.538139
vn 0.697771 -0.551874 0.456674
vn 0.183577 -0.503415 0.844318
vn 0.000006 -0.531098 0.847310
vn 0.652555 -0.613618 0.444572
vn 0.757804 -0.538174 0.368920
vn 0.848865 -0.376197 0.371353
vn 0.900275 -0.328947 0.285129
vn 0.287113 0.226606 0.930707
vn 0.000015 0.119587 0.992824
vn 0.517763 0.145217 0.843110
vn 0.424600 0.215337 0.879400
vn 0.330268 0.211952 0.919782
vn 0.000012 0.175439 0.984490
vn 0.364847 -0.157250 0.917692
vn 0.000000 -0.249387 0.968404
vn 0.878209 -0.392135 0.273824
vn 0.973804 -0.221895 0.049688
vn 0.567986 0.048708 0.821596
vn 0.690899 -0.136031 0.710038
vn 0.418239 0.059540 0.906384
vn 0.000009 0.010532 0.999945
vn 0.362210 0.180719 0.914410
vn 0.000022 0.251754 0.967791
vn 0.610146 0.133640 0.780936
vn 0.494540 -0.040523 0.868210
vn 0.965836 -0.258873 0.012042
vn 0.988984 -0.129692 -0.071349
vn 0.844279 -0.417109 0.336471
vn 0.990774 -0.012591 0.134935
vn 0.949018 0.038847 0.312821
vn 0.389570 -0.017403 0.920833
vn 0.922133 0.028715 0.385805
vn 0.806139 0.036424 0.590603
vn 0.536314 0.342316 0.771483
vn 0.245976 0.113582 0.962598
vn 0.472297 0.035616 0.880720
vn 0.562532 0.165759 0.809989
vn -0.036330 -0.031526 0.998842
vn 0.937055 0.112007 0.330730
vn 0.907139 0.141930 0.396176
vn 0.760860 0.184097 0.622255
vn 0.458895 0.087828 0.884139
vn 0.441627 0.118265 0.889370
vn 0.858799 0.016183 0.512057
vn 0.971378 0.097765 0.216486
vn 0.596581 0.142510 0.789799
vn 0.451592 0.185579 0.872711
vn 0.744432 0.053595 0.665544
vn 0.932986 0.004593 0.359883
vn 0.979895 0.059232 0.190516
vn 0.934825 -0.014805 0.354801
vn 0.988773 -0.011217 0.149005
vn 0.971386 0.170657 0.165182
vn 0.962090 -0.184079 -0.201238
vn 0.985945 -0.141791 -0.088361
vn 0.996318 0.079812 -0.031303
vn 0.806617 -0.589420 -0.044202
vn 0.945542 -0.082869 0.314775
vn 0.990567 0.136891 -0.006198
vn 0.984626 0.055038 0.165775
vn 0.864642 0.249823 0.435870
vn 0.999726 -0.023119 -0.003579
vn 0.970281 0.065756 0.232878
vn 0.900167 0.194811 0.389548
vn 0.983808 0.022806 -0.177771
vn 0.899404 0.069064 -0.431628
vn 0.934377 0.162254 -0.317197
vn 0.314391 0.156961 -0.936227
vn 0.317218 0.048413 -0.947116
vn 0.000000 0.114306 -0.993446
vn 0.000000 0.015123 -0.999886
vn 0.000000 -0.093897 -0.995582
vn 0.859264 -0.065354 -0.507340
vn 0.326644 -0.076332 -0.942060
vn 0.000000 -0.130861 -0.991401
vn 0.326844 -0.122451 -0.937112
vn 0.000000 -0.034742 -0.999396
vn 0.817110 -0.109642 -0.565959
vn 0.944199 -0.091604 -0.316382
vn 0.695746 -0.412309 -0.588165
vn 0.175171 -0.702225 -0.690069
vn 0.389199 -0.822247 -0.415252
vn 0.237668 -0.603452 -0.761156
vn 0.981863 -0.068680 0.176715
vn 0.220519 -0.431200 -0.874893
vn 0.338371 -0.416219 -0.843959
vn 0.733977 0.202161 0.648390
vn 0.991565 -0.122293 0.042929
vn 0.688003 0.169817 0.705560
vn 0.996815 -0.075194 0.026572
vn 0.758542 -0.087623 0.645706
vn 0.867351 -0.074083 0.492153
vn 0.970092 -0.046518 0.238240
vn 0.946985 0.097747 0.306049
vn 0.235948 -0.284461 -0.929199
vn 0.829116 -0.336246 0.446660
vn 0.617644 -0.213117 -0.757032
vn 0.120559 0.057702 -0.991028
vn 0.908584 -0.116776 -0.401046
vn 0.743095 0.136519 -0.655113
vn 0.995902 -0.057797 -0.069562
vn 0.935428 -0.012612 -0.353291
vn 0.992862 0.107044 0.052607
vn 0.087296 0.782204 -0.616877
vn 0.269258 0.383569 -0.883388
vn 0.998410 -0.050931 0.024141
vn 0.941097 0.033609 0.336464
vn 0.765300 -0.252414 0.592118
vn 0.280606 0.952272 -0.120156
vn 0.609732 0.567818 0.553001
vn 0.963367 0.031431 0.266339
vn 0.950734 0.041890 0.307164
vn 0.965307 0.097048 0.242411
vn 0.910183 0.208000 0.358194
vn 0.908986 0.328985 0.255955
vn 0.981781 0.166279 0.091963
vn 0.905413 0.413090 0.097900
vn 0.951768 0.128811 -0.278470
vn 0.900481 0.384687 -0.202853
vn 0.716972 0.690621 0.094839
vn 0.622300 0.744078 -0.243085
vn 0.690511 0.507330 -0.515568
vn 0.815716 0.124798 -0.564829
vn 0.272204 0.665620 -0.694878
vn 0.813480 -0.032290 -0.580696
vn 0.320654 0.170238 -0.931772
vn 0.328897 -0.035208 -0.943709
vn 0.000000 0.180250 -0.983621
vn -0.000000 0.680586 -0.732668
vn 0.291409 0.878826 -0.377818
vn -0.000000 0.915030 -0.403385
vn 0.000000 0.995855 0.090953
vn 0.366724 0.926620 0.083001
vn 0.000000 0.937958 0.346748
vn 0.743404 0.597972 0.299635
vn 0.410210 0.844109 0.345264
vn -0.000005 0.731750 0.681573
vn 0.772374 0.450427 0.447833
vn 0.381802 0.689793 0.615153
vn -0.000006 0.559093 0.829105
vn 0.179506 0.514656 0.838395
vn -0.000001 0.233098 0.972453
vn 0.378912 0.556417 0.739477
vn 0.760647 0.398263 0.512642
vn 0.543156 0.370670 0.753382
vn 0.165712 0.258760 0.951621
vn 0.121873 0.100330 0.987462
vn -0.000000 0.012316 0.999924
vn -0.000000 -0.029035 0.999578
vn 0.912431 0.141851 0.383860
vn 0.782367 0.286771 0.552870
vn 0.820041 0.226551 0.525554
vn 0.472722 0.301470 0.828040
vn 0.408431 0.297304 0.863015
vn 0.784147 0.281559 0.553027
vn 0.942821 0.162622 0.290936
vn 0.967808 0.127893 0.216774
vn 0.825226 0.038795 0.563469
vn 0.179047 -0.218532 0.959263
vn 0.396332 -0.038340 0.917307
vn 0.687590 0.100622 0.719093
vn 0.868954 0.070790 0.489804
vn 0.878142 0.134920 0.458980
vn 0.596101 0.248460 0.763499
vn 0.507012 0.236874 0.828752
vn 0.723708 0.044578 0.688665
vn 0.354969 0.326813 0.875894
vn 0.716556 -0.163208 0.678168
vn -0.173524 -0.764892 0.620346
vn 0.011346 -0.858130 0.513307
vn 0.574743 -0.212760 0.790192
vn 0.154254 -0.885644 0.437997
vn 0.386330 -0.346373 0.854853
vn 0.331585 -0.514959 0.790486
vn 0.408852 -0.831552 0.375980
vn 0.730216 -0.540569 0.417814
vn 0.591561 -0.194182 0.782527
vn 0.799905 0.142421 0.582982
vn 0.319888 -0.112531 0.940749
vn 0.547971 0.411590 0.728232
vn 0.000009 0.439633 0.898177
vn 0.000016 0.516742 0.856141
vn 0.608963 0.278955 0.742528
vn 0.359250 0.395919 0.845096
vn 0.455982 0.399988 0.795041
vn 0.549163 0.371468 0.748620
vn 0.633102 0.096194 0.768068
vn -0.000029 0.005774 0.999983
vn 0.464619 0.127998 0.876211
vn 0.504825 -0.177144 0.844850
vn 0.000028 -0.689333 0.724444
vn 0.000003 0.162277 0.986745
vn -0.000022 0.283593 0.958945
vn 0.383318 0.218257 0.897458
vn 0.000018 0.151625 0.988438
vn 0.395438 0.112480 0.911579
vn 0.000007 -0.644558 0.764555
vn 0.461342 0.030043 0.886714
vn 0.312202 -0.534296 0.785531
vn 0.360416 -0.505166 0.784160
vn 0.169533 -0.153628 0.973477
vn 0.311160 -0.574886 0.756760
vn 0.379858 -0.287333 0.879288
vn 0.390122 0.103426 0.914936
vn -0.323227 -0.631657 -0.704651
vn -0.000003 -0.341711 -0.939805
vn 0.000000 -0.992542 0.121904
vn -0.000016 -0.992544 0.121891
vn 0.000000 -0.992585 0.121557
vn -0.000040 -0.992561 0.121752
vn -0.366047 -0.852708 -0.372692
vn 0.000001 -0.992544 0.121889
vn 0.000028 -0.992540 0.121923
vn 0.000000 -0.992545 0.121877
vn -0.000054 -0.992543 0.121895
vn -0.269013 -0.962528 0.034248
vn -0.000086 -0.992546 0.121872
vn 0.000227 -0.992550 0.121837
vn -0.956561 -0.026740 -0.290304
vn -0.999481 0.020178 0.025105
vn -0.607393 -0.004508 -0.794389
vn -0.315678 -0.940665 0.124486
vn -0.000003 -0.992547 0.121862
vn 0.000328 -0.992560 0.121755
vn -0.477994 -0.843985 0.243334
vn -0.958653 -0.025795 -0.283408
vn 0.000022 -0.992548 0.121855
vn 0.000124 -0.992554 0.121807
vn -0.000147 -0.992515 0.122122
vn -0.651997 -0.682058 0.331204
vn 0.000046 -0.992549 0.121845
vn -0.610572 -0.084893 -0.787398
vn 0.000000 0.026810 -0.999641
vn 0.000000 -0.104901 -0.994483
vn -0.607404 -0.090520 -0.789219
vn 0.000000 -0.104390 -0.994536
vn -0.964917 -0.037650 -0.259843
vn -0.608734 -0.087474 -0.788538
vn 0.000000 -0.102433 -0.994740
vn -0.970436 -0.026625 -0.239884
vn -0.609238 -0.063727 -0.790422
vn 0.000000 -0.094586 -0.995517
vn -0.999512 0.019949 0.024046
vn -0.999553 0.009777 0.028256
vn -0.615571 -0.052508 -0.786330
vn -0.000000 -0.093697 -0.995601
vn -0.000000 0.580702 -0.814117
vn -0.399579 0.590572 -0.701115
vn 0.000000 0.944604 -0.328212
vn -0.977215 0.049506 -0.206400
vn -0.972089 0.028792 -0.232839
vn -0.998865 0.025888 0.039990
vn -0.965115 0.031100 0.259973
vn -0.388794 0.861353 -0.326970
vn -0.995491 0.085417 0.041254
vn -0.379899 0.923182 0.058414
vn 0.000000 0.997601 0.069229
vn -0.994072 0.103153 0.034364
vn -0.360116 0.737268 0.571623
vn -0.000000 0.773981 0.633209
vn -0.512249 0.213159 0.831964
vn -0.659428 0.644734 0.386616
vn -0.965665 0.052316 0.254466
vn 0.000000 0.207335 0.978270
vn -0.767664 0.092143 0.634194
vn 0.360119 0.737263 0.571627
vn 0.379903 0.923180 0.058420
vn 0.000000 0.997601 0.069229
vn 0.388798 0.861352 -0.326970
vn 0.000000 0.944604 -0.328212
vn -0.000000 0.580702 -0.814117
vn 0.994071 0.103159 0.034377
vn 0.512255 0.213159 0.831961
vn 0.399580 0.590570 -0.701115
vn -0.000000 -0.093697 -0.995601
vn 0.977214 0.049516 -0.206402
vn 0.615571 -0.052505 -0.786330
vn 0.995490 0.085418 0.041272
vn 0.000000 0.939062 0.343747
vn 0.609237 -0.063727 -0.790423
vn 0.000000 -0.094586 -0.995517
vn 0.000000 -0.102433 -0.994740
vn 0.972089 0.028791 -0.232838
vn 0.659434 0.644729 0.386615
vn -0.000000 0.935349 0.353726
vn -0.414435 0.838491 0.353801
vn 0.000000 0.127813 0.991798
vn 0.414440 0.838489 0.353802
vn 0.767668 0.092142 0.634188
vn 0.965666 0.052316 0.254466
vn 0.998864 0.025886 0.040003
vn 0.970437 -0.026634 -0.239881
vn -0.763866 0.076715 0.640799
vn 0.000000 0.125730 0.992064
vn 0.763871 0.076715 0.640793
vn 0.965115 0.031100 0.259972
vn 0.000000 0.139610 0.990207
vn -0.962375 0.032552 0.269768
vn -0.749636 0.082741 0.656659
vn -0.960241 0.071845 0.269771
vn -0.745188 0.132872 0.653483
vn 0.749639 0.082750 0.656654
vn -0.386202 -0.808063 0.444839
vn 0.002684 -0.032186 0.999478
vn 0.006248 -0.930543 0.366130
vn 0.033218 -0.974637 0.221315
vn 0.000000 -0.992502 0.122227
vn 0.000147 -0.992510 0.122160
vn 0.732194 -0.069562 0.677535
vn 0.312808 -0.880485 0.356227
vn 0.213253 -0.955163 0.205394
vn -0.000124 -0.992552 0.121820
vn -0.000328 -0.992557 0.121782
vn 0.962375 0.032566 0.269765
vn 0.959810 -0.003729 0.280626
vn 0.000003 -0.992547 0.121858
vn -0.000227 -0.992552 0.121822
vn 0.999512 0.019958 0.024041
vn 0.338810 -0.915202 0.218202
vn 0.316523 -0.916836 0.243364
vn 0.000086 -0.992546 0.121870
vn 0.000054 -0.992547 0.121863
vn 0.315683 -0.940664 0.124484
vn -0.000000 -0.992546 0.121872
vn -0.000028 -0.992546 0.121872
vn 0.999481 0.020177 0.025097
vn 0.999553 0.009773 0.028262
vn 0.964917 -0.037659 -0.259840
vn -0.000001 -0.992543 0.121892
vn 0.000040 -0.992566 0.121709
vn 0.269033 -0.962522 0.034246
vn 0.958653 -0.025795 -0.283406
vn 0.608735 -0.087478 -0.788536
vn 0.607409 -0.090524 -0.789214
vn 0.000000 -0.104390 -0.994536
vn 0.000000 -0.104901 -0.994483
vn 0.366054 -0.852726 -0.372644
vn 0.956561 -0.026741 -0.290302
vn 0.610577 -0.084893 -0.787393
vn 0.607398 -0.004514 -0.794385
vn 0.000000 0.026810 -0.999641
vn 0.000016 -0.992544 0.121887
vn 0.000000 -0.992585 0.121557
vn 0.323227 -0.631727 -0.704589
vn 0.000000 -0.992542 0.121904
vn -0.000003 -0.341711 -0.939805
vn -0.069603 0.987601 0.140712
vn -0.000000 0.544259 0.838917
vn 0.000000 0.991073 0.133318
vn -0.233125 0.523109 0.819762
vn -0.207082 0.975573 0.073311
vn -0.000000 0.132342 0.991204
vn -0.668205 0.444846 0.596334
vn -0.286485 0.958081 -0.002475
vn -0.256996 0.124796 0.958321
vn -0.841836 0.456297 0.288278
vn -0.286940 0.957716 -0.021087
vn -0.159957 -0.697729 0.698275
vn -0.000000 -0.695493 0.718533
vn 0.000000 0.124480 0.992222
vn -0.718589 0.083646 0.690386
vn -0.852730 0.469793 0.228356
vn -0.282498 0.958155 -0.046194
vn -0.259020 0.117092 0.958748
vn 0.000000 0.299087 0.954226
vn -0.472138 -0.667954 0.575260
vn -0.926059 0.037640 0.375496
vn -0.873573 0.459024 0.161763
vn -0.279099 0.956336 -0.086752
vn -0.255607 0.291027 0.921937
vn -0.000000 -0.037851 0.999283
vn -0.750772 0.062915 0.657559
vn -0.646342 -0.676337 0.353284
vn -0.948734 0.029085 0.314734
vn -0.889920 0.454250 0.041213
vn -0.281921 0.951526 -0.122955
vn -0.668260 -0.677332 0.307652
vn -0.930616 0.035556 0.364266
vn -0.970791 0.029077 0.238156
vn -0.897906 0.434254 -0.072025
vn -0.285379 0.936626 -0.203200
vn -0.696783 -0.670427 0.254992
vn -0.994231 0.020685 0.105245
vn -0.873425 0.371906 -0.314346
vn -0.220599 0.923323 -0.314342
vn -0.708159 0.223020 0.669905
vn -0.948641 0.032102 0.314720
vn -0.918620 0.176671 0.353447
vn -0.709106 -0.056240 0.702855
vn -0.711640 -0.684080 0.160011
vn -0.999713 0.007131 -0.022850
vn -0.256094 -0.045054 0.965601
vn 0.000000 0.127608 0.991825
vn -0.263097 0.120040 0.957272
vn 0.000000 0.434675 0.900587
vn -0.709997 -0.700918 0.067964
vn -0.993929 0.016953 0.108711
vn -0.999909 0.002994 -0.013153
vn -0.970110 0.026079 0.241258
vn -0.939643 0.167685 0.298251
vn -0.916332 -0.101892 0.387238
vn -0.752346 0.069029 0.655141
vn -0.960460 0.162507 0.226071
vn -0.937023 -0.109651 0.331610
vn -0.983595 0.156674 0.089409
vn -0.248995 0.427351 0.869122
vn -0.931155 0.035550 0.362886
vn -0.960432 -0.103767 0.258464
vn -0.239000 -0.287503 0.927481
vn 0.000000 -0.292668 0.956214
vn 0.000000 -0.790695 0.612211
vn -0.132241 -0.788248 0.600980
vn -0.666601 -0.301389 0.681768
vn -0.347452 -0.826923 0.442127
vn -0.685607 0.350066 0.638277
vn -0.835192 -0.392594 0.385130
vn -0.447815 -0.847977 0.283542
vn -0.897620 0.293217 0.329093
vn -0.841076 -0.420420 0.340350
vn -0.440194 -0.860373 0.256882
vn -0.947083 0.031696 0.319421
vn -0.869505 -0.408039 0.278326
vn -0.459795 -0.858740 0.226172
vn -0.917105 0.283724 0.280034
vn -0.967973 0.028524 0.249428
vn -0.896696 -0.415986 0.151304
vn -0.482876 -0.861023 0.159593
vn -0.937271 0.276100 0.212817
vn -0.985843 -0.114609 0.122388
vn -0.905461 -0.423259 0.031493
vn -0.488400 -0.867294 0.096262
vn -0.993669 0.018425 0.110823
vn -0.959857 0.270461 0.074333
vn -0.988668 0.144731 -0.039867
vn -0.991433 -0.130412 -0.007333
vn -0.999875 0.004809 -0.015090
vn -0.961496 -0.033389 -0.272783
vn -0.943398 0.117432 -0.310177
vn -0.654979 -0.746157 -0.119384
vn -0.963910 0.260393 -0.055430
vn -0.944701 -0.172613 -0.278826
vn -0.755699 -0.085167 -0.649358
vn -0.955418 -0.027897 -0.293936
vn -0.959738 -0.031108 -0.279168
vn -0.915205 0.240798 -0.323135
vn -0.730255 0.073333 -0.679227
vn -0.728451 -0.217855 -0.649537
vn -0.491433 -0.789425 -0.367834
vn -0.685385 0.303797 -0.661781
vn -0.114439 0.913359 -0.390742
vn -0.738574 -0.072590 -0.670254
vn -0.345618 0.312601 -0.884776
vn 0.000000 0.917933 -0.396736
vn -0.242286 -0.832745 -0.497828
vn -0.385603 -0.103198 -0.916876
vn -0.000001 0.298960 -0.954266
vn 0.114441 0.913358 -0.390743
vn -0.379343 -0.095287 -0.920336
vn -0.376568 0.069088 -0.923809
vn 0.345623 0.312587 -0.884779
vn 0.220598 0.923318 -0.314358
vn 0.000001 -0.111997 -0.993709
vn -0.000001 -0.097424 -0.995243
vn -0.000001 -0.833190 -0.552987
vn 0.685385 0.303773 -0.661793
vn 0.285327 0.936637 -0.203223
vn 0.242258 -0.832800 -0.497751
vn 0.379355 -0.095283 -0.920332
vn 0.873430 0.371885 -0.314359
vn 0.281795 0.951563 -0.122966
vn 0.738568 -0.072587 -0.670259
vn 0.491353 -0.789529 -0.367717
vn 0.385604 -0.103191 -0.916876
vn 0.897903 0.434261 -0.072026
vn 0.279024 0.956358 -0.086748
vn 0.955418 -0.027896 -0.293935
vn 0.654925 -0.746214 -0.119324
vn 0.889923 0.454244 0.041219
vn 0.282520 0.958149 -0.046183
vn 0.999713 0.007132 -0.022849
vn 0.873586 0.458996 0.161769
vn 0.286977 0.957706 -0.021064
vn -0.000001 0.061252 -0.998122
vn 0.755721 -0.085211 -0.649326
vn 0.709996 -0.700919 0.067952
vn 0.994231 0.020684 0.105242
vn 0.852737 0.469779 0.228356
vn 0.286503 0.958076 -0.002460
vn 0.376571 0.069092 -0.923808
vn -0.377313 -0.257041 -0.889699
vn 0.711716 -0.684004 0.159998
vn 0.970792 0.029078 0.238153
vn 0.841824 0.456323 0.288274
vn 0.207083 0.975573 0.073301
vn -0.000001 -0.253820 -0.967251
vn -0.752995 -0.079539 -0.653202
vn -0.389010 -0.099890 -0.915802
vn 0.696959 -0.670238 0.255009
vn 0.668191 0.444876 0.596328
vn 0.069604 0.987604 0.140688
vn -0.704647 0.205149 -0.679255
vn 0.233129 0.523106 0.819763
vn 0.000000 0.991073 0.133318
vn -0.000000 0.544259 0.838917
vn 0.256996 0.124794 0.958321
vn -0.000000 0.132342 0.991204
vn 0.718584 0.083647 0.690392
vn 0.159963 -0.697744 0.698259
vn -0.000000 -0.695493 0.718533
vn 0.926060 0.037640 0.375495
vn 0.259048 0.117105 0.958739
vn 0.000000 0.124480 0.992222
vn 0.472098 -0.668022 0.575213
vn 0.948737 0.029085 0.314725
vn 0.750784 0.062909 0.657546
vn 0.646263 -0.676427 0.353256
vn 0.668266 -0.677328 0.307648
vn 0.255612 0.291028 0.921935
vn 0.000000 0.299087 0.954226
vn 0.930615 0.035550 0.364270
vn 0.708159 0.223021 0.669905
vn 0.256098 -0.045054 0.965600
vn -0.000000 -0.037851 0.999283
vn 0.918619 0.176671 0.353451
vn 0.948638 0.032091 0.314732
vn 0.263098 0.120036 0.957273
vn 0.000000 0.127608 0.991825
vn 0.709104 -0.056240 0.702858
vn 0.939643 0.167672 0.298257
vn 0.249007 0.427337 0.869125
vn 0.000000 0.434675 0.900587
vn 0.000000 -0.292668 0.956214
vn 0.752346 0.069027 0.655142
vn 0.685617 0.350047 0.638276
vn 0.239007 -0.287497 0.927481
vn 0.132222 -0.788271 0.600955
vn 0.000000 -0.790695 0.612211
vn 0.347396 -0.826972 0.442079
vn 0.666611 -0.301388 0.681759
vn 0.447822 -0.847975 0.283537
vn 0.897626 0.293209 0.329084
vn 0.835200 -0.392580 0.385126
vn 0.440249 -0.860341 0.256894
vn 0.931159 0.035555 0.362875
vn 0.841089 -0.420392 0.340354
vn 0.459755 -0.858767 0.226153
vn 0.917108 0.283716 0.280033
vn 0.916332 -0.101892 0.387239
vn 0.869507 -0.408041 0.278317
vn 0.482807 -0.861064 0.159580
vn 0.947085 0.031701 0.319414
vn 0.937022 -0.109648 0.331613
vn 0.937277 0.276082 0.212818
vn 0.896698 -0.415980 0.151308
vn 0.488343 -0.867326 0.096265
vn 0.967977 0.028524 0.249413
vn 0.959847 0.270496 0.074337
vn 0.960432 -0.103767 0.258464
vn 0.905465 -0.423251 0.031490
vn 0.470021 -0.881799 -0.038879
vn 0.993670 0.018421 0.110816
vn 0.963894 0.260450 -0.055435
vn 0.873933 -0.431575 -0.223569
vn 0.356319 -0.908752 -0.217273
vn 0.915191 0.240850 -0.323137
vn 0.999875 0.004820 -0.015077
vn 0.679889 -0.458308 -0.572454
vn 0.191730 -0.916287 -0.351651
vn 0.704631 0.205189 -0.679259
vn 0.352169 -0.498760 -0.791969
vn 0.000001 -0.925131 -0.379648
vn 0.985839 -0.114623 0.122403
vn 0.959741 -0.031144 -0.279155
vn 0.364986 0.208098 -0.907458
vn -0.000008 -0.494540 -0.869155
vn -0.191735 -0.916285 -0.351654
vn 0.991427 -0.130457 -0.007326
vn 0.752992 -0.079532 -0.653205
vn -0.000001 0.199240 -0.979951
vn -0.352176 -0.498745 -0.791976
vn -0.356362 -0.908733 -0.217279
vn 0.944698 -0.172638 -0.278821
vn 0.389025 -0.099886 -0.915796
vn -0.364989 0.208086 -0.907460
vn -0.679870 -0.458310 -0.572477
vn -0.470073 -0.881770 -0.038897
vn 0.728448 -0.217866 -0.649537
vn 0.000024 -0.106496 -0.994313
vn -0.873931 -0.431578 -0.223573
vn 0.377315 -0.257046 -0.889697
vn 0.730252 0.073335 -0.679230
vn 0.943395 0.117430 -0.310186
vn 0.961488 -0.033270 -0.272826
vn 0.999907 0.003250 -0.013208
vn 0.988668 0.144728 -0.039868
vn 0.993933 0.017080 0.108657
vn 0.983595 0.156666 0.089420
vn 0.970120 0.026131 0.241216
vn 0.960462 0.162487 0.226075
vn 0.989037 -0.061858 0.134086
vn 0.977989 0.018616 0.207822
vn 0.987554 -0.054359 0.147585
vn 0.980271 0.042850 0.192959
vn 0.994046 -0.052912 0.095251
vn 0.949623 0.094083 0.298940
vn 0.994204 0.061486 0.088189
vn 0.996221 0.001865 0.086834
vn 0.995885 0.084418 0.032975
vn 0.970645 0.091496 0.222434
vn 0.929460 0.043606 0.366337
vn 0.994620 0.089882 0.051494
vn 0.995679 0.091821 -0.013834
vn 0.972073 0.030375 0.232703
vn 0.999601 0.004365 0.027892
vn 0.995995 -0.005455 -0.089240
vn 0.955096 -0.269844 -0.122377
vn 0.961803 -0.130418 0.240679
vn 0.868630 -0.158582 0.469398
vn 0.971043 -0.238467 0.014436
vn 0.940101 -0.338595 -0.039549
vn 0.853444 -0.507819 -0.117278
vn 0.949231 -0.230196 0.214405
vn 0.922810 -0.122483 0.365267
vn 0.863705 -0.092451 0.495447
vn 0.973301 -0.068811 0.218978
vn 0.887037 0.095546 0.451704
vn 0.886301 0.060153 0.459186
vn 0.895666 0.153964 0.417226
vn 0.885443 0.108793 0.451834
vn 0.909095 0.026687 0.415733
vn 0.926581 0.141990 0.348263
vn 0.996628 -0.016515 0.080375
vn 0.991964 -0.126431 0.004699
vn 0.999092 -0.013515 -0.040409
vn 0.998663 -0.047358 0.020719
vn 0.996534 0.044457 -0.070311
vn 0.987471 0.011785 -0.157360
vn 0.908640 -0.060718 0.413142
vn 0.931451 0.118847 0.343911
vn 0.973107 0.161494 0.164264
vn 0.994410 0.096858 0.042028
vn 0.966063 0.195711 0.168579
vn 0.994072 0.000908 -0.108719
vn 0.964484 0.166264 0.205247
vn 0.948522 -0.005717 0.316660
vn 0.975559 0.084227 0.202956
vn 0.880915 -0.150261 0.448788
vn 0.883944 -0.115299 0.453154
vn 0.894238 -0.079380 0.440497
vn 0.853702 -0.092421 0.512494
vn 0.860883 -0.072217 0.503652
vn 0.867863 -0.043931 0.494858
vn 0.756691 0.019817 0.653473
vn 0.738674 0.012426 0.673948
vn 0.734969 -0.052105 0.676096
vn 0.506717 0.154451 0.848164
vn 0.457434 0.076834 0.885918
vn 0.473276 -0.099426 0.875285
vn 0.216258 0.205383 0.954490
vn 0.216415 0.088112 0.972317
vn 0.000000 0.194216 0.980959
vn 0.252329 -0.127449 0.959212
vn -0.000000 0.059417 0.998233
vn -0.000000 -0.120108 0.992761
vn 0.026727 0.508118 -0.860873
vn 0.283996 0.572863 -0.768878
vn 0.031846 0.647614 -0.761303
vn 0.311869 0.407112 -0.858485
vn 0.534905 0.470831 -0.701566
vn 0.021381 -0.108837 -0.993830
vn 0.558303 0.346918 -0.753622
vn 0.723389 0.432441 -0.538241
vn 0.840307 0.273045 -0.468328
vn 0.760072 0.402948 -0.509827
vn 0.615349 -0.069921 -0.785148
vn 0.951820 -0.041167 -0.303880
vn 0.282622 -0.098017 -0.954210
vn 0.603527 -0.082130 -0.793101
vn 0.923446 -0.007970 -0.383646
vn 0.304137 -0.117923 -0.945301
vn 0.006147 -0.133651 -0.991009
vn 0.003808 -0.019305 -0.999806
vn 0.324850 -0.027771 -0.945358
vn 0.597562 -0.007358 -0.801789
vn 0.894198 0.037196 -0.446123
vn 0.975150 0.034859 -0.218785
vn 0.987102 0.019957 -0.158845
vn -0.968036 0.026941 0.249359
vn -0.981630 -0.076872 0.174621
vn -0.980156 -0.057225 0.189790
vn -0.973244 0.038187 0.226580
vn -0.984295 -0.092683 0.150244
vn -0.940350 0.098851 0.325530
vn -0.989603 0.041720 0.137646
vn -0.985820 -0.056841 0.157884
vn -0.993894 0.069555 0.085655
vn -0.963173 0.099575 0.249765
vn -0.990840 0.105906 0.083786
vn -0.993622 0.111971 0.013316
vn -0.997422 0.035881 -0.062149
vn -0.966358 0.040179 0.254042
vn -0.924085 0.047291 0.379251
vn -0.998565 0.026751 0.046397
vn -0.976779 -0.195052 -0.088649
vn -0.960370 -0.076039 0.268156
vn -0.892956 -0.069070 0.444814
vn -0.976313 -0.205919 0.066415
vn -0.883093 -0.463308 -0.074115
vn -0.922395 -0.104984 0.371706
vn -0.893089 -0.101032 0.438388
vn -0.953857 -0.300146 -0.008348
vn -0.958649 -0.244699 0.145311
vn -0.894701 0.060426 0.442560
vn -0.903336 0.032629 0.427690
vn -0.895626 0.154005 0.417297
vn -0.963251 -0.084275 0.255040
vn -0.885434 0.108778 0.451855
vn -0.909085 0.026664 0.415756
vn -0.927210 0.122911 0.353801
vn -0.996377 -0.005215 0.084884
vn -0.992135 -0.123038 -0.023008
vn -0.998547 -0.009759 -0.053004
vn -0.996167 -0.086655 -0.011966
vn -0.988163 0.057415 -0.142259
vn -0.986958 -0.004892 -0.160907
vn -0.908621 -0.060737 0.413181
vn -0.931448 0.118834 0.343923
vn -0.973211 0.161296 0.163840
vn -0.993312 0.099424 0.058709
vn -0.997215 0.028445 -0.068949
vn -0.883931 -0.115302 0.453180
vn -0.894234 -0.079350 0.440509
vn -0.860875 -0.072238 0.503663
vn -0.867862 -0.043931 0.494859
vn -0.738675 0.012416 0.673947
vn -0.734977 -0.052085 0.676088
vn -0.457433 0.076830 0.885919
vn -0.473270 -0.099418 0.875290
vn -0.216408 0.088107 0.972319
vn -0.252320 -0.127459 0.959213
vn -0.000000 0.059417 0.998233
vn -0.000000 -0.120108 0.992761
vn 0.000000 0.194216 0.980959
vn -0.216250 0.205382 0.954491
vn -0.506724 0.154436 0.848163
vn -0.756694 0.019787 0.653470
vn -0.853693 -0.092458 0.512503
vn -0.934552 -0.054199 0.351675
vn -0.961254 0.029290 0.274104
vn -0.979688 0.117448 0.162534
vn -0.977419 0.128597 0.167672
vn -0.967665 0.168975 0.187273
vn -0.974723 0.176081 0.137517
vn -0.977165 0.161454 0.138136
vn -0.995451 0.092845 0.021401
vn -0.992687 0.039645 -0.114022
vn -0.995250 0.074834 -0.062271
vn -0.976154 0.022423 -0.215920
vn -0.898183 0.031599 -0.438485
vn -0.925766 -0.034663 -0.376505
vn -0.597706 -0.004820 -0.801701
vn -0.617251 -0.096939 -0.780771
vn -0.316499 -0.027327 -0.948199
vn -0.949308 -0.113758 -0.293043
vn -0.304878 -0.121661 -0.944589
vn 0.003808 -0.019305 -0.999806
vn 0.006147 -0.133651 -0.991009
vn -0.889810 0.243702 -0.385807
vn -0.886434 0.303104 -0.349802
vn -0.817013 0.402483 -0.412913
vn -0.635109 -0.127385 -0.761846
vn -0.290914 -0.107208 -0.950724
vn 0.021381 -0.108837 -0.993830
vn 0.026727 0.508118 -0.860873
vn -0.580047 0.357396 -0.731993
vn -0.563387 0.501158 -0.656837
vn -0.278983 0.560305 -0.779889
vn 0.031846 0.647614 -0.761303
vn -0.312469 0.398333 -0.862377
vn 0.952283 -0.016776 0.304755
vn 0.975660 0.218520 -0.018323
vn 0.971252 0.172397 -0.164161
vn 0.867129 0.492281 0.075807
vn 0.992904 0.053244 0.106331
vn 0.934377 0.162254 -0.317197
vn 0.996318 0.079812 -0.031303
vn 0.988984 -0.129692 -0.071349
vn 0.973804 -0.221895 0.049688
vn 0.900275 -0.328947 0.285129
vn 0.848865 -0.376197 0.371353
vn 0.859627 0.216266 0.462894
vn 0.375215 0.806134 0.457561
vn 0.549369 0.822083 0.149578
vn 0.243914 0.898299 0.365464
vn 0.399611 0.889212 0.222739
vn 0.254647 0.937330 0.237838
vn 0.841383 0.030191 0.539595
vn 0.697771 -0.551874 0.456674
vn 0.521727 0.681190 0.513596
vn 0.451530 0.748734 0.485302
vn 0.651548 -0.069609 0.755407
vn 0.460348 -0.676910 0.574345
vn 0.492914 -0.241778 0.835811
vn -0.000529 -0.737165 0.675712
vn -0.000362 -0.293918 0.955831
vn 0.231321 0.713118 0.661780
vn 0.098675 0.612618 0.784195
vn 0.000489 0.651885 0.758318
vn -0.019770 0.887429 0.460521
vn -0.000558 0.865865 0.500278
vn -0.000015 0.868571 0.495565
vn 0.156342 0.941297 0.299195
vn 0.045802 0.883253 0.466655
vn 0.000181 0.787563 0.616234
vn 0.028766 0.814075 0.580046
vn 0.225886 0.927256 0.298617
vn 0.203861 0.896552 0.393238
vn 0.221070 0.813357 0.538124
vn 0.377778 0.775974 0.505122
vn 0.192909 0.936496 0.292852
vn 0.299673 0.872093 0.386846
vn 0.441526 0.751338 0.490455
vn 0.143941 0.959855 0.240749
vn 0.350851 0.838370 0.417181
vn 0.258551 0.917692 0.301649
vn 0.367221 0.834830 0.410133
vn -0.118336 -0.488194 0.864675
vn 0.108823 -0.115586 0.987318
vn -0.124045 -0.035916 0.991626
vn -0.350445 -0.152444 0.924094
vn 0.047879 -0.439094 0.897164
vn -0.301127 -0.429143 0.851562
vn -0.056427 -0.904930 0.421803
vn 0.099447 -0.906494 0.410339
vn -0.185221 -0.923516 0.335875
vn 0.179570 -0.983306 0.029385
vn 0.001042 -0.999940 0.010911
vn -0.179924 -0.983595 0.012945
vn 0.201942 -0.979355 -0.009167
vn 0.000627 -0.999994 0.003373
vn -0.164004 -0.985536 -0.042677
vn 0.216197 -0.975996 -0.026284
vn 0.000221 -0.999996 -0.002961
vn -0.160931 -0.984697 -0.066874
vn 0.284179 -0.958016 -0.038061
vn -0.000989 -0.999974 -0.007132
vn -0.203385 -0.973712 -0.102569
vn 0.297605 -0.932791 -0.203304
vn -0.210613 -0.949320 -0.233310
vn 0.010595 -0.952864 -0.303213
vn -0.348709 -0.905857 -0.240470
vn -0.004008 -0.927969 -0.372636
vn 0.000989 -0.999974 -0.007132
vn 0.271438 -0.914285 -0.300673
vn 0.281855 -0.949282 -0.139360
vn -0.352351 -0.934753 -0.045670
vn 0.225984 -0.969494 -0.094932
vn -0.000221 -0.999996 -0.002961
vn -0.273634 -0.961320 -0.031438
vn 0.215602 -0.974686 -0.059184
vn -0.000627 -0.999994 0.003373
vn -0.247064 -0.968901 -0.013799
vn 0.225493 -0.974163 0.012634
vn -0.001042 -0.999940 0.010911
vn -0.219878 -0.974948 0.033601
vn 0.215278 -0.916469 0.337252
vn 0.056427 -0.904930 0.421803
vn -0.122492 -0.901819 0.414389
vn 0.337040 -0.407827 0.848576
vn -0.073844 -0.428754 0.900398
vn 0.118336 -0.488194 0.864675
vn 0.393190 -0.094794 0.914557
vn -0.153225 -0.064404 0.986090
vn 0.129165 0.030636 0.991150
vn 0.077924 0.496547 0.864505
vn 0.080406 0.522136 0.849064
vn -0.134612 0.467280 0.873801
vn 0.290851 0.462972 0.837295
vn 0.107999 0.000532 0.994151
vn 0.299056 0.486616 0.820835
vn -0.129633 0.440597 0.888296
vn -0.304170 0.336870 0.891067
vn 0.463017 0.353367 0.812863
vn 0.479076 0.371825 0.795130
vn -0.287573 0.315054 0.904457
vn -0.403469 0.159544 0.900976
vn 0.572170 0.195924 0.796389
vn 0.594617 0.204296 0.777621
vn -0.378170 0.150050 0.913495
vn -0.428873 -0.041580 0.902407
vn 0.613034 0.015541 0.789904
vn -0.402237 -0.036569 0.914805
vn 0.583215 -0.175496 0.793134
vn 0.636764 0.011439 0.770974
vn -0.372665 -0.256011 0.891953
vn 0.602318 -0.191916 0.774843
vn -0.352621 -0.236364 0.905423
vn -0.240055 -0.439239 0.865704
vn 0.476668 -0.359435 0.802243
vn 0.487162 -0.384047 0.784335
vn -0.231485 -0.410491 0.881993
vn -0.067443 -0.548958 0.833125
vn 0.310401 -0.493962 0.812190
vn 0.315294 -0.519449 0.794206
vn -0.064588 -0.521096 0.851051
vn 0.121248 -0.574389 0.809553
vn 0.118736 -0.548443 0.827715
vn 0.129623 0.440589 0.888301
vn 0.134608 0.467267 0.873809
vn -0.080396 0.522128 0.849070
vn -0.077917 0.496542 0.864509
vn -0.108002 0.000533 0.994150
vn -0.299056 0.486615 0.820836
vn 0.287564 0.315053 0.904460
vn 0.304164 0.336864 0.891071
vn -0.290850 0.462970 0.837296
vn -0.479085 0.371786 0.795143
vn 0.378145 0.150041 0.913506
vn 0.403443 0.159532 0.900990
vn -0.463042 0.353327 0.812866
vn -0.594617 0.204251 0.777632
vn 0.402229 -0.036599 0.914807
vn 0.428865 -0.041605 0.902410
vn -0.572164 0.195879 0.796404
vn 0.352622 -0.236364 0.905423
vn -0.613053 0.015603 0.789888
vn -0.636780 0.011490 0.770960
vn 0.372665 -0.256010 0.891953
vn -0.602330 -0.191880 0.774843
vn 0.231483 -0.410488 0.881995
vn 0.240052 -0.439235 0.865706
vn -0.583228 -0.175453 0.793134
vn -0.487154 -0.384045 0.784341
vn 0.064588 -0.521091 0.851054
vn 0.067443 -0.548952 0.833128
vn -0.476662 -0.359434 0.802248
vn -0.315298 -0.519453 0.794202
vn -0.118736 -0.548443 0.827715
vn -0.121249 -0.574391 0.809552
vn -0.310405 -0.493966 0.812186
f 65537//65537 196611//196611 327685//327685
f 458759//458759 589833//589833 720907//720907
f 589837//589837 851980//851980 786442//786442
f 917518//917518 589834//589834 983055//983055
f 917521//917521 1048590//1048590 917522//917522
f 1179666//1179666 786447//786447 851988//851988
f 1310734//1310734 851985//851985 1310740//1310740
f 720909//720909 786454//786454 1245207//1245207
f 786455//786455 1507350//1507350 720918//720918
f 1376279//1376279 1572889//1572889 1507350//1507350
f 720920//720920 1507354//1507354 1703962//1703962
f 1769484//1769484 1048602//1048602 1114141//1114141
f 1900565//1900565 1048593//1048593 1835038//1835038
f 1310751//1310751 2031636//2031636 1441812//1441812
f 1245215//1245215 1310752//1310752 1900577//1900577
f 1310753//1310753 2162719//2162719 1835026//1835026
f 2228254//2228254 2228253//2228253 1835042//1835042
f 2293793//2293793 1900574//1900574 2228260//2228260
f 2359330//2359330 1114130//1114130 1179685//1179685
f 2359334//2359334 1179682//1179682 2490405//2490405
f 2490406//2490406 2228261//2228261 2162728//2162728
f 2162726//2162726 1179688//1179688 2621479//2621479
f 2687017//2687017 2228243//2228243 2752548//2752548
f 2818081//2818081 2293796//2293796 2752556//2752556
f 2228264//2228264 2228269//2228269 2883627//2883627
f 2424871//2424871 2424878//2424878 3014696//3014696
f 2424878//2424878 2621487//2621487 3080231//3080231
f 2949159//2949159 2555952//2555952 3145773//3145773
f 2555951//2555951 2621489//2621489 2687026//2687026
f 3080233//3080233 3276851//3276851 2621490//2621490
f 3080244//3080244 3342382//3342382 3080243//3080243
f 2949172//2949172 3342389//3342389 3276854//3276854
f 2949173//2949173 2949175//2949175 3538991//3538991
f 3538997//3538997 3604536//3604536 3670071//3670071
f 3670072//3670072 3801146//3801146 3670074//3670074
f 3670075//3670075 3473468//3473468 3276861//3276861
f 3932211//3932211 3473458//3473458 3932222//3932222
f 3014711//3014711 3539007//3539007 3670079//3670079
f 3145775//3145775 4128831//4128831 3932210//3932210
f 4128833//4128833 4194365//4194365 4128834//4128834
f 3145791//3145791 2883651//2883651 3145795//3145795
f 3866692//3866692 4390969//4390969 3866693//3866693
f 4063289//4063289 4063302//4063302 4522051//4522051
f 3670084//3670084 3670087//3670087 4587590//4587590
f 4587588//4587588 4653128//4653128 4718663//4718663
f 4718664//4718664 4849738//4849738 4718666//4718666
f 4718667//4718667 4980812//4980812 4718668//4718668
f 4718669//4718669 4718670//4718670 5046351//5046351
f 4522055//4522055 4587600//4587600 4718672//4718672
f 4325446//4325446 4522065//4522065 5177425//5177425
f 5308489//5308489 5308495//5308495 5177417//5177417
f 5308495//5308495 5111891//5111891 5439571//5439571
f 5439573//5439573 5505107//5505107 5570643//5570643
f 5570647//5570647 4325459//4325459 5242968//5242968
f 2883651//2883651 5767256//5767256 5242960//5242960
f 5767256//5767256 5308497//5308497 5832784//5832784
f 5832793//5832793 5636176//5636176 5898323//5898323
f 5636188//5636188 5963867//5963867 6029403//6029403
f 6094939//6094939 5308509//5308509 5374047//5374047
f 5832786//5832786 6160479//6160479 5374043//5374043
f 6226011//6226011 6160478//6160478 5898336//5898336
f 6291552//6291552 6226014//6226014 6291554//6291554
f 6422624//6422624 5832802//5832802 6488153//6488153
f 6488154//6488154 6160479//6160479 6226021//6226021
f 6553696//6553696 6553699//6553699 6488159//6488159
f 6619237//6619237 6553699//6553699 6619236//6619236
f 6422631//6422631 6750310//6750310 5767268//5767268
f 6750308//6750308 6750310//6750310 5701721//5701721
f 6619241//6619241 6815848//6815848 6881384//6881384
f 6815846//6815846 7012459//7012459 6750314//6750314
f 7012440//7012440 7012456//7012456 6881389//6881389
f 7077998//7077998 6619244//6619244 7209067//7209067
f 7209062//7209062 5701735//5701735 7012464//7012464
f 5701744//5701744 7274541//7274541 2752557//2752557
f 7012465//7012465 2752624//2752624 7274609//7274609
f 7143537//7143537 2752620//2752620 7340076//7340076
f 7340142//7340142 7143538//7143538 7471218//7471218
f 2818161//2818161 7340148//7340148 7405684//7405684
f 7536673//7536673 7602220//7602220 7405683//7405683
f 7667829//7667829 2097267//2097267 7536759//7536759
f 1966113//1966113 7405687//7405687 7798900//7798900
f 7798898//7798898 7864437//7864437 7602294//7602294
f 7929977//7929977 7536758//7536758 7995511//7995511
f 7995508//7995508 7733368//7733368 8060959//8060959
f 8061047//8061047 7602299//7602299 8126584//8126584
f 8126581//8126581 7798905//7798905 8192123//8192123
f 8192124//8192124 7798907//7798907 8126590//8126590
f 7864442//7864442 7929983//7929983 8323199//8323199
f 8388639//8388639 1966204//1966204 8388640//8388640
f 8126585//8126585 7864450//7864450 8257666//8257666
f 8323203//8323203 8519807//8519807 8323204//8323204
f 8519813//8519813 8650879//8650879 8454271//8454271
f 8585350//8585350 8716419//8716419 8650883//8650883
f 8781958//8781958 8716420//8716420 8781960//8781960
f 8913021//8913021 8126594//8126594 8913022//8913022
f 8978562//8978562 8454277//8454277 8978569//8978569
f 8650886//8650886 9044107//9044107 8978565//8978565
f 9109638//9109638 9044104//9044104 8716428//8716428
f 9175180//9175180 9109640//9109640 9175182//9175182
f 9175183//9175183 9044110//9044110 9109648//9109648
f 9240720//9240720 9306252//9306252 9437326//9437326
f 9502865//9502865 9044111//9044111 9568394//9568394
f 9044112//9044112 9371795//9371795 9240724//9240724
f 9240721//9240721 9437332//9437332 9502869//9502869
f 9765013//9765013 9371794//9371794 9830547//9830547
f 9371796//9371796 9437335//9437335 9896084//9896084
f 9699480//9699480 9699473//9699473 9765017//9765017
f 9765018//9765018 9633945//9633945 10092695//10092695
f 9633944//9633944 9830555//9830555 10158227//10158227
f 9830555//9830555 10223772//10223772 8978579//8978579
f 9568412//9568412 9896093//9896093 9699486//9699486
f 9961630//9961630 10027157//10027157 10354841//10354841
f 10027168//10027168 9896095//9896095 10485915//10485915
f 10289313//10289313 10092696//10092696 10551452//10551452
f 10485922//10485922 10289307//10289307 9961635//9961635
f 10354851//10354851 10420377//10420377 10682527//10682527
f 10420389//10420389 10485924//10485924 10289318//10289318
f 10616998//10616998 10616990//10616990 10354855//10354855
f 10354852//10354852 10944679//10944679 10158242//10158242
f 10223772//10223772 10551464//10551464 10485929//10485929
f 10813609//10813609 10813601//10813601 10617002//10617002
f 10879146//10879146 10748067//10748067 11141284//11141284
f 11206827//11206827 11141285//11141285 11206829//11206829
f 11206830//11206830 11337901//11337901 11403437//11403437
f 11272368//11272368 10682539//10682539 11141296//11141296
f 11534512//11534512 11468973//11468973 11534514//11534514
f 10879140//10879140 10682547//10682547 11468979//11468979
f 11731120//11731120 11731122//11731122 11665584//11665584
f 11796660//11796660 11665586//11665586 11862183//11862183
f 11862186//11862186 11731111//11731111 11796663//11796663
f 11993271//11993271 11731125//11731125 12058803//12058803
f 11862195//11862195 11731129//11731129 11927737//11927737
f 11862202//11862202 12058794//12058794 12189878//12189878
f 12189882//12189882 12255414//12255414 12058807//12058807
f 12189881//12189881 11927740//11927740 11993277//11993277
f 12320956//12320956 12386487//12386487 12320952//12320952
f 12386492//12386492 12386493//12386493 11993279//11993279
f 12452032//12452032 12583102//12583102 12517567//12517567
f 12648636//12648636 12648638//12648638 12189884//12189884
f 12386496//12386496 12648642//12648642 12714171//12714171
f 12189891//12189891 12714170//12714170 12648640//12648640
f 12124356//12124356 12779690//12779690 10813610//10813610
f 12779689//12779689 12583078//12583078 12845248//12845248
f 12910789//12910789 12714177//12714177 12517575//12517575
f 12124355//12124355 13041864//13041864 12714183//12714183
f 12124361//12124361 13107396//13107396 12124360//12124360
f 12779722//12779722 13172905//13172905 12779721//12779721
f 12845259//12845259 13238464//13238464 12976320//12976320
f 13304005//13304005 13304006//13304006 13238469//13238469
f 13369544//13369544 13369543//13369543 13107400//13107400
f 12910798//12910798 13435084//13435084 12910799//12910799
f 13238476//13238476 13566160//13566160 13304014//13304014
f 13238481//13238481 13631687//13631687 13369543//13369543
f 13566161//13566161 13697227//13697227 13107405//13107405
f 13107410//13107410 13631690//13631690 13697229//13697229
f 13500627//13500627 13762766//13762766 13500628//13500628
f 13828309//13828309 13893843//13893843 13828310//13828310
f 13893846//13893846 13959383//13959383 14090455//14090455
f 14024920//14024920 14090457//14090457 14221529//14221529
f 14287063//14287063 14024921//14024921 14287068//14287068
f 14418135//14418135 14418140//14418140 13893847//13893847
f 14483677//14483677 13762780//13762780 13893855//13893855
f 13893853//13893853 14418143//14418143 14483680//14483680
f 14614751//14614751 14614749//14614749 14483681//14483681
f 14745824//14745824 14549217//14549217 14614754//14614754
f 14811362//14811362 13762785//13762785 14549220//14549220
f 14876878//14876878 14549203//14549203 14745829//14745829
f 14549221//14549221 14745828//14745828 14811366//14811366
f 15007973//15007973 15007970//15007970 14811367//14811367
f 15139046//15139046 15139047//15139047 15073513//15073513
f 15270117//15270117 15139046//15139046 15270118//15270118
f 15335630//15335630 13566180//13566180 13435115//13435115
f 14876901//14876901 15401196//15401196 14942442//14942442
f 15335652//15335652 14876909//14876909 15401197//15401197
f 15335662//15335662 15532240//15532240 15335661//15335661
f 15401199//15401199 15466733//15466733 15597806//15597806
f 15663340//15663340 15597802//15597802 15401200//15401200
f 15532273//15532273 13631696//13631696 13566193//13566193
f 15728882//15728882 13631697//13631697 15794386//15794386
f 15532275//15532275 15794417//15794417 15728883//15728883
f 15532271//15532271 15859956//15859956 15532276//15532276
f 15663349//15663349 15597807//15597807 15991028//15991028
f 15663338//15663338 15991030//15991030 15663350//15663350
f 13697266//13697266 13172983//13172983 13697271//13697271
f 15859960//15859960 15794418//15794418 16187639//16187639
f 15859956//15859956 16187641//16187641 15859961//15859961
f 15991034//15991034 15925492//15925492 16318713//16318713
f 16384202//16384202 16384247//16384247 11010250//11010250
f 11010299//11010299 10944674//10944674 10551547//10551547
f 16449787//16449787 16187639//16187639 16449783//16449783
f 10944763//10944763 16187644//16187644 16515324//16515324
f 16187641//16187641 16580861//16580861 10944764//10944764
f 16449789//16449789 16580862//16580862 10223784//10223784
f 16646394//16646394 16646389//16646389 15991030//15991030
f 16711929//16711929 16777466//16777466 16318719//16318719
f 16318721//16318721 16646400//16646400 16056578//16056578
f 16646402//16646402 16253185//16253185 16908541//16908541
f 16908537//16908537 16974080//16974080 16842998//16842998
f 16056554//16056554 15139076//15139076 16974058//16974058
f 17039620//17039620 15139048//15139048 15204613//15204613
f 16843012//16843012 16974086//16974086 17039622//17039622
f 17039593//17039593 15204615//15204615 17236231//17236231
f 17301767//17301767 17105160//17105160 17367298//17367298
f 16777474//16777474 17432842//17432842 17105157//17105157
f 17170699//17170699 17105157//17105157 17432842//17432842
f 17498375//17498375 17170697//17170697 17498379//17498379
f 17301773//17301773 17432844//17432844 17629450//17629450
f 17629441//17629441 17432842//17432842 17498382//17498382
f 17694977//17694977 16711950//16711950 16777487//16777487
f 17498384//17498384 17694990//17694990 17629456//17629456
f 17498381//17498381 17760529//17760529 17498385//17498385
f 17891584//17891584 16908559//16908559 16711954//16711954
f 17563923//17563923 17957137//17957137 17563924//17563924
f 18088207//18088207 17891600//17891600 17694997//17694997
f 17826070//17826070 18153744//18153744 17826067//17826067
f 18153749//18153749 16908560//16908560 17891607//17891607
f 18219261//18219261 18022659//18022659 18284819//18284819
f 18284820//18284820 18415897//18415897 18284825//18284825
f 18481426//18481426 18219285//18219285 17891611//17891611
f 18546941//18546941 16515351//16515351 18546942//18546942
f 18153747//18153747 17957149//17957149 18284829//18284829
f 18678037//18678037 18481430//18481430 18088222//18088222
f 18743575//18743575 18743579//18743579 18546967//18546967
f 18546976//18546976 10223870//10223870 16580896//16580896
f 18612513//18612513 18874646//18874646 18678038//18678038
f 18940187//18940187 18743582//18743582 18481442//18481442
f 18874658//18874658 19005726//19005726 18612504//18612504
f 19005729//19005729 18743581//18743581 19071260//19071260
f 19071264//19071264 18743580//18743580 18940197//18940197
f 18743589//18743589 18940196//18940196 18874662//18874662
f 18940198//18940198 10223909//10223909 18809127//18809127
f 8978589//8978589 8913191//8913191 8978727//8978727
f 19333257//19333257 19333415//19333415 19267872//19267872
f 19333246//19333246 19398793//19398793 18809124//18809124
f 19071269//19071269 19333417//19333417 18809129//18809129
f 19464318//19464318 8061224//8061224 8192298//8192298
f 8061226//8061226 19333249//19333249 19398955//19398955
f 19464488//19464488 19136811//19136811 19530025//19530025
f 8388906//8388906 19136811//19136811 19595563//19595563
f 19136806//19136806 19530028//19530028 19660929//19660929
f 19661099//19661099 2031916//2031916 8388909//8388909
f 19202350//19202350 19726636//19726636 19661100//19661100
f 19791904//19791904 19661101//19661101 19726639//19726639
f 1441824//1441824 1442095//1442095 19792176//19792176
f 19792174//19792174 1442096//1442096 19857433//19857433
f 19202353//19202353 19726638//19726638 19923248//19923248
f 18874673//18874673 18874662//18874662 19005745//19005745
f 19923250//19923250 1573168//1573168 19857714//19857714
f 19005746//19005746 1573169//1573169 19988787//19988787
f 1507353//1507353 20119859//20119859 19988771//19988771
f 20119859//20119859 20054322//20054322 20185112//20185112
f 1703960//1703960 20250933//20250933 20185395//20185395
f 20250931//20250931 20119860//20119860 19005751//19005751
f 20316451//20316451 18415896//18415896 20316440//20316440
f 18415924//18415924 20119863//20119863 18415928//18415928
f 20382006//20382006 20250932//20250932 20382009//20382009
f 20447546//20447546 20250934//20250934 20578613//20578613
f 20250938//20250938 20578619//20578619 1704245//1704245
f 20513084//20513084 20578619//20578619 20643867//20643867
f 20709692//20709692 20709690//20709690 20775228//20775228
f 20644158//20644158 20709403//20709403 20840766//20840766
f 20840768//20840768 20906302//20906302 20840769//20840769
f 20971842//20971842 21037376//21037376 20971843//20971843
f 21168450//21168450 21037379//21037379 21168453//21168453
f 21233990//21233990 20775234//20775234 21364763//21364763
f 20906311//20906311 21430590//21430590 20906306//20906306
f 21430599//21430599 1704256//1704256 21365065//21365065
f 21430601//21430601 1704263//1704263 21495834//21495834
f 21037382//21037382 21430602//21430602 21037386//21037386
f 21627209//21627209 21561672//21561672 21627208//21627208
f 21627210//21627210 21692748//21692748 21561670//21561670
f 21758284//21758284 21823814//21823814 1638729//1638729
f 21889358//21889358 1769801//1769801 1638734//1638734
f 21889360//21889360 21954894//21954894 1769806//1769806
f 22020432//22020432 21954895//21954895 22020434//22020434
f 1769808//1769808 22151507//22151507 22216732//22216732
f 22282576//22282576 22151506//22151506 21954901//21954901
f 22085974//22085974 22348117//22348117 22413653//22413653
f 22282583//22282583 22151512//22151512 22282584//22282584
f 22479191//22479191 22151513//22151513 22610260//22610260
f 22151512//22151512 22544730//22544730 22675800//22675800
f 22610264//22610264 22544731//22544731 22741339//22741339
f 22806874//22806874 22217051//22217051 22610270//22610270
f 22937940//22937940 22872414//22872414 23003487//23003487
f 22806881//22806881 23069018//23069018 22872410//22872410
f 23003486//23003486 23069026//23069026 23134558//23134558
f 22806883//22806883 23200097//23200097 22806884//22806884
f 23069027//23069027 23069029//23069029 23331170//23331170
f 23331171//23331171 23462246//23462246 23003490//23003490
f 23003495//23003495 2687336//2687336 23527783//23527783
f 3211306//3211306 4129127//4129127 3211623//3211623
f 23134272//23134272 4129127//4129127 23134565//23134565
f 23330882//23330882 4259904//4259904 23331177//23331177
f 23724394//23724394 23658860//23658860 23724397//23724397
f 23724398//23724398 23921005//23921005 23986541//23986541
f 23921008//23921008 24052079//24052079 23921009//23921009
f 24248690//24248690 24183156//24183156 24248693//24248693
f 24183157//24183157 24379766//24379766 24510838//24510838
f 24445303//24445303 24510840//24510840 24641912//24641912
f 24772986//24772986 24707452//24707452 24772989//24772989
f 24707453//24707453 25035134//25035134 25166208//25166208
f 25166207//25166207 25297282//25297282 25166210//25166210
f 25428356//25428356 25362822//25362822 25559430//25559430
f 25362824//25362824 25624967//25624967 25362825//25362825
f 25690506//25690506 25756040//25756040 25690507//25690507
f 25952652//25952652 25887118//25887118 25952655//25952655
f 25952656//25952656 26149263//26149263 25952657//25952657
f 26214802//26214802 26280336//26280336 26214803//26214803
f 26476948//26476948 26411414//26411414 26476951//26476951
f 26411415//26411415 26608024//26608024 26739096//26739096
f 26739098//26739098 26804632//26804632 26739099//26739099
f 27001244//27001244 26935710//26935710 27132318//27132318
f 26935712//26935712 27197855//27197855 27263391//27263391
f 27197858//27197858 27328929//27328929 27197859//27197859
f 26935716//26935716 27394464//27394464 27197860//27197860
f 27525540//27525540 27394460//27394460 27460006//27460006
f 27722151//27722151 27656617//27656617 27722154//27722154
f 27722155//27722155 27918762//27918762 27722156//27722156
f 27984301//27984301 28049835//28049835 27984302//27984302
f 28246447//28246447 28180913//28180913 28246450//28246450
f 28443058//28443058 28377520//28377520 28443060//28443060
f 28508595//28508595 28443061//28443061 28639669//28639669
f 28770743//28770743 28705209//28705209 28901817//28901817
f 28901819//28901819 28967353//28967353 28901820//28901820
f 28967356//28967356 29032893//29032893 29163965//29163965
f 29295039//29295039 29229505//29229505 29295042//29295042
f 29229506//29229506 29426115//29426115 29557187//29557187
f 29557189//29557189 29622723//29622723 29557190//29557190
f 29688263//29688263 29753797//29753797 29819333//29819333
f 29950409//29950409 29884875//29884875 30081483//30081483
f 30081485//30081485 30147019//30147019 30081486//30081486
f 30343631//30343631 30278097//30278097 30343634//30343634
f 30278098//30278098 30474707//30474707 30605779//30605779
f 30605781//30605781 30671315//30671315 30605782//30605782
f 30802389//30802389 30671318//30671318 30802392//30802392
f 30933464//30933464 30867927//30867927 30933466//30933466
f 31064538//31064538 30999001//30999001 31064540//31064540
f 31261149//31261149 31195615//31195615 31261152//31261152
f 31195616//31195616 31392225//31392225 31523297//31523297
f 31457762//31457762 31523299//31523299 31654371//31654371
f 31719907//31719907 31588836//31588836 31719910//31719910
f 31850982//31850982 31785445//31785445 31850984//31850984
f 31850985//31850985 31982056//31982056 31850986//31850986
f 32178667//32178667 32113133//32113133 32309741//32309741
f 32375277//32375277 32244206//32244206 32375280//32375280
f 32571889//32571889 32506355//32506355 32702963//32702963
f 32702961//32702961 32506357//32506357 32834037//32834037
f 32834039//32834039 32899573//32899573 32965109//32965109
f 32965111//32965111 32899577//32899577 33096185//33096185
f 33227259//33227259 33161725//33161725 33227262//33227262
f 33358335//33358335 33423867//33423867 33358336//33358336
f 33620481//33620481 33554947//33554947 33751555//33751555
f 33554949//33554949 33817092//33817092 33882628//33882628
f 33554951//33554951 34013701//34013701 33882629//33882629
f 33817095//33817095 34013705//34013705 33817098//33817098
f 34079242//34079242 34144773//34144773 34079243//34079243
f 34013706//34013706 34144780//34144780 34341388//34341388
f 34472462//34472462 34406928//34406928 34472465//34472465
f 34472466//34472466 34669073//34669073 34472467//34472467
f 34865684//34865684 34800150//34800150 34865687//34865687
f 34996760//34996760 35062292//35062292 35127828//35127828
f 35127832//35127832 35062298//35062298 35258906//35258906
f 35258908//35258908 35324442//35324442 35389978//35389978
f 35521054//35521054 35455520//35455520 35652128//35652128
f 35652130//35652130 35717664//35717664 35652131//35652131
f 35848295//35848295 6685221//6685221 35848742//35848742
f 35848743//35848743 7209510//7209510 6685222//6685222
f 35979815//35979815 36110888//36110888 7209510//7209510
f 36045353//36045353 36176424//36176424 36241960//36241960
f 7209512//7209512 36307499//36307499 36110890//36110890
f 36307051//36307051 36307055//36307055 36241964//36241964
f 36438123//36438123 36373035//36373035 36438571//36438571
f 36438572//36438572 36569646//36569646 36700720//36700720
f 36766256//36766256 36831793//36831793 36962868//36962868
f 37028403//37028403 37028404//37028404 37093939//37093939
f 37093942//37093942 37159480//37159480 37225015//37225015
f 37225016//37225016 37356090//37356090 37487164//37487164
f 37552699//37552699 37618236//37618236 37356094//37356094
f 37683775//37683775 37683774//37683774 37749311//37749311
f 37749312//37749312 37814850//37814850 37880385//37880385
f 37880386//37880386 38011460//38011460 38142534//38142534
f 38208069//38208069 38208070//38208070 38077001//38077001
f 38339144//38339144 38404681//38404681 38535756//38535756
f 38535755//38535755 38601294//38601294 38404687//38404687
f 38732366//38732366 38797903//38797903 38732367//38732367
f 38863441//38863441 38863439//38863439 38928977//38928977
f 38928978//38928978 39060052//39060052 39191126//39191126
f 39256661//39256661 39125590//39125590 39322200//39322200
f 39322198//39322198 39453274//39453274 39584348//39584348
f 39584347//39584347 39649886//39649886 39715421//39715421
f 39715422//39715422 39846496//39846496 39715424//39715424
f 39912033//39912033 39846496//39846496 39912035//39912035
f 40043105//40043105 40108643//40108643 40043107//40043107
f 40174181//40174181 40174179//40174179 40239717//40239717
f 40239718//40239718 40239720//40239720 40305257//40305257
f 40436329//40436329 40501864//40501864 40239721//40239721
f 40501865//40501865 40632940//40632940 40501868//40501868
f 40567406//40567406 40698477//40698477 40567407//40567407
f 40829550//40829550 40632943//40632943 40895083//40895083
f 40501873//40501873 41026162//41026162 40632942//40632942
f 40895085//40895085 40698483//40698483 40829556//40829556
f 41157235//41157235 41157230//41157230 40698484//40698484
f 41222771//41222771 40829557//40829557 41288308//41288308
f 41288304//41288304 41157240//41157240 41091705//41091705
f 41091703//41091703 41484921//41484921 41288312//41288312
f 41550458//41550458 41615992//41615992 41484923//41484923
f 41419383//41419383 41681533//41681533 41288314//41288314
f 41419390//41419390 41747061//41747061 41419389//41419389
f 41157246//41157246 41812607//41812607 41222773//41222773
f 41222783//41222783 41747072//41747072 41681537//41681537
f 41878146//41878146 41943670//41943670 41681539//41681539
f 42074749//42074749 41943674//41943674 42074756//42074756
f 41484924//41484924 42074757//42074757 41484933//41484933
f 41616006//41616006 42140293//42140293 42074759//42074759
f 42336899//42336899 42140293//42140293 42336904//42336904
f 42336905//42336905 42467976//42467976 42336906//42336906
f 42205834//42205834 42599047//42599047 42467978//42467978
f 42205830//42205830 42533516//42533516 42205836//42205836
f 42730124//42730124 42599046//42599046 42533518//42533518
f 42664590//42664590 42664586//42664586 42730127//42730127
f 42861198//42861198 42926732//42926732 42599054//42599054
f 42861200//42861200 42926734//42926734 42992267//42992267
f 42926738//42926738 42730129//42730129 43123343//43123343
f 43123344//43123344 42730127//42730127 43188883//43188883
f 43254418//43254418 43123344//43123344 43254416//43254416
f 43188886//43188886 43123347//43123347 43319957//43319957
f 43385494//43385494 43385492//43385492 43451030//43451030
f 43319960//43319960 43385493//43385493 43516568//43516568
f 43254426//43254426 43451026//43451026 43582101//43582101
f 43057818//43057818 43516571//43516571 43713176//43713176
f 43451036//43451036 43516570//43516570 43778716//43778716
f 43582110//43582110 43713179//43713179 43844250//43844250
f 43647646//43647646 43844255//43844255 43975327//43975327
f 43844257//43844257 44040864//44040864 43844252//43844252
f 43713181//43713181 43778721//43778721 44106401//44106401
f 44237475//44237475 44368549//44368549 44237477//44237477
f 44237478//44237478 44434087//44434087 44368552//44368552
f 44237479//44237479 44499625//44499625 44630695//44630695
f 44565159//44565159 44499626//44499626 44696234//44696234
f 44565162//44565162 44696236//44696236 44827306//44827306
f 44761770//44761770 44696237//44696237 44892845//44892845
f 44827311//44827311 45023916//45023916 44827310//44827310
f 45023919//45023919 45023917//45023917 44892849//44892849
f 45023922//45023922 45089455//45089455 45220528//45220528
f 45220530//45220530 45089456//45089456 45286067//45286067
f 45154995//45154995 45286069//45286069 45417139//45417139
f 45351603//45351603 45286070//45286070 45482678//45482678
f 45548214//45548214 45351607//45351607 45417145//45417145
f 45613750//45613750 45351608//45351608 45613754//45613754
f 45548219//45548219 45744825//45744825 45679289//45679289
f 45679291//45679291 45744828//45744828 45548221//45548221
f 45810363//45810363 46006974//46006974 45744829//45744829
f 45941435//45941435 46006975//46006975 45875904//45875904
f 45941439//45941439 46203585//46203585 46006976//46006976
f 46138047//46138047 46203586//46203586 46072515//46072515
f 46138050//46138050 46269124//46269124 46400194//46400194
f 46334658//46334658 46269125//46269125 46465733//46465733
f 46400199//46400199 46531268//46531268 46596804//46596804
f 46465737//46465737 46531269//46531269 46400201//46400201
f 46727881//46727881 46662342//46662342 46727883//46727883
f 46858953//46858953 46662347//46662347 46924487//46924487
f 46924489//46924489 46924492//46924492 46990023//46990023
f 46531279//46531279 47055560//47055560 46531278//46531278
f 47055568//47055568 47121096//47121096 47186632//47186632
f 47121106//47121106 47252177//47252177 47317713//47317713
f 47252180//47252180 47383251//47383251 47448787//47448787
f 47383254//47383254 47579861//47579861 47252176//47252176
f 47252183//47252183 47645400//47645400 47383250//47383250
f 47579856//47579856 47121113//47121113 47055577//47055577
f 47383256//47383256 47842010//47842010 47383258//47383258
f 47842006//47842006 47514324//47514324 47842012//47842012
f 47973083//47973083 47907546//47907546 47842013//47842013
f 48038614//48038614 47907548//47907548 47973087//47973087
f 47907552//47907552 48235230//48235230 47907551//47907551
f 48300768//48300768 48235228//48235228 48300764//48300764
f 48300771//48300771 48431840//48431840 48300769//48300769
f 48497379//48497379 48431842//48431842 48497378//48497378
f 47710927//47710927 47055590//47055590 46990054//46990054
f 48562894//48562894 46990055//46990055 48693991//48693991
f 46990029//46990029 48628456//48628456 48693965//48693965
f 48562921//48562921 48825049//48825049 48562919//48562919
f 48825065//48825065 48890598//48890598 47710953//47710953
f 47710955//47710955 49021676//49021676 48956139//48956139
f 48956141//48956141 49152750//49152750 49087213//49087213
f 48759536//48759536 49283819//49283819 48890608//48890608
f 48890609//48890609 49218285//49218285 48759538//48759538
f 49283827//49283827 49152749//49152749 49021683//49021683
f 49480435//49480435 49545969//49545969 49414900//49414900
f 49611503//49611503 49545971//49545971 49611507//49611507
f 49611509//49611509 49152759//49152759 49611512//49611512
f 49611511//49611511 49545976//49545976 49808119//49808119
f 49742583//49742583 49939194//49939194 49677049//49677049
f 49677052//49677052 49939194//49939194 50070263//50070263
f 50070268//50070268 48759543//48759543 50135794//50135794
f 50135785//50135785 50201322//50201322 50135786//50135786
f 48628479//48628479 50266858//50266858 49349374//49349374
f 50201345//50201345 50266878//50266878 50135809//50135809
f 50266882//50266882 50397938//50397938 50463474//50463474
f 50266881//50266881 50397956//50397956 50266884//50266884
f 50397957//50397957 50594563//50594563 50660099//50660099
f 50725638//50725638 50660101//50660101 50725640//50725640
f 50725641//50725641 50922248//50922248 50594562//50594562
f 50922242//50922242 50856708//50856708 50725643//50725643
f 50987788//50987788 51118857//51118857 50987783//50987783
f 51184391//51184391 50922245//50922245 51184389//51184389
f 51249933//51249933 50725639//50725639 51184399//51184399
f 51249936//51249936 51315469//51315469 51381005//51381005
f 51446543//51446543 51249934//51249934 51446544//51446544
f 51512078//51512078 51184394//51184394 51512082//51512082
f 51315476//51315476 51577617//51577617 51643153//51643153
f 51446550//51446550 51708688//51708688 51577616//51577616
f 51774229//51774229 51643156//51643156 51774232//51774232
f 51577625//51577625 51905303//51905303 51577622//51577622
f 51446554//51446554 51905302//51905302 51708698//51708698
f 51512090//51512090 51905298//51905298 51970843//51970843
f 52101915//52101915 51512090//51512090 52101914//52101914
f 52167451//52167451 50922268//50922268 52232979//52232979
f 52101907//52101907 50922270//50922270 50529054//50529054
f 52101919//52101919 52298525//52298525 52364061//52364061
f 52298529//52298529 50529056//50529056 52495134//52495134
f 52101918//52101918 52232995//52232995 52495139//52495139
f 52495108//52495108 50332452//50332452 52626180//52626180
f 52691748//52691748 50332417//50332417 50201381//50201381
f 52757276//52757276 52495139//52495139 52822819//52822819
f 52757283//52757283 52626215//52626215 52888354//52888354
f 52822818//52822818 52626216//52626216 52691753//52691753
f 52888356//52888356 53019433//53019433 52691711//52691711
f 52691754//52691754 52298537//52298537 52101931//52101931
f 53084956//53084956 53150502//53150502 52888361//52888361
f 52953898//52953898 53019436//53019436 50201389//50201389
f 48628525//48628525 53150463//53150463 53019438//53019438
f 53216046//53216046 53216042//53216042 48628527//48628527
f 46924591//46924591 53281511//53281511 53216048//53216048
f 53347120//53347120 52298541//52298541 53084977//53084977
f 53543729//53543729 53084971//53084971 53609266//53609266
f 53674801//53674801 53084978//53084978 52757299//52757299
f 53478197//53478197 52429599//52429599 52298549//52298549
f 53805877//53805877 53674801//53674801 53805873//53805873
f 53740343//53740343 53805857//53805857 53871413//53871413
f 52429623//52429623 52757304//52757304 54002483//54002483
f 54002470//54002470 53936935//53936935 53871418//53871418
f 54133560//54133560 54199098//54199098 54133562//54133562
f 54264636//54264636 54330170//54330170 54199101//54199101
f 54264639//54264639 53871422//53871422 54461242//54461242
f 54068032//54068032 54395709//54395709 54264641//54264641
f 54264640//54264640 54592321//54592321 54395713//54395713
f 54526784//54526784 54592322//54592322 54657855//54657855
f 54723395//54723395 54788930//54788930 54723394//54723394
f 54592320//54592320 54788933//54788933 54854468//54854468
f 54788935//54788935 53871430//53871430 54985536//54985536
f 54461256//54461256 53805893//53805893 54985527//54985527
f 55051079//55051079 54985541//54985541 55051077//55051077
f 53805897//53805897 55116616//55116616 54920009//54920009
f 55182153//55182153 55116598//55116598 55051083//55051083
f 53805876//53805876 55116619//55116619 55182132//55182132
f 55247690//55247690 55247668//55247668 53674802//53674802
f 55313228//55313228 55378738//55378738 55313202//55313202
f 55444302//55444302 55509810//55509810 55378767//55378767
f 55575376//55575376 55575375//55575375 55640912//55640912
f 55444274//55444274 55771987//55771987 55575375//55575375
f 55706452//55706452 55575375//55575375 55771989//55771989
f 55640913//55640913 55575382//55575382 55837526//55837526
f 55903063//55903063 55968594//55968594 55903061//55903061
f 55640919//55640919 56099672//56099672 56034135//56034135
f 55706418//55706418 56165210//56165210 53543731//53543731
f 55706459//55706459 56296276//56296276 55837524//55837524
f 55771995//55771995 55706460//55706460 56164982//56164982
f 56230739//56230739 42009206//42009206 56230518//56230518
f 42009437//42009437 56361819//56361819 56296283//56296283
f 41223002//41223002 56296051//56296051 56361822//56361822
f 41026394//41026394 56165215//56165215 53609311//53609311
f 41026399//41026399 56558193//56558193 56492851//56492851
f 40895327//40895327 40960864//40960864 40895328//40895328
f 54002528//54002528 40960819//40960819 56558393//56558393
f 40960825//40960825 56296289//56296289 56427362//56427362
f 55837532//55837532 56755042//56755042 56689502//56689502
f 56689507//56689507 56755029//56755029 56427364//56427364
f 56886115//56886115 54002532//54002532 56951649//56951649
f 52822886//52822886 56755001//56755001 57017173//57017173
f 57017175//57017175 56755029//56755029 56886120//56886120
f 56755048//56755048 57148263//57148263 56623974//56623974
f 56623977//56623977 56951658//56951658 52822891//52822891
f 56951659//56951659 52888425//52888425 57279271//57279271
f 57279272//57279272 57279340//57279340 57344873//57344873
f 52888364//52888364 57410412//57410412 55968615//55968615
f 57410393//57410393 57475927//57475927 57082725//57082725
f 57541486//57541486 57082725//57082725 57475952//57475952
f 57017192//57017192 57082737//57082737 57607025//57607025
f 57672557//57672557 57607015//57607015 57410417//57410417
f 57410416//57410416 57738098//57738098 56099693//56099693
f 56099698//56099698 57148275//57148275 57344884//57344884
f 57344812//57344812 57148276//57148276 57869173//57869173
f 57934698//57934698 57213801//57213801 57934710//57934710
f 57934711//57934711 58065782//58065782 58131318//58131318
f 57869100//57869100 53150585//53150585 53281657//53281657
f 58262389//58262389 57934708//57934708 58262391//58262391
f 58065787//58065787 58327928//58327928 58393464//58393464
f 58458996//58458996 57869177//57869177 58459002//58459002
f 58524537//58524537 58196782//58196782 58524541//58524541
f 58590071//58590071 58065786//58065786 58590075//58590075
f 58655610//58655610 58524541//58524541 58655613//58655613
f 58590074//58590074 58393472//58393472 58327937//58327937
f 58786684//58786684 53281665//53281665 58852222//58852222
f 58852142//58852142 58327856//58327856 58590084//58590084
f 58721147//58721147 58983300//58983300 58786689//58786689
f 58786693//58786693 59114374//59114374 58983297//58983297
f 58917767//58917767 59179905//59179905 59048837//59048837
f 59114376//59114376 59179909//59179909 59245446//59245446
f 59245448//59245448 58590090//58590090 59376516//59376516
f 59376511//59376511 58917760//58917760 59442055//59442055
f 59442052//59442052 59179915//59179915 59114381//59114381
f 59442061//59442061 59179911//59179911 59573130//59573130
f 59179917//59179917 59573134//59573134 59638666//59638666
f 59638670//59638670 59769744//59769744 59638672//59638672
f 59573133//59573133 59835282//59835282 59704206//59704206
f 59900817//59900817 59900816//59900816 59966353//59966353
f 60031885//60031885 59835276//59835276 59507605//59507605
f 59704210//59704210 59900822//59900822 59704214//59704214
f 59966355//59966355 60228503//60228503 59966359//59966359
f 60294034//60294034 60097429//60097429 59835289//59835289
f 60359571//60359571 60359574//60359574 60162963//60162963
f 60425110//60425110 60425113//60425113 60294037//60294037
f 60425114//60425114 60228502//60228502 60162972//60162972
f 60490653//60490653 60359576//60359576 60621719//60621719
f 60162974//60162974 60359580//60359580 60425119//60425119
f 60359583//60359583 60425118//60425118 60031904//60031904
f 60425120//60425120 60556191//60556191 60490657//60490657
f 60818338//60818338 60621725//60621725 60949404//60949404
f 60949409//60949409 60687260//60687260 61014942//61014942
f 60621732//60621732 61080483//61080483 60752789//60752789
f 59442085//59442085 60752789//60752789 61146015//61146015
f 60687270//60687270 60883876//60883876 60818343//60818343
f 60883879//60883879 61211560//61211560 61342632//61342632
f 61342634//61342634 61408168//61408168 61342635//61342635
f 61211564//61211564 60818345//60818345 61539239//61539239
f 61342636//61342636 61539245//61539245 61670317//61670317
f 61539233//61539233 60818351//60818351 60949423//60949423
f 61670316//61670316 61801392//61801392 61539247//61539247
f 61670320//61670320 61014961//61014961 61932451//61932451
f 61932463//61932463 61801379//61801379 61998001//61998001
f 61866931//61866931 61801396//61801396 61735861//61735861
f 62129071//62129071 61801394//61801394 62129075//62129075
f 61014966//61014966 61146034//61146034 62194596//62194596
f 62260149//62260149 62194610//62194610 62260146//62260146
f 62129080//62129080 62129075//62129075 62260152//62260152
f 62063539//62063539 62325689//62325689 62391219//62391219
f 62391226//62391226 62325684//62325684 62456761//62456761
f 62063546//62063546 62587835//62587835 62522298//62522298
f 62587837//62587837 62325691//62325691 62718906//62718906
f 62260158//62260158 62587832//62587832 62456766//62456766
f 62784446//62784446 62784439//62784439 62260150//62260150
f 62718911//62718911 62653372//62653372 62587840//62587840
f 62653376//62653376 62784449//62784449 62194626//62194626
f 62587839//62587839 62981059//62981059 63046591//63046591
f 62587844//62587844 63112128//63112128 62587843//62587843
f 62915520//62915520 63177669//63177669 62849988//62849988
f 63177670//63177670 63243201//63243201 63308737//63308737
f 63374277//63374277 63374276//63374276 63243205//63243205
f 63046601//63046601 63439812//63439812 63374276//63374276
f 62194634//62194634 63505346//63505346 62194598//62194598
f 63046594//63046594 63439819//63439819 63046603//63046603
f 62981068//62981068 63636427//63636427 62981066//62981066
f 63636425//63636425 63701963//63701963 63505318//63505318
f 60752845//60752845 61080486//61080486 63701920//63701920
f 63636426//63636426 63505358//63505358 63701966//63701966
f 63833033//63833033 63833036//63833036 63636430//63636430
f 63767501//63767501 63701968//63701968 61080528//61080528
f 63374281//63374281 63833041//63833041 63964105//63964105
f 64029647//64029647 64029646//64029646 63767504//63767504
f 63964111//63964111 64029651//64029651 64095183//64095183
f 63374289//63374289 64095188//64095188 64160721//64160721
f 63374292//63374292 63374293//63374293 64226246//64226246
f 63898533//63898533 64029654//64029654 63898583//63898583
f 63898582//63898582 64029655//64029655 64422867//64422867
f 64357336//64357336 64095186//64095186 64488404//64488404
f 64422873//64422873 64160723//64160723 64553941//64553941
f 64488410//64488410 63243220//63243220 64226267//64226267
f 64553947//64553947 61080533//61080533 64685014//64685014
f 64684965//64684965 59376524//59376524 64684940//64684940
f 64684939//64684939 64750557//64750557 64291804//64291804
f 59376512//59376512 63243229//63243229 64619486//64619486
f 63243230//63243230 64816071//64816071 64881607//64881607
f 64816096//64816096 64947167//64947167 65012703//65012703
f 64750464//64750464 58524642//58524642 65078144//65078144
f 58852322//58852322 64750462//64750462 65078243//65078243
f 65143778//65143778 64750467//64750467 65209302//65209302
f 65209309//65209309 65209315//65209315 65274838//65274838
f 64357334//64357334 65340389//65340389 65274852//65274852
f 65143782//65143782 65143780//65143780 58852327//58852327
f 58852144//58852144 65471463//65471463 64357349//64357349
f 65274854//65274854 65340392//65340392 65143785//65143785
f 65536995//65536995 53412839//53412839 65602535//65602535
f 65602352//65602352 65667887//65667887 65536999//65536999
f 65668071//65668071 65733610//65733610 65340393//65340393
f 65537003//65537003 53347308//53347308 65799146//65799146
f 65799147//65799147 65471466//65471466 65864663//65864663
f 65864664//65864664 65471447//65471447 65340399//65340399
f 65340396//65340396 65995759//65995759 65733611//65733611
f 65995755//65995755 53347309//53347309 66061293//66061293
f 66061103//66061103 66126541//66126541 66061005//66061005
f 65799153//65799153 66192371//66192371 65995757//65995757
f 66192369//66192369 65864690//65864690 65471476//65471476
f 66257896//66257896 64422895//64422895 65864693//65864693
f 66323438//66323438 65930228//65930228 65733622//65733622
f 65733616//65733616 66192374//66192374 66454512//66454512
f 66454518//66454518 66257904//66257904 65930232//65930232
f 66520047//66520047 66257910//66257910 66520057//66520057
f 66585589//66585589 64422900//64422900 66323450//66323450
f 66651097//66651097 66388952//66388952 66716664//66716664
f 66716665//66716665 66323448//66323448 66585596//66585596
f 66323452//66323452 66651130//66651130 66847705//66847705
f 66847706//66847706 66913241//66913241 66454515//66454515
f 66192370//66192370 66388990//66388990 66978811//66978811
f 66978806//66978806 66782199//66782199 66585600//66585600
f 67044345//67044345 66782203//66782203 67109882//67109882
f 66847738//66847738 66847745//66847745 67175386//67175386
f 67175387//67175387 67109850//67109850 67240957//67240957
f 67175421//67175421 67306499//67306499 67109884//67109884
f 67240961//67240961 67372036//67372036 64619522//64619522
f 67240965//67240965 66782210//66782210 67044358//67044358
f 67437572//67437572 67503100//67503100 67240964//67240964
f 67503109//67503109 67568643//67568643 67306502//67306502
f 67568647//67568647 67044356//67044356 67634182//67634182
f 67634184//67634184 66716678//66716678 67699712//67699712
f 67634176//67634176 67503114//67503114 67568651//67568651
f 67568649//67568649 66716683//66716683 67830794//67830794
f 66978828//66978828 67896315//67896315 67634186//67634186
f 67699724//67699724 67896333//67896333 67961865//67961865
f 67765257//67765257 67830798//67830798 68027405//68027405
f 68092940//68092940 68027391//68027391 67830800//67830800
f 68158479//68158479 66454544//66454544 68092927//68092927
f 68092946//68092946 66454545//66454545 68289552//68289552
f 68289554//68289554 66913296//66913296 68289527//68289527
f 68289534//68289534 66913298//66913298 68355090//68355090
f 66913301//66913301 68420628//68420628 68486164//68486164
f 66913266//66913266 68551701//68551701 68486165//68486165
f 68617239//68617239 68420629//68420629 66126873//66126873
f 68617237//68617237 66126873//66126873 68748313//68748313
f 68748312//68748312 68813849//68813849 68551704//68551704
f 68813848//68813848 68813850//68813850 68879383//68879383
f 68944924//68944924 68944923//68944923 68813850//68813850
f 69010460//69010460 69075997//69075997 69010461//69010461
f 69010463//69010463 69207072//69207072 69141535//69141535
f 69141537//69141537 69207074//69207074 69338146//69338146
f 68944932//68944932 68944927//68944927 68748324//68748324
f 68748274//68748274 66126885//66126885 46924837//46924837
f 69468877//69468877 68747980//68747980 69468876//69468876
f 69403674//69403674 69403340//69403340 69534751//69534751
f 69403340//69403340 69534758//69534758 69207071//69207071
f 69534412//69534412 69665831//69665831 69534759//69534759
f 69207078//69207078 69665832//69665832 69600297//69600297
f 69665833//69665833 69796906//69796906 69207080//69207080
f 69796905//69796905 69207083//69207083 69927971//69927971
f 69207082//69207082 69338156//69338156 69927981//69927981
f 69796909//69796909 69338156//69338156 69993518//69993518
f 69862447//69862447 69993514//69993514 69796911//69796911
f 70190127//70190127 70190123//70190123 70255663//70255663
f 70124593//70124593 70190125//70190125 70321201//70321201
f 70321203//70321203 70386737//70386737 70452273//70452273
f 70517806//70517806 70255661//70255661 70517805//70517805
f 70255668//70255668 70059061//70059061 70517814//70517814
f 70517812//70517812 70714423//70714423 70583349//70583349
f 70648888//70648888 70779957//70779957 67961914//67961914
f 67961913//67961913 70910987//70910987 67765305//67765305
f 70910983//70910983 70910987//70910987 70779964//70779964
f 67503163//67503163 71042053//71042053 70911036//70911036
f 67372091//67372091 71042109//71042109 70976574//70976574
f 71042111//71042111 67372037//67372037 71173083//71173083
f 71173086//71173086 64816091//64816091 71173088//71173088
f 71107648//71107648 71173181//71173181 71042112//71042112
f 71304256//71304256 71173182//71173182 71238722//71238722
f 71304258//71304258 71369792//71369792 64947263//64947263
f 71435330//71435330 71369793//71369793 71500768//71500768
f 71435332//71435332 65012802//65012802 64947268//64947268
f 71566404//71566404 65012803//65012803 71500870//71500870
f 71697476//71697476 71631941//71631941 71500871//71500871
f 71763014//71763014 71828551//71828551 71959626//71959626
f 71959625//71959625 71959628//71959628 72025165//72025165
f 72156235//72156235 72221773//72221773 72025161//72025161
f 72156237//72156237 72221776//72221776 72352844//72352844
f 72025169//72025169 72418381//72418381 72352847//72352847
f 72352850//72352850 72483923//72483923 72418388//72418388
f 72287309//72287309 72680533//72680533 72287317//72287317
f 72090705//72090705 72483927//72483927 72746065//72746065
f 72811603//72811603 72877140//72877140 72811604//72811604
f 72942678//72942678 72942677//72942677 73008214//73008214
f 72090716//72090716 73073749//73073749 72090711//72090711
f 73073754//73073754 72483925//72483925 73139287//73139287
f 72483928//72483928 72877149//72877149 73204824//73204824
f 73270366//73270366 72942681//72942681 73335899//73335899
f 73335905//73335905 73466971//73466971 73073751//73073751
f 73139298//73139298 72811607//72811607 73532509//73532509
f 73204835//73204835 72942680//72942680 73073764//73073764
f 73598048//73598048 73401434//73401434 73335909//73335909
f 73401445//73401445 73466982//73466982 73139303//73139303
f 73532519//73532519 73466973//73466973 73860188//73860188
f 73073768//73073768 73335908//73335908 73598057//73598057
f 73335913//73335913 73860197//73860197 73991268//73991268
f 73598058//73598058 73466985//73466985 74056808//74056808
f 73860203//73860203 74122346//74122346 73466983//73466983
f 74056802//74056802 73663596//73663596 74187878//74187878
f 73663593//73663593 74187886//74187886 73663598//73663598
f 74187887//74187887 74318950//74318950 74384486//74384486
f 74450031//74450031 74187885//74187885 74253425//74253425
f 74515567//74515567 73925745//73925745 74581102//74581102
f 74253427//74253427 74646641//74646641 74515569//74515569
f 74450035//74450035 74646644//74646644 74581109//74581109
f 74515572//74515572 73925750//73925750 74843251//74843251
f 74843253//74843253 73991283//73991283 74843241//74843241
f 74646648//74646648 74646646//74646646 74712184//74712184
f 74777720//74777720 74908793//74908793 75039865//75039865
f 75039864//75039864 75105403//75105403 74908789//74908789
f 75105404//75105404 75236474//75236474 74843242//74843242
f 73991275//73991275 75170941//75170941 75105406//75105406
f 75302015//75302015 75105404//75105404 74712192//74712192
f 75433086//75433086 74712187//74712187 74843265//74843265
f 74843261//74843261 74712193//74712193 75498626//75498626
f 75433077//75433077 75236482//75236482 75564161//75564161
f 75629694//75629694 75629696//75629696 75433090//75433090
f 74056836//74056836 75236477//75236477 75760770//75760770
f 75236484//75236484 75629701//75629701 75564166//75564166
f 75760774//75760774 75891842//75891842 75302019//75302019
f 75826311//75826311 75367555//75367555 75302024//75302024
f 75302023//75302023 76022920//76022920 75367560//75367560
f 75367561//75367561 76153994//76153994 76022920//76022920
f 75891851//75891851 75891848//75891848 76219531//76219531
f 76219527//76219527 75891853//75891853 75826317//75826317
f 76219533//76219533 75826318//75826318 75760783//75760783
f 75826319//75826319 76416141//76416141 75760772//75760772
f 76350605//76350605 76416144//76416144 76481677//76481677
f 76547214//76547214 76547216//76547216 76481679//76481679
f 76612750//76612750 76547217//76547217 76416147//76416147
f 76678287//76678287 76612740//76612740 76547220//76547220
f 76678292//76678292 76612753//76612753 76743829//76743829
f 76678276//76678276 76743830//76743830 76678294//76678294
f 76940437//76940437 76809364//76809364 76940440//76940440
f 76940441//76940441 77071512//77071512 77137048//77137048
f 77071511//77071511 77268123//77268123 76940436//76940436
f 77202583//77202583 77268124//77268124 76743830//76743830
f 77268125//77268125 77333659//77333659 77268126//77268126
f 77268118//77268118 77399198//77399198 77464733//77464733
f 76874884//76874884 74056864//74056864 77530244//77530244
f 77530219//77530219 76874860//76874860 77595806//77595806
f 77530273//77530273 77399190//77399190 77661343//77661343
f 77595810//77595810 77661342//77661342 77726879//77726879
f 77530220//77530220 77595812//77595812 77530276//77530276
f 77726882//77726882 77857957//77857957 77923491//77923491
f 77989026//77989026 77792417//77792417 77989025//77989025
f 77989029//77989029 74122402//74122402 78054564//78054564
f 78054508//78054508 77857895//77857895 78120102//78120102
f 77923497//77923497 77857962//77857962 77989035//77989035
f 78251177//78251177 77792421//77792421 78316711//78316711
f 77792424//77792424 78316716//78316716 78251175//78251175
f 73794733//73794733 73794728//73794728 73532589//73532589
f 78185641//78185641 78120110//78120110 78251182//78251182
f 78251180//78251180 78447791//78447791 78251183//78251183
f 78316712//78316712 78382256//78382256 78578856//78578856
f 78578863//78578863 78644396//78644396 78185646//78185646
f 78644398//78644398 78644399//78644399 78709930//78709930
f 73532595//73532595 73532589//73532589 73204915//73204915
f 78841007//78841007 78841008//78841008 78644399//78644399
f 78906546//78906546 78841009//78841009 78906545//78906545
f 78972082//78972082 79037621//79037621 78972085//78972085
f 79103152//79103152 78578861//78578861 79103156//79103156
f 78382259//78382259 79037624//79037624 78906553//78906553
f 78841017//78841017 79168693//79168693 78841016//78841016
f 79037625//79037625 79103162//79103162 79299769//79299769
f 79234233//79234233 79103163//79103163 78775483//78775483
f 79299679//79299679 78775482//78775482 73204924//73204924
f 79365214//79365214 78775391//78775391 79365307//79365307
f 79365215//79365215 79430843//79430843 79561918//79561918
f 79561917//79561917 79692992//79692992 79627453//79627453
f 79627457//79627457 79824066//79824066 79758529//79758529
f 79758531//79758531 79824068//79824068 79955140//79955140
f 79955139//79955139 80020678//80020678 80086213//80086213
f 80086214//80086214 80151752//80151752 80217287//80217287
f 80217288//80217288 80348362//80348362 80217290//80217290
f 80217291//80217291 80348364//80348364 80479436//80479436
f 80479435//80479435 80544974//80544974 80610509//80610509
f 80610510//80610510 80741584//80741584 80610512//80610512
f 80610513//80610513 80872658//80872658 80807121//80807121
f 80807123//80807123 80872660//80872660 81003732//81003732
f 81003731//81003731 81003734//81003734 81069271//81069271
f 81200341//81200341 81200343//81200343 81134809//81134809
f 81331416//81331416 81396953//81396953 81331417//81331417
f 81331419//81331419 81396956//81396956 81528028//81528028
f 81528027//81528027 81659102//81659102 81528030//81528030
f 81724639//81724639 81724638//81724638 81790175//81790175
f 81790176//81790176 81921250//81921250 82052324//82052324
f 82052323//82052323 82117862//82117862 81921255//81921255
f 82117864//82117864 82117861//82117861 82183401//82183401
f 82380009//82380009 82248935//82248935 82117867//82117867
f 82314475//82314475 82511078//82511078 82248939//82248939
f 82576620//82576620 82576619//82576619 82445550//82445550
f 82642155//82642155 82576617//82576617 82642159//82642159
f 82707694//82707694 82314480//82314480 82380017//82380017
f 82838766//82838766 82642153//82642153 82904304//82904304
f 82904302//82904302 82904305//82904305 82969840//82969840
f 82838762//82838762 82904308//82904308 82838772//82838772
f 83035370//83035370 82904309//82904309 83166451//83166451
f 83166450//83166450 83231988//83231988 82969846//82969846
f 83166452//83166452 83231991//83231991 83297523//83297523
f 83100921//83100921 83035380//83035380 83363063//83363063
f 83428601//83428601 83297525//83297525 83231995//83231995
f 83231993//83231993 83297531//83297531 83494140//83494140
f 83494141//83494141 83690748//83690748 83363066//83363066
f 83494137//83494137 83690750//83690750 83428607//83428607
f 83821822//83821822 83625215//83625215 83494145//83494145
f 83690753//83690753 83952891//83952891 83625217//83625217
f 84018434//84018434 83887361//83887361 84083971//84083971
f 84149502//84149502 83887360//83887360 83690757//83690757
f 84083969//84083969 84215045//84215045 84149504//84149504
f 84149510//84149510 84280580//84280580 84411656//84411656
f 84477191//84477191 84542728//84542728 84477192//84477192
f 84280586//84280586 84542732//84542732 84673802//84673802
f 84739341//84739341 84673803//84673803 84739343//84739343
f 84804874//84804874 84870413//84870413 84804878//84804878
f 84804880//84804880 84935953//84935953 85001487//85001487
f 85001482//85001482 84935951//84935951 85067026//85067026
f 85001491//85001491 85067028//85067028 85198100//85198100
f 85263626//85263626 85132562//85132562 85263634//85263634
f 84608266//84608266 84477207//84477207 85263639//85263639
f 85329176//85329176 85394700//85394700 85460236//85460236
f 85198106//85198106 85525780//85525780 85198107//85198107
f 85656858//85656858 85329179//85329179 85263645//85263645
f 85394711//85394711 85787933//85787933 85460248//85460248
f 85460254//85460254 85525791//85525791 85656864//85656864
f 85984544//85984544 85919004//85919004 85984546//85984546
f 85984547//85984547 86115618//86115618 86181154//86181154
f 86181157//86181157 86246690//86246690 86312226//86312226
f 86377762//86377762 85919014//85919014 86050088//86050088
f 86443298//86443298 85525799//85525799 85919017//85919017
f 86508832//86508832 86574376//86574376 86443303//86443303
f 86443306//86443306 86574377//86574377 86377771//86377771
f 86705434//86705434 85132585//85132585 85525804//85525804
f 86770964//86770964 85132588//85132588 86770966//86770966
f 86508846//86508846 86836524//86836524 86770988//86770988
f 86902038//86902038 86836525//86836525 86902061//86902061
f 85722390//85722390 86836527//86836527 86508848//86508848
f 86508842//86508842 87033136//87033136 86574379//86574379
f 87098673//87098673 87164203//87164203 86902062//86902062
f 86967603//86967603 86574382//86574382 87229744//87229744
f 87229738//87229738 87164209//87164209 86967604//86967604
f 87098677//87098677 87295281//87295281 87229745//87229745
f 87360821//87360821 85722418//85722418 86902071//86902071
f 86902067//86902067 87491895//87491895 87164212//87164212
f 87229749//87229749 87557432//87557432 87295286//87295286
f 87622969//87622969 87491894//87491894 87688499//87688499
f 87164219//87164219 87295287//87295287 87754040//87754040
f 87754037//87754037 87754041//87754041 87688504//87688504
f 87819549//87819549 85394743//85394743 85722429//85722429
f 85787928//85787928 87885117//87885117 87557434//87557434
f 87950654//87950654 87885114//87885114 87950656//87950656
f 87754041//87754041 87557441//87557441 87885121//87885121
f 88147261//88147261 87688503//87688503 88147255//88147255
f 88212766//88212766 87819581//87819581 88147267//88147267
f 88278334//88278334 88278336//88278336 88016197//88016197
f 87688508//87688508 88081734//88081734 88409404//88409404
f 88474910//88474910 88474947//88474947 85853470//85853470
f 85853511//85853511 87688520//87688520 88606018//88606018
f 88606011//88606011 88147270//88147270 88671555//88671555
f 88671559//88671559 88147267//88147267 88606026//88606026
f 88474955//88474955 88474952//88474952 88671563//88671563
f 88540491//88540491 88868172//88868172 88606022//88606022
f 88409409//88409409 88671565//88671565 88606030//88606030
f 88606029//88606029 88737102//88737102 88671567//88671567
f 88999242//88999242 89064782//89064782 88802635//88802635
f 89064779//89064779 89064783//89064783 89130316//89130316
f 88868161//88868161 89195858//89195858 88933709//88933709
f 89261391//89261391 89195854//89195854 89261390//89261390
f 89064788//89064788 89326929//89326929 89392465//89392465
f 89392468//89392468 89064790//89064790 88999255//88999255
f 89523535//89523535 89064787//89064787 89523540//89523540
f 89589079//89589079 89589075//89589075 89261394//89261394
f 89195841//89195841 89654617//89654617 88081726//88081726
f 88278361//88278361 89720126//89720126 89326935//89326935
f 89720151//89720151 89326936//89326936 89785686//89785686
f 89326938//89326938 89654619//89654619 89851218//89851218
f 89851224//89851224 89916754//89916754 89654596//89654596
f 89851225//89851225 89851229//89851229 89916766//89916766
f 90047838//90047838 89916765//89916765 88278367//88278367
f 90047812//90047812 90047813//90047813 88343904//88343904
f 90178902//90178902 89458011//89458011 90178914//90178914
f 90309979//90309979 90309978//90309978 89720152//89720152
f 90178907//90178907 90244451//90244451 90178916//90178916
f 90178915//90178915 90244452//90244452 90375525//90375525
f 89589084//89589084 90309990//90309990 89589094//89589094
f 90572127//90572127 89982304//89982304 90047847//90047847
f 90113384//90113384 90637671//90637671 89982311//89982311
f 90703208//90703208 90703200//90703200 90768744//90768744
f 90834270//90834270 90899816//90899816 90441060//90441060
f 90441068//90441068 91030893//91030893 90899812//90899812
f 90375523//90375523 91030895//91030895 90375535//90375535
f 90506607//90506607 91161955//91161955 91030895//91030895
f 91161967//91161967 91161958//91161958 91227502//91227502
f 91293040//91293040 89851238//89851238 91293030//91293030
f 91293020//91293020 91358558//91358558 91227504//91227504
f 91358576//91358576 89982322//89982322 91358578//91358578
f 91227507//91227507 89982324//89982324 91489651//91489651
f 91358581//91358581 89982324//89982324 90834293//90834293
f 91424117//91424117 90834294//90834294 91555189//91555189
f 91686263//91686263 91620729//91620729 91817337//91817337
f 91817339//91817339 91620729//91620729 91948410//91948410
f 91948413//91948413 91620730//91620730 92079484//92079484
f 92145019//92145019 92145018//92145018 92210555//92210555
f 92145018//92145018 92145025//92145025 92276096//92276096
f 92276090//92276090 92341629//92341629 92210561//92210561
f 92407170//92407170 92407169//92407169 92276093//92276093
f 92472707//92472707 92538237//92538237 91948414//91948414
f 92603781//92603781 92472702//92472702 92013959//92013959
f 92734852//92734852 92800391//92800391 92734855//92734855
f 92734857//92734857 92931466//92931466 92865929//92865929
f 92669309//92669309 92800396//92800396 92669324//92669324
f 93062525//93062525 92013948//92013948 93062540//93062540
f 93062524//93062524 91948430//91948430 92538254//92538254
f 92603791//92603791 93193605//93193605 92603792//92603792
f 93324683//93324683 93324681//93324681 93390219//93390219
f 92997005//92997005 93062547//93062547 93128083//93128083
f 93128069//93128069 92538260//92538260 93193620//93193620
f 93259157//93259157 93586831//93586831 93259158//93259158
f 93390225//93390225 93783447//93783447 93390231//93390231
f 93848984//93848984 93914519//93914519 93848983//93848983
f 93980058//93980058 93980055//93980055 93717916//93717916
f 93717905//93717905 93980060//93980060 94045597//94045597
f 94176654//94176654 93128084//93128084 94176659//94176659
f 93652383//93652383 94242197//94242197 93652384//93652384
f 94045585//94045585 94373281//94373281 93324681//93324681
f 94045602//94045602 94438813//94438813 94504349//94504349
f 94569889//94569889 92800393//92800393 92997028//92997028
f 94635420//94635420 94635425//94635425 94373284//94373284
f 94438812//94438812 94700965//94700965 94569868//94569868
f 94700965//94700965 94700964//94700964 92997011//92997011
f 94438823//94438823 94766499//94766499 94832035//94832035
f 94635433//94635433 94897570//94897570 94635430//94635430
f 94438825//94438825 94963111//94963111 94700947//94700947
f 94963113//94963113 94963110//94963110 93455774//93455774
f 94766507//94766507 95028648//95028648 95094184//95094184
f 95159719//95159719 95159721//95159721 94897578//94897578
f 95028647//95028647 95225261//95225261 94963102//94963102
f 95225261//95225261 95290794//95290794 95094187//95094187
f 95094191//95094191 95421872//95421872 95028653//95028653
f 95225265//95225265 95421869//95421869 95290795//95290795
f 95290802//95290802 95487408//95487408 95552944//95552944
f 95552946//95552946 95684020//95684020 95290801//95290801
f 95290805//95290805 95487410//95487410 95749556//95749556
f 95487413//95487413 95749558//95749558 95815092//95815092
f 95815094//95815094 95880632//95880632 95946167//95946167
f 96011697//96011697 95684014//95684014 95421882//95421882
f 95749557//95749557 96077243//96077243 95880630//95880630
f 96142773//96142773 96077242//96077242 95684028//95684028
f 96011694//96011694 96142781//96142781 96011709//96011709
f 96208302//96208302 95225278//95225278 94176702//94176702
f 94176660//94176660 93521342//93521342 96339390//96339390
f 93521295//93521295 93193663//93193663 93586879//93586879
f 96404926//96404926 93586879//93586879 96404927//96404927
f 96208318//96208318 93586880//93586880 94242240//94242240
f 96470460//96470460 96404925//96404925 96470461//96470461
f 96535995//96535995 96535996//96535996 96142785//96142785
f 96404895//96404895 96404931//96404931 96601537//96601537
f 96536004//96536004 96077243//96077243 96667064//96667064
f 96601503//96601503 96732613//96732613 94242208//94242208
f 96798149//96798149 96601504//96601504 96863681//96863681
f 96863682//96863682 96929217//96929217 96732614//96732614
f 96994760//96994760 96929222//96929222 96994762//96994762
f 96601541//96601541 96601547//96601547 97125831//97125831
f 97125829//97125829 97191368//97191368 96536007//96536007
f 96863691//96863691 97256908//97256908 97125832//97125832
f 97191371//97191371 96929229//96929229 97060302//97060302
f 97322445//97322445 97060296//97060296 97387982//97387982
f 97387978//97387978 97322448//97322448 97519053//97519053
f 97519054//97519054 97519055//97519055 97191373//97191373
f 97387984//97387984 97519058//97519058 97387986//97387986
f 97584592//97584592 97191379//97191379 97715650//97715650
f 97715652//97715652 97519042//97519042 97781196//97781196
f 97781204//97781204 97846732//97846732 97584595//97584595
f 97912278//97912278 97977811//97977811 97584598//97584598
f 98043345//98043345 97977810//97977810 98043346//98043346
f 97519065//97519065 98108885//98108885 98043352//98043352
f 97781209//97781209 98108890//98108890 97977819//97977819
f 98239956//98239956 96667093//96667093 97715676//97715676
f 97781210//97781210 98305500//98305500 98108891//98108891
f 98239962//98239962 98305501//98305501 98174430//98174430
f 98305502//98305502 98239967//98239967 98305503//98305503
f 98436574//98436574 96667104//96667104 98239969//98239969
f 98567644//98567644 98567647//98567647 95880644//95880644
f 98502114//98502114 98567647//98567647 98436578//98436578
f 98698722//98698722 98567648//98567648 98764216//98764216
f 98764257//98764257 95880674//95880674 98764217//98764217
f 98764258//98764258 98633145//98633145 98829753//98829753
f 98698725//98698725 98829794//98829794 98698726//98698726
f 99026407//99026407 98960873//98960873 99026410//99026410
f 99157480//99157480 99026411//99026411 99288555//99288555
f 99157485//99157485 99223015//99223015 99288558//99288558
f 99485165//99485165 99485162//99485162 99157483//99157483
f 99485168//99485168 99550701//99550701 99485169//99485169
f 99550705//99550705 99223026//99223026 99419635//99419635
f 99419636//99419636 99485171//99485171 99223029//99223029
f 99878385//99878385 99616239//99616239 99943922//99943922
f 99943927//99943927 99812850//99812850 100074995//100074995
f 100140536//100140536 100206068//100206068 99223027//99223027
f 99223034//99223034 100074997//100074997 100206067//100206067
f 100271601//100271601 99943925//99943925 99616251//99616251
f 100337143//100337143 100337142//100337142 100402679//100402679
f 100468216//100468216 100533753//100533753 100468217//100468217
f 100468223//100468223 100468224//100468224 100664824//100664824
f 100206072//100206072 100730369//100730369 100468224//100468224
f 100664830//100664830 100730370//100730370 100599299//100599299
f 100861442//100861442 100730371//100730371 100861445//100861445
f 100861446//100861446 101058053//101058053 100664834//100664834
f 100926983//100926983 101123586//101123586 100206081//100206081
f 101058056//101058056 101189121//101189121 100206088//100206088
f 100206089//100206089 101189109//101189109 100271605//100271605
f 101058058//101058058 101189128//101189128 101123594//101123594
f 100926987//100926987 101254663//101254663 101058059//101058059
f 100926982//100926982 101320204//101320204 100926988//100926988
f 101385734//101385734 101320205//101320205 101385741//101385741
f 101451270//101451270 101582350//101582350 101451278//101451278
f 101451279//101451279 101713424//101713424 101647887//101647887
f 101778955//101778955 101647885//101647885 101778957//101778957
f 101778963//101778963 101844491//101844491 101254667//101254667
f 101778960//101778960 101910036//101910036 101844498//101844498
f 101647889//101647889 101910037//101910037 101647893//101647893
f 101975569//101975569 101713430//101713430 102106646//102106646
f 102172181//102172181 101975574//101975574 102172185//102172185
f 102237716//102237716 102172181//102172181 102303257//102303257
f 102237722//102237722 102172180//102172180 102368794//102368794
f 101910042//101910042 101910044//101910044 102434323//102434323
f 102303259//102303259 102499869//102499869 102434330//102434330
f 102499867//102499867 101844510//101844510 102434335//102434335
f 102434333//102434333 102565407//102565407 102696477//102696477
f 102696478//102696478 102827553//102827553 102696481//102696481
f 102893090//102893090 102696481//102696481 102827556//102827556
f 102696485//102696485 102696477//102696477 102958629//102958629
f 102499877//102499877 103089695//103089695 103024164//103024164
f 103024166//103024166 102630951//102630951 103024167//103024167
f 103220775//103220775 101844518//101844518 102630953//102630953
f 103286282//103286282 102630931//102630931 103155242//103155242
f 102630954//102630954 103155241//103155241 103220779//103220779
f 103155243//103155243 103417386//103417386 103220780//103220780
f 103548426//103548426 101189161//101189161 101254701//101254701
f 103286314//103286314 103548462//103548462 103286318//103286318
f 103679531//103679531 103679532//103679532 103482928//103482928
f 103351851//103351851 103614001//103614001 103351857//103351857
f 103417391//103417391 103548465//103548465 103876105//103876105
f 100271625//100271625 103679538//103679538 103745075//103745075
f 104007219//104007219 103548464//103548464 103614005//103614005
f 103876141//103876141 103679541//103679541 104138289//104138289
f 103679539//103679539 103614006//103614006 103810615//103810615
f 104203829//104203829 104203822//104203822 103810614//103810614
f 100271666//100271666 99943992//99943992 100271672//100271672
f 99943992//99943992 103941628//103941628 104007225//104007225
f 104138291//104138291 104400441//104400441 103876149//103876149
f 104269362//104269362 104203834//104203834 104138299//104138299
f 104138297//104138297 104531515//104531515 104334900//104334900
f 104465977//104465977 104531516//104531516 104007229//104007229
f 104662581//104662581 104465975//104465975 104662583//104662583
f 104662586//104662586 104269365//104269365 104728060//104728060
f 104400447//104400447 104597048//104597048 104793660//104793660
f 104793661//104793661 104924737//104924737 104793665//104793665
f 104531523//104531523 104465979//104465979 104990270//104990270
f 104793667//104793667 104662588//104662588 105055802//105055802
f 105055806//105055806 104728131//104728131 104400452//104400452
f 104793666//104793666 105121349//105121349 104990272//104990272
f 104990277//104990277 105121348//105121348 104924742//104924742
f 105252420//105252420 105121349//105121349 105186887//105186887
f 104728132//104728132 100402759//100402759 105252422//105252422
f 105317951//105317951 100402759//100402759 105317959//105317959
f 100337215//100337215 100337224//100337224 105317885//105317885
f 105449033//105449033 105383499//105383499 105449036//105449036
f 105383500//105383500 105580109//105580109 105711181//105711181
f 105645646//105645646 105711183//105711183 105842255//105842255
f 105776720//105776720 105842257//105842257 105973329//105973329
f 106038865//106038865 105907794//105907794 106038868//106038868
f 106169940//106169940 106104403//106104403 106169942//106169942
f 106301014//106301014 106235477//106235477 106301016//106301016
f 106432088//106432088 106366551//106366551 106432090//106432090
f 106628699//106628699 106563165//106563165 106628702//106628702
f 106759775//106759775 106825307//106825307 106759776//106759776
f 106890849//106890849 106956383//106956383 106890850//106890850
f 107087457//107087457 106956386//106956386 107087460//107087460
f 107218532//107218532 107152995//107152995 107218534//107218534
f 107349606//107349606 107284069//107284069 107349608//107349608
f 107349609//107349609 107480680//107480680 107349610//107349610
f 107611753//107611753 107480682//107480682 107611756//107611756
f 107742828//107742828 107677291//107677291 107742830//107742830
f 107742831//107742831 107873902//107873902 107742832//107742832
f 107939441//107939441 108004975//108004975 107939442//107939442
f 108136049//108136049 108004978//108004978 108136052//108136052
f 108201587//108201587 108136053//108136053 108332661//108332661
f 108267126//108267126 108332663//108332663 108463735//108463735
f 108463737//108463737 108529271//108529271 108463738//108463738
f 108660345//108660345 108529274//108529274 108660348//108660348
f 108660349//108660349 108791420//108791420 108856956//108856956
f 108922494//108922494 108856957//108856957 108922496//108922496
f 109119105//109119105 109053571//109053571 109250179//109250179
f 109053573//109053573 109315716//109315716 109381252//109381252
f 109315719//109315719 109446790//109446790 109512326//109512326
f 109512327//109512327 109446793//109446793 109643401//109643401
f 109577866//109577866 109643403//109643403 109774475//109774475
f 109708940//109708940 109774477//109774477 109905549//109905549
f 109840014//109840014 109905551//109905551 110036623//110036623
f 110036625//110036625 110102159//110102159 110167695//110167695
f 110298771//110298771 110233237//110233237 110429845//110429845
f 110429847//110429847 110495381//110495381 110429848//110429848
f 110626455//110626455 110495384//110495384 110626458//110626458
f 110757530//110757530 110691993//110691993 110757532//110757532
f 110757533//110757533 110888604//110888604 110954140//110954140
f 110888607//110888607 111019678//111019678 110888608//110888608
f 111085217//111085217 111150751//111150751 111085218//111085218
f 111150754//111150754 111216291//111216291 111347363//111347363
f 111478437//111478437 111412903//111412903 111478440//111478440
f 111609513//111609513 111675045//111675045 111609514//111609514
f 111740587//111740587 111806121//111806121 111871657//111871657
f 111937196//111937196 111871659//111871659 111937198//111937198
f 112002733//112002733 111937199//111937199 112133807//112133807
f 112068272//112068272 112133809//112133809 112264881//112264881
f 112264883//112264883 112330417//112330417 112395953//112395953
f 112330421//112330421 112461492//112461492 112527028//112527028
f 112658103//112658103 112592569//112592569 112789177//112789177
f 112723642//112723642 112789179//112789179 112920251//112920251
f 112854716//112854716 112920253//112920253 113051325//113051325
f 112985790//112985790 113051327//113051327 113182399//113182399
f 113247935//113247935 113116864//113116864 113247938//113247938
f 113379010//113379010 113313473//113313473 113379012//113379012
f 113379013//113379013 113510084//113510084 113575620//113575620
f 113575621//113575621 113510087//113510087 113706695//113706695
f 113837769//113837769 113772235//113772235 113837772//113837772
f 113968845//113968845 114099913//114099913 113968842//113968842
f 114165453//114165453 114230988//114230988 114034383//114034383
f 113968846//113968846 114296529//114296529 114165452//114165452
f 114362065//114362065 114296526//114296526 114362067//114362067
f 114427604//114427604 114296529//114296529 114493135//114493135
f 114558676//114558676 114230995//114230995 114165462//114165462
f 114165460//114165460 114689750//114689750 114230998//114230998
f 114558680//114558680 114493140//114493140 114755286//114755286
f 114820824//114820824 114689749//114689749 114624218//114624218
f 114624216//114624216 114951898//114951898 114755289//114755289
f 114886360//114886360 114951899//114951899 114820828//114820828
f 115017437//115017437 114689755//114689755 114886366//114886366
f 115214039//115214039 115279582//115279582 115214046//115214046
f 114951905//114951905 115082970//115082970 115345115//115345115
f 114886369//114886369 115279582//115279582 115148514//115148514
f 115148513//115148513 115476194//115476194 115279586//115279586
f 115082980//115082980 115345121//115345121 115541730//115541730
f 115607268//115607268 115476189//115476189 115410662//115410662
f 115410660//115410660 115738342//115738342 115476198//115476198
f 115607272//115607272 115541732//115541732 115803878//115803878
f 115869416//115869416 115738341//115738341 115672810//115672810
f 115672808//115672808 116000490//116000490 115738346//115738346
f 115869420//115869420 115803880//115803880 116066026//116066026
f 116131564//116131564 116197097//116197097 116066029//116066029
f 116262635//116262635 116066026//116066026 116262634//116262634
f 116066030//116066030 116066032//116066032 116328175//116328175
f 116197105//116197105 116393712//116393712 116459248//116459248
f 116328178//116328178 116524783//116524783 116459249//116459249
f 116262644//116262644 116459243//116459243 116590319//116590319
f 116000500//116000500 116524789//116524789 116721394//116721394
f 116721396//116721396 116786930//116786930 116721395//116721395
f 116852469//116852469 116590324//116590324 116721400//116721400
f 116918005//116918005 116786936//116786936 116983542//116983542
f 116983544//116983544 117049078//117049078 116983543//116983543
f 117114617//117114617 116852472//116852472 116983548//116983548
f 117180153//117180153 117049084//117049084 117245690//117245690
f 117245692//117245692 117180154//117180154 117114623//117114623
f 117311228//117311228 117180158//117180158 117311232//117311232
f 117376767//117376767 117049089//117049089 117507838//117507838
f 117507835//117507835 117638915//117638915 117507843//117507843
f 117245701//117245701 117311231//117311231 117704449//117704449
f 117507845//117507845 117638910//117638910 117769986//117769986
f 117769989//117769989 117835522//117835522 117769988//117769988
f 117901057//117901057 117704453//117704453 117769992//117769992
f 117966593//117966593 117835528//117835528 118032134//118032134
f 118032136//118032136 118097670//118097670 118032135//118032135
f 118163209//118163209 117901064//117901064 118032140//118032140
f 118228745//118228745 118097676//118097676 118294282//118294282
f 118294284//118294284 118359818//118359818 118294283//118294283
f 118294287//118294287 118228752//118228752 118163217//118163217
f 118490892//118490892 118425358//118425358 118490894//118490894
f 118556429//118556429 118425361//118425361 118621969//118621969
f 118621970//118621970 118556433//118556433 118621972//118621972
f 118818581//118818581 118753047//118753047 118949655//118949655
f 118949657//118949657 119015191//119015191 118949658//118949658
f 119080731//119080731 119146265//119146265 119080732//119080732
f 118949661//118949661 119342874//119342874 119211802//119211802
f 119080733//119080733 119408414//119408414 119342877//119342877
f 119342879//119342879 119539488//119539488 119473951//119473951
f 119473953//119473953 119670562//119670562 119605025//119605025
f 119605027//119605027 119801636//119801636 119736099//119736099
f 119736101//119736101 119932710//119932710 119867173//119867173
f 119867175//119867175 120063784//120063784 119998247//119998247
f 119998249//119998249 120063786//120063786 120194858//120194858
f 120194857//120194857 120325932//120325932 120194860//120194860
f 120194861//120194861 120457006//120457006 120391469//120391469
f 120522543//120522543 120588077//120588077 120457008//120457008
f 120653617//120653617 120719152//120719152 120588082//120588082
f 120784691//120784691 120850226//120850226 120719156//120719156
f 120915765//120915765 120981300//120981300 120850230//120850230
f 121046839//121046839 121112374//121112374 120981304//120981304
f 121177913//121177913 121243448//121243448 121112378//121112378
f 121308985//121308985 121374523//121374523 121308987//121308987
f 121440059//121440059 121374522//121374522 121243454//121243454
f 121505597//121505597 121505598//121505598 121440064//121440064
f 121636671//121636671 121702208//121702208 121833283//121833283
f 121833282//121833282 121898821//121898821 121702214//121702214
f 122029893//122029893 122095430//122095430 121898823//121898823
f 122160968//122160968 122226503//122226503 122095433//122095433
f 122292042//122292042 122357577//122357577 122226507//122226507
f 122423116//122423116 122488651//122488651 122357581//122357581
f 122554190//122554190 122619725//122619725 122488655//122488655
f 122685264//122685264 122750799//122750799 122619729//122619729
f 122816338//122816338 122881873//122881873 122750803//122750803
f 122947412//122947412 122881875//122881875 122947414//122947414
f 123078484//123078484 123012950//123012950 123144023//123144023
f 123144022//123144022 123144025//123144025 123209562//123209562
f 123340632//123340632 123340634//123340634 123275100//123275100
f 123471707//123471707 123471708//123471708 123406174//123406174
f 123602781//123602781 123602782//123602782 123537248//123537248
f 123733855//123733855 123733856//123733856 123668322//123668322
f 123864929//123864929 123864930//123864930 123799396//123799396
f 123996003//123996003 123996004//123996004 123930470//123930470
f 124127077//124127077 124127078//124127078 124061544//124061544
f 124258151//124258151 124323688//124323688 124127081//124127081
f 124389226//124389226 124454761//124454761 124585837//124585837
f 124585836//124585836 124716911//124716911 124651372//124651372
f 124782446//124782446 124585839//124585839 124782450//124782450
f 124651376//124651376 124651379//124651379 124979057//124979057
f 124979055//124979055 124913523//124913523 124716917//124716917
f 125110131//125110131 124979061//124979061 124913526//124913526
f 125044592//125044592 124716919//124716919 125241207//125241207
f 125241209//125241209 125306743//125306743 125372279//125372279
f 125306747//125306747 125437818//125437818 125503354//125503354
f 125437821//125437821 124979068//124979068 125110142//125110142
f 125503357//125503357 125765503//125765503 125699965//125699965
f 125831028//125831028 125765502//125765502 125896575//125896575
f 125765507//125765507 126027650//126027650 125699970//125699970
f 126093172//126093172 124782465//124782465 124979077//124979077
f 125896579//125896579 126224262//126224262 126158723//126158723
f 126289796//126289796 126289794//126289794 125896582//125896582
f 126289801//126289801 126420868//126420868 126093185//126093185
f 126486410//126486410 124782465//124782465 126093196//126093196
f 126420876//126420876 124848005//124848005 124782476//124782476
f 126158727//126158727 126683021//126683021 126617479//126617479
f 126748552//126748552 126748550//126748550 126158733//126158733
f 126814089//126814089 126814088//126814088 126289807//126289807
f 126420875//126420875 126486417//126486417 126945169//126945169
f 127010674//127010674 127076236//127076236 124848019//124848019
f 127141772//127141772 126879626//126879626 127141770//127141770
f 127141779//127141779 126355340//126355340 127207314//127207314
f 127207305//127207305 126814096//126814096 126748567//126748567
f 127272854//127272854 127076240//127076240 127010712//127010712
f 127338393//127338393 127469460//127469460 126945174//126945174
f 126945178//126945178 127534993//127534993 127338387//127338387
f 127534995//127534995 127403925//127403925 127338396//127338396
f 127600536//127600536 127272859//127272859 126748573//126748573
f 127666063//127666063 127207309//127207309 127272862//127272862
f 127731610//127731610 127403926//127403926 127600543//127600543
f 127862681//127862681 127928223//127928223 127862687//127862687
f 127862689//127862689 128059298//128059298 127797148//127797148
f 127928223//127928223 127600547//127600547 127535012//127535012
f 128124835//128124835 128190364//128190364 128124827//128124827
f 127141797//127141797 128255899//128255899 127731607//127731607
f 128255895//128255895 128321437//128321437 128059300//128059300
f 128124837//128124837 128190375//128190375 127141800//127141800
f 127141777//127141777 126879656//126879656 128452520//128452520
f 128452517//128452517 126879656//126879656 127469481//127469481
f 128518053//128518053 128321449//128321449 128190378//128190378
f 128452506//128452506 128518059//128518059 128452523//128452523
f 128649114//128649114 127469470//127469470 128649131//128649131
f 128714668//128714668 128255902//128255902 128714654//128714654
f 128780203//128780203 128649132//128649132 128714670//128714670
f 128845738//128845738 128321451//128321451 128518064//128518064
f 128845744//128845744 128583594//128583594 128780209//128780209
f 128583601//128583601 128714671//128714671 128255922//128255922
f 128714675//128714675 128714670//128714670 129042355//129042355
f 128780212//128780212 129107889//129107889 129173422//129173422
f 129042342//129042342 128255925//128255925 127666101//127666101
f 129238941//129238941 127666102//127666102 126617526//126617526
f 126617486//126617486 129370038//129370038 129304462//129304462
f 129304503//129304503 129238968//129238968 129304504//129304504
f 129501112//129501112 129435575//129435575 129501114//129501114
f 129632181//129632181 129632184//129632184 129435578//129435578
f 129632178//129632178 129632181//129632181 129566652//129566652
f 129763250//129763250 129763259//129763259 129632188//129632188
f 129763251//129763251 129763250//129763250 129697726//129697726
f 129894323//129894323 129894333//129894333 129763262//129763262
f 129959871//129959871 129894334//129894334 129173427//129173427
f 129959873//129959873 129894335//129894335 130025396//130025396
f 130090945//130090945 130025408//130025408 130156468//130156468
f 128976820//128976820 130090947//130090947 130222017//130222017
f 130156481//130156481 130090948//130090948 130287556//130287556
f 128976835//128976835 128976838//128976838 130353071//130353071
f 130156484//130156484 130156487//130156487 130418630//130418630
f 130222021//130222021 130222024//130222024 130484167//130484167
f 130484165//130484165 130615241//130615241 128845766//128845766
f 130615216//130615216 130418607//130418607 130680774//130680774
f 130680778//130680778 130484166//130484166 130746311//130746311
f 130680775//130680775 130811852//130811852 130484169//130484169
f 130746312//130746312 130811853//130811853 130549710//130549710
f 130877391//130877391 130942925//130942925 131008461//131008461
f 130811856//130811856 131073996//131073996 131008463//131008463
f 130746322//130746322 131008459//131008459 131139532//131139532
f 131008465//131008465 131205075//131205075 131139536//131139536
f 131270611//131270611 131139537//131139537 131336139//131336139
f 131336138//131336138 131205067//131205067 131270614//131270614
f 131270615//131270615 131205078//131205078 131532754//131532754
f 131139544//131139544 131401685//131401685 131532755//131532755
f 131401687//131401687 131663833//131663833 131598295//131598295
f 131532758//131532758 131598299//131598299 131729366//131729366
f 131336152//131336152 131729372//131729372 131794904//131794904
f 131860426//131860426 131794901//131794901 131860437//131860437
f 131598298//131598298 131991518//131991518 131925978//131925978
f 131729369//131729369 132057056//132057056 131598302//131598302
f 131794907//131794907 132122593//132122593 131729376//131729376
f 131925983//131925983 132253666//132253666 132188127//132188127
f 132319200//132319200 132319198//132319198 131925986//131925986
f 132188131//132188131 132450277//132450277 132384739//132384739
f 132384742//132384742 132581351//132581351 132188133//132188133
f 132581348//132581348 132646882//132646882 132384743//132384743
f 132646888//132646888 132646885//132646885 132515818//132515818
f 132057060//132057060 132122603//132122603 132057067//132057067
f 132122604//132122604 131794908//131794908 132843485//132843485
f 132843501//132843501 132843485//132843485 132122606//132122606
f 132122603//132122603 132909038//132909038 132843502//132843502
f 132581359//132581359 132319204//132319204 133040107//133040107
f 132712432//132712432 133105641//133105641 132712433//132712433
f 132646898//132646898 133040104//133040104 132581362//132581362
f 133105650//133105650 133040105//133040105 133302251//133302251
f 132974571//132974571 133367795//133367795 133105649//133105649
f 133433332//133433332 133498865//133498865 133236720//133236720
f 133367798//133367798 133564400//133564400 133040114//133040114
f 133302255//133302255 133564407//133564407 133236726//133236726
f 133433336//133433336 133629940//133629940 133498868//133498868
f 133695480//133695480 133761013//133761013 133564406//133564406
f 133498872//133498872 133826554//133826554 133302263//133302263
f 133564410//133564410 133892091//133892091 132974579//132974579
f 133302267//133302267 133957628//133957628 133629945//133629945
f 134023165//134023165 134088697//134088697 133629949//133629949
f 133629951//133629951 134154234//134154234 133957630//133957630
f 134219776//134219776 134285310//134285310 134154241//134154241
f 134350850//134350850 134416385//134416385 133761023//133761023
f 133761028//133761028 133892091//133892091 133826564//133826564
f 134350853//134350853 134481922//134481922 134350854//134350854
f 134547463//134547463 133892101//133892101 134416392//134416392
f 134481927//134481927 134809609//134809609 133892104//133892104
f 132974588//132974588 132909066//132909066 132974602//132974602
f 134875146//134875146 132909064//132909064 134809611//134809611
f 134940683//134940683 135006216//135006216 134744071//134744071
f 134744077//134744077 134613006//134613006 135137293//135137293
f 135137287//135137287 135268368//135268368 135071757//135071757
f 135006223//135006223 135268369//135268369 135333902//135333902
f 135268371//135268371 135464978//135464978 134940691//134940691
f 135464971//135464971 135202828//135202828 135530511//135530511
f 135530512//135530512 135661590//135661590 135137301//135137301
f 135268367//135268367 135661591//135661591 135530402//135530402
f 135727123//135727123 135661585//135661585 135727121//135727121
f 135727124//135727124 127993875//127993875 135792663//135792663
f 135727127//135727127 135792665//135792665 135464984//135464984
f 135792546//135792546 135792545//135792545 135858196//135858196
f 135792545//135792545 135858202//135858202 134875156//134875156
f 135858081//135858081 135858083//135858083 135923723//135923723
f 135923693//135923693 135858187//135858187 128059420//128059420
f 135923738//135923738 135989276//135989276 132909083//132909083
f 128059303//128059303 135989276//135989276 136054765//136054765
f 135989159//135989159 132909085//132909085 136054749//136054749
f 136054695//136054695 136054704//136054704 130615261//130615261
f 130615325//130615325 136120240//136120240 136251423//136251423
f 136251422//136251422 136382497//136382497 136316958//136316958
f 136251425//136251425 136382499//136382499 136513569//136513569
f 136382501//136382501 136316964//136316964 136644643//136644643
f 136316964//136316964 136579110//136579110 136710180//136710180
f 136579112//136579112 136775719//136775719 136841255//136841255
f 136644650//136644650 136906787//136906787 136972323//136972323
f 136644644//136644644 136710188//136710188 137037860//137037860
f 136644652//136644652 136841258//136841258 137103399//137103399
f 137037863//137037863 136841261//136841261 137168941//137168941
f 137103406//137103406 137234479//137234479 137037869//137037869
f 137234478//137234478 137365552//137365552 137234480//137234480
f 137037871//137037871 137037874//137037874 137431082//137431082
f 136906803//136906803 137496619//137496619 137562155//137562155
f 137234481//137234481 137627701//137627701 137431087//137431087
f 137431094//137431094 137627690//137627690 137693234//137693234
f 136906806//136906806 137758771//137758771 137627697//137627697
f 137627703//137627703 137758774//137758774 137365560//137365560
f 137889847//137889847 137955384//137955384 137562163//137562163
f 137562170//137562170 138086459//138086459 137496630//137496630
f 137693239//137693239 138086460//138086460 137955379//137955379
f 138151991//138151991 138086457//138086457 137758781//137758781
f 137889854//137889854 138283069//138283069 138020922//138020922
f 138020927//138020927 137955392//137955392 138086465//138086465
f 138414140//138414140 137955389//137955389 138414143//138414143
f 138151998//138151998 138479682//138479682 138414141//138414141
f 138545216//138545216 138348607//138348607 138545220//138545220
f 138610755//138610755 138741829//138741829 138283073//138283073
f 138414146//138414146 138741830//138741830 138545215//138545215
f 138479678//138479678 138741831//138741831 138479687//138479687
f 138807358//138807358 138807368//138807368 138872905//138872905
f 138676291//138676291 138741834//138741834 139003971//139003971
f 139069510//139069510 138741831//138741831 139069514//139069514
f 139135047//139135047 139069513//139069513 138807372//138807372
f 139003981//139003981 139200581//139200581 139266117//139266117
f 139200591//139200591 139003982//139003982 139069520//139069520
f 139397195//139397195 139003980//139003980 139397197//139397197
f 138938449//138938449 139462732//139462732 139397196//139397196
f 139528273//139528273 139331657//139331657 139200595//139200595
f 139200592//139200592 139659347//139659347 139331667//139331667
f 139593808//139593808 139462741//139462741 139724880//139724880
f 139790420//139790420 139724883//139724883 139790419//139790419
f 139790423//139790423 139528276//139528276 139921489//139921489
f 139921490//139921490 140052569//140052569 139921497//139921497
f 139724881//139724881 139724891//139724891 140118102//140118102
f 140118097//140118097 139855960//139855960 139790428//139790428
f 139790427//139790427 140249180//140249180 139855964//139855964
f 139921498//139921498 140314718//140314718 140118104//140118104
f 140052575//140052575 140380254//140380254 140052576//140052576
f 140445793//140445793 140314719//140314719 140576859//140576859
f 140183643//140183643 140380258//140380258 140576862//140576862
f 140642397//140642397 140707932//140707932 140249187//140249187
f 140576869//140576869 140380252//140380252 140773474//140773474
f 140183653//140183653 140511331//140511331 140839007//140839007
f 140380262//140380262 140904549//140904549 140839009//140839009
f 140773480//140773480 140839011//140839011 140970085//140970085
f 140839015//140839015 141035625//141035625 140970086//140970086
f 141101161//141101161 141035623//141035623 141101163//141101163
f 141166700//141166700 141035625//141035625 141232232//141232232
f 141297772//141297772 140970091//140970091 141363299//141363299
f 140970092//140970092 140707950//140707950 140642414//140642414
f 141297775//141297775 141232236//141232236 141428846//141428846
f 141363311//141363311 141428836//141428836 141297776//141297776
f 140707951//140707951 141559921//141559921 141428848//141428848
f 141625457//141625457 141690992//141690992 141822068//141822068
f 141822067//141822067 141887606//141887606 141690999//141690999
f 141822070//141822070 141887608//141887608 141953145//141953145
f 142149753//142149753 141887607//141887607 142215288//142215288
f 142084219//142084219 142084214//142084214 142149756//142149756
f 142346364//142346364 142280826//142280826 142411897//142411897
f 142411899//142411899 142477433//142477433 142215294//142215294
f 142215296//142215296 142477432//142477432 142542971//142542971
f 142018688//142018688 142674049//142674049 142608512//142608512
f 142346371//142346371 142280828//142280828 142739582//142739582
f 142411907//142411907 142739583//142739583 142346372//142346372
f 142805119//142805119 142477443//142477443 142805125//142805125
f 142936194//142936194 142936192//142936192 142542975//142542975
f 142674054//142674054 143067271//143067271 142477445//142477445
f 143067270//143067270 143067263//143067263 142870665//142870665
f 143198344//143198344 143067273//143067273 143198347//143198347
f 143263884//143263884 143329416//143329416 142936200//142936200
f 143001734//143001734 143329421//143329421 143394950//143394950
f 143001741//143001741 143329422//143329422 143526029//143526029
f 143460493//143460493 143526032//143526032 143591565//143591565
f 143460496//143460496 143526033//143526033 143722640//143722640
f 143657104//143657104 143722643//143722643 143788176//143788176
f 143788180//143788180 143722641//143722641 143919251//143919251
f 143984788//143984788 143919251//143919251 143984787//143984787
f 143984789//143984789 144115863//144115863 144246937//144246937
f 144312472//144312472 144378009//144378009 144115867//144115867
f 144312473//144312473 144181405//144181405 144509085//144509085
f 144443550//144443550 144509087//144509087 144640159//144640159
f 144574624//144574624 144312481//144312481 144443554//144443554
f 144771229//144771229 144378015//144378015 144312483//144312483
f 144836763//144836763 144574626//144574626 144705700//144705700
f 144705701//144705701 144967844//144967844 145033380//145033380
f 145098908//145098908 144378019//144378019 145098920//145098920
f 144771241//144771241 145229987//145229987 145098915//145098915
f 145295522//145295522 144574623//144574623 144902314//144902314
f 145229986//145229986 145033386//145033386 145361060//145361060
f 144902315//144902315 145033386//145033386 145426603//145426603
f 145492139//145492139 145557676//145557676 145229994//145229994
f 145295531//145295531 145361070//145361070 145492143//145492143
f 145623214//145623214 145623211//145623211 145492144//145492144
f 145230001//145230001 145557671//145557671 145754281//145754281
f 145098930//145098930 145754280//145754280 145819815//145819815
f 145885359//145885359 145885360//145885360 145688756//145688756
f 146016435//146016435 145557684//145557684 145623222//145623222
f 145885366//145885366 146147503//146147503 145885365//145885365
f 146147510//146147510 146147507//146147507 146016440//146016440
f 146213049//146213049 146344119//146344119 145557686//145557686
f 146147514//146147514 145754294//145754294 145557690//145557690
f 146147513//146147513 145754298//145754298 146344123//146344123
f 146344121//146344121 145819835//145819835 145754299//145754299
f 146409657//146409657 146475196//146475196 145819835//145819835
f 145819836//145819836 146606269//146606269 145819837//145819837
f 146606248//146606248 145164466//145164466 146606271//146606271
f 146737342//146737342 146606269//146606269 146802879//146802879
f 146737346//146737346 146606270//146606270 146868417//146868417
f 146868419//146868419 146868417//146868417 146737348//146737348
f 147065027//147065027 147065026//147065026 146868420//146868420
f 147130565//147130565 147196100//147196100 147327176//147327176
f 147327175//147327175 147458250//147458250 147392711//147392711
f 147392716//147392716 147458249//147458249 147589322//147589322
f 147458254//147458254 147523789//147523789 147392719//147392719
f 147392717//147392717 147720399//147720399 147785932//147785932
f 147589326//147589326 147917009//147917009 147851470//147851470
f 147851474//147851474 147982547//147982547 147917012//147917012
f 147720397//147720397 147851477//147851477 148113613//148113613
f 147785935//147785935 148179158//148179158 147720405//147720405
f 147785942//147785942 148310231//148310231 148244694//148244694
f 148310230//148310230 148310229//148310229 148375767//148375767
f 148310229//148310229 147851481//147851481 148441301//148441301
f 148113626//148113626 147982553//147982553 148441297//148441297
f 148506841//148506841 148572378//148572378 148506842//148506842
f 148441299//148441299 148572380//148572380 148637915//148637915
f 148572382//148572382 148703453//148703453 148572383//148572383
f 148768988//148768988 148572384//148572384 147982560//147982560
f 147982561//147982561 148900064//148900064 147982562//147982562
f 148965587//148965587 149031124//149031124 148900066//148900066
f 149096674//149096674 149031124//149031124 148965605//148965605
f 149162210//149162210 149227748//149227748 149031141//149031141
f 149293285//149293285 149227748//149227748 149162216//149162216
f 149358821//149358821 149424359//149424359 149227752//149227752
f 149293290//149293290 149424360//149424360 149358827//149358827
f 149358826//149358826 149620971//149620971 149752045//149752045
f 149752044//149752044 149620975//149620975 149883119//149883119
f 149883116//149883116 150014193//150014193 149752047//149752047
f 149752050//149752050 150145267//150145267 150079730//150079730
f 150210799//150210799 149817584//149817584 150210802//150210802
f 149883121//149883121 149948662//149948662 150341878//150341878
f 150210800//150210800 149883128//149883128 150276344//150276344
f 150276343//150276343 150341881//150341881 150538489//150538489
f 150604022//150604022 150276345//150276345 150604024//150604024
f 150538492//150538492 150604025//150604025 150472956//150472956
f 150735100//150735100 150800634//150800634 150669565//150669565
f 150866164//150866164 150014194//150014194 150210816//150210816
f 150866162//150866162 150210816//150210816 150407425//150407425
f 150931701//150931701 150145281//150145281 150866178//150866178
f 151128308//151128308 150866178//150866178 150931716//150931716
f 151062783//151062783 151259396//151259396 150407419//150407419
f 150407429//150407429 150931713//150931713 151324932//151324932
f 150931713//150931713 150800646//150800646 151390460//151390460
f 151455995//151455995 151390460//151390460 151455996//151455996
f 150800649//150800649 151521543//151521543 150800650//150800650
f 150604043//150604043 151652613//151652613 150604040//150604040
f 151456007//151456007 151521548//151521548 151718151//151718151
f 151456013//151456013 151783691//151783691 151456012//151456012
f 151587086//151587086 151849225//151849225 151587087//151587087
f 151718153//151718153 151980304//151980304 151783692//151783692
f 151783697//151783697 152045835//152045835 151259403//151259403
f 151521554//151521554 152111376//152111376 151521550//151521550
f 151980307//151980307 152045837//152045837 151783699//151783699
f 152111379//152111379 152242448//152242448 151849231//151849231
f 152307988//152307988 152373519//152373519 152111374//152111374
f 152242454//152242454 152439054//152439054 152176914//152176914
f 152373527//152373527 152504594//152504594 152242453//152242453
f 152570136//152570136 152635669//152635669 152373524//152373524
f 152504602//152504602 152373524//152373524 152635675//152635675
f 152439062//152439062 152176923//152176923 152439068//152439068
f 152045843//152045843 152832284//152832284 152635672//152635672
f 152832283//152832283 152570138//152570138 152897816//152897816
f 152897821//152897821 152897816//152897816 152570143//152570143
f 153028895//153028895 152963353//152963353 153028897//153028897
f 152766743//152766743 152439074//152439074 152701218//152701218
f 153225501//153225501 153225502//153225502 152897823//152897823
f 153291025//153291025 152766748//152766748 153159973//153159973
f 153291036//153291036 152045861//152045861 153291046//153291046
f 151259409//151259409 151259430//151259430 153422119//153422119
f 153487617//153487617 150997253//150997253 153487656//153487656
f 151324929//151324929 152701224//152701224 152832297//152832297
f 152701226//152701226 153684258//153684258 152701225//152701225
f 153749801//153749801 152832285//152832285 153225515//153225515
f 153815337//153815337 153225515//153225515 153815339//153815339
f 153684265//153684265 153159980//153159980 153684269//153684269
f 153356578//153356578 153225517//153225517 153946412//153946412
f 152963374//152963374 153946403//153946403 152963375//152963375
f 154011935//154011935 154077473//154077473 154011937//154011937
f 154143024//154143024 154208545//154208545 153946415//153946415
f 154077490//154077490 154274095//154274095 153815342//153815342
f 154208563//154208563 153815342//153815342 154339626//154339626
f 154339628//154339628 154405171//154405171 154077489//154077489
f 154470709//154470709 154536241//154536241 154405174//154405174
f 153880874//153880874 153684280//153684280 154339640//154339640
f 154077497//154077497 154077490//154077490 154405177//154405177
f 154732857//154732857 154536245//154536245 154798389//154798389
f 154798394//154798394 154863925//154863925 154798391//154798391
f 154339635//154339635 154995005//154995005 154274098//154274098
f 154929459//154929459 154339646//154339646 155060536//155060536
f 155060532//155060532 154667325//154667325 155126066//155126066
f 155126078//155126078 154667314//154667314 155191616//155191616
f 155191614//155191614 154667328//154667328 154732866//154732866
f 155191609//155191609 155322690//155322690 155060541//155060541
f 154929470//154929470 155322692//155322692 154929476//154929476
f 155060547//155060547 154601797//154601797 155060549//155060549
f 155453763//155453763 155388230//155388230 155584835//155584835
f 155519304//155519304 154995013//154995013 155715908//155715908
f 155388233//155388233 154995015//154995015 155191625//155191625
f 155584841//155584841 155191626//155191626 155781449//155781449
f 155781441//155781441 155846987//155846987 155191618//155191618
f 155912523//155912523 154732866//154732866 155912514//155912514
f 155912506//155912506 154732877//154732877 156043597//156043597
f 156043578//156043578 154732879//154732879 154798415//154798415
f 156109136//156109136 156109134//156109134 154798417//154798417
f 156174671//156174671 156174673//156174673 156240210//156240210
f 156371280//156371280 155650386//155650386 156371282//156371282
f 156240187//156240187 156436820//156436820 154798396//154798396
f 156502353//156502353 156240212//156240212 156502354//156502354
f 156567890//156567890 154863957//154863957 156633428//156633428
f 156436823//156436823 154863957//154863957 156698967//156698967
f 156764503//156764503 156633432//156633432 156830037//156830037
f 156830039//156830039 156567897//156567897 156502362//156502362
f 156895578//156895578 156961113//156961113 156830043//156830043
f 156961110//156961110 156961114//156961114 156895581//156895581
f 157026654//157026654 156567900//156567900 156961118//156961118
f 157157726//157157726 157223261//157223261 157092191//157092191
f 157288800//157288800 157354335//157354335 157223265//157223265
f 157419874//157419874 157485409//157485409 157354339//157354339
f 157550948//157550948 157616483//157616483 157223266//157223266
f 157485414//157485414 157682018//157682018 157092192//157092192
f 157223270//157223270 157747559//157747559 157485413//157485413
f 157813096//157813096 157616485//157616485 157485418//157485418
f 157485416//157485416 156567914//156567914 157092203//157092203
f 157092199//157092199 158009707//158009707 157682022//157682022
f 157616490//157616490 158075244//158075244 157747561//157747561
f 158140781//158140781 158206313//158206313 157944167//157944167
f 157682028//157682028 158271855//158271855 158075246//158075246
f 158337392//158337392 158402926//158402926 158271857//158271857
f 158468466//158468466 158534001//158534001 158075248//158075248
f 158402932//158402932 158599536//158599536 157747565//157747565
f 158075252//158075252 158665077//158665077 158402931//158402931
f 158730614//158730614 158796147//158796147 158665079//158665079
f 158665080//158665080 158402937//158402937 158665082//158665082
f 158861690//158861690 158402934//158402934 158927220//158927220
f 158992762//158992762 158992761//158992761 159058298//159058298
f 159058292//159058292 158992762//158992762 159123836//159123836
f 159123838//159123838 158599548//158599548 159254888//159254888
f 157878632//157878632 157878655//157878655 159254912//159254912
f 159254901//159254901 158599552//158599552 158534017//158534017
f 159385972//159385972 159451516//159451516 158599553//158599553
f 159320437//159320437 157878658//157878658 159320451//159320451
f 158009706//158009706 158009731//158009731 159517060//159517060
f 159320452//159320452 158009731//158009731 159582575//159582575
f 159648132//159648132 159451520//159451520 159648128//159648128
f 159582598//159582598 159713647//159713647 159582597//159582597
f 157944175//157944175 159451526//159451526 159385991//159385991
f 159058311//159058311 159451521//159451521 159844741//159844741
f 159648136//159648136 159844742//159844742 159451527//159451527
f 159713673//159713673 159844715//159844715 159910278//159910278
f 157944201//157944201 159844694//159844694 159779210//159779210
f 159975817//159975817 159910280//159910280 160041302//160041302
f 160041298//160041298 159910230//159910230 159975820//159975820
f 160041353//160041353 160172428//160172428 156305803//156305803
f 160172360//160172360 155650386//155650386 160172357//160172357
f 160041356//160041356 160172430//160172430 160041358//160041358
f 159975823//159975823 160106892//160106892 160303502//160303502
f 159779216//159779216 160303498//160303498 159975824//159975824
f 155453837//155453837 154601873//154601873 155453841//155453841
f 160237970//160237970 160172429//160172429 160500113//160500113
f 160303507//160303507 160565646//160565646 160500110//160500110
f 160631096//160631096 154601873//154601873 160631085//160631085
f 160696721//160696721 160434578//160434578 160696724//160696724
f 160762157//160762157 153880980//153880980 160762149//160762149
f 160827792//160827792 159779207//159779207 159058327//159058327
f 160827772//160827772 160893336//160893336 160369047//160369047
f 160893308//160893308 160958846//160958846 160500115//160500115
f 160500121//160500121 161024405//161024405 160958867//160958867
f 160696731//160696731 161089940//161089940 160762260//160762260
f 161155477//161155477 160696729//160696729 161155483//161155483
f 160369048//160369048 161024413//161024413 160565661//160565661
f 161221016//161221016 161221018//161221018 160303504//160303504
f 160303517//160303517 161286547//161286547 160893310//160893310
f 161024408//161024408 161286558//161286558 159189407//159189407
f 151128478//151128478 151128479//151128479 161024414//161024414
f 160958874//160958874 160958880//160958880 161417628//161417628
f 161483162//161483162 161024259//161024259 161483168//161483168
f 151128322//151128322 161417633//161417633 161483170//161483170
f 151062946//151062946 161155489//161155489 161417635//161417635
f 161417634//161417634 161548707//161548707 151062948//151062948
f 151194020//151194020 161679618//161679618 161745314//161745314
f 161614242//161614242 161810853//161810853 161745316//161745316
f 151194022//151194022 161810852//161810852 161614245//161614245
f 161876380//161876380 161089955//161089955 161155495//161155495
f 161810692//161810692 151194024//151194024 151325096//151325096
f 161614246//161614246 162007465//162007465 161876387//161876387
f 161810856//161810856 161089961//161089961 161876394//161876394
f 161089962//161089962 162007446//162007446 162138535//162138535
f 162138538//162138538 162072999//162072999 162204054//162204054
f 162203941//162203941 162007446//162007446 162269611//162269611
f 162007464//162007464 162073005//162073005 162138542//162138542
f 162138541//162138541 162335150//162335150 162204074//162204074
f 162204078//162204078 153356719//153356719 162204080//162204080
f 162400688//162400688 162466220//162466220 153291045//153291045
f 162335149//162335149 161941937//161941937 162531757//162531757
f 162335153//162335153 162597295//162597295 153291184//153291184
f 153291186//153291186 162597158//162597158 162466227//162466227
f 162662832//162662832 162597295//162597295 162728230//162728230
f 162662836//162662836 162793906//162793906 153422260//153422260
f 153422261//153422261 162728231//162728231 162662838//162662838
f 162400694//162400694 162859443//162859443 162793908//162793908
f 162924982//162924982 162793903//162793903 162859447//162859447
f 153487797//153487797 162793912//162793912 162924984//162924984
f 162924975//162924975 163056057//163056057 162990519//162990519
f 162400689//162400689 162990521//162990521 163121447//163121447
f 162990521//162990521 162531770//162531770 163121593//163121593
f 163121448//163121448 162531623//162531623 163187130//163187130
f 163186984//163186984 161941946//161941946 163187121//163187121
f 163186950//163186950 151324968//151324968 163187112//163187112
f 163318204//163318204 163252670//163252670 163318207//163318207
f 163252671//163252671 163580352//163580352 163449277//163449277
f 163645889//163645889 163449277//163449277 163711424//163711424
f 163449281//163449281 163776963//163776963 163514819//163514819
f 163514820//163514820 163776965//163776965 163908037//163908037
f 163645895//163645895 163973569//163973569 163645896//163645896
f 163711425//163711425 163776969//163776969 163711433//163711433
f 163973577//163973577 163973569//163973569 164170185//164170185
f 164039115//164039115 164170183//164170183 163973579//163973579
f 164301259//164301259 164366792//164366792 164235724//164235724
f 164235725//164235725 164366794//164366794 164301262//164301262
f 164497862//164497862 164497860//164497860 164563398//164563398
f 164628932//164628932 164104649//164104649 164170193//164170193
f 164628946//164628946 164170180//164170180 164694481//164694481
f 164432339//164432339 164760013//164760013 164432340//164432340
f 164825557//164825557 164891091//164891091 164825558//164825558
f 164760023//164760023 165022157//165022157 164760021//164760021
f 164170189//164170189 165022168//165022168 165087693//165087693
f 164563407//164563407 165153241//165153241 165218768//165218768
f 165284303//165284303 164694468//164694468 165284292//165284292
f 164497884//164497884 165349849//165349849 165218777//165218777
f 165284317//165284317 165349839//165349839 164497885//164497885
f 164694474//164694474 165480926//165480926 164170200//164170200
f 165284306//165284306 165415391//165415391 165284319//165284319
f 164694494//164694494 164694496//164694496 165611999//165611999
f 165022177//165022177 165480920//165480920 165087714//165087714
f 165087713//165087713 165808610//165808610 165480930//165480930
f 165611998//165611998 165677539//165677539 165022180//165022180
f 165874135//165874135 165677525//165677525 165939682//165939682
f 165939683//165939683 166005218//166005218 165415391//165415391
f 165612007//165612007 166005215//166005215 165546471//165546471
f 165612003//165612003 166070760//166070760 165612008//165612008
f 165939689//165939689 165808611//165808611 166201832//166201832
f 166201834//166201834 166136296//166136296 166332903//166332903
f 166070763//166070763 166398438//166398438 165415398//165415398
f 165415404//165415404 166267356//166267356 166463976//166463976
f 166332904//166332904 166267373//166267373 166529517//166529517
f 166463982//166463982 166529515//166529515 166595051//166595051
f 166005227//166005227 166595056//166595056 166660587//166660587
f 166660593//166660593 166726118//166726118 166398438//166398438
f 166791664//166791664 166726127//166726127 166660594//166660594
f 166857180//166857180 166726124//166726124 166922732//166922732
f 166857196//166857196 165349876//165349876 166857205//166857205
f 166988250//166988250 167053788//167053788 165218805//165218805
f 165218806//165218806 166857207//166857207 167184885//167184885
f 166988280//166988280 166922742//166922742 167250419//167250419
f 167250424//167250424 166726131//166726131 167315956//167315956
f 167381489//167381489 167315954//167315954 166726139//166726139
f 167250420//167250420 167315964//167315964 167447028//167447028
f 167512570//167512570 166791675//166791675 167578107//167578107
f 167381502//167381502 167315965//167315965 167643644//167643644
f 167315965//167315965 167053823//167053823 167709175//167709175
f 167709185//167709185 167774711//167774711 167840247//167840247
f 167840257//167840257 167774723//167774723 167971331//167971331
f 167971333//167971333 168036867//168036867 167971334//167971334
f 167971335//167971335 167971334//167971334 167774728//167774728
f 167709192//167709192 168167937//168167937 167971337//167971337
f 168299012//168299012 168364552//168364552 168167945//168167945
f 168430090//168430090 168495625//168495625 168364555//168364555
f 168561161//168561161 168299016//168299016 168561163//168561163
f 168626696//168626696 168561152//168561152 168233486//168233486
f 168626688//168626688 167709199//167709199 167053839//167053839
f 167053840//167053840 167184911//167184911 168757750//168757750
f 168823312//168823312 167184888//167184888 167250449//167250449
f 168888848//168888848 167250449//167250449 168888849//168888849
f 168692240//168692240 167250450//167250450 168954386//168954386
f 167447059//167447059 169019897//169019897 168692242//168692242
f 168954388//168954388 168626706//168626706 168692245//168692245
f 168692244//168692244 168954389//168954389 167447062//167447062
f 167447039//167447039 168954390//168954390 169150999//169150999
f 169216532//169216532 167643667//167643667 169282070//169282070
f 169151000//169151000 169347607//169347607 169019927//169019927
f 169216536//169216536 169347609//169347609 169282074//169282074
f 169478680//169478680 169282047//169282047 169478682//169478682
f 167643645//167643645 169544219//169544219 169478653//169478653
f 167512574//167512574 169609756//169609756 169544190//169544190
f 169019934//169019934 169347605//169347605 169675284//169675284
f 169478687//169478687 169544218//169544218 169740827//169740827
f 169085470//169085470 169347616//169347616 169871902//169871902
f 169871904//169871904 169937438//169937438 169085472//169085472
f 169085474//169085474 168561166//168561166 168626722//168626722
f 169806371//169806371 169806370//169806370 169871907//169871907
f 169871897//169871897 169347620//169347620 169413156//169413156
f 170134029//170134029 170002978//170002978 170134050//170134050
f 170199589//170199589 170265123//170265123 170199587//170199587
f 169871912//169871912 170068515//170068515 170330657//170330657
f 170330663//170330663 170068515//170068515 170396200//170396200
f 170068506//170068506 170265129//170265129 170330665//170330665
f 169413162//169413162 170265129//170265129 170396202//170396202
f 170527274//170527274 169740826//169740826 170527258//170527258
f 170265130//170265130 170592812//170592812 170461739//170461739
f 170199591//170199591 170592812//170592812 170527277//170527277
f 169740845//169740845 170658347//170658347 170199596//170199596
f 170723885//170723885 170658335//170658335 170723878//170723878
f 170723871//170723871 170789404//170789404 170723868//170723868
f 169544221//169544221 170854959//170854959 170199598//170199598
f 170723887//170723887 170920496//170920496 170789405//170789405
f 170789426//170789426 170986032//170986032 170789425//170789425
f 170199600//170199600 171117107//171117107 170854962//170854962
f 170854964//170854964 171182643//171182643 170199603//170199603
f 170199605//170199605 171051557//171051557 171117110//171117110
f 171182643//171182643 170986038//170986038 171313716//171313716
f 171248180//171248180 171117112//171117112 171313720//171313720
f 171444789//171444789 171248182//171248182 171379257//171379257
f 171510309//171510309 171182645//171182645 171444794//171444794
f 171444792//171444792 171575867//171575867 171510329//171510329
f 171641381//171641381 168561210//168561210 170134076//170134076
f 171641355//171641355 171641357//171641357 171510333//171510333
f 171510331//171510331 168430141//168430141 171641406//171641406
f 171772476//171772476 168495677//168495677 168430142//168430142
f 171706892//171706892 168495678//168495678 171706943//171706943
f 171838013//171838013 171706944//171706944 171575872//171575872
f 171575864//171575864 171903553//171903553 171575873//171575873
f 172034624//172034624 171969089//171969089 172100162//172100162
f 171379255//171379255 171969089//171969089 172165699//172165699
f 171969079//171969079 172165700//172165700 172231235//172231235
f 171313734//171313734 170986052//170986052 172296759//172296759
f 170986033//170986033 172165702//172165702 172362309//172362309
f 172165702//172165702 172362311//172362311 172427845//172427845
f 172493383//172493383 170920518//170920518 172493382//172493382
f 172427847//172427847 172362314//172362314 172493386//172493386
f 172427850//172427850 172624459//172624459 172558924//172558924
f 172689997//172689997 172493387//172493387 172821066//172821066
f 172821068//172821068 170920522//170920522 172886601//172886601
f 172821065//172821065 172821071//172821071 172952140//172952140
f 172886608//172886608 172755534//172755534 172690001//172690001
f 172690000//172690000 172755537//172755537 173017682//173017682
f 173148749//173148749 173083218//173083218 173214291//173214291
f 172886577//172886577 170920533//170920533 169609813//169609813
f 172886613//172886613 172952150//172952150 172886614//172886614
f 173279831//173279831 173410902//173410902 172952150//172952150
f 169609815//169609815 172952149//172952149 173476433//173476433
f 173476434//173476434 173410897//173410897 173476432//173476432
f 173476439//173476439 173083225//173083225 173476441//173476441
f 169609818//169609818 173410903//173410903 173607513//173607513
f 173673050//173673050 173672989//173672989 169609726//169609726
f 173738587//173738587 166791678//166791678 173738494//173738494
f 173804124//173804124 166791666//166791666 166595165//166595165
f 173083225//173083225 173607518//173607518 173935193//173935193
f 173869657//173869657 174000735//174000735 173607515//173607515
f 173935194//173935194 174066272//174066272 173673052//173673052
f 174066272//174066272 173738587//173738587 173804130//173804130
f 174131809//174131809 174197340//174197340 174131805//174131805
f 173804015//173804015 166595171//166595171 174262883//174262883
f 174131811//174131811 174066277//174066277 174131813//174131813
f 166595174//166595174 174393956//174393956 166595054//166595054
f 174459489//174459489 174459493//174459493 174328424//174328424
f 174525033//174525033 174656103//174656103 174066279//174066279
f 174459497//174459497 174656106//174656106 174000737//174000737
f 174590571//174590571 174787178//174787178 174000746//174000746
f 174656107//174656107 174787180//174787180 173935200//173935200
f 174721645//174721645 174852716//174852716 173935212//173935212
f 174918253//174918253 174983787//174983787 174852718//174852718
f 173935213//173935213 174983774//174983774 175049325//175049325
f 174852720//174852720 175114846//175114846 175049327//175049327
f 173869680//173869680 175245938//175245938 175180400//175180400
f 173869682//173869682 173214290//173214290 173083250//173083250
f 175180403//175180403 175245908//175245908 175311444//175311444
f 175311475//175311475 175114869//175114869 175442544//175442544
f 175442547//175442547 175508080//175508080 175442545//175442545
f 175508088//175508088 175573622//175573622 175245942//175245942
f 174393976//174393976 175573623//175573623 174393838//174393838
f 175573625//175573625 175377011//175377011 175245945//175245945
f 166529657//166529657 175704696//175704696 175377017//175377017
f 175377018//175377018 175639163//175639163 166529660//166529660
f 175704697//175704697 166267516//166267516 175835630//175835630
f 175901307//175901307 175704698//175704698 175835773//175835773
f 175966843//175966843 175901309//175901309 176032382//176032382
f 176032381//176032381 175835776//175835776 176163453//176163453
f 176097917//176097917 175835777//175835777 166267521//166267521
f 176097921//176097921 176163458//176163458 176294530//176294530
f 166267523//166267523 176294529//176294529 176360066//176360066
f 176425603//176425603 176425450//176425450 166267369//166267369
f 176360067//176360067 176491142//176491142 164956804//164956804
f 164956806//164956806 176294357//176294357 176556678//176556678
f 176491143//176491143 176294357//176294357 176425607//176425607
f 164891271//164891271 176425444//176425444 166201992//166201992
f 176622057//176622057 176687589//176687589 176556677//176556677
f 176622217//176622217 176556677//176556677 176753124//176753124
f 176753287//176753287 165677705//165677705 165874314//165874314
f 165939681//165939681 176818827//176818827 176622053//176622053
f 176622219//176622219 165677705//165677705 176753291//176753291
f 176818826//176818826 176884361//176884361 177015437//177015437
f 177015436//177015436 177080975//177080975 177146510//177146510
f 177146511//177146511 177080977//177080977 176884370//176884370
f 177343121//177343121 177080975//177080975 177277587//177277587
f 177408657//177408657 177474195//177474195 177408659//177408659
f 177408661//177408661 177605270//177605270 177343122//177343122
f 177343127//177343127 177539733//177539733 177474200//177474200
f 177736342//177736342 177801880//177801880 177605266//177605266
f 177867415//177867415 177801882//177801882 177277596//177277596
f 177998485//177998485 177474199//177474199 177998488//177998488
f 177998487//177998487 177736347//177736347 177670814//177670814
f 178129561//178129561 177670814//177670814 177998496//177998496
f 177867424//177867424 177670813//177670813 178195102//178195102
f 177932961//177932961 177867418//177867418 177801889//177801889
f 178064034//178064034 178326175//178326175 178391711//178391711
f 178326180//178326180 178522787//178522787 178326174//178326174
f 178195109//178195109 178457246//178457246 178326182//178326182
f 178522790//178522790 178260642//178260642 177932967//177932967
f 177932968//177932968 178719399//178719399 178784935//178784935
f 178653865//178653865 178784938//178784938 178916010//178916010
f 178653868//178653868 178981537//178981537 178653866//178653866
f 178850475//178850475 178916013//178916013 179112621//179112621
f 179047087//179047087 179178154//179178154 178981546//178981546
f 179047086//179047086 179178160//179178160 179047088//179047088
f 179243694//179243694 179374769//179374769 178260652//178260652
f 179374747//179374747 179440289//179440289 178981551//178981551
f 179440306//179440306 179505836//179505836 179243697//179243697
f 179571380//179571380 179505841//179505841 179571382//179571382
f 179702452//179702452 179767990//179767990 179702454//179702454
f 179505849//179505849 179833520//179833520 179505847//179505847
f 179899055//179899055 179833520//179833520 179899056//179899056
f 179964595//179964595 179964591//179964591 179178170//179178170
f 179440316//179440316 180030130//180030130 179440315//179440315
f 179702456//179702456 179833533//179833533 179702461//179702461
f 179833534//179833534 179964602//179964602 179899070//179899070
f 180095672//180095672 179767999//179767999 180292287//180292287
f 180095681//180095681 180357817//180357817 180095679//180095679
f 180357822//180357822 180292281//180292281 180423359//180423359
f 180423361//180423361 180292287//180292287 180488898//180488898
f 180554433//180554433 180161218//180161218 180357828//180357828
f 180619966//180619966 180685508//180685508 179964606//179964606
f 180619974//180619974 180030142//180030142 179964614//179964614
f 180423367//180423367 180751044//180751044 180423363//180423363
f 180554439//180554439 180816581//180816581 180030150//180030150
f 180619976//180619976 180751046//180751046 180488905//180488905
f 180882115//180882115 180488906//180488906 181013194//181013194
f 180947659//180947659 181013196//181013196 181144268//181144268
f 181209804//181209804 181275341//181275341 180882122//180882122
f 181078735//181078735 180751050//180751050 180882128//180882128
f 180882127//180882127 181078736//181078736 181209809//181209809
f 181209810//181209810 181275345//181275345 181078739//181078739
f 181406419//181406419 181471948//181471948 181603025//181603025
f 181603027//181603027 181668561//181668561 181275347//181275347
f 181275349//181275349 181734096//181734096 180751056//180751056
f 180619975//180619975 181471958//181471958 181799636//181799636
f 181799634//181799634 181930712//181930712 181799640//181799640
f 181603034//181603034 181668563//181668563 181537498//181537498
f 181799642//181799642 181734100//181734100 181340891//181340891
f 181340885//181340885 182127323//182127323 180619990//180619990
f 182061788//182061788 182127318//182127318 182192837//182192837
f 182192840//182192840 182258373//182258373 182192860//182192860
f 182192862//182192862 182127304//182127304 182061791//182061791
f 182323934//182323934 182389468//182389468 182323931//182323931
f 182389470//182389470 182455007//182455007 182061781//182061781
f 182455008//182455008 182520539//182520539 181668570//181668570
f 182520545//182520545 182586069//182586069 181996247//181996247
f 182586082//182586082 182258394//182258394 182651592//182651592
f 180030152//180030152 182717156//182717156 182258400//182258400
f 182651614//182651614 182782693//182782693 182389473//182389473
f 182782693//182782693 182848224//182848224 182455010//182455010
f 182848230//182848230 182913761//182913761 182717158//182717158
f 182717160//182717160 182651620//182651620 182979260//182979260
f 179374780//179374780 182979305//182979305 177867442//177867442
f 182979300//182979300 182913770//182913770 183044836//183044836
f 177867497//177867497 183044843//183044843 183110377//183110377
f 183110304//183110304 183044763//183044763 183175915//183175915
f 183110380//183110380 182913696//182913696 183175914//183175914
f 178522784//178522784 182913772//182913772 182782701//182782701
f 182848237//182848237 178522854//178522854 183175918//183175918
f 183306918//183306918 182913701//182913701 183372524//183372524
f 183175919//183175919 183372526//183372526 182913773//182913773
f 183306992//183306992 183372454//183372454 183438062//183438062
f 178588400//178588400 183503601//183503601 178457254//178457254
f 178457329//178457329 183503602//183503602 183634674//183634674
f 183700207//183700207 183700205//183700205 183503599//183503599
f 183634673//183634673 183503605//183503605 183700213//183700213
f 183831283//183831283 183634677//183634677 183831287//183831287
f 183831288//183831288 183700215//183700215 183241465//183241465
f 184093428//184093428 183241465//183241465 182848249//182848249
f 184158968//184158968 184224502//184224502 183962363//183962363
f 184027879//184027879 184290045//184290045 184093433//184093433
f 184158966//184158966 183831294//183831294 184421118//184421118
f 184486652//184486652 184486651//184486651 184158974//184158974
f 184486657//184486657 184617724//184617724 184355578//184355578
f 184617728//184617728 184552190//184552190 184486659//184486659
f 184617731//184617731 184748800//184748800 184552195//184552195
f 184814338//184814338 184290042//184290042 184814330//184814330
f 184290023//184290023 182848262//182848262 182520582//182520582
f 182586118//182586118 184290018//184290018 184879879//184879879
f 184945414//184945414 184748771//184748771 184683272//184683272
f 185010953//185010953 184683268//184683268 184617738//184617738
f 184617733//184617733 184814346//184814346 184290059//184290059
f 185207549//185207549 184945415//184945415 182586124//182586124
f 185273059//185273059 181930711//181930711 185273047//185273047
f 185338631//185338631 181930764//181930764 185338636//185338636
f 185338635//185338635 181930759//181930759 185404173//185404173
f 185404175//185404175 184683277//184683277 185535240//185535240
f 185535235//185535235 184814346//184814346 185207569//185207569
f 185142021//185142021 185207569//185207569 185338642//185338642
f 185338639//185338639 185600786//185600786 185207570//185207570
f 185731850//185731850 185600785//185600785 185666323//185666323
f 185666319//185666319 185142035//185142035 185731856//185731856
f 185731855//185731855 185862932//185862932 185010960//185010960
f 185862921//185862921 185862920//185862920 185928457//185928457
f 185994005//185994005 185862928//185862928 186059542//186059542
f 185862935//185862935 185994008//185994008 186125080//186125080
f 186256154//186256154 186190620//186190620 186256157//186256157
f 186387230//186387230 186387226//186387226 186256159//186256159
f 186583838//186583838 186649373//186649373 186452768//186452768
f 186714909//186714909 186583839//186583839 186387234//186387234
f 186780449//186780449 186845984//186845984 186649379//186649379
f 186714911//186714911 186518309//186518309 186977061//186977061
f 187042597//187042597 186583846//186583846 186714920//186714920
f 187108131//187108131 186845984//186845984 186780457//186780457
f 187173674//187173674 186911524//186911524 187042603//187042603
f 187370283//187370283 186714919//186714919 186911533//186911533
f 187108130//187108130 187304749//187304749 187435813//187435813
f 187501347//187501347 187173672//187173672 186780462//186780462
f 187566890//187566890 187632425//187632425 187239215//187239215
f 187697963//187697963 187697964//187697964 187370290//187370290
f 187435819//187435819 187829043//187829043 187304753//187304753
f 187894568//187894568 187108141//187108141 187894574//187894574
f 187829044//187829044 187173677//187173677 187501365//187501365
f 187960111//187960111 187632425//187632425 187566902//187566902
f 188025655//188025655 188156720//188156720 187501364//187501364
f 187501368//187501368 187894581//187894581 187829049//187829049
f 188222264//188222264 187566900//187566900 187960122//187960122
f 188287798//188287798 188091183//188091183 188025659//188025659
f 188353340//188353340 188484407//188484407 187960120//187960120
f 187960125//187960125 188025658//188025658 188287806//188287806
f 188549947//188549947 188418870//188418870 188353343//188353343
f 188615488//188615488 188222268//188222268 187829057//187829057
f 188746547//188746547 188156721//188156721 188222274//188222274
f 188812093//188812093 188222264//188222264 188746563//188746563
f 188877634//188877634 187697977//187697977 188943169//188943169
f 188943171//188943171 189008705//189008705 188287805//188287805
f 188287813//188287813 188353342//188353342 188549958//188549958
f 189074239//189074239 187697979//187697979 189139780//189139780
f 189139761//189139761 189205298//189205298 189139762//189139762
f 189139784//189139784 189270857//189270857 188943175//188943175
f 189205322//189205322 189401929//189401929 188549957//188549957
f 188549963//188549963 189467462//189467462 189008701//189008701
f 189008717//189008717 189533003//189533003 189008716//189008716
f 189598540//189598540 188484413//188484413 188812110//188812110
f 189664078//189664078 188812098//188812098 188877647//188877647
f 189729603//189729603 189664068//189664068 188877648//188877648
f 188943177//188943177 189795153//189795153 189729604//189729604
f 189860684//189860684 189598542//189598542 189664082//189664082
f 189926223//189926223 189860688//189860688 189664083//189664083
f 189991756//189991756 189533010//189533010 189467476//189467476
f 189270869//189270869 189336401//189336401 190057289//190057289
f 189729617//189729617 190122838//190122838 189926224//189926224
f 190188370//190188370 189991763//189991763 189860695//189860695
f 190057290//190057290 189336408//189336408 190319448//190319448
f 190319450//190319450 190384984//190384984 190450520//190450520
f 190253915//190253915 190057308//190057308 190253916//190253916
f 190516059//190516059 190057309//190057309 190647121//190647121
f 190647125//190647125 190647132//190647132 190122833//190122833
f 190516061//190516061 190647135//190647135 190516063//190516063
f 190712669//190712669 190647136//190647136 190843734//190843734
f 190843742//190843742 190778207//190778207 190909279//190909279
f 190712674//190712674 190778209//190778209 190974818//190974818
f 190122849//190122849 190122852//190122852 191040339//191040339
f 189926244//189926244 190974807//190974807 191105890//191105890
f 191105891//191105891 190909286//190909286 191236961//191236961
f 191040353//191040353 191105895//191105895 191236962//191236962
f 190188388//190188388 191236968//191236968 191302500//191302500
f 191105894//191105894 191171433//191171433 191433577//191433577
f 191236965//191236965 191236971//191236971 191499112//191499112
f 191105897//191105897 191302507//191302507 191564631//191564631
f 191564628//191564628 191433559//191433559 191630185//191630185
f 191630186//191630186 191499118//191499118 191761256//191761256
f 191564648//191564648 191368047//191368047 191826795//191826795
f 191368045//191368045 191499120//191499120 191826799//191826799
f 191564657//191564657 189533012//189533012 189991793//189991793
f 191564655//191564655 191892338//191892338 191564658//191564658
f 191761264//191761264 191761267//191761267 192023410//192023410
f 191892340//191892340 192088909//192088909 189401933//189401933
f 191957877//191957877 192088945//192088945 191892341//191892341
f 189401972//189401972 192220022//192220022 189074251//189074251
f 191826797//191826797 191826807//191826807 192285555//192285555
f 191957875//191957875 192154488//192154488 191957880//191957880
f 192154489//192154489 192416628//192416628 192220020//192220020
f 189074294//189074294 188615546//188615546 189074298//189074298
f 192023415//192023415 192023419//192023419 192547704//192547704
f 192285549//192285549 192285564//192285564 192613243//192613243
f 192351101//192351101 192416629//192416629 192154493//192154493
f 192351099//192351099 192678782//192678782 192351102//192351102
f 192220025//192220025 192809855//192809855 192482166//192482166
f 192482176//192482176 188681023//188681023 188615552//188615552
f 192875393//192875393 192809792//192809792 193006458//193006458
f 193006464//193006464 192940922//192940922 192875395//192875395
f 193006467//193006467 193137536//193137536 192940931//192940931
f 192416645//192416645 193203071//193203071 193006463//193006463
f 192678790//192678790 193203065//193203065 192416646//192416646
f 193334148//193334148 193399683//193399683 193137543//193137543
f 193465219//193465219 193203074//193203074 193465218//193465218
f 193465223//193465223 193268611//193268611 192678794//192678794
f 192744330//192744330 193399677//193399677 193334155//193334155
f 193596300//193596300 193727368//193727368 193203078//193203078
f 193530765//193530765 193334150//193334150 193465230//193465230
f 193792907//193792907 193858439//193858439 193465221//193465221
f 193203085//193203085 193858447//193858447 193792905//193792905
f 193923980//193923980 193989515//193989515 193661840//193661840
f 193858450//193858450 194055054//194055054 193858445//193858445
f 194120587//194120587 193923982//193923982 193596307//193596307
f 193792914//193792914 193989523//193989523 193923988//193923988
f 194186133//194186133 193923985//193923985 194120598//194120598
f 194317204//194317204 194382736//194382736 194120594//194120594
f 194120599//194120599 194055062//194055062 193727384//193727384
f 194448279//194448279 194251666//194251666 194186137//194186137
f 194513818//194513818 194186133//194186133 194317211//194317211
f 194644889//194644889 194710420//194710420 194317207//194317207
f 194317212//194317212 194579355//194579355 194513821//194513821
f 194775966//194775966 194513818//194513818 194644895//194644895
f 194907037//194907037 194841497//194841497 194775968//194775968
f 194972577//194972577 194448286//194448286 193727394//193727394
f 195103629//195103629 194382730//194382730 194448291//194448291
f 195169180//195169180 195234711//195234711 194644892//194644892
f 194644900//194644900 194775967//194775967 194907045//194907045
f 195300256//195300256 195038109//195038109 194972582//194972582
f 195365799//195365799 194448289//194448289 195103656//195103656
f 195496867//195496867 195103640//195103640 193530793//193530793
f 195562378//195562378 195627902//195627902 194907044//194907044
f 194907050//194907050 194972581//194972581 195300267//195300267
f 195693478//195693478 195431328//195431328 195365804//195365804
f 195759021//195759021 195496871//195496871 195103662//195103662
f 195890082//195890082 195955625//195955625 195562366//195562366
f 192744315//192744315 192613295//192613295 195955579//195955579
f 195562415//195562415 196021168//196021168 195890089//195890089
f 195300273//195300273 196086699//196086699 195300266//195300266
f 196152237//196152237 196217772//196217772 195824562//195824562
f 195955580//195955580 196283316//196283316 196021167//196021167
f 196348851//196348851 196414386//196414386 196217781//196217781
f 196479926//196479926 196479925//196479925 196348856//196348856
f 196610999//196610999 196348856//196348856 196152250//196152250
f 196545461//196545461 196742074//196742074 196611000//196611000
f 196676539//196676539 196742072//196742072 196807609//196807609
f 196873138//196873138 196152236//196152236 196873146//196873146
f 196938684//196938684 196807611//196807611 196938687//196938687
f 197069755//197069755 197069754//197069754 196676541//196676541
f 196873132//196873132 195759041//195759041 195365825//195365825
f 197135270//197135270 196742059//196742059 197069762//197069762
f 196938683//196938683 197069762//197069762 196873155//196873155
f 197135299//197135299 197200829//197200829 197069763//197069763
f 195693508//195693508 197266369//197266369 197135300//197135300
f 196086724//196086724 197004203//197004203 196938693//196938693
f 197462975//197462975 197528517//197528517 197266372//197266372
f 197528514//197528514 196938691//196938691 197594053//197594053
f 197594046//197594046 197462978//197462978 197397449//197397449
f 197594057//197594057 197462981//197462981 197659594//197659594
f 197594050//197594050 197200843//197200843 197528523//197528523
f 197856199//197856199 197856196//197856196 197331889//197331889
f 197659597//197659597 197921738//197921738 197987274//197987274
f 198052809//198052809 198052808//198052808 197594059//197594059
f 197790663//197790663 197528528//197528528 197856208//197856208
f 197921745//197921745 198183886//198183886 198249422//198249422
f 198249425//198249425 198380499//198380499 197921737//197921737
f 198052820//198052820 198446025//198446025 198183885//198183885
f 198380501//198380501 198183885//198183885 198511571//198511571
f 198446038//198446038 198577105//198577105 198314966//198314966
f 198314967//198314967 198708184//198708184 198577110//198577110
f 198773721//198773721 198511574//198511574 198446042//198446042
f 198773723//198773723 198904793//198904793 198446036//198446036
f 198904794//198904794 198839253//198839253 198773725//198773725
f 198970330//198970330 199035868//199035868 198839261//198839261
f 198052831//198052831 198904788//198904788 198380511//198380511
f 199166942//199166942 199232477//199232477 199035872//199035872
f 199298013//199298013 199298012//199298012 198904799//198904799
f 199166941//199166941 199101410//199101410 198052835//198052835
f 199363535//199363535 199232459//199232459 199166948//199166948
f 199429093//199429093 199298017//199298017 199101414//199101414
f 199363558//199363558 197790687//197790687 199625699//199625699
f 199625702//199625702 197790691//197790691 198118375//198118375
f 199691232//199691232 199691234//199691234 199298022//199298022
f 199429088//199429088 199494632//199494632 199429097//199429097
f 199756778//199756778 199887845//199887845 199560167//199560167
f 199887848//199887848 199429094//199429094 199691244//199691244
f 199756772//199756772 199953388//199953388 199691243//199691243
f 199625680//199625680 199887853//199887853 199625709//199625709
f 200084458//200084458 200149993//200149993 199822318//199822318
f 200215532//200215532 200215531//200215531 199887853//199887853
f 200281065//200281065 199756780//199756780 200281070//200281070
f 200215537//200215537 200149996//200149996 200084466//200084466
f 200346611//200346611 200084463//200084463 200281076//200281076
f 200346606//200346606 200281076//200281076 200215541//200215541
f 200543220//200543220 200412145//200412145 200346614//200346614
f 200608759//200608759 200346611//200346611 200477688//200477688
f 200608754//200608754 200674296//200674296 200608761//200608761
f 200805370//200805370 200543223//200543223 200215547//200215547
f 200936432//200936432 200477677//200477677 200543228//200543228
f 201001976//201001976 200608756//200608756 200739837//200739837
f 200805366//200805366 200870909//200870909 200805374//200805374
f 201133055//201133055 200543226//200543226 200936448//200936448
f 201264124//201264124 200739829//200739829 201001985//201001985
f 201329661//201329661 200805368//200805368 201067522//201067522
f 201133049//201133049 201198594//201198594 201133059//201133059
f 201460740//201460740 201001983//201001983 201264133//201264133
f 201591809//201591809 201067516//201067516 201329670//201329670
f 201657346//201657346 201133053//201133053 201395207//201395207
f 201460734//201460734 201526279//201526279 201460744//201460744
f 201788425//201788425 201329668//201329668 201591818//201591818
f 201919494//201919494 201395201//201395201 201657355//201657355
f 201985031//201985031 201460738//201460738 201722804//201722804
f 201788419//201788419 196283316//196283316 201722800//201722800
f 196021255//196021255 201788427//201788427 196283260//196283260
f 195890096//195890096 201853963//201853963 201788428//201788428
f 202050568//202050568 191695740//191695740 201853964//201853964
f 192613229//192613229 191695884//191695884 202050413//202050413
f 202116107//202116107 201985030//201985030 202116014//202116014
f 202116102//202116102 195496970//195496970 195890189//195890189
f 202116106//202116106 201919400//201919400 202181544//202181544
f 201919493//201919493 195169294//195169294 195496974//195496974
f 202181637//202181637 201264143//201264143 202247173//202247173
f 202181648//202181648 202312611//202312611 202181647//202181647
f 202312604//202312604 195234723//195234723 194710544//194710544
f 202378148//202378148 202378256//202378256 202312719//202312719
f 202378154//202378154 201264036//201264036 202443791//202443791
f 202443793//202443793 200936463//200936463 202443776//202443776
f 202509226//202509226 202509329//202509329 202378258//202378258
f 202509233//202509233 200936362//200936362 202574866//202574866
f 202574867//202574867 200018962//200018962 202574843//202574843
f 202640305//202640305 202640403//202640403 202509332//202509332
f 202640332//202640332 200018865//200018865 202705940//202705940
f 202705941//202705941 197856276//197856276 202640406//202640406
f 200018896//200018896 197856278//197856278 202705872//202705872
f 202837015//202837015 202771481//202771481 202837018//202837018
f 202968091//202968091 203099159//203099159 202968088//202968088
f 203164699//203164699 203230234//203230234 203033629//203033629
f 203295774//203295774 203099165//203099165 203361306//203361306
f 203361309//203361309 203426842//203426842 203361308//203361308
f 203164706//203164706 203164703//203164703 203361314//203361314
f 203295778//203295778 203426851//203426851 203623456//203623456
f 203361316//203361316 203688994//203688994 203557922//203557922
f 203492388//203492388 203688997//203688997 203754531//203754531
f 203688999//203688999 203426854//203426854 203885604//203885604
f 203623464//203623464 203426853//203426853 203951144//203951144
f 204016679//204016679 203885605//203885605 204016677//204016677
f 204016683//204016683 204082215//204082215 204147751//204147751
f 204082221//204082221 204278828//204278828 203885609//203885609
f 203885614//203885614 204278826//204278826 203951151//203951151
f 204016686//204016686 204409904//204409904 204082218//204082218
f 204278831//204278831 204409905//204409905 204278833//204278833
f 204475439//204475439 204606514//204606514 204475442//204475442
f 204475443//204475443 204737588//204737588 204672051//204672051
f 204803120//204803120 204672049//204672049 204803121//204803121
f 204082224//204082224 204868663//204868663 204409910//204409910
f 204934189//204934189 204082219//204082219 204868665//204868665
f 204934187//204934187 205065273//205065273 204213304//204213304
f 204213306//204213306 204934203//204934203 204999740//204999740
f 205065272//205065272 204737596//204737596 205261876//205261876
f 204803124//204803124 205261886//205261886 205327412//205327412
f 205392951//205392951 205327414//205327414 205392950//205392950
f 204999735//204999735 204868672//204868672 205392960//205392960
f 205458495//205458495 204999745//204999745 205458498//205458498
f 205196345//205196345 205392962//205392962 205655105//205655105
f 205392958//205392958 205720643//205720643 205655102//205655102
f 205327421//205327421 205720644//205720644 205786179//205786179
f 205720637//205720637 205917254//205917254 205261877//205261877
f 205851709//205851709 205917255//205917255 204737608//204737608
f 205917257//205917257 205982790//205982790 206113863//206113863
f 206113865//206113865 205982791//205982791 206179402//206179402
f 206048330//206048330 206179404//206179404 206310474//206310474
f 206244938//206244938 206179405//206179405 206376013//206376013
f 206310479//206310479 206376012//206376012 206507085//206507085
f 206507087//206507087 206376013//206376013 206572624//206572624
f 206441552//206441552 206703698//206703698 206507089//206507089
f 206638160//206638160 206703699//206703699 206769234//206769234
f 206834771//206834771 206703697//206703697 206900308//206900308
f 206834774//206834774 206900307//206900307 206834775//206834775
f 207096920//207096920 207031386//207031386 207096923//207096923
f 207293531//207293531 207227993//207227993 207359064//207359064
f 207424603//207424603 207424604//207424604 207293535//207293535
f 207555678//207555678 207555679//207555679 207490145//207490145
f 205130848//205130848 207228001//207228001 207424610//207424610
f 207424608//207424608 207752290//207752290 207555643//207555643
f 207686752//207686752 207752291//207752291 205130810//205130810
f 207359067//207359067 207228004//207228004 207686756//207686756
f 207686755//207686755 207883365//207883365 207817826//207817826
f 207752250//207752250 207752294//207752294 207948901//207948901
f 207948858//207948858 208014396//208014396 207359076//207359076
f 207817829//207817829 208014439//208014439 208079965//208079965
f 208079975//208079975 208014441//208014441 208211049//208211049
f 207883370//207883370 208211047//208211047 207883371//207883371
f 207883366//207883366 207948907//207948907 208342123//208342123
f 207948860//207948860 205196396//205196396 208407660//208407660
f 205589613//205589613 208407612//208407612 205589614//205589614
f 208604271//208604271 208538737//208538737 208604274//208604274
f 208604275//208604275 208866418//208866418 208538738//208538738
f 208735347//208735347 208931957//208931957 208800886//208800886
f 209063029//209063029 208866422//208866422 208735352//208735352
f 208735349//208735349 209194104//209194104 208931959//208931959
f 209128565//209128565 209194105//209194105 209063034//209063034
f 209325177//209325177 208866426//208866426 209128572//209128572
f 209194108//209194108 208866424//208866424 209390717//209390717
f 209521785//209521785 209390715//209390715 209194110//209194110
f 209587326//209587326 209456251//209456251 209390720//209390720
f 209521792//209521792 209456252//209456252 209652865//209652865
f 209783934//209783934 209652863//209652863 209521794//209521794
f 209849474//209849474 209915007//209915007 209718400//209718400
f 209652866//209652866 209915012//209915012 209980545//209980545
f 210046082//210046082 210046083//210046083 209849479//209849479
f 209915016//209915016 210177157//210177157 210242693//210242693
f 210177162//210177162 209783945//209783945 210373764//210373764
f 209783942//209783942 210373771//210373771 210177156//210177156
f 210439306//210439306 210504840//210504840 210308236//210308236
f 210177163//210177163 210439310//210439310 210177166//210177166
f 210373766//210373766 210635919//210635919 210570379//210570379
f 210701446//210701446 210766983//210766983 210635910//210635910
f 210701457//210701457 210832518//210832518 210701447//210701447
f 210898066//210898066 210963591//210963591 210766992//210766992
f 210832532//210832532 210504848//210504848 210439317//210439317
f 211094668//211094668 211029134//211029134 210439318//210439318
f 210570383//210570383 211094679//211094679 210570391//210570391
f 211225743//211225743 210635921//210635921 211225751//211225751
f 211291281//211291281 210766996//210766996 211291288//211291288
f 211029146//211029146 211356813//211356813 211422349//211422349
f 211487899//211487899 211422362//211422362 211487901//211487901
f 211618973//211618973 211553436//211553436 211618975//211618975
f 211750047//211750047 211684510//211684510 211750049//211750049
f 211750050//211750050 211881121//211881121 211946657//211946657
f 211881124//211881124 212012195//212012195 212077731//212077731
f 212012194//212012194 211881126//211881126 212208806//212208806
f 211881120//211881120 211750055//211750055 212274343//212274343
f 211618984//211618984 212274336//212274336 211618985//211618985
f 211487913//211487913 212339870//212339870 211487914//211487914
f 211356842//211356842 212405404//212405404 211356843//211356843
f 211356821//211356821 211029163//211029163 212536491//212536491
f 212536493//212536493 211029163//211029163 211094700//211094700
f 212667565//212667565 212536492//212536492 211094703//211094703
f 212667564//212667564 212733103//212733103 212798638//212798638
f 212733078//212733078 212733079//212733079 212864176//212864176
f 212733079//212733079 211160241//211160241 211225777//211225777
f 212864152//212864152 211225778//211225778 211291314//211291314
f 212995250//212995250 212929689//212929689 212995252//212995252
f 211291317//211291317 213126323//213126323 211291284//211291284
f 210963638//210963638 213191861//213191861 210963639//210963639
f 213191863//213191863 210832568//210832568 213257364//213257364
f 213322935//213322935 213388473//213388473 213454008//213454008
f 213257362//213257362 213388475//213388475 213257403//213257403
f 210832531//210832531 213388475//213388475 213585082//213585082
f 213585085//213585085 213650618//213650618 213585086//213585086
f 213519507//213519507 213847231//213847231 213781651//213781651
f 213781696//213781696 213388481//213388481 213519554//213519554
f 213388482//213388482 213781692//213781692 213978299//213978299
f 213585091//213585091 213978302//213978302 214043836//214043836
f 213716163//213716163 214174916//214174916 214109379//214109379
f 213781697//213781697 213781702//213781702 214240450//214240450
f 214240451//214240451 213912770//213912770 214305990//214305990
f 214371526//214371526 214174919//214174919 214371529//214371529
f 214502595//214502595 214174918//214174918 214043850//214043850
f 214502598//214502598 214174920//214174920 214502600//214502600
f 214633675//214633675 214764749//214764749 214568140//214568140
f 214699211//214699211 214830287//214830287 214895821//214895821
f 214895823//214895823 215026897//215026897 214961359//214961359
f 215092434//215092434 215092431//215092431 214830283//214830283
f 215157971//215157971 214568139//214568139 215223508//215223508
f 214568142//214568142 215289046//215289046 215223499//215223499
f 215289038//215289038 214764759//214764759 215420119//215420119
f 215354584//215354584 215420121//215420121 215551193//215551193
f 215616729//215616729 215223514//215223514 215289052//215289052
f 215223516//215223516 215289053//215289053 215354590//215354590
f 215485662//215485662 215289047//215289047 215878876//215878876
f 215878870//215878870 215682270//215682270 215944413//215944413
f 215682271//215682271 216009952//216009952 215747808//215747808
f 216075489//216075489 216141024//216141024 216009954//216009954
f 216206563//216206563 215878882//215878882 216272096//216272096
f 216272098//216272098 216206560//216206560 216075494//216075494
f 216337634//216337634 216206565//216206565 216337639//216337639
f 216468711//216468711 216337638//216337638 216272104//216272104
f 216534247//216534247 216534248//216534248 216468714//216468714
f 216665317//216665317 215813343//215813343 216665311//216665311
f 216468709//216468709 216468715//216468715 216730858//216730858
f 216730856//216730856 216796395//216796395 216599788//216599788
f 216861933//216861933 215813356//215813356 216927467//216927467
f 216665327//216665327 215813356//215813356 215485679//215485679
f 216730864//216730864 216927470//216927470 216993004//216993004
f 216861936//216861936 217124081//217124081 217058544//217058544
f 217189615//217189615 215485657//215485657 215616755//215616755
f 217255154//217255154 217255152//217255152 217320690//217320690
f 217386224//217386224 216927471//216927471 217189622//217189622
f 217255152//217255152 217451766//217451766 217189595//217189595
f 217451766//217451766 217386227//217386227 217451764//217451764
f 217320692//217320692 217451767//217451767 215616760//215616760
f 217451769//217451769 217582837//217582837 217451768//217451768
f 217713914//217713914 217844988//217844988 217779450//217779450
f 217910522//217910522 217844987//217844987 217648383//217648383
f 217910528//217910528 218041594//218041594 217976058//217976058
f 218107136//218107136 218041598//218041598 218172671//218172671
f 218107139//218107139 218303744//218303744 218172672//218172672
f 218041603//218041603 218303748//218303748 218369282//218369282
f 218238214//218238214 218500356//218500356 218369284//218369284
f 218303750//218303750 218500359//218500359 218565893//218565893
f 218434825//218434825 218565895//218565895 218500362//218500362
f 218500361//218500361 218565898//218565898 218696971//218696971
f 218631436//218631436 218893578//218893578 218762506//218762506
f 218696972//218696972 218893581//218893581 218959115//218959115
f 218828047//218828047 219090189//219090189 218959117//218959117
f 218893583//218893583 219090193//219090193 218893585//218893585
f 219286802//219286802 219417876//219417876 219286804//219286804
f 219483413//219483413 219221268//219221268 219548948//219548948
f 219483412//219483412 219548952//219548952 219680020//219680020
f 219614484//219614484 219548953//219548953 219745561//219745561
f 219680027//219680027 219745560//219745560 219876633//219876633
f 219876635//219876635 219745561//219745561 219942172//219942172
f 219811100//219811100 219942174//219942174 220073244//220073244
f 220007708//220007708 219942175//219942175 220138783//220138783
f 220007711//220007711 220138785//220138785 220269855//220269855
f 220204319//220204319 220138786//220138786 220335394//220335394
f 220204322//220204322 220269860//220269860 220335397//220335397
f 220400930//220400930 220269862//220269862 220466470//220466470
f 220532007//220532007 220532004//220532004 220466472//220466472
f 220728615//220728615 220532006//220532006 220663081//220663081
f 220859690//220859690 220990764//220990764 220794155//220794155
f 220794157//220794157 220990766//220990766 220859695//220859695
f 220925226//220925226 220794160//220794160 221056304//221056304
f 220925232//220925232 221318449//221318449 220990767//220990767
f 220990770//220990770 221318446//221318446 221121843//221121843
f 221252912//221252912 221187380//221187380 221056308//221056308
f 221252916//221252916 221580597//221580597 221318451//221318451
f 221318454//221318454 221580590//221580590 221383991//221383991
f 221515060//221515060 221449528//221449528 221056312//221056312
f 221515064//221515064 221842745//221842745 221580599//221580599
f 221056310//221056310 221711674//221711674 221056315//221056315
f 221777208//221777208 221056315//221056315 221842748//221842748
f 222039354//222039354 221973815//221973815 221842749//221842749
f 221777211//221777211 221973822//221973822 222039359//222039359
f 222104891//222104891 221908288//221908288 221056320//221056320
f 222104896//222104896 222367041//222367041 221973823//221973823
f 221973826//221973826 222367022//222367022 222170435//222170435
f 222301504//222301504 222235972//222235972 221056324//221056324
f 222301508//222301508 222629189//222629189 222367043//222367043
f 222367046//222367046 222629166//222629166 222432583//222432583
f 222563652//222563652 222498120//222498120 221056328//221056328
f 222563656//222563656 222891337//222891337 222629191//222629191
f 222629194//222629194 222760238//222760238 221056330//221056330
f 222825800//222825800 222891338//222891338 222694729//222694729
f 223022411//223022411 222956877//222956877 223153485//223153485
f 223219022//223219022 223153483//223153483 223284557//223284557
f 223022417//223022417 222956875//222956875 223350095//223350095
f 223415633//223415633 223153484//223153484 223481168//223481168
f 223219027//223219027 223481166//223481166 223546704//223546704
f 223415637//223415637 223350097//223350097 223612239//223612239
f 223677781//223677781 223481170//223481170 223743316//223743316
f 223219031//223219031 223743315//223743315 223808852//223808852
f 223677785//223677785 223612245//223612245 223874383//223874383
f 223939929//223939929 223743318//223743318 224005464//224005464
f 223219035//223219035 223874391//223874391 224070991//224070991
f 223939932//223939932 224005465//224005465 223219037//223219037
f 223808859//223808859 224005470//224005470 224136542//224136542
f 224267612//224267612 224136538//224136538 224333150//224333150
f 224267617//224267617 224071004//224071004 224398671//224398671
f 224464225//224464225 224136543//224136543 224529760//224529760
f 224136527//224136527 224529763//224529763 224595296//224595296
f 224464229//224464229 224398689//224398689 224660815//224660815
f 224726373//224726373 224529762//224529762 224791908//224791908
f 223219047//223219047 224791907//224791907 224857444//224857444
f 224726377//224726377 224660837//224660837 224922959//224922959
f 224988521//224988521 224791910//224791910 225054056//225054056
f 223219051//223219051 224922983//224922983 225054031//225054031
f 224857451//224857451 225054058//225054058 224922986//224922986
