# oo_tianzijian1 verts=952 tris=474
v -0.218174 1.034467 0.095157
v -0.217577 1.034314 0.095140
v -0.218314 1.028421 0.099257
v -0.216057 1.040254 0.089366
v -0.215490 1.040041 0.089483
v -0.217577 1.034314 0.095140
v -0.195418 1.037683 0.086793
v -0.195977 1.037602 0.087046
v -0.202285 1.042204 0.082002
v -0.193435 1.031384 0.092074
v -0.194033 1.031380 0.092205
v -0.195977 1.037602 0.087046
v -0.217653 1.015749 0.071048
v -0.219139 1.011697 0.075237
v -0.219843 1.006745 0.077581
v -0.204274 1.014082 0.069380
v -0.207366 1.016749 0.065402
v -0.202844 1.009666 0.073206
v -0.202844 1.002369 0.080503
v -0.202816 1.004624 0.075459
v -0.204274 0.998546 0.084916
v -0.217653 1.000214 0.086583
v -0.215064 0.995522 0.088549
v -0.219139 1.004399 0.082534
v -0.213700 1.052739 0.112641
v -0.215052 1.044328 0.114376
v -0.213971 1.048663 0.118710
v -0.214888 1.047972 0.107875
v -0.212872 1.053383 0.101705
v -0.211718 1.058009 0.106331
v -0.208263 1.058905 0.097071
v -0.207099 1.063574 0.101740
v -0.207099 1.063574 0.101740
v -0.195184 1.062061 0.100227
v -0.196341 1.057419 0.095585
v -0.208263 1.058905 0.097071
v -0.188961 1.049650 0.109552
v -0.188224 1.045448 0.115496
v -0.189303 1.041119 0.111167
v -0.190148 1.044889 0.104791
v -0.192226 1.050810 0.099132
v -0.191073 1.055436 0.103758
v -0.196341 1.057419 0.095585
v -0.195184 1.062061 0.100227
v -0.204649 1.058125 0.082781
v -0.204113 1.059782 0.083161
v -0.203391 1.059692 0.083071
v -0.203380 1.057967 0.082622
v -0.205177 1.057074 0.083006
v -0.203083 1.056813 0.082745
v -0.206156 1.054543 0.081752
v -0.203077 1.054159 0.081368
v -0.206880 1.053160 0.081657
v -0.202755 1.052646 0.081143
v -0.207887 1.052724 0.082488
v -0.201713 1.051955 0.081719
v -0.209197 1.051142 0.082193
v -0.200936 1.050112 0.081164
v -0.211096 1.049488 0.084053
v -0.199101 1.047993 0.082558
v -0.211995 1.048793 0.085885
v -0.197981 1.047047 0.084138
v -0.210950 1.048126 0.086292
v -0.215069 1.044568 0.092891
v -0.216855 1.044916 0.092989
v -0.199028 1.046640 0.084806
v -0.192408 1.035821 0.095723
v -0.215069 1.022843 0.114616
v -0.192633 1.041897 0.089970
v -0.194424 1.041995 0.090318
v -0.190437 1.035600 0.095453
v -0.217149 1.038904 0.098806
v -0.219120 1.039174 0.099027
v -0.220044 1.032795 0.102843
v -0.217990 1.032539 0.102587
v -0.217149 1.028759 0.108951
v -0.219120 1.028982 0.109220
v -0.216855 1.022938 0.114966
v -0.211995 1.015833 0.118845
v -0.192242 1.029330 0.099378
v -0.190187 1.029074 0.099122
v -0.190437 1.025407 0.105645
v -0.192408 1.025676 0.105868
v -0.199028 1.014757 0.116689
v -0.194424 1.020270 0.112043
v -0.192633 1.019920 0.111947
v -0.197981 1.014087 0.117098
v -0.210950 1.016243 0.118175
v -0.199101 1.012506 0.118045
v -0.211096 1.014001 0.119540
v -0.200936 1.011112 0.120164
v -0.209196 1.012142 0.121193
v -0.201713 1.011672 0.122001
v -0.207887 1.012442 0.122771
v -0.202755 1.011089 0.122700
v -0.206880 1.011603 0.123214
v -0.203077 1.011322 0.124205
v -0.206156 1.011706 0.124589
v -0.203083 1.012694 0.126865
v -0.205177 1.012955 0.127126
v -0.203380 1.012571 0.128019
v -0.204649 1.012729 0.128177
v -0.203391 1.013019 0.129744
v -0.204113 1.013109 0.129834
v -0.203380 1.057967 0.082622
v -0.203391 1.059692 0.083071
v -0.203175 1.060556 0.083934
v -0.202640 1.060936 0.085591
v -0.203083 1.056813 0.082745
v -0.202110 1.060715 0.086648
v -0.203077 1.054159 0.081368
v -0.201133 1.061959 0.089168
v -0.202755 1.052646 0.081143
v -0.200409 1.062062 0.090554
v -0.201713 1.051955 0.081719
v -0.199402 1.061228 0.090992
v -0.200936 1.050112 0.081164
v -0.198120 1.061415 0.092467
v -0.199101 1.047993 0.082558
v -0.196201 1.059625 0.094191
v -0.197981 1.047047 0.084138
v -0.195294 1.057826 0.094918
v -0.190436 1.050712 0.098784
v -0.192633 1.041897 0.089970
v -0.188176 1.044668 0.104521
v -0.190437 1.035600 0.095453
v -0.190187 1.029074 0.099122
v -0.187248 1.040863 0.110911
v -0.188176 1.034475 0.114713
v -0.190437 1.025407 0.105645
v -0.192633 1.019920 0.111947
v -0.190436 1.028734 0.120762
v -0.197981 1.014087 0.117098
v -0.195294 1.024866 0.127878
v -0.196201 1.024139 0.129677
v -0.199101 1.012506 0.118045
v -0.198119 1.022415 0.131467
v -0.200936 1.011112 0.120164
v -0.199402 1.020946 0.131275
v -0.201713 1.011672 0.122001
v -0.200409 1.020502 0.132114
v -0.202755 1.011089 0.122700
v -0.201133 1.019122 0.132005
v -0.203077 1.011322 0.124205
v -0.202110 1.016596 0.130767
v -0.203083 1.012694 0.126865
v -0.202640 1.015540 0.130988
v -0.203380 1.012571 0.128019
v -0.203175 1.013885 0.130605
v -0.203391 1.013019 0.129744
v -0.203898 1.060646 0.084024
v -0.202640 1.060936 0.085591
v -0.203175 1.060556 0.083934
v -0.203909 1.061094 0.085749
v -0.202110 1.060715 0.086648
v -0.204204 1.060977 0.086909
v -0.201133 1.061959 0.089168
v -0.204212 1.062343 0.089552
v -0.200409 1.062062 0.090554
v -0.204534 1.062576 0.091068
v -0.199402 1.061228 0.090992
v -0.205575 1.061998 0.091761
v -0.198120 1.061415 0.092467
v -0.206379 1.062445 0.093496
v -0.196201 1.059625 0.094191
v -0.208197 1.061120 0.095685
v -0.195294 1.057826 0.094918
v -0.209309 1.059573 0.096664
v -0.196341 1.057419 0.095585
v -0.208263 1.058905 0.097071
v -0.192226 1.050810 0.099132
v -0.214658 1.053730 0.101803
v -0.190436 1.050712 0.098784
v -0.212872 1.053383 0.101705
v -0.190148 1.044889 0.104791
v -0.188176 1.044668 0.104521
v -0.216860 1.048243 0.108096
v -0.214888 1.047972 0.107875
v -0.187248 1.040863 0.110911
v -0.189303 1.041119 0.111167
v -0.215052 1.044328 0.114376
v -0.217105 1.044584 0.114632
v -0.190148 1.034744 0.114936
v -0.188176 1.034475 0.114713
v -0.190436 1.028734 0.120762
v -0.192226 1.029085 0.120858
v -0.216860 1.038050 0.118288
v -0.214888 1.037828 0.118019
v -0.212872 1.031658 0.123431
v -0.214658 1.031753 0.123781
v -0.208263 1.027022 0.128954
v -0.195294 1.024866 0.127878
v -0.209308 1.026613 0.129624
v -0.196341 1.025536 0.127468
v -0.208197 1.025634 0.131172
v -0.196201 1.024139 0.129677
v -0.206379 1.023445 0.132496
v -0.198119 1.022415 0.131467
v -0.205575 1.021715 0.132044
v -0.199402 1.020946 0.131275
v -0.204534 1.021016 0.132628
v -0.200409 1.020502 0.132114
v -0.204212 1.019506 0.132389
v -0.201133 1.019122 0.132005
v -0.204204 1.016857 0.131028
v -0.202110 1.016596 0.130767
v -0.203909 1.015698 0.131146
v -0.202640 1.015540 0.130988
v -0.203898 1.013975 0.130695
v -0.203175 1.013885 0.130605
v -0.203391 1.059692 0.083071
v -0.203898 1.060646 0.084024
v -0.203175 1.060556 0.083934
v -0.204113 1.059782 0.083161
v -0.203909 1.061094 0.085749
v -0.204649 1.058125 0.082781
v -0.204204 1.060977 0.086909
v -0.205177 1.057074 0.083006
v -0.204212 1.062343 0.089552
v -0.206156 1.054543 0.081752
v -0.204534 1.062576 0.091068
v -0.206880 1.053160 0.081657
v -0.205575 1.061998 0.091761
v -0.207887 1.052724 0.082488
v -0.206379 1.062445 0.093496
v -0.209197 1.051142 0.082193
v -0.208197 1.061120 0.095685
v -0.211096 1.049488 0.084053
v -0.209309 1.059573 0.096664
v -0.211995 1.048793 0.085885
v -0.214658 1.053730 0.101803
v -0.216855 1.044916 0.092989
v -0.216860 1.048243 0.108096
v -0.219120 1.039174 0.099027
v -0.217105 1.044584 0.114632
v -0.220044 1.032795 0.102843
v -0.219120 1.028982 0.109220
v -0.216860 1.038050 0.118288
v -0.216855 1.022938 0.114966
v -0.214658 1.031753 0.123781
v -0.211995 1.015833 0.118845
v -0.209308 1.026613 0.129624
v -0.211096 1.014001 0.119540
v -0.208197 1.025634 0.131172
v -0.209196 1.012142 0.121193
v -0.206379 1.023445 0.132496
v -0.207887 1.012442 0.122771
v -0.205575 1.021715 0.132044
v -0.206880 1.011603 0.123214
v -0.204534 1.021016 0.132628
v -0.206156 1.011706 0.124589
v -0.204212 1.019506 0.132389
v -0.205177 1.012955 0.127126
v -0.204204 1.016857 0.131028
v -0.204649 1.012729 0.128177
v -0.203909 1.015698 0.131146
v -0.204113 1.013109 0.129834
v -0.203898 1.013975 0.130695
v -0.203391 1.013019 0.129744
v -0.203175 1.013885 0.130605
v -0.213700 1.042594 0.122786
v -0.213971 1.048663 0.118710
v -0.215052 1.044328 0.114376
v -0.214888 1.037828 0.118019
v -0.212872 1.031658 0.123431
v -0.211718 1.036283 0.128056
v -0.208263 1.027022 0.128954
v -0.207099 1.031691 0.133623
v -0.207099 1.031691 0.133623
v -0.208263 1.027022 0.128954
v -0.196341 1.025536 0.127468
v -0.195184 1.030179 0.132110
v -0.188961 1.039505 0.119697
v -0.189303 1.041119 0.111167
v -0.188224 1.045448 0.115496
v -0.190148 1.034744 0.114936
v -0.192226 1.029085 0.120858
v -0.191073 1.033710 0.125483
v -0.196341 1.025536 0.127468
v -0.195184 1.030179 0.132110
v -0.185824 1.101685 0.143332
v -0.196055 1.060593 0.099932
v -0.206713 1.061916 0.101255
v -0.210943 1.056820 0.105479
v -0.199685 1.099103 0.149369
v -0.192873 1.126191 0.176933
v -0.179013 1.128669 0.171001
v -0.157174 1.217349 0.255175
v -0.167830 1.218678 0.256504
v -0.172332 1.212263 0.259865
v -0.174655 1.205042 0.264514
v -0.175327 1.198959 0.269007
v -0.195144 1.116822 0.186869
v -0.174655 1.194467 0.275089
v -0.172332 1.189814 0.282314
v -0.201953 1.089495 0.159543
v -0.212813 1.051692 0.111663
v -0.213039 1.047650 0.117698
v -0.192873 1.106887 0.196238
v -0.199685 1.079322 0.169150
v -0.212813 1.041611 0.121744
v -0.210943 1.035430 0.126869
v -0.206713 1.031208 0.131962
v -0.195903 1.074536 0.172993
v -0.196055 1.029886 0.130639
v -0.185824 1.073285 0.171732
v -0.192292 1.033106 0.124544
v -0.190283 1.038803 0.118936
v -0.189091 1.102210 0.199971
v -0.167830 1.186455 0.288727
v -0.179013 1.100954 0.198715
v -0.157174 1.185126 0.287398
v -0.173407 1.109528 0.188671
v -0.153681 1.187490 0.279989
v -0.152124 1.191659 0.272281
v -0.180209 1.082126 0.161491
v -0.189595 1.044701 0.114748
v -0.190283 1.048884 0.108855
v -0.173407 1.118623 0.179575
v -0.151876 1.196036 0.266084
v -0.152124 1.202234 0.261706
v -0.180209 1.091446 0.152172
v -0.192292 1.054495 0.103155
v -0.196055 1.060593 0.099932
v -0.185824 1.101685 0.143332
v -0.179013 1.128669 0.171001
v -0.153681 1.209939 0.257541
v -0.157174 1.217349 0.255175
v -0.168064 1.220302 0.255963
v -0.172908 1.213305 0.259405
v -0.167559 1.222327 0.257988
v -0.171128 1.220446 0.266545
v -0.175394 1.205562 0.264326
v -0.172774 1.216077 0.274841
v -0.176115 1.199057 0.269105
v -0.173069 1.211278 0.281326
v -0.175394 1.194276 0.275612
v -0.172774 1.204791 0.286127
v -0.172908 1.189355 0.283356
v -0.171128 1.196495 0.290496
v -0.168064 1.185912 0.290354
v -0.167559 1.187936 0.292379
v -0.168064 1.220302 0.255963
v -0.167559 1.222327 0.257988
v -0.156188 1.220909 0.256570
v -0.156693 1.218884 0.254546
v -0.156693 1.218884 0.254546
v -0.156188 1.220909 0.256570
v -0.151222 1.217965 0.264065
v -0.153002 1.210825 0.256925
v -0.148730 1.213081 0.271844
v -0.151350 1.202565 0.261329
v -0.148042 1.208159 0.278206
v -0.151088 1.195938 0.265986
v -0.148730 1.201795 0.283130
v -0.151350 1.191279 0.272615
v -0.151222 1.194014 0.288015
v -0.153002 1.186874 0.280875
v -0.156188 1.186519 0.290961
v -0.156693 1.184494 0.288936
v -0.156693 1.184494 0.288936
v -0.156188 1.186519 0.290961
v -0.167559 1.187936 0.292379
v -0.168064 1.185912 0.290354
v -0.208059 1.005575 0.102744
v -0.199717 1.029998 0.107353
v -0.204298 1.020662 0.117831
v -0.203783 1.014948 0.092304
v -0.199717 1.046186 0.091165
v -0.203783 1.031137 0.076116
v -0.208879 1.047328 0.092306
v -0.212332 1.032202 0.077181
v -0.204298 1.020662 0.117831
v -0.199717 1.029998 0.107353
v -0.208879 1.031139 0.108495
v -0.199717 1.046186 0.091165
v -0.208879 1.047328 0.092306
v -0.208059 1.005575 0.102744
v -0.204298 1.020662 0.117831
v -0.208879 1.031139 0.108495
v -0.212334 1.016015 0.093370
v -0.208879 1.047328 0.092306
v -0.212332 1.032202 0.077181
v -0.344159 0.461595 -0.445363
v -0.208059 1.006487 0.101831
v -0.211988 1.016078 0.093220
v -0.345161 0.472721 -0.450895
v -0.208059 1.006487 0.101831
v -0.344159 0.461595 -0.445363
v -0.341864 0.472310 -0.451306
v -0.204129 1.015098 0.092240
v -0.204129 1.015098 0.092240
v -0.341864 0.472310 -0.451306
v -0.344276 0.476950 -0.475297
v -0.204129 1.030747 0.076592
v -0.211987 1.031726 0.077571
v -0.204129 1.030747 0.076592
v -0.347573 0.477361 -0.474886
v -0.344276 0.476950 -0.475297
v -0.347991 0.468864 -0.483384
v -0.211987 1.031726 0.077571
v -0.347573 0.477361 -0.474886
v -0.345161 0.472721 -0.450895
v -0.211988 1.016078 0.093220
v -0.344159 0.461595 -0.445363
v -0.345161 0.472721 -0.450895
v -0.345602 0.464135 -0.459482
v -0.347573 0.477361 -0.474886
v -0.347991 0.468864 -0.483384
v -0.341864 0.472310 -0.451306
v -0.344159 0.461595 -0.445363
v -0.345602 0.464135 -0.459482
v -0.347991 0.468864 -0.483384
v -0.344276 0.476950 -0.475297
v -0.218174 1.034467 0.095157
v -0.216057 1.040254 0.089366
v -0.217577 1.034314 0.095140
v -0.217057 1.038947 0.099638
v -0.214977 1.044612 0.093722
v -0.209913 1.043493 0.082447
v -0.215490 1.040041 0.089483
v -0.209670 1.043124 0.082922
v -0.210856 1.048175 0.087128
v -0.209083 1.045059 0.089746
v -0.211906 1.041292 0.096243
v -0.213429 1.037140 0.100541
v -0.217897 1.032588 0.103424
v -0.214137 1.032119 0.102955
v -0.217057 1.028803 0.109782
v -0.218914 1.028507 0.099343
v -0.218314 1.028421 0.099257
v -0.210856 1.048175 0.087128
v -0.200722 1.044017 0.088704
v -0.198935 1.046689 0.085643
v -0.202083 1.042517 0.081471
v -0.209913 1.043493 0.082447
v -0.209670 1.043124 0.082922
v -0.202285 1.042204 0.082002
v -0.198935 1.046689 0.085643
v -0.197406 1.039485 0.094436
v -0.194332 1.042039 0.091149
v -0.202083 1.042517 0.081471
v -0.195940 1.034961 0.098361
v -0.195418 1.037683 0.086793
v -0.202285 1.042204 0.082002
v -0.192316 1.035864 0.096554
v -0.195906 1.029847 0.100683
v -0.193435 1.031384 0.092074
v -0.195977 1.037602 0.087046
v -0.192149 1.029379 0.100214
v -0.195940 1.027525 0.105796
v -0.192316 1.025719 0.106699
v -0.193162 1.025298 0.096133
v -0.194033 1.031380 0.092205
v -0.192316 1.025719 0.106699
v -0.197406 1.023603 0.110318
v -0.194332 1.020313 0.112874
v -0.200722 1.017870 0.114851
v -0.198935 1.014806 0.117526
v -0.202083 1.010634 0.113354
v -0.195417 1.015957 0.108518
v -0.195977 1.016211 0.108437
v -0.202285 1.011165 0.113041
v -0.194033 1.021372 0.102213
v -0.193435 1.021239 0.102219
v -0.192149 1.029379 0.100214
v -0.193770 1.025362 0.096198
v -0.193162 1.025298 0.096133
v -0.194033 1.031380 0.092205
v -0.198935 1.014806 0.117526
v -0.209081 1.018912 0.115893
v -0.210856 1.016292 0.119011
v -0.202083 1.010634 0.113354
v -0.209913 1.011610 0.114330
v -0.202285 1.011165 0.113041
v -0.209670 1.012086 0.113961
v -0.210856 1.016292 0.119011
v -0.211906 1.025410 0.112125
v -0.214977 1.022886 0.115447
v -0.209913 1.011610 0.114330
v -0.213429 1.029705 0.107976
v -0.216057 1.018527 0.111093
v -0.209670 1.012086 0.113961
v -0.215490 1.018646 0.110878
v -0.217057 1.028803 0.109782
v -0.218174 1.024323 0.105302
v -0.217897 1.032588 0.103424
v -0.217577 1.024303 0.105151
v -0.218914 1.028507 0.099343
v -0.218314 1.028421 0.099257
v -0.217031 1.033860 0.083302
v -0.209670 1.043124 0.082922
v -0.210970 1.037910 0.077708
v -0.215490 1.040041 0.089483
v -0.219046 1.028419 0.089245
v -0.217577 1.034314 0.095140
v -0.219550 1.023461 0.094296
v -0.218314 1.028421 0.099257
v -0.219046 1.018408 0.099256
v -0.217577 1.024303 0.105151
v -0.217031 1.012465 0.104697
v -0.215490 1.018646 0.110878
v -0.210970 1.006871 0.108747
v -0.209670 1.012086 0.113961
v -0.203585 1.005950 0.107826
v -0.202285 1.011165 0.113041
v -0.197517 1.010036 0.102263
v -0.195977 1.016211 0.108437
v -0.195502 1.015478 0.096319
v -0.194033 1.021372 0.102213
v -0.195006 1.020402 0.091237
v -0.193770 1.025362 0.096198
v -0.195502 1.025485 0.086311
v -0.194033 1.031380 0.092205
v -0.197517 1.031427 0.080872
v -0.195977 1.037602 0.087046
v -0.203585 1.036989 0.076787
v -0.202285 1.042204 0.082002
v -0.210970 1.037910 0.077708
v -0.209670 1.043124 0.082922
v -0.208267 1.018210 0.058008
v -0.240339 0.889544 -0.070658
v -0.247729 0.890443 -0.069759
v -0.202199 1.012643 0.062087
v -0.200184 1.006701 0.067527
v -0.234279 0.883943 -0.066612
v -0.232264 0.878002 -0.061173
v -0.199687 1.001623 0.072458
v -0.200184 0.996694 0.077535
v -0.231770 0.872913 -0.056252
v -0.232264 0.867994 -0.051165
v -0.202199 0.991252 0.083478
v -0.208267 0.987172 0.089047
v -0.234279 0.862552 -0.045221
v -0.240339 0.858505 -0.039619
v -0.215651 0.988092 0.089968
v -0.221713 0.993681 0.085913
v -0.247729 0.859404 -0.038721
v -0.253788 0.865003 -0.042765
v -0.255803 0.870946 -0.048206
v -0.256303 0.876015 -0.053150
v -0.224231 1.004681 0.075517
v -0.223728 0.999624 0.080472
v -0.255803 0.880958 -0.058217
v -0.253788 0.886398 -0.064160
v -0.221713 1.015076 0.064518
v -0.223728 1.009635 0.070461
v -0.215651 1.019131 0.058929
v -0.247729 0.890443 -0.069759
v -0.253788 0.886398 -0.064160
v -0.208267 1.018210 0.058008
v -0.215651 1.019131 0.058929
v -0.252565 0.840489 -0.119714
v -0.345040 0.469466 -0.490737
v -0.352401 0.470478 -0.489725
v -0.246501 0.834910 -0.115646
v -0.244486 0.828968 -0.110206
v -0.338951 0.463978 -0.486578
v -0.336960 0.457944 -0.481231
v -0.243986 0.823901 -0.105264
v -0.244486 0.818961 -0.100199
v -0.336439 0.452969 -0.476196
v -0.336960 0.447937 -0.471223
v -0.246501 0.813519 -0.094255
v -0.252565 0.809450 -0.088675
v -0.338951 0.442587 -0.465187
v -0.345040 0.438427 -0.459699
v -0.259950 0.810371 -0.087754
v -0.266015 0.815948 -0.091820
v -0.352401 0.439439 -0.458686
v -0.358466 0.445017 -0.462752
v -0.360506 0.450869 -0.468284
v -0.360981 0.456029 -0.473136
v -0.268530 0.826960 -0.102205
v -0.268030 0.821891 -0.097261
v -0.360506 0.460880 -0.478295
v -0.358466 0.466412 -0.484147
v -0.266015 0.837343 -0.113215
v -0.268030 0.831902 -0.107272
v -0.259950 0.841410 -0.118793
v -0.352401 0.470478 -0.489725
v -0.358466 0.466412 -0.484147
v -0.252565 0.840489 -0.119714
v -0.259950 0.841410 -0.118793
v -0.194405 1.020327 0.091162
v -0.194909 1.015334 0.096314
v -0.199086 1.001548 0.072383
v -0.199591 0.996550 0.077530
v -0.196961 1.009796 0.102365
v -0.201643 0.991014 0.083578
v -0.203393 1.005548 0.108181
v -0.208073 0.986769 0.089401
v -0.211164 1.006517 0.109149
v -0.215844 0.987738 0.090370
v -0.217584 1.012368 0.104932
v -0.222267 0.993581 0.086150
v -0.219642 1.018416 0.099397
v -0.224324 0.999631 0.080613
v -0.220153 1.023536 0.094371
v -0.224834 1.004757 0.075592
v -0.219642 1.028561 0.089252
v -0.224324 1.009777 0.070467
v -0.217584 1.034098 0.083202
v -0.222267 1.015312 0.064420
v -0.211164 1.038313 0.077354
v -0.215844 1.019533 0.058575
v -0.203393 1.037344 0.076385
v -0.208073 1.018564 0.057606
v -0.196961 1.031526 0.080634
v -0.201643 1.012742 0.061850
v -0.194909 1.025479 0.086169
v -0.199591 1.006695 0.067385
v -0.194405 1.020327 0.091162
v -0.199086 1.001548 0.072383
v -0.256906 0.876090 -0.053075
v -0.256398 0.881100 -0.058210
v -0.254341 0.886636 -0.064260
v -0.266569 0.837581 -0.113315
v -0.247921 0.890845 -0.070114
v -0.240145 0.889898 -0.071061
v -0.260143 0.841812 -0.119147
v -0.268626 0.832044 -0.107266
v -0.252373 0.840843 -0.120116
v -0.233723 0.884043 -0.066850
v -0.231671 0.877995 -0.061315
v -0.245945 0.835009 -0.115883
v -0.243893 0.828962 -0.110348
v -0.231168 0.872838 -0.056327
v -0.269133 0.827035 -0.102130
v -0.254341 0.864906 -0.042530
v -0.256398 0.870954 -0.048065
v -0.268626 0.821898 -0.097120
v -0.266569 0.815849 -0.091583
v -0.260143 0.810017 -0.087352
v -0.252373 0.809048 -0.088320
v -0.247921 0.859050 -0.038318
v -0.240145 0.858103 -0.039265
v -0.245945 0.813281 -0.094155
v -0.243893 0.818817 -0.100203
v -0.233723 0.862310 -0.045118
v -0.231671 0.867851 -0.051170
v -0.243385 0.823826 -0.105339
v -0.243385 0.823826 -0.105339
v -0.243893 0.828962 -0.110348
v -0.231671 0.867851 -0.051170
v -0.231168 0.872838 -0.056327
v -0.195940 1.027525 0.105796
v -0.195906 1.029847 0.100683
v -0.202844 1.002369 0.080503
v -0.202816 1.004624 0.075459
v -0.195940 1.034961 0.098361
v -0.202844 1.009666 0.073206
v -0.197406 1.039485 0.094436
v -0.204274 1.014082 0.069380
v -0.200722 1.044017 0.088704
v -0.207366 1.016749 0.065402
v -0.209083 1.045059 0.089746
v -0.215064 1.017709 0.066362
v -0.211906 1.041292 0.096243
v -0.217653 1.015749 0.071048
v -0.213429 1.037140 0.100541
v -0.219139 1.011697 0.075237
v -0.214137 1.032119 0.102955
v -0.219843 1.006745 0.077581
v -0.213429 1.029705 0.107976
v -0.219139 1.004399 0.082534
v -0.211906 1.025410 0.112125
v -0.217653 1.000214 0.086583
v -0.209081 1.018912 0.115893
v -0.215064 0.995522 0.088549
v -0.200722 1.017870 0.114851
v -0.207366 0.994562 0.087589
v -0.197406 1.023603 0.110318
v -0.204274 0.998546 0.084916
v -0.195940 1.027525 0.105796
v -0.202844 1.002369 0.080503
v -0.215064 1.017709 0.066362
v -0.217653 1.015749 0.071048
v -0.207366 1.016749 0.065402
v -0.202844 1.009666 0.073206
v -0.202844 1.009666 0.073206
v -0.217653 1.015749 0.071048
v -0.219843 1.006745 0.077581
v -0.202816 1.004624 0.075459
v -0.219139 1.004399 0.082534
v -0.204274 0.998546 0.084916
v -0.207366 0.994562 0.087589
v -0.204274 0.998546 0.084916
v -0.215064 0.995522 0.088549
v -0.219139 1.004399 0.082534
v -0.345040 0.469466 -0.490737
v -0.338951 0.463978 -0.486578
v -0.344356 0.460727 -0.489829
v -0.347281 0.463714 -0.490657
v -0.352401 0.470478 -0.489725
v -0.351668 0.464349 -0.490023
v -0.358466 0.466412 -0.484147
v -0.354958 0.462050 -0.488509
v -0.360506 0.460880 -0.478295
v -0.342227 0.453881 -0.485294
v -0.336960 0.457944 -0.481231
v -0.357519 0.455788 -0.483387
v -0.360981 0.456029 -0.473136
v -0.358141 0.450598 -0.478568
v -0.360506 0.450869 -0.468284
v -0.341731 0.448552 -0.480614
v -0.336439 0.452969 -0.476196
v -0.342227 0.443874 -0.475286
v -0.336960 0.447937 -0.471223
v -0.357519 0.445777 -0.473376
v -0.358466 0.445017 -0.462752
v -0.354957 0.440655 -0.467114
v -0.352401 0.439439 -0.458686
v -0.344356 0.439336 -0.468438
v -0.338951 0.442587 -0.465187
v -0.351667 0.439139 -0.464813
v -0.345040 0.438427 -0.459699
v -0.347281 0.438504 -0.465447
v -0.252565 0.840489 -0.119714
v -0.259950 0.841410 -0.118793
v -0.252373 0.840843 -0.120116
v -0.245945 0.835009 -0.115883
v -0.260143 0.841812 -0.119147
v -0.246501 0.834910 -0.115646
v -0.266015 0.837343 -0.113215
v -0.243893 0.828962 -0.110348
v -0.266569 0.837581 -0.113315
v -0.244486 0.828968 -0.110206
v -0.268030 0.831902 -0.107272
v -0.243385 0.823826 -0.105339
v -0.268626 0.832044 -0.107266
v -0.243986 0.823901 -0.105264
v -0.268530 0.826960 -0.102205
v -0.243893 0.818817 -0.100203
v -0.269133 0.827035 -0.102130
v -0.244486 0.818961 -0.100199
v -0.268030 0.821891 -0.097261
v -0.245945 0.813281 -0.094155
v -0.268626 0.821898 -0.097120
v -0.246501 0.813519 -0.094255
v -0.266015 0.815948 -0.091820
v -0.252373 0.809048 -0.088320
v -0.266569 0.815849 -0.091583
v -0.252565 0.809450 -0.088675
v -0.259950 0.810371 -0.087754
v -0.260143 0.810017 -0.087352
v -0.240339 0.889544 -0.070658
v -0.234279 0.883943 -0.066612
v -0.240145 0.889898 -0.071061
v -0.247921 0.890845 -0.070114
v -0.233723 0.884043 -0.066850
v -0.247729 0.890443 -0.069759
v -0.232264 0.878002 -0.061173
v -0.254341 0.886636 -0.064260
v -0.231671 0.877995 -0.061315
v -0.253788 0.886398 -0.064160
v -0.231770 0.872913 -0.056252
v -0.256398 0.881100 -0.058210
v -0.231168 0.872838 -0.056327
v -0.255803 0.880958 -0.058217
v -0.232264 0.867994 -0.051165
v -0.256906 0.876090 -0.053075
v -0.231671 0.867851 -0.051170
v -0.256303 0.876015 -0.053150
v -0.234279 0.862552 -0.045221
v -0.256398 0.870954 -0.048065
v -0.233723 0.862310 -0.045118
v -0.255803 0.870946 -0.048206
v -0.240339 0.858505 -0.039619
v -0.254341 0.864906 -0.042530
v -0.240145 0.858103 -0.039265
v -0.253788 0.865003 -0.042765
v -0.247729 0.859404 -0.038721
v -0.247921 0.859050 -0.038318
v -0.208267 1.018210 0.058008
v -0.215651 1.019131 0.058929
v -0.208073 1.018564 0.057606
v -0.201643 1.012742 0.061850
v -0.215844 1.019533 0.058575
v -0.202199 1.012643 0.062087
v -0.221713 1.015076 0.064518
v -0.199591 1.006695 0.067385
v -0.222267 1.015312 0.064420
v -0.200184 1.006701 0.067527
v -0.223728 1.009635 0.070461
v -0.199086 1.001548 0.072383
v -0.224324 1.009777 0.070467
v -0.199687 1.001623 0.072458
v -0.224231 1.004681 0.075517
v -0.199591 0.996550 0.077530
v -0.224834 1.004757 0.075592
v -0.200184 0.996694 0.077535
v -0.223728 0.999624 0.080472
v -0.201643 0.991014 0.083578
v -0.224324 0.999631 0.080613
v -0.202199 0.991252 0.083478
v -0.221713 0.993681 0.085913
v -0.208073 0.986769 0.089401
v -0.222267 0.993581 0.086150
v -0.208267 0.987172 0.089047
v -0.215651 0.988092 0.089968
v -0.215844 0.987738 0.090370
v -0.203585 1.036989 0.076787
v -0.197517 1.031427 0.080872
v -0.203393 1.037344 0.076385
v -0.211164 1.038313 0.077354
v -0.196961 1.031526 0.080634
v -0.210970 1.037910 0.077708
v -0.195502 1.025485 0.086311
v -0.217584 1.034098 0.083202
v -0.194909 1.025479 0.086169
v -0.217031 1.033860 0.083302
v -0.195006 1.020402 0.091237
v -0.219642 1.028561 0.089252
v -0.194405 1.020327 0.091162
v -0.219046 1.028419 0.089245
v -0.195502 1.015478 0.096319
v -0.220153 1.023536 0.094371
v -0.194909 1.015334 0.096314
v -0.219550 1.023461 0.094296
v -0.197517 1.010036 0.102263
v -0.219642 1.018416 0.099397
v -0.196961 1.009796 0.102365
v -0.219046 1.018408 0.099256
v -0.203585 1.005950 0.107826
v -0.217584 1.012368 0.104932
v -0.203393 1.005548 0.108181
v -0.217031 1.012465 0.104697
v -0.210970 1.006871 0.108747
v -0.211164 1.006517 0.109149
v -0.212334 1.016015 0.093370
v -0.212332 1.032202 0.077181
v -0.211988 1.016078 0.093220
v -0.208059 1.006487 0.101831
v -0.211987 1.031726 0.077571
v -0.208059 1.005575 0.102744
v -0.203783 1.031137 0.076116
v -0.204129 1.015098 0.092240
v -0.204129 1.030747 0.076592
v -0.203783 1.014948 0.092304
v -0.171128 1.196495 0.290496
v -0.167559 1.187936 0.292379
v -0.164406 1.193519 0.293555
v -0.166639 1.198500 0.292501
v -0.172774 1.204791 0.286127
v -0.157518 1.192661 0.292696
v -0.156188 1.186519 0.290961
v -0.154470 1.196983 0.290984
v -0.151222 1.194014 0.288015
v -0.168519 1.206678 0.288014
v -0.173069 1.211278 0.281326
v -0.151809 1.204596 0.285931
v -0.148730 1.201795 0.283130
v -0.151108 1.210848 0.280896
v -0.148042 1.208159 0.278206
v -0.168887 1.213064 0.283112
v -0.172774 1.216077 0.274841
v -0.168519 1.217964 0.276728
v -0.171128 1.220446 0.266545
v -0.151809 1.215882 0.274645
v -0.148730 1.213081 0.271844
v -0.154470 1.220934 0.267033
v -0.151222 1.217965 0.264065
v -0.166639 1.222451 0.268551
v -0.167559 1.222327 0.257988
v -0.157518 1.222650 0.262707
v -0.156188 1.220909 0.256570
v -0.164405 1.223509 0.263566
v -0.172332 1.189814 0.282314
v -0.167830 1.186455 0.288727
v -0.172908 1.189355 0.283356
v -0.175394 1.194276 0.275612
v -0.168064 1.185912 0.290354
v -0.174655 1.194467 0.275089
v -0.157174 1.185126 0.287398
v -0.176115 1.199057 0.269105
v -0.156693 1.184494 0.288936
v -0.175327 1.198959 0.269007
v -0.153681 1.187490 0.279989
v -0.175394 1.205562 0.264326
v -0.153002 1.186874 0.280875
v -0.174655 1.205042 0.264514
v -0.152124 1.191659 0.272281
v -0.172908 1.213305 0.259405
v -0.151350 1.191279 0.272615
v -0.172332 1.212263 0.259865
v -0.151876 1.196036 0.266084
v -0.168064 1.220302 0.255963
v -0.151088 1.195938 0.265986
v -0.167830 1.218678 0.256504
v -0.152124 1.202234 0.261706
v -0.156693 1.218884 0.254546
v -0.151350 1.202565 0.261329
v -0.157174 1.217349 0.255175
v -0.153681 1.209939 0.257541
v -0.153002 1.210825 0.256925
v -0.191073 1.033710 0.125483
v -0.188961 1.039505 0.119697
v -0.191743 1.033874 0.125431
v -0.195622 1.030561 0.131704
v -0.195184 1.030179 0.132110
v -0.189694 1.039621 0.119774
v -0.188224 1.045448 0.115496
v -0.206697 1.031947 0.133089
v -0.207099 1.031691 0.133623
v -0.188990 1.045544 0.115591
v -0.188961 1.049650 0.109552
v -0.211059 1.036282 0.127838
v -0.211718 1.036283 0.128056
v -0.189694 1.049724 0.109672
v -0.191073 1.055436 0.103758
v -0.212962 1.042521 0.122674
v -0.213700 1.042594 0.122786
v -0.191743 1.055378 0.103928
v -0.195184 1.062061 0.100227
v -0.213206 1.048567 0.118615
v -0.213971 1.048663 0.118710
v -0.195622 1.061657 0.100607
v -0.207099 1.063574 0.101740
v -0.212962 1.052624 0.112571
v -0.213700 1.052739 0.112641
v -0.206697 1.063043 0.101993
v -0.211718 1.058009 0.106331
v -0.211059 1.057785 0.106335
v -0.189912 1.048850 0.108797
v -0.191959 1.054514 0.103064
v -0.195836 1.060799 0.099749
v -0.206912 1.062180 0.101129
v -0.211274 1.056921 0.105471
v -0.213180 1.051749 0.111697
v -0.189212 1.044653 0.114700
v -0.213423 1.047698 0.117746
v -0.189912 1.038747 0.118900
v -0.213180 1.041647 0.121800
v -0.191959 1.033011 0.124567
v -0.211274 1.035418 0.126975
v -0.195836 1.029703 0.130845
v -0.206912 1.031083 0.132226
v -0.190283 1.038803 0.118936
v -0.192292 1.033106 0.124544
v -0.189595 1.044701 0.114748
v -0.196055 1.029886 0.130639
v -0.206713 1.031208 0.131962
v -0.190283 1.048884 0.108855
v -0.210943 1.035430 0.126869
v -0.212813 1.041611 0.121744
v -0.192292 1.054495 0.103155
v -0.213039 1.047650 0.117698
v -0.196055 1.060593 0.099932
v -0.212813 1.051692 0.111663
v -0.206713 1.061916 0.101255
v -0.210943 1.056820 0.105479
vt 0.174927 0.148926
vt 0.245239 0.236328
vt 0.244263 0.224609
vt 0.173950 0.120117
vt 0.248901 0.249023
vt 0.245239 0.236328
vt 0.173950 0.120117
vt 0.286621 0.249023
vt 0.278809 0.260254
vt 0.174927 0.148926
vt 0.290527 0.236328
vt 0.286621 0.249023
vt 0.356445 0.345215
vt 0.359375 0.375000
vt 0.389648 0.398438
vt 0.356445 0.345215
vt 0.378418 0.319824
vt 0.359375 0.375000
vt 0.359375 0.375000
vt 0.389648 0.398438
vt 0.356445 0.345215
vt 0.356445 0.345215
vt 0.378418 0.319824
vt 0.359375 0.375000
vt 0.108215 0.148926
vt 0.110718 0.171875
vt 0.104736 0.171875
vt 0.117126 0.148926
vt 0.117737 0.120117
vt 0.109192 0.120117
vt 0.113037 0.095215
vt 0.105347 0.095215
vt 0.104309 0.087402
vt 0.104309 0.087402
vt 0.115234 0.087402
vt 0.115234 0.087402
vt 0.108215 0.148926
vt 0.104736 0.171875
vt 0.110718 0.171875
vt 0.117126 0.148926
vt 0.117737 0.120117
vt 0.109192 0.120117
vt 0.113037 0.095215
vt 0.105347 0.095215
vt 0.141235 0.922119
vt 0.142456 0.926453
vt 0.145874 0.926453
vt 0.147217 0.922119
vt 0.139160 0.917786
vt 0.149170 0.917786
vt 0.136841 0.913391
vt 0.151489 0.913391
vt 0.134399 0.909058
vt 0.153931 0.909058
vt 0.129517 0.904724
vt 0.158813 0.904724
vt 0.124573 0.900391
vt 0.163818 0.900391
vt 0.115723 0.888428
vt 0.172607 0.888428
vt 0.110901 0.879883
vt 0.177490 0.879883
vt 0.115906 0.876221
vt 0.095215 0.841675
vt 0.086731 0.842529
vt 0.172485 0.876221
vt 0.202881 0.802368
vt 0.095215 0.694092
vt 0.201660 0.842529
vt 0.193237 0.841675
vt 0.212280 0.802490
vt 0.085510 0.802368
vt 0.076111 0.802490
vt 0.073303 0.767944
vt 0.083069 0.767944
vt 0.085510 0.733398
vt 0.076111 0.733154
vt 0.086731 0.693115
vt 0.110901 0.656006
vt 0.205322 0.767944
vt 0.215088 0.767944
vt 0.212280 0.733154
vt 0.202881 0.733398
vt 0.172485 0.659668
vt 0.193237 0.694092
vt 0.201660 0.693115
vt 0.177490 0.656006
vt 0.115906 0.659668
vt 0.172607 0.647461
vt 0.115723 0.647461
vt 0.163818 0.635498
vt 0.124573 0.635498
vt 0.158813 0.631104
vt 0.129517 0.631104
vt 0.153931 0.626709
vt 0.134399 0.626709
vt 0.151489 0.622314
vt 0.136841 0.622314
vt 0.149170 0.617920
vt 0.139160 0.617920
vt 0.147217 0.613770
vt 0.141235 0.613770
vt 0.145874 0.609375
vt 0.142456 0.609375
vt 0.137329 0.897156
vt 0.142578 0.900818
vt 0.146973 0.900818
vt 0.152222 0.897156
vt 0.135010 0.893433
vt 0.154663 0.893433
vt 0.125122 0.889771
vt 0.164429 0.889771
vt 0.121094 0.886108
vt 0.168457 0.886108
vt 0.121460 0.882385
vt 0.168091 0.882385
vt 0.116028 0.878723
vt 0.172974 0.878723
vt 0.115417 0.868530
vt 0.173950 0.868530
vt 0.117615 0.861328
vt 0.171875 0.861328
vt 0.166992 0.829712
vt 0.122559 0.829712
vt 0.167603 0.795776
vt 0.121887 0.795776
vt 0.115051 0.766357
vt 0.174438 0.766357
vt 0.167603 0.737061
vt 0.121887 0.737061
vt 0.122559 0.703125
vt 0.166992 0.703125
vt 0.117615 0.671387
vt 0.171875 0.671387
vt 0.173950 0.664062
vt 0.115417 0.664062
vt 0.172974 0.654053
vt 0.116028 0.654053
vt 0.168091 0.650391
vt 0.121460 0.650391
vt 0.168457 0.646729
vt 0.121094 0.646729
vt 0.164429 0.643066
vt 0.125122 0.643066
vt 0.154663 0.639404
vt 0.135010 0.639404
vt 0.152222 0.635742
vt 0.137329 0.635742
vt 0.146973 0.631836
vt 0.142578 0.631836
vt 0.141113 0.930908
vt 0.145508 0.926453
vt 0.144287 0.930908
vt 0.139893 0.926453
vt 0.147339 0.922058
vt 0.138062 0.922058
vt 0.149536 0.917603
vt 0.135864 0.917603
vt 0.151978 0.913147
vt 0.133423 0.913147
vt 0.156494 0.908691
vt 0.128906 0.908691
vt 0.161133 0.904236
vt 0.124207 0.904236
vt 0.169556 0.891968
vt 0.115845 0.891968
vt 0.174072 0.883179
vt 0.111328 0.883179
vt 0.169434 0.879456
vt 0.116028 0.879456
vt 0.188843 0.844116
vt 0.088501 0.844971
vt 0.196899 0.844971
vt 0.096497 0.844116
vt 0.197998 0.803833
vt 0.206909 0.803955
vt 0.078491 0.803955
vt 0.087341 0.803833
vt 0.209473 0.768433
vt 0.200317 0.768433
vt 0.085083 0.768433
vt 0.075867 0.768433
vt 0.197998 0.733154
vt 0.206909 0.732910
vt 0.196899 0.691895
vt 0.188843 0.692871
vt 0.078491 0.732910
vt 0.087341 0.733154
vt 0.096497 0.692871
vt 0.088501 0.691895
vt 0.116028 0.657471
vt 0.174072 0.653809
vt 0.111328 0.653809
vt 0.169434 0.657471
vt 0.115845 0.645020
vt 0.169556 0.645020
vt 0.124207 0.632812
vt 0.161133 0.632812
vt 0.128906 0.628174
vt 0.156494 0.628174
vt 0.133423 0.623779
vt 0.151978 0.623779
vt 0.135864 0.619385
vt 0.149536 0.619385
vt 0.138062 0.614990
vt 0.147339 0.614990
vt 0.139893 0.610352
vt 0.145508 0.610352
vt 0.141113 0.605957
vt 0.144287 0.605957
vt 0.142578 0.900818
vt 0.146973 0.900818
vt 0.146973 0.900818
vt 0.142578 0.900818
vt 0.152222 0.897156
vt 0.137329 0.897156
vt 0.154663 0.893433
vt 0.135010 0.893433
vt 0.164429 0.889771
vt 0.125122 0.889771
vt 0.168457 0.886108
vt 0.121094 0.886108
vt 0.168091 0.882385
vt 0.121460 0.882385
vt 0.172974 0.878723
vt 0.116028 0.878723
vt 0.173950 0.868530
vt 0.115417 0.868530
vt 0.171875 0.861328
vt 0.117615 0.861328
vt 0.166992 0.829712
vt 0.122559 0.829712
vt 0.167603 0.795776
vt 0.121887 0.795776
vt 0.174438 0.766357
vt 0.115051 0.766357
vt 0.121887 0.737061
vt 0.167603 0.737061
vt 0.122559 0.703125
vt 0.166992 0.703125
vt 0.117615 0.671387
vt 0.171875 0.671387
vt 0.115417 0.664062
vt 0.173950 0.664062
vt 0.116028 0.654053
vt 0.172974 0.654053
vt 0.121460 0.650391
vt 0.168091 0.650391
vt 0.121094 0.646729
vt 0.168457 0.646729
vt 0.125122 0.643066
vt 0.164429 0.643066
vt 0.135010 0.639404
vt 0.154663 0.639404
vt 0.137329 0.635742
vt 0.152222 0.635742
vt 0.142578 0.631836
vt 0.146973 0.631836
vt 0.142578 0.631836
vt 0.146973 0.631836
vt 0.108215 0.148926
vt 0.104736 0.171875
vt 0.110718 0.171875
vt 0.117126 0.148926
vt 0.117737 0.120117
vt 0.109192 0.120117
vt 0.113037 0.095215
vt 0.105347 0.095215
vt 0.104309 0.087402
vt 0.115234 0.087402
vt 0.115234 0.087402
vt 0.104309 0.087402
vt 0.108215 0.148926
vt 0.110718 0.171875
vt 0.104736 0.171875
vt 0.117126 0.148926
vt 0.117737 0.120117
vt 0.109192 0.120117
vt 0.113037 0.095215
vt 0.105347 0.095215
vt 0.795898 0.049805
vt 0.977539 0.050293
vt 0.977539 0.063965
vt 0.979980 0.072754
vt 0.795898 0.073730
vt 0.674316 0.074219
vt 0.674316 0.049805
vt 0.346680 0.050781
vt 0.346680 0.063477
vt 0.346680 0.072266
vt 0.346680 0.086914
vt 0.346680 0.108887
vt 0.674316 0.108887
vt 0.346680 0.131348
vt 0.346680 0.145996
vt 0.795898 0.108887
vt 0.979004 0.087402
vt 0.976562 0.108887
vt 0.674316 0.144043
vt 0.795898 0.144531
vt 0.979004 0.130371
vt 0.979980 0.145508
vt 0.977539 0.154297
vt 0.795898 0.153809
vt 0.977539 0.167969
vt 0.795898 0.168457
vt 0.979980 0.176758
vt 0.979004 0.191406
vt 0.674316 0.153809
vt 0.346680 0.154785
vt 0.674316 0.168457
vt 0.346680 0.167480
vt 0.674316 0.193359
vt 0.346680 0.176270
vt 0.346680 0.190918
vt 0.795898 0.192871
vt 0.976562 0.212891
vt 0.979004 0.234863
vt 0.674316 0.232910
vt 0.346680 0.212891
vt 0.346680 0.235352
vt 0.795898 0.233398
vt 0.979980 0.249512
vt 0.977539 0.258301
vt 0.795898 0.257812
vt 0.674316 0.257812
vt 0.346680 0.250000
vt 0.346680 0.258789
vt 0.129761 0.922363
vt 0.101440 0.875244
vt 0.154907 0.922363
vt 0.190186 0.875244
vt 0.080200 0.818115
vt 0.211914 0.818115
vt 0.069153 0.767212
vt 0.220947 0.767212
vt 0.080200 0.716309
vt 0.211914 0.716309
vt 0.101440 0.659180
vt 0.190186 0.659180
vt 0.129761 0.612061
vt 0.154907 0.612061
vt 0.065002 0.789429
vt 0.083252 0.789429
vt 0.083252 0.744873
vt 0.065002 0.744873
vt 0.129761 0.922363
vt 0.154907 0.922363
vt 0.190186 0.875244
vt 0.101440 0.875244
vt 0.211914 0.818115
vt 0.080200 0.818115
vt 0.220947 0.767212
vt 0.069153 0.767212
vt 0.211914 0.716309
vt 0.080200 0.716309
vt 0.190186 0.659180
vt 0.101440 0.659180
vt 0.154907 0.612061
vt 0.129761 0.612061
vt 0.065002 0.744873
vt 0.083252 0.744873
vt 0.083252 0.789429
vt 0.065002 0.789429
vt 0.326660 0.264648
vt 0.253418 0.238281
vt 0.253418 0.264648
vt 0.326660 0.238281
vt 0.253418 0.188477
vt 0.326660 0.188477
vt 0.253418 0.188477
vt 0.326660 0.188477
vt 0.253418 0.264648
vt 0.253418 0.238281
vt 0.253418 0.238281
vt 0.253418 0.188477
vt 0.253418 0.188477
vt 0.326660 0.264648
vt 0.253418 0.264648
vt 0.253418 0.238281
vt 0.326660 0.238281
vt 0.253418 0.188477
vt 0.326660 0.188477
vt 0.942871 0.553223
vt 0.026779 0.553467
vt 0.026779 0.542725
vt 0.944824 0.546387
vt 0.026779 0.553467
vt 0.942871 0.553223
vt 0.944824 0.546387
vt 0.026779 0.542725
vt 0.026779 0.542725
vt 0.944824 0.546387
vt 0.965820 0.528076
vt 0.026855 0.516113
vt 0.026855 0.516113
vt 0.026855 0.516113
vt 0.965820 0.528076
vt 0.965820 0.528076
vt 0.977539 0.528076
vt 0.026855 0.516113
vt 0.965820 0.528076
vt 0.944824 0.546387
vt 0.026779 0.542725
vt 0.942871 0.553223
vt 0.944824 0.546387
vt 0.956543 0.546387
vt 0.965820 0.528076
vt 0.977539 0.528076
vt 0.944824 0.546387
vt 0.942871 0.553223
vt 0.956543 0.546387
vt 0.977539 0.528076
vt 0.965820 0.528076
vt 0.174927 0.148926
vt 0.173950 0.120117
vt 0.245239 0.236328
vt 0.164429 0.148926
vt 0.163818 0.120117
vt 0.177856 0.095215
vt 0.248901 0.249023
vt 0.256836 0.260254
vt 0.168457 0.095215
vt 0.168457 0.095215
vt 0.163818 0.120117
vt 0.164429 0.148926
vt 0.170898 0.171875
vt 0.170898 0.171875
vt 0.164429 0.148926
vt 0.178467 0.171875
vt 0.244263 0.224609
vt 0.168823 0.087402
vt 0.168457 0.095215
vt 0.168823 0.087402
vt 0.182129 0.087402
vt 0.182129 0.087402
vt 0.256836 0.260254
vt 0.278809 0.260254
vt 0.168457 0.095215
vt 0.163818 0.120117
vt 0.163818 0.120117
vt 0.177856 0.095215
vt 0.164429 0.148926
vt 0.173950 0.120117
vt 0.278809 0.260254
vt 0.164429 0.148926
vt 0.170898 0.171875
vt 0.174927 0.148926
vt 0.286621 0.249023
vt 0.170898 0.171875
vt 0.164429 0.148926
vt 0.164429 0.148926
vt 0.178467 0.171875
vt 0.290527 0.236328
vt 0.164429 0.148926
vt 0.163818 0.120117
vt 0.163818 0.120117
vt 0.168457 0.095215
vt 0.168457 0.095215
vt 0.177856 0.095215
vt 0.173950 0.120117
vt 0.286621 0.200684
vt 0.278809 0.188965
vt 0.290527 0.213379
vt 0.174927 0.148926
vt 0.170898 0.171875
vt 0.291504 0.224609
vt 0.178467 0.171875
vt 0.290527 0.236328
vt 0.168823 0.087402
vt 0.168457 0.095215
vt 0.168823 0.087402
vt 0.182129 0.087402
vt 0.182129 0.087402
vt 0.278809 0.188965
vt 0.256836 0.188965
vt 0.168457 0.095215
vt 0.163818 0.120117
vt 0.163818 0.120117
vt 0.177856 0.095215
vt 0.164429 0.148926
vt 0.173950 0.120117
vt 0.256836 0.188965
vt 0.248901 0.200684
vt 0.164429 0.148926
vt 0.174927 0.148926
vt 0.170898 0.171875
vt 0.245239 0.213379
vt 0.178467 0.171875
vt 0.244263 0.224609
vt 0.378906 0.317383
vt 0.329590 0.311523
vt 0.379150 0.311523
vt 0.320312 0.317383
vt 0.378906 0.325684
vt 0.322754 0.325684
vt 0.379150 0.335449
vt 0.332031 0.335449
vt 0.378906 0.344727
vt 0.322754 0.344727
vt 0.378906 0.353027
vt 0.320312 0.353027
vt 0.379150 0.358887
vt 0.329590 0.358887
vt 0.379150 0.368164
vt 0.329590 0.368164
vt 0.378906 0.374023
vt 0.320312 0.374023
vt 0.378906 0.381836
vt 0.322754 0.381836
vt 0.379150 0.391602
vt 0.332031 0.391602
vt 0.378906 0.401367
vt 0.322754 0.401367
vt 0.378906 0.409180
vt 0.320312 0.409180
vt 0.379150 0.415039
vt 0.329590 0.415039
vt 0.379150 0.424316
vt 0.329590 0.424316
vt 0.339111 0.414062
vt 0.481445 0.414062
vt 0.481445 0.422363
vt 0.339111 0.408691
vt 0.339111 0.401367
vt 0.481445 0.408691
vt 0.481445 0.401367
vt 0.339111 0.392578
vt 0.339111 0.383789
vt 0.481445 0.392578
vt 0.481445 0.383789
vt 0.339111 0.375977
vt 0.339111 0.371094
vt 0.481445 0.375977
vt 0.481445 0.371094
vt 0.339111 0.362305
vt 0.339111 0.356934
vt 0.481445 0.362305
vt 0.481445 0.356934
vt 0.481445 0.349609
vt 0.481445 0.340820
vt 0.339111 0.340820
vt 0.339111 0.349609
vt 0.481445 0.332031
vt 0.481445 0.324707
vt 0.339111 0.324707
vt 0.339111 0.332031
vt 0.339111 0.319336
vt 0.481445 0.422363
vt 0.481445 0.324707
vt 0.339111 0.414062
vt 0.339111 0.319336
vt 0.535645 0.414062
vt 0.991211 0.403320
vt 0.991211 0.410156
vt 0.535645 0.408691
vt 0.535645 0.401367
vt 0.991211 0.399414
vt 0.991211 0.393066
vt 0.535645 0.392578
vt 0.535645 0.383789
vt 0.991211 0.385742
vt 0.991211 0.378906
vt 0.535645 0.375977
vt 0.535645 0.371094
vt 0.991211 0.372559
vt 0.991211 0.368164
vt 0.535645 0.362305
vt 0.535645 0.356934
vt 0.991211 0.361328
vt 0.991211 0.357422
vt 0.991211 0.351074
vt 0.991211 0.343750
vt 0.535645 0.340820
vt 0.535645 0.349609
vt 0.991211 0.336914
vt 0.991211 0.330566
vt 0.535645 0.324707
vt 0.535645 0.332031
vt 0.535645 0.319336
vt 0.991211 0.410156
vt 0.991211 0.330566
vt 0.535645 0.414062
vt 0.535645 0.319336
vt 0.315674 0.717041
vt 0.315674 0.708496
vt 0.371826 0.717041
vt 0.371826 0.708496
vt 0.315674 0.701416
vt 0.371826 0.701416
vt 0.315674 0.696289
vt 0.371826 0.696289
vt 0.315674 0.688232
vt 0.371826 0.688232
vt 0.315674 0.683350
vt 0.371826 0.683350
vt 0.315674 0.676025
vt 0.371826 0.676025
vt 0.315674 0.667725
vt 0.371826 0.667725
vt 0.315674 0.659424
vt 0.371826 0.659424
vt 0.315674 0.652100
vt 0.371826 0.652100
vt 0.315674 0.646973
vt 0.371826 0.646973
vt 0.315674 0.639160
vt 0.371826 0.639160
vt 0.315674 0.634033
vt 0.371826 0.634033
vt 0.315674 0.626709
vt 0.371826 0.626709
vt 0.315674 0.618408
vt 0.371826 0.618408
vt 0.757324 0.667725
vt 0.757324 0.659424
vt 0.757324 0.652100
vt 0.904297 0.652100
vt 0.757324 0.646973
vt 0.757324 0.639160
vt 0.904297 0.646973
vt 0.904297 0.659424
vt 0.904297 0.639160
vt 0.757324 0.634033
vt 0.757324 0.626709
vt 0.904297 0.634033
vt 0.904297 0.626709
vt 0.757324 0.618408
vt 0.904297 0.667725
vt 0.757324 0.683350
vt 0.757324 0.676025
vt 0.904297 0.676025
vt 0.904297 0.683350
vt 0.904297 0.688232
vt 0.904297 0.696289
vt 0.757324 0.688232
vt 0.757324 0.696289
vt 0.904297 0.701416
vt 0.904297 0.708496
vt 0.757324 0.701416
vt 0.757324 0.708496
vt 0.904297 0.717041
vt 0.904297 0.717041
vt 0.904297 0.626709
vt 0.757324 0.708496
vt 0.757324 0.618408
vt 0.321533 0.314941
vt 0.338379 0.323730
vt 0.631836 0.314453
vt 0.648438 0.323730
vt 0.321777 0.332520
vt 0.632324 0.333008
vt 0.320312 0.340332
vt 0.630859 0.340332
vt 0.332520 0.345703
vt 0.643066 0.345703
vt 0.332520 0.353516
vt 0.643066 0.353516
vt 0.320312 0.358887
vt 0.630859 0.358398
vt 0.321777 0.366699
vt 0.632324 0.366211
vt 0.338379 0.375488
vt 0.648926 0.375000
vt 0.322021 0.384277
vt 0.632324 0.384277
vt 0.320557 0.391602
vt 0.630859 0.391602
vt 0.332764 0.397461
vt 0.643555 0.396973
vt 0.332764 0.404785
vt 0.643555 0.404785
vt 0.320557 0.410645
vt 0.630859 0.410156
vt 0.322021 0.417969
vt 0.632324 0.417480
vt 0.378418 0.319824
vt 0.356445 0.345215
vt 0.378418 0.319824
vt 0.359375 0.375000
vt 0.359375 0.375000
vt 0.356445 0.345215
vt 0.389648 0.398438
vt 0.389648 0.398438
vt 0.359375 0.375000
vt 0.356445 0.345215
vt 0.378418 0.319824
vt 0.356445 0.345215
vt 0.378418 0.319824
vt 0.359375 0.375000
vt 0.171753 0.909729
vt 0.191528 0.864990
vt 0.170166 0.864990
vt 0.160889 0.882751
vt 0.117920 0.909729
vt 0.128784 0.882751
vt 0.098083 0.864990
vt 0.119446 0.864990
vt 0.088440 0.812256
vt 0.181396 0.812256
vt 0.201172 0.812256
vt 0.108215 0.812256
vt 0.086060 0.765747
vt 0.105530 0.765747
vt 0.088440 0.719238
vt 0.184082 0.765747
vt 0.203613 0.765747
vt 0.181396 0.719238
vt 0.201172 0.719238
vt 0.108215 0.719238
vt 0.098083 0.666504
vt 0.119446 0.666504
vt 0.117920 0.621826
vt 0.170166 0.666504
vt 0.191528 0.666504
vt 0.128784 0.648926
vt 0.171753 0.621826
vt 0.160889 0.648926
vt 0.701172 0.644531
vt 0.701172 0.690674
vt 0.704590 0.643311
vt 0.659180 0.625488
vt 0.704590 0.691895
vt 0.657715 0.627686
vt 0.657715 0.707520
vt 0.606934 0.616943
vt 0.659180 0.709717
vt 0.606445 0.619385
vt 0.606445 0.715820
vt 0.561035 0.614990
vt 0.606934 0.718262
vt 0.561035 0.617432
vt 0.561035 0.717773
vt 0.515137 0.616943
vt 0.561035 0.720215
vt 0.516113 0.619385
vt 0.516113 0.715820
vt 0.463135 0.625488
vt 0.515137 0.718262
vt 0.464600 0.627686
vt 0.464600 0.707520
vt 0.417725 0.643311
vt 0.463135 0.709717
vt 0.421143 0.644531
vt 0.421143 0.690674
vt 0.417725 0.691895
vt 0.701172 0.644531
vt 0.657715 0.627686
vt 0.704590 0.643311
vt 0.704590 0.691895
vt 0.659180 0.625488
vt 0.701172 0.690674
vt 0.606445 0.619385
vt 0.659180 0.709717
vt 0.606934 0.616943
vt 0.657715 0.707520
vt 0.561035 0.617432
vt 0.606934 0.718262
vt 0.561035 0.614990
vt 0.606445 0.715820
vt 0.516113 0.619385
vt 0.561035 0.720215
vt 0.515137 0.616943
vt 0.561035 0.717773
vt 0.464600 0.627686
vt 0.515137 0.718262
vt 0.463135 0.625488
vt 0.516113 0.715820
vt 0.421143 0.644531
vt 0.463135 0.709717
vt 0.417725 0.643311
vt 0.464600 0.707520
vt 0.421143 0.690674
vt 0.417725 0.691895
vt 0.565918 0.648682
vt 0.565918 0.692627
vt 0.568359 0.647705
vt 0.535645 0.630371
vt 0.568359 0.693848
vt 0.534668 0.632568
vt 0.534668 0.708984
vt 0.498047 0.622559
vt 0.535645 0.710938
vt 0.497559 0.624756
vt 0.497559 0.716797
vt 0.465332 0.620361
vt 0.498047 0.718994
vt 0.465332 0.622803
vt 0.465332 0.718750
vt 0.432373 0.622559
vt 0.465332 0.720947
vt 0.432861 0.624756
vt 0.432861 0.716797
vt 0.394775 0.630371
vt 0.432373 0.718994
vt 0.395752 0.632568
vt 0.395752 0.708984
vt 0.362061 0.647705
vt 0.394775 0.710938
vt 0.364502 0.648682
vt 0.364502 0.692627
vt 0.362061 0.693848
vt 0.565918 0.648682
vt 0.534668 0.632568
vt 0.568359 0.647705
vt 0.568359 0.693848
vt 0.535645 0.630371
vt 0.565918 0.692627
vt 0.497559 0.624756
vt 0.535645 0.710938
vt 0.498047 0.622559
vt 0.534668 0.708984
vt 0.465332 0.622803
vt 0.498047 0.718994
vt 0.465332 0.620361
vt 0.497559 0.716797
vt 0.432861 0.624756
vt 0.465332 0.720947
vt 0.432373 0.622559
vt 0.465332 0.718750
vt 0.395752 0.632568
vt 0.432373 0.718994
vt 0.394775 0.630371
vt 0.432861 0.716797
vt 0.364502 0.648682
vt 0.394775 0.710938
vt 0.362061 0.647705
vt 0.395752 0.708984
vt 0.364502 0.692627
vt 0.362061 0.693848
vt 0.326660 0.238281
vt 0.326660 0.188477
vt 0.326660 0.238281
vt 0.326660 0.264648
vt 0.326660 0.188477
vt 0.326660 0.264648
vt 0.326660 0.188477
vt 0.326660 0.238281
vt 0.326660 0.188477
vt 0.326660 0.238281
vt 0.082825 0.468262
vt 0.048096 0.445801
vt 0.062744 0.434082
vt 0.082825 0.447754
vt 0.125000 0.479004
vt 0.062744 0.397461
vt 0.048096 0.385742
vt 0.082825 0.383789
vt 0.082825 0.363281
vt 0.125000 0.459961
vt 0.162598 0.481445
vt 0.125000 0.372070
vt 0.125000 0.352539
vt 0.162598 0.369141
vt 0.162598 0.350098
vt 0.162598 0.462402
vt 0.200195 0.479004
vt 0.200195 0.459961
vt 0.242310 0.468262
vt 0.200195 0.372070
vt 0.200195 0.352539
vt 0.242310 0.383789
vt 0.242310 0.363281
vt 0.242310 0.447754
vt 0.277100 0.445801
vt 0.262451 0.397461
vt 0.277100 0.385742
vt 0.262451 0.434082
vt 0.087341 0.467285
vt 0.054565 0.446289
vt 0.082336 0.470703
vt 0.124756 0.481445
vt 0.047333 0.448242
vt 0.127197 0.477539
vt 0.054565 0.389648
vt 0.162598 0.484375
vt 0.047333 0.387695
vt 0.162598 0.479980
vt 0.087341 0.368652
vt 0.200439 0.481445
vt 0.082336 0.365234
vt 0.198120 0.477539
vt 0.127197 0.358398
vt 0.242920 0.470703
vt 0.124756 0.354004
vt 0.237915 0.467285
vt 0.162598 0.355957
vt 0.277832 0.448242
vt 0.162598 0.351562
vt 0.270752 0.446289
vt 0.198120 0.358398
vt 0.277832 0.387695
vt 0.200439 0.354004
vt 0.270752 0.389648
vt 0.237915 0.368652
vt 0.242920 0.365234
vt 0.108276 0.114746
vt 0.107300 0.145508
vt 0.108276 0.114746
vt 0.104309 0.087402
vt 0.104309 0.087402
vt 0.107300 0.145508
vt 0.103638 0.170410
vt 0.104309 0.087402
vt 0.104309 0.087402
vt 0.103638 0.170410
vt 0.107300 0.145508
vt 0.108276 0.114746
vt 0.108276 0.114746
vt 0.107300 0.145508
vt 0.108276 0.114746
vt 0.107300 0.145508
vt 0.107300 0.145508
vt 0.108276 0.114746
vt 0.104309 0.087402
vt 0.103638 0.170410
vt 0.103638 0.170410
vt 0.104309 0.087402
vt 0.104309 0.087402
vt 0.107300 0.145508
vt 0.107300 0.145508
vt 0.104309 0.087402
vt 0.108276 0.114746
vt 0.108276 0.114746
vt 0.107300 0.145508
vt 0.108276 0.114746
vt 0.104309 0.087402
vt 0.104309 0.087402
vt 0.108276 0.114746
vt 0.107300 0.145508
vt 0.103638 0.170410
vt 0.103638 0.170410
vt 0.107300 0.145508
vt 0.107300 0.145508
vt 0.108276 0.114746
vt 0.108276 0.114746
vt 0.104309 0.087402
vt 0.104309 0.087402
vt 0.107300 0.145508
vt 0.108276 0.114746
vt 0.103638 0.170410
vt 0.104309 0.087402
vt 0.104309 0.087402
vt 0.107300 0.145508
vt 0.108276 0.114746
vt 0.107300 0.145508
vt 0.108276 0.114746
vt 0.103638 0.170410
vt 0.104309 0.087402
vt 0.107300 0.145508
vt 0.104309 0.087402
vt 0.108276 0.114746
vn -0.977824 0.207573 -0.027830
vn -0.177858 -0.611029 -0.771369
vn -0.197862 -0.693164 -0.693091
vn -0.901675 0.336652 -0.271382
vn -0.154630 -0.758477 -0.633090
vn -0.177858 -0.611029 -0.771369
vn 0.863380 0.117329 -0.490722
vn -0.179017 -0.749561 -0.637269
vn -0.164128 -0.820361 -0.547787
vn 0.962480 -0.033814 -0.269236
vn -0.164830 -0.610135 -0.774962
vn -0.179017 -0.749561 -0.637269
vn 0.159472 0.655764 0.737931
vn 0.927493 0.043898 0.371255
vn 0.147455 0.707717 0.690937
vn -0.535834 0.447076 0.716243
vn 0.224471 0.790507 0.569834
vn 0.167926 0.589110 0.790411
vn -0.769611 0.584512 0.256992
vn 0.199489 0.684452 0.701234
vn 0.187039 0.734443 0.652388
vn 0.785051 0.551450 0.282131
vn 0.117994 0.583167 0.803737
vn 0.175635 0.789442 0.588162
vn -0.971883 0.235363 0.006883
vn -0.984821 0.122732 0.122735
vn -0.984821 0.122733 0.122734
vn -0.969411 0.245414 -0.003782
vn -0.910021 0.383726 -0.156896
vn -0.904889 0.391826 -0.166276
vn -0.577211 0.644853 -0.500991
vn -0.530235 0.661946 -0.529790
vn -0.530235 0.661946 -0.529790
vn 0.530328 0.529727 -0.661922
vn 0.577499 0.500792 -0.644750
vn -0.577211 0.644853 -0.500991
vn 0.971874 -0.006843 -0.235402
vn 0.984821 -0.122732 -0.122735
vn 0.984821 -0.122733 -0.122734
vn 0.969406 0.003802 -0.245432
vn 0.910125 0.156696 -0.383560
vn 0.905060 0.165962 -0.391564
vn 0.577499 0.500792 -0.644750
vn 0.530328 0.529727 -0.661922
vn -0.849251 0.378009 -0.368622
vn -0.867269 0.400652 -0.295505
vn 0.819013 0.194686 -0.539737
vn 0.769708 0.164587 -0.616815
vn -0.792381 0.470459 -0.388332
vn 0.739219 0.285711 -0.609856
vn -0.754364 0.477418 -0.450563
vn 0.689196 0.297749 -0.660571
vn -0.698235 0.472008 -0.538216
vn 0.617869 0.260504 -0.741873
vn -0.598057 0.579793 -0.553324
vn 0.547605 0.427307 -0.719401
vn -0.749460 0.376994 -0.544230
vn 0.622853 0.142562 -0.769240
vn -0.852531 0.266364 -0.449713
vn 0.737729 0.020733 -0.674779
vn -0.851894 0.404666 -0.332447
vn 0.817086 0.190045 -0.544291
vn -0.178595 -0.802657 -0.569074
vn -0.177717 -0.716592 -0.674472
vn -0.897226 0.376497 -0.230729
vn -0.201227 -0.758709 -0.619572
vn -0.199562 -0.692904 -0.692863
vn -0.197287 -0.666605 -0.718830
vn 0.878773 0.156323 -0.450912
vn 0.143759 -0.663643 -0.734105
vn 0.957079 -0.039258 -0.287156
vn -0.586172 -0.422563 -0.691262
vn -0.978389 0.201494 -0.046415
vn -0.995387 0.067840 0.067838
vn 0.387646 -0.651821 -0.651813
vn -0.586258 -0.691192 -0.422558
vn -0.978393 -0.046391 0.201484
vn -0.897319 -0.230602 0.376354
vn -0.851949 -0.332467 0.404535
vn -0.836850 -0.387092 -0.387095
vn 0.967983 -0.177493 -0.177498
vn 0.957087 -0.287130 -0.039264
vn -0.039944 -0.722612 -0.690099
vn -0.217652 -0.647611 -0.730225
vn 0.143696 -0.734115 -0.663646
vn 0.878853 -0.450819 0.156142
vn 0.817101 -0.544314 0.189917
vn -0.178637 -0.569158 -0.802588
vn 0.737714 -0.674795 0.020742
vn -0.852533 -0.449709 0.266364
vn 0.622550 -0.769431 0.142855
vn -0.749158 -0.544475 0.377239
vn 0.547233 -0.719419 0.427753
vn -0.597603 -0.553457 0.580134
vn 0.618797 -0.741587 0.259113
vn -0.699418 -0.537460 0.471116
vn 0.686488 -0.662176 0.300429
vn -0.751658 -0.452983 0.479392
vn 0.741295 -0.608381 0.283470
vn -0.794401 -0.386306 0.468717
vn 0.769673 -0.616849 0.164626
vn -0.849207 -0.368698 0.378033
vn 0.818454 -0.540245 0.195625
vn -0.866670 -0.296100 0.401507
vn 0.769708 0.164587 -0.616815
vn 0.819013 0.194686 -0.539737
vn 0.867366 0.295365 -0.400544
vn 0.848792 0.368919 -0.378750
vn 0.739219 0.285711 -0.609856
vn 0.792365 0.388495 -0.470351
vn 0.689196 0.297749 -0.660571
vn 0.754964 0.449509 -0.477463
vn 0.617869 0.260504 -0.741873
vn 0.697750 0.538764 -0.472100
vn 0.547605 0.427307 -0.719401
vn 0.602531 0.552541 -0.575896
vn 0.622853 0.142562 -0.769240
vn 0.748510 0.540700 -0.383896
vn 0.737729 0.020733 -0.674779
vn 0.849442 0.454358 -0.268342
vn 0.817086 0.190045 -0.544291
vn 0.851304 0.333335 -0.405178
vn 0.897270 0.230733 -0.376390
vn 0.878773 0.156323 -0.450912
vn 0.978395 0.046350 -0.201484
vn 0.957079 -0.039258 -0.287156
vn 0.967983 -0.177493 -0.177498
vn 0.995403 -0.067718 -0.067722
vn 0.978398 -0.201473 0.046326
vn 0.957087 -0.287130 -0.039264
vn 0.878853 -0.450819 0.156142
vn 0.897362 -0.376249 0.230605
vn 0.817101 -0.544314 0.189917
vn 0.851358 -0.405047 0.333355
vn 0.849435 -0.268327 0.454379
vn 0.737714 -0.674795 0.020742
vn 0.748186 -0.384137 0.540978
vn 0.622550 -0.769431 0.142855
vn 0.602105 -0.576251 0.552635
vn 0.547233 -0.719419 0.427753
vn 0.698990 -0.471201 0.537943
vn 0.618797 -0.741587 0.259113
vn 0.752252 -0.479134 0.452269
vn 0.686488 -0.662176 0.300429
vn 0.794381 -0.468635 0.386445
vn 0.741295 -0.608381 0.283470
vn 0.848708 -0.378923 0.368933
vn 0.769673 -0.616849 0.164626
vn 0.867111 -0.400743 0.295844
vn 0.818454 -0.540245 0.195625
vn -0.818919 0.539828 -0.194828
vn 0.848792 0.368919 -0.378750
vn 0.867366 0.295365 -0.400544
vn -0.769911 0.616451 -0.165000
vn 0.792365 0.388495 -0.470351
vn -0.739353 0.609892 -0.285286
vn 0.754964 0.449509 -0.477463
vn -0.689587 0.659968 -0.298182
vn 0.697750 0.538764 -0.472100
vn -0.617157 0.742388 -0.260723
vn 0.602531 0.552541 -0.575896
vn -0.551433 0.720132 -0.421107
vn 0.748510 0.540700 -0.383896
vn -0.625264 0.765484 -0.151918
vn 0.849442 0.454358 -0.268342
vn -0.733504 0.679252 -0.024270
vn 0.851304 0.333335 -0.405178
vn -0.816443 0.545006 -0.190761
vn 0.211559 0.651419 0.728626
vn 0.136437 0.656122 0.742219
vn 0.184045 0.629291 0.755063
vn -0.878718 0.450946 -0.156529
vn 0.897270 0.230733 -0.376390
vn 0.163691 0.627895 0.760889
vn 0.170241 0.780680 0.601295
vn 0.978395 0.046350 -0.201484
vn -0.957086 0.287149 0.039151
vn 0.174369 0.780387 0.600493
vn 0.995403 -0.067718 -0.067722
vn 0.173603 0.696364 0.696375
vn 0.174272 0.696290 0.696283
vn -0.967966 0.177542 0.177539
vn 0.170331 0.601373 0.780601
vn 0.978398 -0.201473 0.046326
vn 0.897362 -0.376249 0.230605
vn 0.184191 0.754897 0.629448
vn -0.957093 0.039156 0.287123
vn 0.174234 0.600535 0.780385
vn 0.163499 0.760722 0.628148
vn -0.878797 -0.156354 0.450855
vn 0.136330 0.742212 0.656152
vn 0.851358 -0.405047 0.333355
vn -0.816462 -0.190639 0.545020
vn 0.211653 0.728538 0.651487
vn -0.733509 -0.024298 0.679246
vn 0.849435 -0.268327 0.454379
vn -0.624943 -0.152213 0.765687
vn 0.748186 -0.384137 0.540978
vn -0.551104 -0.421629 0.720079
vn 0.602105 -0.576251 0.552635
vn -0.618224 -0.259436 0.741952
vn 0.698990 -0.471201 0.537943
vn -0.686689 -0.300512 0.661930
vn 0.752252 -0.479134 0.452269
vn -0.741439 -0.283056 0.608398
vn 0.794381 -0.468635 0.386445
vn -0.769878 -0.165221 0.616434
vn 0.848708 -0.378923 0.368933
vn -0.818591 -0.195164 0.540204
vn 0.867111 -0.400743 0.295844
vn 0.819013 0.194686 -0.539737
vn -0.818919 0.539828 -0.194828
vn 0.867366 0.295365 -0.400544
vn -0.867269 0.400652 -0.295505
vn -0.769911 0.616451 -0.165000
vn -0.849251 0.378009 -0.368622
vn -0.739353 0.609892 -0.285286
vn -0.792381 0.470459 -0.388332
vn -0.689587 0.659968 -0.298182
vn -0.754364 0.477418 -0.450563
vn -0.617157 0.742388 -0.260723
vn -0.698235 0.472008 -0.538216
vn -0.551433 0.720132 -0.421107
vn -0.598057 0.579793 -0.553324
vn -0.625264 0.765484 -0.151918
vn -0.749460 0.376994 -0.544230
vn -0.733504 0.679252 -0.024270
vn -0.852531 0.266364 -0.449713
vn -0.816443 0.545006 -0.190761
vn -0.851894 0.404666 -0.332447
vn -0.878718 0.450946 -0.156529
vn -0.897226 0.376497 -0.230729
vn -0.957086 0.287149 0.039151
vn -0.978389 0.201494 -0.046415
vn -0.967966 0.177542 0.177539
vn -0.995387 0.067840 0.067838
vn -0.978393 -0.046391 0.201484
vn -0.957093 0.039156 0.287123
vn -0.897319 -0.230602 0.376354
vn -0.878797 -0.156354 0.450855
vn -0.851949 -0.332467 0.404535
vn -0.816462 -0.190639 0.545020
vn -0.852533 -0.449709 0.266364
vn -0.733509 -0.024298 0.679246
vn -0.749158 -0.544475 0.377239
vn -0.624943 -0.152213 0.765687
vn -0.597603 -0.553457 0.580134
vn -0.551104 -0.421629 0.720079
vn -0.699418 -0.537460 0.471116
vn -0.618224 -0.259436 0.741952
vn -0.751658 -0.452983 0.479392
vn -0.686689 -0.300512 0.661930
vn -0.794401 -0.386306 0.468717
vn -0.741439 -0.283056 0.608398
vn -0.849207 -0.368698 0.378033
vn -0.769878 -0.165221 0.616434
vn -0.866670 -0.296100 0.401507
vn -0.818591 -0.195164 0.540204
vn 0.818454 -0.540245 0.195625
vn 0.867111 -0.400743 0.295844
vn -0.971882 0.006884 0.235366
vn -0.984821 0.122733 0.122734
vn -0.984821 0.122732 0.122735
vn -0.969411 -0.003779 0.245415
vn -0.910042 -0.156851 0.383695
vn -0.904914 -0.166226 0.391791
vn -0.577301 -0.500919 0.644829
vn -0.530337 -0.529718 0.661923
vn -0.530337 -0.529718 0.661923
vn -0.577301 -0.500919 0.644829
vn 0.577594 -0.644705 0.500740
vn 0.530433 -0.661881 0.529674
vn 0.971873 -0.235405 -0.006843
vn 0.984821 -0.122733 -0.122734
vn 0.984821 -0.122732 -0.122735
vn 0.969406 -0.245435 0.003801
vn 0.910149 -0.383521 0.156654
vn 0.905087 -0.391521 0.165916
vn 0.577594 -0.644705 0.500740
vn 0.530433 -0.661881 0.529674
vn 0.355510 0.645350 -0.676119
vn 0.406041 0.637245 -0.655019
vn -0.387930 0.735776 -0.555107
vn -0.771371 0.558503 -0.305059
vn -0.760488 0.560069 -0.328604
vn -0.767434 0.527075 -0.365016
vn 0.342026 0.598622 -0.724341
vn 0.211734 0.632659 -0.744924
vn -0.401664 0.668929 -0.625459
vn -0.699448 0.565714 -0.436739
vn -0.973703 0.227816 0.001503
vn -0.986415 0.116155 0.116158
vn -0.986021 0.117821 0.117821
vn -0.973704 0.001509 0.227810
vn -0.933367 -0.121838 0.337612
vn -0.982912 0.130161 0.130162
vn -0.968809 0.247153 0.018022
vn -0.981780 0.134371 0.134363
vn -0.943940 -0.093000 0.316747
vn -0.939976 -0.080644 0.331575
vn -0.968806 0.018028 0.247163
vn -0.941038 -0.071536 0.330651
vn -0.417204 -0.568131 0.709343
vn -0.391570 -0.584152 0.710943
vn 0.671539 -0.582510 0.457949
vn 0.644610 -0.601366 0.472055
vn 0.913030 -0.368314 0.175274
vn 0.963312 -0.263271 0.052136
vn -0.398417 -0.609083 0.685771
vn -0.336307 -0.641179 0.689773
vn 0.636896 -0.628442 0.446569
vn 0.566175 -0.664334 0.487961
vn 0.961770 -0.273067 0.020808
vn 0.906487 -0.395701 0.147314
vn 0.955395 -0.293016 0.036911
vn 0.965329 -0.258477 0.036459
vn 0.987181 -0.112855 -0.112858
vn 0.963318 0.052099 -0.263257
vn 0.961772 0.020812 -0.273061
vn 0.983521 -0.127841 -0.127840
vn 0.955394 0.036923 -0.293017
vn 0.965329 0.036454 -0.258479
vn 0.913058 0.175196 -0.368281
vn 0.406041 0.637245 -0.655019
vn 0.355510 0.645350 -0.676119
vn 0.342026 0.598622 -0.724341
vn 0.906486 0.147331 -0.395699
vn 0.211734 0.632659 -0.744924
vn -0.443201 0.463226 -0.767460
vn -0.931416 0.299420 -0.206911
vn -0.428736 0.834296 -0.346606
vn -0.839074 0.543755 -0.016882
vn -0.982845 0.182869 -0.023985
vn -0.918138 0.375297 0.127181
vn -0.992240 0.085924 0.089876
vn -0.930126 0.261969 0.257366
vn -0.981680 -0.017911 0.189694
vn -0.908498 0.140894 0.393422
vn -0.934902 -0.179707 0.306044
vn -0.824762 -0.004149 0.565464
vn -0.634157 -0.595662 0.492983
vn -0.294128 -0.339624 0.893389
vn -0.443201 0.463226 -0.767460
vn -0.428736 0.834296 -0.346606
vn 0.410430 0.805262 -0.427902
vn 0.571290 0.343075 -0.745605
vn 0.571290 0.343075 -0.745605
vn 0.410430 0.805262 -0.427902
vn 0.910867 0.348951 -0.220352
vn 0.909258 0.076157 -0.409206
vn 0.982928 0.157557 -0.095015
vn 0.964101 -0.052671 -0.260261
vn 0.999630 0.016761 0.021435
vn 0.974954 -0.155272 -0.159235
vn 0.984313 -0.109971 0.137968
vn 0.962057 -0.266285 -0.059483
vn 0.916002 -0.235480 0.324791
vn 0.897874 -0.434431 0.071365
vn 0.520877 -0.464577 0.716139
vn 0.342793 -0.865754 0.364640
vn 0.342793 -0.865754 0.364640
vn 0.520877 -0.464577 0.716139
vn -0.294128 -0.339624 0.893389
vn -0.634157 -0.595662 0.492983
vn -0.003806 -0.722448 0.691415
vn 0.975556 -0.215206 -0.044472
vn -0.003841 -0.722444 0.691419
vn 0.975508 -0.215483 -0.044169
vn 0.962921 0.009482 -0.269616
vn 0.964114 0.004985 -0.265441
vn -0.968398 0.247965 -0.026816
vn -0.969615 0.243625 -0.022198
vn 0.173577 0.696377 0.696369
vn 0.173577 0.696375 0.696372
vn 0.173576 0.696374 0.696372
vn 0.173572 0.696372 0.696375
vn 0.173570 0.696372 0.696376
vn -0.003806 -0.722448 0.691415
vn -0.003841 -0.722444 0.691419
vn -0.979558 0.028441 0.199143
vn -0.979507 0.028150 0.199435
vn -0.968398 0.247965 -0.026816
vn -0.969615 0.243625 -0.022198
vn -0.960177 -0.039743 0.276551
vn -0.960177 -0.039743 0.276551
vn -0.960177 -0.039743 0.276551
vn -0.960177 -0.039743 0.276551
vn 0.959559 -0.279022 0.037338
vn 0.959559 -0.279022 0.037338
vn 0.959559 -0.279022 0.037338
vn 0.959559 -0.279022 0.037338
vn 0.984306 -0.125460 -0.124101
vn 0.984306 -0.125460 -0.124101
vn 0.984306 -0.125460 -0.124101
vn 0.984306 -0.125460 -0.124101
vn -0.000842 0.703716 -0.710480
vn -0.000841 0.703721 -0.710476
vn -0.000290 0.705937 -0.708274
vn -0.000290 0.705937 -0.708274
vn -0.000001 0.707105 -0.707109
vn -0.985327 0.120008 0.121360
vn -0.985327 0.120008 0.121360
vn -0.985327 0.120008 0.121360
vn -0.985327 0.120008 0.121360
vn -0.994653 -0.042875 0.093954
vn -0.994853 -0.041912 0.092253
vn -0.994896 -0.041703 0.091885
vn -0.994927 -0.041551 0.091615
vn -0.994927 -0.041551 0.091615
vn 0.947066 -0.283960 -0.149777
vn 0.947056 -0.284897 -0.148048
vn 0.947067 -0.283757 -0.150151
vn 0.947068 -0.283609 -0.150425
vn 0.947068 -0.283609 -0.150425
vn -0.977824 0.207573 -0.027830
vn -0.901675 0.336652 -0.271382
vn -0.177858 -0.611029 -0.771369
vn -0.888837 0.405472 0.213452
vn -0.812509 0.581639 -0.039057
vn -0.547279 0.556438 -0.625190
vn -0.154630 -0.758477 -0.633090
vn -0.175274 -0.819107 -0.546207
vn -0.578591 0.740133 -0.342690
vn 0.266547 0.710960 0.650760
vn 0.220913 0.710232 0.668407
vn 0.105559 0.566719 0.817121
vn -0.919992 0.277366 0.276917
vn 0.149273 0.698512 0.699856
vn -0.880089 0.226569 0.417266
vn -0.992724 0.085142 0.085141
vn -0.197862 -0.693164 -0.693091
vn -0.578591 0.740133 -0.342690
vn 0.083440 0.726185 0.682418
vn 0.608735 0.631511 -0.480246
vn 0.434845 0.476845 -0.763891
vn -0.547279 0.556438 -0.625190
vn -0.175274 -0.819107 -0.546207
vn -0.164128 -0.820361 -0.547787
vn 0.608735 0.631511 -0.480246
vn 0.120105 0.722264 0.681109
vn 0.892409 0.385489 -0.234530
vn 0.434845 0.476845 -0.763891
vn 0.262775 0.544280 0.796686
vn 0.863380 0.117329 -0.490722
vn -0.164128 -0.820361 -0.547787
vn 0.982714 0.185046 -0.005562
vn 0.197776 0.693837 0.692442
vn 0.962480 -0.033814 -0.269236
vn -0.179017 -0.749561 -0.637269
vn 0.998552 0.037806 0.038266
vn 0.235393 0.800968 0.550492
vn 0.984922 -0.020060 0.171833
vn 0.974075 -0.159966 -0.159963
vn -0.164830 -0.610135 -0.774962
vn 0.984922 -0.020060 0.171833
vn 0.125668 0.680327 0.722055
vn 0.894792 -0.251464 0.368935
vn 0.078663 0.674187 0.734359
vn 0.607575 -0.514932 0.604730
vn 0.434889 -0.763926 0.476749
vn 0.863292 -0.491017 0.116743
vn -0.179774 -0.634971 -0.751327
vn -0.165875 -0.547600 -0.820134
vn -0.167184 -0.772776 -0.612264
vn 0.962466 -0.269264 -0.033990
vn 0.998552 0.037806 0.038266
vn -0.149294 -0.699129 -0.699235
vn 0.974075 -0.159966 -0.159963
vn -0.164830 -0.610135 -0.774962
vn 0.607575 -0.514932 0.604730
vn 0.262141 0.660156 0.703901
vn -0.563313 -0.307465 0.766906
vn 0.434889 -0.763926 0.476749
vn -0.547175 -0.625069 0.556677
vn -0.165875 -0.547600 -0.820134
vn -0.176329 -0.545966 -0.819042
vn -0.563313 -0.307465 0.766906
vn 0.226397 0.667847 0.709031
vn -0.802083 -0.023228 0.596761
vn -0.547175 -0.625069 0.556677
vn 0.077418 0.819759 0.567451
vn -0.901572 -0.271002 0.337233
vn -0.176329 -0.545966 -0.819042
vn -0.156200 -0.635035 -0.756527
vn -0.880089 0.226569 0.417266
vn -0.977778 -0.027747 0.207797
vn -0.919992 0.277366 0.276917
vn -0.180467 -0.773215 -0.607922
vn -0.992724 0.085142 0.085141
vn -0.197862 -0.693164 -0.693091
vn -0.865556 0.445174 -0.229419
vn -0.582887 0.642606 -0.497293
vn -0.570478 0.647492 -0.505281
vn -0.869689 0.440163 -0.223377
vn -0.970314 0.241847 0.000014
vn -0.969114 0.246561 -0.005000
vn -0.984820 0.122737 0.122737
vn -0.984820 0.122738 0.122736
vn -0.970318 0.000024 0.241834
vn -0.969118 -0.004989 0.246548
vn -0.865555 -0.229426 0.445172
vn -0.869687 -0.223387 0.440163
vn -0.570486 -0.505283 0.647483
vn -0.582886 -0.497305 0.642597
vn 0.570672 -0.647410 0.505167
vn 0.583009 -0.642545 0.497229
vn 0.865662 -0.445045 0.229270
vn 0.869796 -0.440030 0.223225
vn 0.970326 -0.241799 -0.000065
vn 0.969132 -0.246494 0.004929
vn 0.984820 -0.122736 -0.122739
vn 0.984820 -0.122737 -0.122738
vn 0.970326 -0.000059 -0.241802
vn 0.969130 0.004937 -0.246500
vn 0.865596 0.229364 -0.445125
vn 0.869730 0.223321 -0.440112
vn 0.570558 0.505232 -0.647460
vn 0.582907 0.497291 -0.642589
vn -0.570478 0.647492 -0.505281
vn -0.582887 0.642606 -0.497293
vn 0.340837 0.620930 -0.705887
vn 0.340130 0.621205 -0.705986
vn -0.439966 0.687454 -0.577786
vn 0.862275 0.234136 -0.449068
vn 0.947636 0.074365 -0.310575
vn 0.862275 0.234136 -0.449068
vn 0.947780 0.073981 -0.310227
vn 0.984820 -0.122738 -0.122741
vn 0.947648 -0.310545 0.074331
vn 0.984820 -0.122738 -0.122741
vn 0.947792 -0.310197 0.073947
vn 0.862342 -0.448990 0.234040
vn 0.341015 -0.705863 0.620860
vn 0.862342 -0.448990 0.234040
vn 0.340307 -0.705962 0.621135
vn -0.439972 -0.577785 0.687452
vn -0.792345 -0.321181 0.518683
vn -0.439972 -0.577785 0.687452
vn -0.791863 -0.321710 0.519092
vn -0.971080 0.003324 0.238731
vn -0.984820 0.122739 0.122740
vn -0.984820 0.122739 0.122740
vn -0.971080 0.003324 0.238731
vn -0.971077 0.238743 0.003309
vn -0.791838 0.519112 -0.321737
vn -0.792321 0.518703 -0.321208
vn -0.971077 0.238743 0.003309
vn -0.439966 0.687454 -0.577786
vn -0.439966 0.687454 -0.577786
vn -0.791838 0.519112 -0.321737
vn 0.340837 0.620930 -0.705887
vn -0.439966 0.687454 -0.577786
vn 0.340340 0.621128 -0.705953
vn 0.341067 0.619379 -0.707137
vn -0.440341 0.686000 -0.579227
vn 0.862289 0.234129 -0.449046
vn 0.947688 0.074241 -0.310444
vn 0.861975 0.232711 -0.450383
vn 0.947381 0.072816 -0.311717
vn 0.984822 -0.122728 -0.122732
vn 0.947701 -0.310413 0.074208
vn 0.984479 -0.124122 -0.124077
vn 0.947362 -0.311776 0.072814
vn 0.862355 -0.448967 0.234034
vn 0.340521 -0.705928 0.621056
vn 0.862095 -0.450215 0.232593
vn 0.341383 -0.707176 0.619161
vn -0.439919 -0.577815 0.687459
vn -0.792174 -0.321380 0.518821
vn -0.440167 -0.579212 0.686124
vn -0.794284 -0.320897 0.515886
vn -0.971425 0.001913 0.237341
vn -0.985122 0.121541 0.121499
vn -0.984822 0.122728 0.122730
vn -0.971082 0.003311 0.238722
vn -0.971417 0.237371 0.001815
vn -0.794261 0.515940 -0.320867
vn -0.792151 0.518841 -0.321404
vn -0.971079 0.238735 0.003299
vn -0.439921 0.687460 -0.577813
vn -0.440341 0.686000 -0.579227
vn -0.794261 0.515940 -0.320867
vn 0.340340 0.621128 -0.705953
vn -0.439921 0.687460 -0.577813
vn 0.984820 -0.122730 -0.122744
vn 0.971010 -0.239022 -0.003005
vn 0.984820 -0.122741 -0.122733
vn 0.971027 -0.238948 -0.003110
vn 0.858449 -0.453550 0.239495
vn 0.858318 -0.453685 0.239708
vn 0.436231 -0.688350 0.579549
vn 0.435875 -0.688398 0.579760
vn -0.436430 -0.579500 0.688265
vn -0.435785 -0.579767 0.688449
vn -0.858417 -0.239573 0.453569
vn -0.858199 -0.239841 0.453839
vn -0.970952 0.002781 0.239260
vn -0.970982 0.002903 0.239133
vn -0.984821 0.122730 0.122743
vn -0.984820 0.122744 0.122732
vn -0.970955 0.239245 0.002772
vn -0.970982 0.239137 0.002878
vn -0.858385 0.453583 -0.239662
vn -0.858234 0.453758 -0.239870
vn -0.436293 0.688289 -0.579575
vn -0.435799 0.688410 -0.579803
vn 0.436256 0.579581 -0.688308
vn 0.435817 0.579787 -0.688412
vn 0.858454 0.239546 -0.453513
vn 0.858288 0.239774 -0.453707
vn 0.971003 -0.002982 -0.239050
vn 0.971027 -0.003087 -0.238950
vn 0.984820 -0.122730 -0.122744
vn 0.984820 -0.122741 -0.122733
vn -0.984819 0.122740 0.122742
vn -0.970972 0.239178 0.002850
vn -0.785546 0.524370 -0.328563
vn -0.785238 0.524624 -0.328894
vn -0.435922 0.688391 -0.579733
vn 0.330262 0.624998 -0.707322
vn -0.435922 0.688391 -0.579733
vn -0.970972 0.239178 0.002850
vn 0.330059 0.625076 -0.707348
vn 0.858334 0.239705 -0.453656
vn 0.945646 0.079592 -0.315306
vn 0.858334 0.239705 -0.453656
vn 0.945743 0.079340 -0.315079
vn 0.984820 -0.122739 -0.122740
vn -0.984819 0.122740 0.122742
vn -0.785577 -0.328523 0.524348
vn -0.970971 0.002850 0.239181
vn -0.970971 0.002850 0.239181
vn -0.785252 -0.328872 0.524616
vn -0.436019 -0.579678 0.688375
vn 0.330074 -0.707352 0.625064
vn -0.436019 -0.579678 0.688375
vn 0.330278 -0.707325 0.624987
vn 0.858366 -0.453630 0.239642
vn 0.945748 -0.315072 0.079315
vn 0.858366 -0.453630 0.239642
vn 0.945652 -0.315297 0.079564
vn 0.984820 -0.122739 -0.122740
vn 0.984820 -0.122739 -0.122740
vn 0.945743 0.079340 -0.315079
vn 0.945652 -0.315297 0.079564
vn 0.984820 -0.122739 -0.122740
vn -0.965580 0.260059 0.004900
vn -0.981751 0.134420 0.134521
vn -0.969107 0.245831 0.019968
vn -0.981750 0.134452 0.134495
vn -0.965562 0.004805 0.260128
vn -0.969066 0.019845 0.246001
vn -0.928051 -0.102349 0.358114
vn -0.905039 -0.134007 0.403667
vn -0.521046 -0.487569 0.700562
vn -0.353342 -0.556512 0.751960
vn 0.561828 -0.605143 0.564048
vn 0.399753 -0.652636 0.643633
vn 0.934679 -0.328726 0.135329
vn 0.909566 -0.377027 0.174759
vn 0.971430 -0.236591 0.018680
vn 0.974937 -0.222453 0.003637
vn 0.987602 -0.110961 -0.111039
vn 0.987602 -0.110970 -0.111028
vn 0.971387 0.018814 -0.236757
vn 0.974895 0.003857 -0.222630
vn 0.933945 0.126025 -0.334461
vn 0.915740 0.176559 -0.360898
vn 0.541261 0.567984 -0.620024
vn 0.379777 0.660296 -0.647903
vn -0.537984 0.700981 -0.468186
vn -0.378306 0.740370 -0.555641
vn -0.925061 0.367208 -0.097059
vn -0.903680 0.400710 -0.150975
vn -0.965580 0.260059 0.004900
vn -0.969107 0.245831 0.019968
vn 0.165949 0.873773 0.457145
vn 0.159472 0.655764 0.737931
vn 0.224471 0.790507 0.569834
vn 0.167926 0.589110 0.790411
vn 0.167926 0.589110 0.790411
vn 0.159472 0.655764 0.737931
vn 0.147455 0.707717 0.690937
vn 0.199489 0.684452 0.701234
vn 0.175635 0.789442 0.588162
vn 0.187039 0.734443 0.652388
vn 0.165958 0.457371 0.873653
vn 0.187039 0.734443 0.652388
vn 0.117994 0.583167 0.803737
vn 0.175635 0.789442 0.588162
vn 0.341067 0.619379 -0.707137
vn 0.861975 0.232711 -0.450383
vn 0.205457 -0.409190 -0.889017
vn -0.040809 -0.106508 -0.993474
vn -0.440341 0.686000 -0.579227
vn -0.385541 -0.099497 -0.917311
vn -0.794261 0.515940 -0.320867
vn -0.446028 -0.371261 -0.814386
vn -0.971417 0.237371 0.001815
vn 0.164276 -0.590781 -0.789931
vn 0.947381 0.072816 -0.311717
vn -0.493450 -0.495021 -0.715165
vn -0.985122 0.121541 0.121499
vn -0.497739 -0.610096 -0.616473
vn -0.971425 0.001913 0.237341
vn 0.158819 -0.701207 -0.695044
vn 0.984479 -0.124122 -0.124077
vn 0.184365 -0.794860 -0.578106
vn 0.947362 -0.311776 0.072814
vn -0.476912 -0.714721 -0.511594
vn -0.794284 -0.320897 0.515886
vn -0.459776 -0.812497 -0.358407
vn -0.440167 -0.579212 0.686124
vn 0.191970 -0.887998 -0.417861
vn 0.862095 -0.450215 0.232593
vn -0.223802 -0.965742 -0.131361
vn 0.341383 -0.707176 0.619161
vn 0.167414 -0.978340 -0.121750
vn -0.173599 -0.696427 -0.696314
vn -0.173592 -0.696342 -0.696400
vn -0.173603 -0.696426 -0.696314
vn -0.173656 -0.696386 -0.696341
vn -0.173601 -0.696343 -0.696398
vn -0.173651 -0.696391 -0.696337
vn -0.173658 -0.696256 -0.696470
vn -0.173665 -0.696383 -0.696341
vn -0.173662 -0.696263 -0.696462
vn -0.173662 -0.696384 -0.696341
vn -0.173710 -0.696357 -0.696356
vn -0.173597 -0.696349 -0.696392
vn -0.173710 -0.696359 -0.696354
vn -0.173597 -0.696350 -0.696392
vn -0.173679 -0.696374 -0.696347
vn -0.173651 -0.696363 -0.696364
vn -0.173677 -0.696374 -0.696348
vn -0.173651 -0.696364 -0.696363
vn -0.173638 -0.696370 -0.696360
vn -0.173563 -0.696365 -0.696385
vn -0.173636 -0.696369 -0.696362
vn -0.173559 -0.696366 -0.696385
vn -0.173601 -0.696367 -0.696373
vn -0.173608 -0.696274 -0.696464
vn -0.173601 -0.696368 -0.696372
vn -0.173611 -0.696285 -0.696452
vn -0.173607 -0.696524 -0.696214
vn -0.173611 -0.696518 -0.696220
vn 0.173671 0.696234 0.696488
vn 0.174368 0.695129 0.697418
vn 0.173305 0.696357 0.696457
vn 0.173386 0.696308 0.696486
vn 0.174263 0.695255 0.697318
vn 0.173682 0.696327 0.696393
vn 0.173962 0.694980 0.697667
vn 0.174284 0.697305 0.695263
vn 0.173947 0.694979 0.697672
vn 0.174328 0.697465 0.695091
vn 0.173705 0.696363 0.696352
vn 0.173632 0.696362 0.696371
vn 0.173704 0.696362 0.696353
vn 0.173632 0.696364 0.696369
vn 0.173858 0.697728 0.694946
vn 0.173600 0.696375 0.696365
vn 0.173874 0.697723 0.694946
vn 0.173601 0.696375 0.696365
vn 0.174428 0.697487 0.695044
vn 0.173664 0.696340 0.696385
vn 0.174388 0.697333 0.695209
vn 0.173667 0.696339 0.696385
vn 0.173653 0.696378 0.696349
vn 0.174338 0.695238 0.697316
vn 0.173365 0.696359 0.696440
vn 0.174446 0.695102 0.697425
vn 0.173682 0.696208 0.696512
vn 0.173304 0.696329 0.696486
vn -0.172605 -0.696730 -0.696258
vn -0.174547 -0.696499 -0.696004
vn -0.172669 -0.696689 -0.696282
vn -0.173248 -0.697057 -0.695771
vn -0.174445 -0.696523 -0.696006
vn -0.173222 -0.697164 -0.695670
vn -0.174027 -0.696843 -0.695791
vn -0.173816 -0.695577 -0.697109
vn -0.173975 -0.696796 -0.695850
vn -0.173806 -0.695580 -0.697108
vn -0.173486 -0.695659 -0.697109
vn -0.173633 -0.696379 -0.696353
vn -0.173494 -0.695657 -0.697109
vn -0.173633 -0.696379 -0.696353
vn -0.173683 -0.696367 -0.696353
vn -0.173817 -0.697090 -0.695596
vn -0.173683 -0.696366 -0.696353
vn -0.173827 -0.697090 -0.695593
vn -0.173582 -0.697132 -0.695612
vn -0.173249 -0.695819 -0.697009
vn -0.173570 -0.697136 -0.695611
vn -0.173189 -0.695763 -0.697079
vn -0.174012 -0.695763 -0.696874
vn -0.172713 -0.696284 -0.696677
vn -0.173985 -0.695839 -0.696805
vn -0.172594 -0.696313 -0.696678
vn -0.174589 -0.695996 -0.696497
vn -0.174530 -0.696034 -0.696474
vn 0.172187 0.696987 0.696104
vn 0.173039 0.697438 0.695441
vn 0.172361 0.696978 0.696070
vn 0.174917 0.696652 0.695759
vn 0.173123 0.697329 0.695530
vn 0.174995 0.696686 0.695705
vn 0.173909 0.695279 0.697382
vn 0.174098 0.697013 0.695603
vn 0.173898 0.695280 0.697385
vn 0.174129 0.697119 0.695489
vn 0.173702 0.696361 0.696354
vn 0.173396 0.695347 0.697443
vn 0.173702 0.696361 0.696354
vn 0.173411 0.695350 0.697436
vn 0.173863 0.697391 0.695282
vn 0.173689 0.696347 0.696372
vn 0.173873 0.697388 0.695283
vn 0.173690 0.696345 0.696373
vn 0.173045 0.695511 0.697366
vn 0.173427 0.697484 0.695298
vn 0.173076 0.695623 0.697247
vn 0.173412 0.697475 0.695311
vn 0.172155 0.696097 0.697001
vn 0.174039 0.695513 0.697117
vn 0.172252 0.696145 0.696930
vn 0.174119 0.695414 0.697196
vn 0.175036 0.695855 0.696526
vn 0.174877 0.695878 0.696543
vn -0.173637 -0.696320 -0.696411
vn -0.173595 -0.696423 -0.696318
vn -0.173645 -0.696338 -0.696392
vn -0.173652 -0.696398 -0.696330
vn -0.000842 0.703716 -0.710480
vn -0.173654 -0.696392 -0.696335
vn -0.173639 -0.696348 -0.696383
vn -0.173645 -0.696362 -0.696367
vn -0.000841 0.703721 -0.710476
vn -0.173641 -0.696345 -0.696385
vn -0.824762 -0.004149 0.565464
vn -0.294128 -0.339624 0.893389
vn -0.085049 0.003590 0.996370
vn -0.045470 0.399066 0.915794
vn -0.908498 0.140894 0.393422
vn 0.234424 -0.022637 0.971871
vn 0.520877 -0.464577 0.716139
vn 0.349119 0.345845 0.870923
vn 0.916002 -0.235480 0.324791
vn -0.003260 0.549413 0.835545
vn -0.930126 0.261969 0.257366
vn 0.333611 0.504563 0.796317
vn 0.984313 -0.109971 0.137968
vn 0.325002 0.668034 0.669405
vn 0.999630 0.016761 0.021435
vn 0.023329 0.707560 0.706268
vn -0.918138 0.375297 0.127181
vn -0.005921 0.835475 0.549497
vn -0.839074 0.543755 -0.016882
vn 0.331184 0.797084 0.504950
vn 0.982928 0.157557 -0.095015
vn 0.330352 0.869785 0.366526
vn 0.910867 0.348951 -0.220352
vn -0.069856 0.921927 0.381012
vn -0.428736 0.834296 -0.346606
vn 0.298459 0.954422 0.001144
vn 0.410430 0.805262 -0.427902
vn -0.015955 0.999053 -0.040468
vn -0.146684 -0.872078 -0.466866
vn -0.162514 -0.927751 -0.335958
vn -0.934902 -0.179707 0.306044
vn -0.981680 -0.017911 0.189694
vn -0.634157 -0.595662 0.492983
vn -0.169557 -0.822629 -0.542707
vn -0.138245 -0.930372 -0.339552
vn -0.992240 0.085924 0.089876
vn 0.342793 -0.865754 0.364640
vn -0.174371 -0.691841 -0.700679
vn -0.184063 -0.870702 -0.456070
vn -0.982845 0.182869 -0.023985
vn 0.897874 -0.434431 0.071365
vn -0.170578 -0.539140 -0.824762
vn -0.170404 -0.824650 -0.539365
vn -0.931416 0.299420 -0.206911
vn 0.962057 -0.266285 -0.059483
vn -0.147709 -0.460397 -0.875338
vn -0.172953 -0.700855 -0.692018
vn -0.443201 0.463226 -0.767460
vn 0.974954 -0.155272 -0.159235
vn -0.177604 -0.333833 -0.925750
vn -0.170041 -0.542455 -0.822696
vn 0.571290 0.343075 -0.745605
vn 0.964101 -0.052671 -0.260261
vn -0.152294 -0.336499 -0.929287
vn -0.185813 -0.462045 -0.867172
vn 0.909258 0.076157 -0.409206
vn 0.132963 0.748029 0.650210
vn 0.176103 0.605585 0.776051
vn -0.820623 0.571280 0.014748
vn -0.350520 0.922162 -0.163561
vn 0.183983 0.807956 0.559783
vn -0.884685 0.401388 0.237107
vn 0.173652 0.696874 0.695853
vn 0.509847 0.814953 -0.275513
vn 0.176868 0.829354 0.529991
vn -0.866832 0.352636 0.352491
vn 0.177576 0.773629 0.608248
vn 0.911921 0.359566 -0.197769
vn 0.211511 0.738863 0.639801
vn -0.883969 0.237132 0.402948
vn 0.135097 0.650297 0.747571
vn 0.985187 0.171402 0.005259
vn 0.176210 0.608632 0.773639
vn -0.818116 0.019208 0.574732
vn 0.184081 0.558481 0.808834
vn 0.984324 0.124762 0.124663
vn 0.173869 0.696169 0.696504
vn -0.347442 -0.159927 0.923963
vn 0.176554 0.529671 0.829625
vn 0.985399 0.005301 0.170178
vn 0.178987 0.774517 0.606701
vn 0.511155 -0.283628 0.811342
vn 0.213052 0.639494 0.738685
vn 0.912690 -0.199922 0.356409
vn -0.938525 0.114645 0.325619
vn -0.878470 -0.064716 0.473395
vn -0.548208 -0.420305 0.723057
vn 0.587407 -0.563111 0.581256
vn 0.924320 -0.290067 0.247981
vn 0.988301 -0.126568 0.085099
vn -0.953700 0.212679 0.212659
vn 0.999105 -0.029920 -0.029896
vn -0.938780 0.325031 0.114220
vn 0.988326 0.085383 -0.126177
vn -0.878572 0.473163 -0.065019
vn 0.924169 0.249584 -0.289169
vn -0.547862 0.722987 -0.420877
vn 0.587037 0.581779 -0.562957
vn 0.168670 0.616470 0.769100
vn 0.169798 0.749060 0.640373
vn 0.173378 0.696317 0.696479
vn 0.172474 0.821008 0.544242
vn 0.175767 0.831223 0.527422
vn 0.167623 0.768679 0.617281
vn 0.176789 0.749769 0.637646
vn 0.177306 0.614478 0.768752
vn 0.168611 0.637577 0.751709
vn 0.173559 0.696499 0.696252
vn 0.172350 0.544630 0.820776
vn 0.177176 0.769491 0.613590
vn 0.174709 0.526928 0.831759
vn 0.177453 0.638571 0.748824
f 65537//65537 196611//196611 327685//327685
f 458759//458759 589833//589833 720907//720907
f 851981//851981 983055//983055 1114129//1114129
f 1245203//1245203 1376277//1376277 1507351//1507351
f 1638425//1638425 1572891//1572891 1638428//1638428
f 1835033//1835033 1572892//1572892 1835038//1835038
f 1966110//1966110 1900573//1900573 1966112//1966112
f 2162721//2162721 2293795//2293795 2228257//2228257
f 2424869//2424869 2359335//2359335 2555943//2555943
f 2555941//2555941 2359337//2359337 2687017//2687017
f 2621482//2621482 2687019//2687019 2818091//2818091
f 2949165//2949165 3080239//3080239 3014701//3014701
f 2883633//2883633 3211312//3211312 3080241//3080241
f 3145779//3145779 3342386//3342386 3211315//3211315
f 3276853//3276853 3473460//3473460 3342389//3342389
f 3407927//3407927 3604534//3604534 3473463//3473463
f 3539001//3539001 3735608//3735608 3604537//3604537
f 3670075//3670075 3866682//3866682 3735611//3735611
f 3801149//3801149 3997756//3997756 3866685//3866685
f 3932223//3932223 4063294//4063294 3932224//3932224
f 4194368//4194368 4259901//4259901 3997759//3997759
f 4063296//4063296 4325442//4325442 4259904//4259904
f 4325440//4325440 4259908//4259908 4456510//4456510
f 4259910//4259910 4522053//4522053 4259907//4259907
f 4456518//4456518 4325447//4325447 4587590//4587590
f 4653120//4653120 4653121//4653121 4194377//4194377
f 4653129//4653129 4653130//4653130 4849728//4849728
f 4849736//4849736 4849738//4849738 4390976//4390976
f 4915275//4915275 4915274//4915274 4390987//4390987
f 4980812//4980812 5046346//5046346 4915277//4915277
f 4915278//4915278 5111876//5111876 4390990//4390990
f 4587587//4587587 4587600//4587600 5177425//5177425
f 5308497//5308497 5374032//5374032 5177411//5177411
f 5374034//5374034 4390992//4390992 5439555//5439555
f 5374019//5374019 5374036//5374036 5505106//5505106
f 5505107//5505107 5308500//5308500 5505110//5505110
f 5570645//5570645 5570644//5570644 5439575//5439575
f 4391000//4391000 5636180//5636180 5439576//5439576
f 4390991//4390991 5111896//5111896 5636184//5636184
f 5636175//5636175 5832793//5832793 5767247//5767247
f 5767258//5767258 5963867//5963867 5898330//5898330
f 5898332//5898332 6094941//6094941 6029404//6029404
f 6029406//6029406 6226015//6226015 6160478//6160478
f 6160480//6160480 6357089//6357089 6291552//6291552
f 6291554//6291554 6488163//6488163 6422626//6422626
f 6422628//6422628 6619237//6619237 6553700//6553700
f 6619239//6619239 6684773//6684773 6619240//6619240
f 6881385//6881385 6815851//6815851 7012459//7012459
f 6815853//6815853 7077996//7077996 7143532//7143532
f 7077999//7077999 7209070//7209070 7274606//7274606
f 7209073//7209073 7340144//7340144 7405680//7405680
f 7340147//7340147 7471218//7471218 7536754//7536754
f 7471221//7471221 7602292//7602292 7667828//7667828
f 7602295//7602295 7733366//7733366 7798902//7798902
f 7733369//7733369 7864440//7864440 7929976//7929976
f 7864443//7864443 7995514//7995514 7864444//7864444
f 8061053//8061053 8126587//8126587 8061054//8061054
f 8192127//8192127 8257661//8257661 8323197//8323197
f 8323199//8323199 8257665//8257665 8454273//8454273
f 8519809//8519809 8388738//8388738 8519812//8519812
f 8650884//8650884 8585347//8585347 8650886//8650886
f 8716421//8716421 8650887//8650887 8847495//8847495
f 8781960//8781960 8847497//8847497 8978569//8978569
f 8913034//8913034 8978571//8978571 9109643//9109643
f 9044108//9044108 9109645//9109645 9240717//9240717
f 9175182//9175182 9240719//9240719 9371791//9371791
f 9306256//9306256 9371793//9371793 9502865//9502865
f 9437330//9437330 9502867//9502867 9633939//9633939
f 9633941//9633941 9699475//9699475 9633942//9633942
f 9896087//9896087 10027161//10027161 9830552//9830552
f 10092698//10092698 10158232//10158232 10027163//10027163
f 10223772//10223772 10289307//10289307 10158237//10158237
f 10354846//10354846 10420381//10420381 10289311//10289311
f 10485920//10485920 10551455//10551455 10420385//10420385
f 10616994//10616994 10682529//10682529 10551459//10551459
f 10748068//10748068 10813603//10813603 10682533//10682533
f 10879142//10879142 10944677//10944677 10813607//10813607
f 10879145//10879145 11075752//11075752 10944681//10944681
f 11141289//11141289 11075751//11075751 11206824//11206824
f 11272363//11272363 11337895//11337895 11206826//11206826
f 11403435//11403435 11403437//11403437 11272368//11272368
f 11337905//11337905 11600044//11600044 11534510//11534510
f 11403440//11403440 11403443//11403443 11665588//11665588
f 11534514//11534514 11534517//11534517 11796662//11796662
f 11927732//11927732 11927731//11927731 11665592//11665592
f 11927736//11927736 11927737//11927737 12058810//12058810
f 12189878//12189878 12189877//12189877 11796668//11796668
f 12255421//12255421 12320955//12320955 12386491//12386491
f 12320959//12320959 12058814//12058814 12517562//12517562
f 12386495//12386495 12452033//12452033 12648641//12648641
f 12648634//12648634 12648640//12648640 12517569//12517569
f 12583104//12583104 12517571//12517571 12779715//12779715
f 12714180//12714180 12779717//12779717 12910789//12910789
f 12845254//12845254 12910791//12910791 13041863//13041863
f 12976328//12976328 13041865//13041865 13172937//13172937
f 13107402//13107402 13172939//13172939 13304011//13304011
f 13238476//13238476 13304013//13304013 13435085//13435085
f 13369550//13369550 13435087//13435087 13566159//13566159
f 13631695//13631695 13631696//13631696 13566162//13566162
f 13828307//13828307 13959381//13959381 13762772//13762772
f 13828311//13828311 14024918//14024918 14090454//14090454
f 14024921//14024921 14155992//14155992 14221528//14221528
f 14155995//14155995 14287066//14287066 14352602//14352602
f 14287069//14287069 14418140//14418140 14483676//14483676
f 14418143//14418143 14549214//14549214 14614750//14614750
f 14549217//14549217 14680288//14680288 14745824//14745824
f 14680291//14680291 14811362//14811362 14876898//14876898
f 14942436//14942436 14876899//14876899 14942438//14942438
f 15073510//15073510 15007973//15007973 15073512//15073512
f 15204584//15204584 15139047//15139047 15204586//15204586
f 15204587//15204587 15335658//15335658 15401194//15401194
f 15335661//15335661 15466732//15466732 15335662//15335662
f 15466734//15466734 15532271//15532271 15663343//15663343
f 15597808//15597808 15663345//15663345 15794417//15794417
f 15728882//15728882 15794419//15794419 15925491//15925491
f 15859956//15859956 15925493//15925493 16056565//16056565
f 15991030//15991030 16056567//16056567 16187639//16187639
f 16122104//16122104 16187641//16187641 16318713//16318713
f 16253178//16253178 16318715//16318715 16449787//16449787
f 16384252//16384252 16449789//16449789 16580861//16580861
f 16515326//16515326 16580863//16580863 16711935//16711935
f 16711937//16711937 16777471//16777471 16711938//16711938
f 16777474//16777474 16843011//16843011 16974083//16974083
f 17105157//17105157 17039623//17039623 17236231//17236231
f 17236229//17236229 17039625//17039625 17367305//17367305
f 17301770//17301770 17367307//17367307 17498379//17498379
f 17629453//17629453 17760527//17760527 17694989//17694989
f 17891601//17891601 17826067//17826067 17891604//17891604
f 18088209//18088209 17826068//17826068 18088214//18088214
f 18219286//18219286 18153749//18153749 18219288//18219288
f 18415897//18415897 18481435//18481435 18350364//18350364
f 18612508//18612508 18678041//18678041 18612505//18612505
f 18743582//18743582 18809113//18809113 18678047//18678047
f 18874654//18874654 18678048//18678048 18874658//18874658
f 18940195//18940195 19071262//19071262 18678051//18678051
f 19136798//19136798 19136804//19136804 18612510//18612510
f 19071270//19071270 19267877//19267877 19136806//19136806
f 18612520//18612520 19136796//19136796 19333405//19333405
f 18546984//18546984 19398953//19398953 19333418//19333418
f 19530021//19530021 19333415//19333415 19136811//19136811
f 19333420//19333420 19333418//19333418 19530028//19530028
f 19464492//19464492 19661101//19661101 19595566//19595566
f 19595567//19595567 19792174//19792174 19595568//19595568
f 19530032//19530032 19923244//19923244 19792176//19792176
f 19988785//19988785 19988784//19988784 20054321//20054321
f 20119859//20119859 20185394//20185394 19530023//19530023
f 20185392//20185392 19988779//19988779 19857717//19857717
f 20250933//20250933 20316455//20316455 20185398//20185398
f 20316466//20316466 20316469//20316469 20250936//20250936
f 20316472//20316472 20447545//20447545 19988791//19988791
f 20513081//20513081 20447544//20447544 20513083//20513083
f 20644148//20644148 20447538//20447538 20644146//20644146
f 20119868//20119868 20709693//20709693 20644158//20644158
f 20447547//20447547 20840767//20840767 20644153//20644153
f 20906303//20906303 20840763//20840763 20906305//20906305
f 21037374//21037374 20840764//20840764 21037372//21037372
f 20775234//20775234 21102915//21102915 21037380//21037380
f 21233988//21233988 21299522//21299522 21233986//21233986
f 20840774//20840774 20971842//20971842 21299519//21299519
f 21365062//21365062 21299521//21299521 21365064//21365064
f 21561673//21561673 21561675//21561675 21627212//21627212
f 21758282//21758282 21758284//21758284 21692750//21692750
f 21889357//21889357 21889358//21889358 21823824//21823824
f 22020431//22020431 21954896//21954896 22085969//22085969
f 22151505//22151505 22151506//22151506 22085972//22085972
f 22282579//22282579 22282580//22282580 22217046//22217046
f 22479191//22479191 22610265//22610265 22544727//22544727
f 22741339//22741339 22872413//22872413 22806875//22806875
f 22806878//22806878 23003487//23003487 22937950//22937950
f 22937952//22937952 23134561//23134561 23069024//23069024
f 23069026//23069026 23265635//23265635 23200098//23200098
f 23200100//23200100 23396709//23396709 23331172//23331172
f 23331174//23331174 23527783//23527783 23462246//23462246
f 23658857//23658857 23789931//23789931 23724393//23724393
f 23921005//23921005 23855471//23855471 23921008//23921008
f 24117616//24117616 24052078//24052078 24117618//24117618
f 24183153//24183153 24183155//24183155 24248692//24248692
f 24445301//24445301 24445303//24445303 24510840//24510840
f 24576375//24576375 24707449//24707449 24838523//24838523
f 24838522//24838522 24904061//24904061 24969596//24969596
f 24969597//24969597 25100671//25100671 25231745//25231745
f 25231744//25231744 25362819//25362819 25493893//25493893
f 25493892//25493892 25624967//25624967 25756041//25756041
f 25756040//25756040 25887115//25887115 26018189//26018189
f 26083725//26083725 26018190//26018190 26149263//26149263
f 26280337//26280337 26214803//26214803 26411411//26411411
f 26542485//26542485 26608023//26608023 26673558//26673558
f 26673559//26673559 26804633//26804633 26935707//26935707
f 26935706//26935706 26804637//26804637 27066781//27066781
f 27197855//27197855 27197857//27197857 27328927//27328927
f 27328928//27328928 27460003//27460003 27394464//27394464
f 27460000//27460000 27525541//27525541 27591076//27591076
f 27394468//27394468 27656615//27656615 27722147//27722147
f 27787683//27787683 27394472//27394472 27787682//27787682
f 27853218//27853218 27328937//27328937 27853227//27853227
f 27328939//27328939 27853215//27853215 27984299//27984299
f 28049835//28049835 27918764//27918764 28115359//28115359
f 27132334//27132334 28246447//28246447 28311976//28311976
f 28246450//28246450 28246449//28246449 28443058//28443058
f 28246452//28246452 28508595//28508595 28574131//28574131
f 28639667//28639667 28705205//28705205 28770737//28770737
f 28705209//28705209 28836280//28836280 28705210//28705210
f 28770745//28770745 28836283//28836283 28901820//28901820
f 29032890//29032890 29163965//29163965 28967353//28967353
f 28836284//28836284 29163966//29163966 29229499//29229499
f 29163964//29163964 29032896//29032896 29360576//29360576
f 29163970//29163970 29295039//29295039 29426110//29426110
f 29229506//29229506 29557187//29557187 29491650//29491650
f 29426112//29426112 29295045//29295045 29688261//29688261
f 29491655//29491655 29884872//29884872 29819335//29819335
f 29819337//29819337 30015946//30015946 29950409//29950409
f 29884876//29884876 30147019//30147019 29884871//29884871
f 30147020//30147020 30147017//30147017 30212556//30212556
f 30278092//30278092 30147022//30147022 30343630//30343630
f 30409165//30409165 30409159//30409159 30343629//30343629
f 30474705//30474705 30409159//30409159 30540240//30540240
f 30605777//30605777 30605778//30605778 30540241//30540241
f 30540244//30540244 30736853//30736853 30802378//30802378
f 30736856//30736856 30867927//30867927 30736857//30736857
f 30999000//30999000 30933465//30933465 31064538//31064538
f 31130074//31130074 31195611//31195611 31261143//31261143
f 31195615//31195615 31326686//31326686 31195616//31195616
f 31261151//31261151 31326689//31326689 31392226//31392226
f 31523296//31523296 31523299//31523299 31588836//31588836
f 31326693//31326693 31523297//31523297 31719903//31719903
f 31457765//31457765 31523244//31523244 31654374//31654374
f 31719906//31719906 31850982//31850982 31719910//31719910
f 31916518//31916518 31850980//31850980 31785449//31785449
f 31982054//31982054 31982056//31982056 31916522//31916522
f 32178667//32178667 32113133//32113133 32178670//32178670
f 32113134//32113134 32309743//32309743 32440815//32440815
f 32375280//32375280 32440817//32440817 32571889//32571889
f 32506354//32506354 32571891//32571891 32702963//32702963
f 32637428//32637428 32702965//32702965 32834037//32834037
f 32768502//32768502 32834039//32834039 32965111//32965111
f 32899576//32899576 33096185//33096185 33030648//33030648
f 33030650//33030650 33096187//33096187 33227259//33227259
f 33161724//33161724 33227261//33227261 33358333//33358333
f 33292798//33292798 33358335//33358335 33489407//33489407
f 33423872//33423872 33489409//33489409 33620481//33620481
f 33554946//33554946 33620483//33620483 33751555//33751555
f 33686020//33686020 33751557//33751557 33882629//33882629
f 33817094//33817094 34013703//34013703 33948166//33948166
f 34144777//34144777 34144779//34144779 34275849//34275849
f 34275850//34275850 34406925//34406925 34341386//34341386
f 34472461//34472461 34472462//34472462 34537997//34537997
f 34537999//34537999 34669073//34669073 34603535//34603535
f 34734609//34734609 34734610//34734610 34800145//34800145
f 34800147//34800147 34931221//34931221 34865683//34865683
f 34996757//34996757 34996758//34996758 35062293//35062293
f 35062295//35062295 35193369//35193369 35127831//35127831
f 35258905//35258905 35324442//35324442 35127835//35127835
f 35389977//35389977 35127836//35127836 35389982//35389982
f 35521049//35521049 35586590//35586590 35455517//35455517
f 35652126//35652126 35455520//35455520 35652130//35652130
f 35783198//35783198 35652130//35652130 35848738//35848738
f 35979813//35979813 35979815//35979815 36045352//36045352
f 36241961//36241961 36241963//36241963 36373033//36373033
f 36373034//36373034 36504109//36504109 36438570//36438570
f 36569645//36569645 36569646//36569646 36635181//36635181
f 36635183//36635183 36766257//36766257 36700719//36700719
f 36831793//36831793 36831794//36831794 36897329//36897329
f 36897331//36897331 37028405//37028405 36962867//36962867
f 37093941//37093941 37093942//37093942 37159477//37159477
f 37159479//37159479 37290553//37290553 37225015//37225015
f 37356089//37356089 37421626//37421626 37225019//37225019
f 37487161//37487161 37225020//37225020 37487166//37487166
f 37618233//37618233 37683774//37683774 37552701//37552701
f 37749310//37749310 37552704//37552704 37749314//37749314
f 37880382//37880382 37749314//37749314 37945922//37945922
f 38076997//38076997 38076999//38076999 38142536//38142536
f 38339145//38339145 38404683//38404683 38470218//38470218
f 38535754//38535754 38470220//38470220 38601293//38601293
f 38666829//38666829 38601294//38601294 38732367//38732367
f 38797903//38797903 38732368//38732368 38863441//38863441
f 38928977//38928977 38863442//38863442 38994515//38994515
f 39060051//39060051 38994516//38994516 39125589//39125589
f 39191125//39191125 39125590//39125590 39256663//39256663
f 39322199//39322199 39322200//39322200 39256666//39256666
f 39453273//39453273 39387738//39387738 39518811//39518811
f 39584347//39584347 39518812//39518812 39649885//39649885
f 39715421//39715421 39649886//39649886 39780959//39780959
f 39846495//39846495 39780960//39780960 39912033//39912033
f 39977569//39977569 39912034//39912034 40043107//40043107
f 40108643//40108643 40043108//40043108 40174181//40174181
f 40305255//40305255 40239721//40239721 40436329//40436329
f 40370794//40370794 40436331//40436331 40567403//40567403
f 40436333//40436333 40239724//40239724 40698474//40698474
f 40764012//40764012 40764013//40764013 40829548//40829548
f 40829551//40829551 40960625//40960625 40895087//40895087
f 41026161//41026161 41026162//41026162 41091697//41091697
f 41157230//41157230 41222759//41222759 41157223//41157223
f 41288310//41288310 41222759//41222759 41353845//41353845
f 41419384//41419384 41222774//41222774 41484921//41484921
f 41550458//41550458 41550454//41550454 41222780//41222780
f 41681531//41681531 41681532//41681532 41747067//41747067
f 41812606//41812606 41812605//41812605 41681536//41681536
f 41943679//41943679 41943680//41943680 42009215//42009215
f 42140291//42140291 42140293//42140293 42205830//42205830
f 42402439//42402439 42402441//42402441 42467978//42467978
f 42599048//42599048 42599050//42599050 42533516//42533516
f 42730123//42730123 42730124//42730124 42664590//42664590
f 42861197//42861197 42861198//42861198 42795664//42795664
f 42992271//42992271 42992272//42992272 42926738//42926738
f 43123345//43123345 43123346//43123346 43057812//43057812
f 43254419//43254419 43254420//43254420 43188886//43188886
f 43385493//43385493 43319958//43319958 43451031//43451031
f 43516567//43516567 43516568//43516568 43451034//43451034
f 43647641//43647641 43647642//43647642 43582108//43582108
f 43778715//43778715 43778716//43778716 43713182//43713182
f 43909789//43909789 43909790//43909790 43844256//43844256
f 44040863//44040863 44040864//44040864 43975330//43975330
f 44171937//44171937 44171938//44171938 44106404//44106404
f 44368549//44368549 44434087//44434087 44499622//44499622
f 44630697//44630697 44761771//44761771 44696233//44696233
f 44761773//44761773 44892843//44892843 44827308//44827308
f 45023919//45023919 45089457//45089457 45154992//45154992
f 45286067//45286067 45220533//45220533 45417141//45417141
f 45220535//45220535 45482678//45482678 45548214//45548214
f 45351606//45351606 45613752//45613752 45548215//45548215
f 45613754//45613754 45351608//45351608 45548218//45548218
f 45613755//45613755 45286074//45286074 45351612//45351612
f 45679292//45679292 45286069//45286069 45810365//45810365
f 45679291//45679291 45941438//45941438 45810362//45810362
f 45744831//45744831 46006974//46006974 46072510//46072510
f 45941440//45941440 46138044//46138044 46072511//46072511
f 46203581//46203581 46203580//46203580 45810368//45810368
f 46269117//46269117 46269122//46269122 46203588//46203588
f 46072516//46072516 46269122//46269122 46334661//46334661
f 46072513//46072513 46465734//46465734 46334656//46334656
f 46138055//46138055 46531270//46531270 46596806//46596806
f 46465736//46465736 46662340//46662340 46596807//46596807
f 46727877//46727877 46727876//46727876 46334664//46334664
f 46793413//46793413 46662346//46662346 46858952//46858952
f 46596812//46596812 46924490//46924490 46858953//46858953
f 46924491//46924491 46793422//46793422 46727886//46727886
f 46858957//46858957 46990030//46990030 46727884//46727884
f 47121103//47121103 47055569//47055569 47252177//47252177
f 47317712//47317712 47383249//47383249 47252175//47252175
f 47448784//47448784 47383251//47383251 47514322//47514322
f 47579861//47579861 47645395//47645395 47514324//47514324
f 47710933//47710933 47645399//47645399 47776470//47776470
f 47842009//47842009 47907543//47907543 47776472//47776472
f 47973081//47973081 47907547//47907547 48038618//48038618
f 47973083//47973083 48169695//48169695 48038620//48038620
f 48235229//48235229 48169695//48169695 48300766//48300766
f 48366305//48366305 48431839//48431839 48300768//48300768
f 48497377//48497377 48431843//48431843 48562914//48562914
f 48628453//48628453 48693987//48693987 48562916//48562916
f 48759525//48759525 48693991//48693991 48825062//48825062
f 48693993//48693993 48759530//48759530 48628458//48628458
f 48956139//48956139 48890605//48890605 49087213//49087213
f 49152748//49152748 49218285//49218285 49087211//49087211
f 49283820//49283820 49349359//49349359 49087216//49087216
f 49414897//49414897 49480431//49480431 49349360//49349360
f 49545969//49545969 49480435//49480435 49611506//49611506
f 49677045//49677045 49742579//49742579 49611508//49611508
f 49808117//49808117 49742583//49742583 49873654//49873654
f 49939193//49939193 50004727//50004727 49873656//49873656
f 50070265//50070265 50004731//50004731 50135802//50135802
f 50201341//50201341 50266875//50266875 50135804//50135804
f 50332413//50332413 50266879//50266879 50397950//50397950
f 50463489//50463489 50529023//50529023 50397952//50397952
f 50594561//50594561 50529027//50529027 50660098//50660098
f 50529029//50529029 50594566//50594566 50463494//50463494
f 50791175//50791175 50725641//50725641 50922249//50922249
f 50987784//50987784 51053321//51053321 50922247//50922247
f 51118856//51118856 51053323//51053323 51184394//51184394
f 51249933//51249933 51315467//51315467 51184396//51184396
f 51381005//51381005 51315471//51315471 51446542//51446542
f 51512081//51512081 51577615//51577615 51446544//51446544
f 51643153//51643153 51577619//51577619 51708690//51708690
f 51643155//51643155 51839767//51839767 51708692//51708692
f 51905301//51905301 51839767//51839767 51970838//51970838
f 52036377//52036377 52101911//52101911 51970840//51970840
f 52167449//52167449 52101915//52101915 52232986//52232986
f 52298525//52298525 52364059//52364059 52232988//52232988
f 52429597//52429597 52364063//52364063 52495134//52495134
f 52364065//52364065 52429602//52429602 52298530//52298530
f 52626211//52626211 52560677//52560677 52757285//52757285
f 52822820//52822820 52888357//52888357 52757283//52757283
f 52953892//52953892 53019431//53019431 52757288//52757288
f 53084969//53084969 53150503//53150503 53019432//53019432
f 53216041//53216041 53150507//53150507 53281578//53281578
f 53347117//53347117 53412651//53412651 53281580//53281580
f 53478189//53478189 53412655//53412655 53543726//53543726
f 53609265//53609265 53674799//53674799 53543728//53543728
f 53740337//53740337 53674803//53674803 53805874//53805874
f 53871413//53871413 53936947//53936947 53805876//53805876
f 54002485//54002485 53936951//53936951 54068022//54068022
f 54133561//54133561 54199095//54199095 54068024//54068024
f 54264633//54264633 54199099//54199099 54330170//54330170
f 54199101//54199101 54264638//54264638 54133566//54133566
f 54461247//54461247 54592321//54592321 54526783//54526783
f 54657856//54657856 54723393//54723393 54592319//54592319
f 54788928//54788928 54723395//54723395 54854466//54854466
f 54920005//54920005 54985539//54985539 54854468//54854468
f 54985541//54985541 54985543//54985543 54920006//54920006
f 55116617//55116617 55051083//55051083 55247691//55247691
f 55051085//55051085 55116620//55116620 55182158//55182158
f 55378763//55378763 55116620//55116620 55378767//55378767
f 55509839//55509839 55378766//55378766 55247696//55247696
f 55575375//55575375 55313232//55313232 55640908//55640908
f 55509836//55509836 55706450//55706450 55640909//55640909
f 55771985//55771985 55509840//55509840 55640916//55640916
f 55837521//55837521 55837524//55837524 55771990//55771990
f 55903060//55903060 55837522//55837522 55903063//55903063
f 55706456//55706456 55903058//55903058 55640920//55640920
f 55706457//55706457 56099672//56099672 56165208//56165208
f 56034138//56034138 56230742//56230742 56165209//56165209
f 56296279//56296279 56296278//56296278 55903066//55903066
f 56361815//56361815 56361820//56361820 56296286//56296286
f 56165214//56165214 56361820//56361820 56427359//56427359
f 56165211//56165211 56558432//56558432 56427354//56427354
f 56230753//56230753 56492896//56492896 56427362//56427362
f 56558434//56558434 56492894//56492894 56689507//56689507
f 56558433//56558433 56755044//56755044 56820577//56820577
f 56820579//56820579 56820578//56820578 56689504//56689504
f 56951653//56951653 56886119//56886119 57082727//57082727
f 57148262//57148262 57213799//57213799 57082725//57082725
f 57279334//57279334 57344873//57344873 57082730//57082730
f 57410411//57410411 57475945//57475945 57344874//57344874
f 57541483//57541483 57475949//57475949 57607020//57607020
f 57672559//57672559 57738093//57738093 57607022//57607022
f 57803631//57803631 57738097//57738097 57869168//57869168
f 57934707//57934707 58000241//58000241 57869170//57869170
f 58065779//58065779 58000245//58000245 58131316//58131316
f 58196855//58196855 58262389//58262389 58131318//58131318
f 58327927//58327927 58262393//58262393 58393464//58393464
f 58459003//58459003 58524537//58524537 58393466//58393466
f 58590075//58590075 58524541//58524541 58655612//58655612
f 58524543//58524543 58590080//58590080 58459008//58459008
f 58786689//58786689 58721155//58721155 58917763//58917763
f 58721157//58721157 58786692//58786692 58852230//58852230
f 59114370//59114370 58983302//58983302 59179908//59179908
f 58983305//58983305 59114376//59114376 59048842//59048842
f 59376519//59376519 59245450//59245450 59442056//59442056
f 59245453//59245453 59376524//59376524 59310990//59310990
f 59638667//59638667 59507598//59507598 59704204//59704204
f 59507601//59507601 59638672//59638672 59573138//59573138
f 59900815//59900815 59966354//59966354 59704209//59704209
f 59769749//59769749 59900820//59900820 59835286//59835286
f 60162963//60162963 60031894//60031894 60228500//60228500
f 60031897//60031897 60162968//60162968 60097434//60097434
f 60425111//60425111 60425114//60425114 60490649//60490649
f 60228505//60228505 60425116//60425116 60359580//60359580
f 60556178//60556178 60097422//60097422 59835294//59835294
f 60621714//60621714 60097437//60097437 60687258//60687258
f 60687254//60687254 60490654//60490654 60359584//60359584
f 60752794//60752794 60228511//60228511 60490657//60490657
f 60818332//60818332 59966368//59966368 60228514//60228514
f 60883864//60883864 59573153//59573153 60949405//60949405
f 60949390//60949390 59966346//59966346 60883876//60883876
f 59966372//59966372 59310992//59310992 61080483//61080483
f 61080458//61080458 61014918//61014918 61146000//61146000
f 61145996//61145996 59048848//59048848 61211557//61211557
f 61211526//61211526 59442051//59442051 61146024//61146024
f 61277064//61277064 58852236//58852236 61342631//61342631
f 61342595//61342595 59179908//59179908 61408132//61408132
f 61408136//61408136 58917800//58917800 61408169//61408169
f 60949413//60949413 61080491//61080491 61539243//61539243
f 61080487//61080487 60949420//60949420 61473709//61473709
f 61539239//61539239 61342638//61342638 61670311//61670311
f 60556195//60556195 61342637//61342637 61735854//61735854
f 61342634//61342634 60556207//60556207 61604784//61604784
f 61735850//61735850 61277105//61277105 61866922//61866922
f 60621725//60621725 61277104//61277104 61932465//61932465
f 61997982//61997982 61146032//61146032 61932456//61932456
f 60687262//60687262 62063539//62063539 61932454//61932454
f 62129055//62129055 61014963//61014963 62063526//62063526
f 60752799//60752799 61014965//61014965 62194612//62194612
f 62260128//62260128 60883893//60883893 62194596//62194596
f 60818336//60818336 60883895//60883895 62325686//62325686
f 60883873//60883873 60818360//60818360 62260152//62260152
